user_id,interval_days,raw_start_weight,raw_weight,raw_weight_loss,raw_loss_pct,filtered_start_weight,filtered_weight,filtered_weight_loss,filtered_loss_pct
b93005f3-da81-4d21-8223-63ca1a058adc,30,123.830616,120.51000213623048,3.3206138637695233,2.6815774410502193,123.830616,120.51000213623048,3.3206138637695233,2.6815774410502193
b93005f3-da81-4d21-8223-63ca1a058adc,60,123.830616,120.43400573730467,3.396610262695333,2.742948692668486,123.830616,120.43400573730467,3.396610262695333,2.742948692668486
b93005f3-da81-4d21-8223-63ca1a058adc,90,123.830616,117.26400756835938,6.566608431640631,5.3028957165493145,123.830616,117.26400756835938,6.566608431640631,5.3028957165493145
b93005f3-da81-4d21-8223-63ca1a058adc,120,123.830616,113.5060043334961,10.324611666503912,8.337689014245,123.830616,113.5060043334961,10.324611666503912,8.337689014245
b93005f3-da81-4d21-8223-63ca1a058adc,150,123.830616,112.47000885009766,11.36060714990235,9.174312069886133,123.830616,112.47000885009766,11.36060714990235,9.174312069886133
b93005f3-da81-4d21-8223-63ca1a058adc,180,123.830616,109.62000274658205,14.21061325341796,11.475847986912994,123.830616,109.62000274658205,14.21061325341796,11.475847986912994
b93005f3-da81-4d21-8223-63ca1a058adc,210,123.830616,106.64200592041016,17.18861007958985,13.880743417758538,123.830616,106.64200592041016,17.18861007958985,13.880743417758538
b93005f3-da81-4d21-8223-63ca1a058adc,240,123.830616,105.27400207519533,18.55661392480468,14.985481397269862,123.830616,105.27400207519533,18.55661392480468,14.985481397269862
b93005f3-da81-4d21-8223-63ca1a058adc,270,123.830616,,,,123.830616,,,
b93005f3-da81-4d21-8223-63ca1a058adc,300,123.830616,,,,123.830616,,,
b93005f3-da81-4d21-8223-63ca1a058adc,330,123.830616,,,,123.830616,,,
b93005f3-da81-4d21-8223-63ca1a058adc,360,123.830616,,,,123.830616,,,
818faece-f3d9-44b6-a2db-8fa137a37b6c,30,148.778176,147.5,1.278176000000002,0.8591152508819586,148.778176,147.5,1.278176000000002,0.8591152508819586
818faece-f3d9-44b6-a2db-8fa137a37b6c,60,148.778176,144.8,3.9781759999999906,2.6738975479844505,148.778176,144.8,3.9781759999999906,2.6738975479844505
818faece-f3d9-44b6-a2db-8fa137a37b6c,90,148.778176,141.7,7.078176000000013,4.757536481694744,148.778176,141.7,7.078176000000013,4.757536481694744
818faece-f3d9-44b6-a2db-8fa137a37b6c,120,148.778176,,,,148.778176,,,
818faece-f3d9-44b6-a2db-8fa137a37b6c,150,148.778176,,,,148.778176,,,
818faece-f3d9-44b6-a2db-8fa137a37b6c,180,148.778176,,,,148.778176,,,
818faece-f3d9-44b6-a2db-8fa137a37b6c,210,148.778176,,,,148.778176,,,
818faece-f3d9-44b6-a2db-8fa137a37b6c,240,148.778176,,,,148.778176,,,
818faece-f3d9-44b6-a2db-8fa137a37b6c,270,148.778176,,,,148.778176,,,
818faece-f3d9-44b6-a2db-8fa137a37b6c,300,148.778176,,,,148.778176,,,
818faece-f3d9-44b6-a2db-8fa137a37b6c,330,148.778176,,,,148.778176,,,
818faece-f3d9-44b6-a2db-8fa137a37b6c,360,148.778176,,,,148.778176,,,
f25a0611-c502-4814-bcbf-909e49006892,30,96.81700134277344,95.06500244140624,1.7519989013672017,1.809598393947752,96.81700134277344,95.06500244140624,1.7519989013672017,1.809598393947752
f25a0611-c502-4814-bcbf-909e49006892,60,96.81700134277344,93.04800415039062,3.7689971923828125,3.892908414957985,96.81700134277344,93.04800415039062,3.7689971923828125,3.892908414957985
f25a0611-c502-4814-bcbf-909e49006892,90,96.81700134277344,91.27200317382812,5.5449981689453125,5.727297986965798,96.81700134277344,91.27200317382812,5.5449981689453125,5.727297986965798
f25a0611-c502-4814-bcbf-909e49006892,120,96.81700134277344,89.11900329589844,7.697998046875,7.951080843353956,96.81700134277344,89.11900329589844,7.697998046875,7.951080843353956
f25a0611-c502-4814-bcbf-909e49006892,150,96.81700134277344,88.6570053100586,8.159996032714844,8.42826767979002,96.81700134277344,88.6570053100586,8.159996032714844,8.42826767979002
f25a0611-c502-4814-bcbf-909e49006892,180,96.81700134277344,,,,96.81700134277344,,,
f25a0611-c502-4814-bcbf-909e49006892,210,96.81700134277344,85.59800720214844,11.218994140625,11.587834765616197,96.81700134277344,85.59800720214844,11.218994140625,11.587834765616197
f25a0611-c502-4814-bcbf-909e49006892,240,96.81700134277344,83.5580062866211,13.258995056152344,13.694903655619173,96.81700134277344,83.5580062866211,13.258995056152344,13.694903655619173
f25a0611-c502-4814-bcbf-909e49006892,270,96.81700134277344,,,,96.81700134277344,,,
f25a0611-c502-4814-bcbf-909e49006892,300,96.81700134277344,,,,96.81700134277344,,,
f25a0611-c502-4814-bcbf-909e49006892,330,96.81700134277344,,,,96.81700134277344,,,
f25a0611-c502-4814-bcbf-909e49006892,360,96.81700134277344,,,,96.81700134277344,,,
e40d8eff-e363-4826-b81d-8c889bb89438,30,124.7378,128.366536,-3.6287360000000035,-2.9090909090909123,124.7378,128.366536,-3.6287360000000035,-2.9090909090909123
e40d8eff-e363-4826-b81d-8c889bb89438,60,124.7378,128.0,-3.262200000000007,-2.6152457394631035,124.7378,128.0,-3.262200000000007,-2.6152457394631035
e40d8eff-e363-4826-b81d-8c889bb89438,90,124.7378,124.7,0.037799999999990064,0.03030356475742723,124.7378,124.7,0.037799999999990064,0.03030356475742723
e40d8eff-e363-4826-b81d-8c889bb89438,120,124.7378,121.6,3.1377999999999986,2.515516547510056,124.7378,121.6,3.1377999999999986,2.515516547510056
e40d8eff-e363-4826-b81d-8c889bb89438,150,124.7378,118.9,5.837799999999987,4.680056887326846,124.7378,118.9,5.837799999999987,4.680056887326846
e40d8eff-e363-4826-b81d-8c889bb89438,180,124.7378,,,,124.7378,,,
e40d8eff-e363-4826-b81d-8c889bb89438,210,124.7378,,,,124.7378,,,
e40d8eff-e363-4826-b81d-8c889bb89438,240,124.7378,,,,124.7378,,,
e40d8eff-e363-4826-b81d-8c889bb89438,270,124.7378,,,,124.7378,,,
e40d8eff-e363-4826-b81d-8c889bb89438,300,124.7378,,,,124.7378,,,
e40d8eff-e363-4826-b81d-8c889bb89438,330,124.7378,,,,124.7378,,,
e40d8eff-e363-4826-b81d-8c889bb89438,360,124.7378,,,,124.7378,,,
dd63cb1e-7d7e-4d7e-91aa-1eb3d1871a94,30,80.28578399999999,78.6,1.6857839999999982,2.0997291376017433,80.28578399999999,78.6,1.6857839999999982,2.0997291376017433
dd63cb1e-7d7e-4d7e-91aa-1eb3d1871a94,60,80.28578399999999,76.8,3.4857839999999953,4.341720073381852,80.28578399999999,76.8,3.4857839999999953,4.341720073381852
dd63cb1e-7d7e-4d7e-91aa-1eb3d1871a94,90,80.28578399999999,72.6,7.685783999999998,9.573032256868787,80.28578399999999,72.6,7.685783999999998,9.573032256868787
dd63cb1e-7d7e-4d7e-91aa-1eb3d1871a94,120,80.28578399999999,72.8,7.485783999999995,9.323922152893214,80.28578399999999,72.8,7.485783999999995,9.323922152893214
dd63cb1e-7d7e-4d7e-91aa-1eb3d1871a94,150,80.28578399999999,79.2,1.0857839999999896,1.3523988256750283,80.28578399999999,79.2,1.0857839999999896,1.3523988256750283
dd63cb1e-7d7e-4d7e-91aa-1eb3d1871a94,180,80.28578399999999,76.0,4.2857839999999925,5.338160489284122,80.28578399999999,76.0,4.2857839999999925,5.338160489284122
dd63cb1e-7d7e-4d7e-91aa-1eb3d1871a94,210,80.28578399999999,75.7,4.58578399999999,5.711825645247471,80.28578399999999,75.7,4.58578399999999,5.711825645247471
dd63cb1e-7d7e-4d7e-91aa-1eb3d1871a94,240,80.28578399999999,73.5,6.7857839999999925,8.452036788978724,80.28578399999999,73.5,6.7857839999999925,8.452036788978724
dd63cb1e-7d7e-4d7e-91aa-1eb3d1871a94,270,80.28578399999999,76.1,4.185783999999998,5.213605437296344,80.28578399999999,76.1,4.185783999999998,5.213605437296344
dd63cb1e-7d7e-4d7e-91aa-1eb3d1871a94,300,80.28578399999999,52.1,28.18578399999999,35.106817914364505,80.28578399999999,68.0,12.285783999999992,15.302564648306847
dd63cb1e-7d7e-4d7e-91aa-1eb3d1871a94,330,80.28578399999999,,,,80.28578399999999,,,
dd63cb1e-7d7e-4d7e-91aa-1eb3d1871a94,360,80.28578399999999,,,,80.28578399999999,,,
ac8e326e-66c1-4329-8ca8-a2e9bf42f8c6,30,119.748288,120.89300537109376,-1.144717371093762,-0.9559363145916223,119.748288,120.89300537109376,-1.144717371093762,-0.9559363145916223
ac8e326e-66c1-4329-8ca8-a2e9bf42f8c6,60,119.748288,121.92200469970705,-2.173716699707043,-1.815238226793725,119.748288,121.92200469970705,-2.173716699707043,-1.815238226793725
ac8e326e-66c1-4329-8ca8-a2e9bf42f8c6,90,119.748288,118.58800506591795,1.1602829340820477,0.9689348828786994,119.748288,118.58800506591795,1.1602829340820477,0.9689348828786994
ac8e326e-66c1-4329-8ca8-a2e9bf42f8c6,120,119.748288,117.89700317382812,1.8512848261718773,1.5459802032175,119.748288,117.89700317382812,1.8512848261718773,1.5459802032175
ac8e326e-66c1-4329-8ca8-a2e9bf42f8c6,150,119.748288,114.305184,5.443104000000005,4.545454545454549,119.748288,114.305184,5.443104000000005,4.545454545454549
ac8e326e-66c1-4329-8ca8-a2e9bf42f8c6,180,119.748288,109.656005859375,10.092282140625002,8.427913508563064,119.748288,109.656005859375,10.092282140625002,8.427913508563064
ac8e326e-66c1-4329-8ca8-a2e9bf42f8c6,210,119.748288,,,,119.748288,,,
ac8e326e-66c1-4329-8ca8-a2e9bf42f8c6,240,119.748288,,,,119.748288,,,
ac8e326e-66c1-4329-8ca8-a2e9bf42f8c6,270,119.748288,,,,119.748288,,,
ac8e326e-66c1-4329-8ca8-a2e9bf42f8c6,300,119.748288,,,,119.748288,,,
ac8e326e-66c1-4329-8ca8-a2e9bf42f8c6,330,119.748288,,,,119.748288,,,
ac8e326e-66c1-4329-8ca8-a2e9bf42f8c6,360,119.748288,,,,119.748288,,,
193651e8-1fbc-4084-8ed3-c2113a6bcef8,30,139.706336,135.0240020751953,4.682333924804681,3.3515544526231658,139.706336,135.0240020751953,4.682333924804681,3.3515544526231658
193651e8-1fbc-4084-8ed3-c2113a6bcef8,60,139.706336,135.19683461746,4.50950138253998,3.2278431398701777,139.706336,135.19683461746,4.50950138253998,3.2278431398701777
193651e8-1fbc-4084-8ed3-c2113a6bcef8,90,139.706336,134.81800842285156,4.888327577148431,3.4990020618309186,139.706336,134.81800842285156,4.888327577148431,3.4990020618309186
193651e8-1fbc-4084-8ed3-c2113a6bcef8,120,139.706336,129.87100219726562,9.835333802734368,7.040005546158171,139.706336,129.87100219726562,9.835333802734368,7.040005546158171
193651e8-1fbc-4084-8ed3-c2113a6bcef8,150,139.706336,124.89000701904295,14.816328980957039,10.605337886004712,139.706336,124.89000701904295,14.816328980957039,10.605337886004712
193651e8-1fbc-4084-8ed3-c2113a6bcef8,180,139.706336,120.13200378417967,19.57433221582032,14.011055458372567,139.706336,120.13200378417967,19.57433221582032,14.011055458372567
193651e8-1fbc-4084-8ed3-c2113a6bcef8,210,139.706336,114.96800231933594,24.738333680664056,17.70738134644377,139.706336,114.96800231933594,24.738333680664056,17.70738134644377
193651e8-1fbc-4084-8ed3-c2113a6bcef8,240,139.706336,,,,139.706336,,,
193651e8-1fbc-4084-8ed3-c2113a6bcef8,270,139.706336,,,,139.706336,,,
193651e8-1fbc-4084-8ed3-c2113a6bcef8,300,139.706336,,,,139.706336,,,
193651e8-1fbc-4084-8ed3-c2113a6bcef8,330,139.706336,,,,139.706336,,,
193651e8-1fbc-4084-8ed3-c2113a6bcef8,360,139.706336,,,,139.706336,,,
6f644cf6-0cab-44bd-a902-4e4da1926e21,30,92.98636,,,,92.98636,,,
6f644cf6-0cab-44bd-a902-4e4da1926e21,60,92.98636,,,,92.98636,,,
6f644cf6-0cab-44bd-a902-4e4da1926e21,90,92.98636,,,,92.98636,,,
6f644cf6-0cab-44bd-a902-4e4da1926e21,120,92.98636,,,,92.98636,,,
6f644cf6-0cab-44bd-a902-4e4da1926e21,150,92.98636,96.8270034790039,-3.8406434790039015,-4.130329952698332,92.98636,96.8270034790039,-3.8406434790039015,-4.130329952698332
6f644cf6-0cab-44bd-a902-4e4da1926e21,180,92.98636,96.24500274658205,-3.2586427465820407,-3.504430915009514,92.98636,96.24500274658205,-3.2586427465820407,-3.504430915009514
6f644cf6-0cab-44bd-a902-4e4da1926e21,210,92.98636,97.08800506591795,-4.10164506591795,-4.411017987926346,92.98636,97.08800506591795,-4.10164506591795,-4.411017987926346
6f644cf6-0cab-44bd-a902-4e4da1926e21,240,92.98636,95.8060073852539,-2.8196473852539015,-3.032323649677115,92.98636,95.8060073852539,-2.8196473852539015,-3.032323649677115
6f644cf6-0cab-44bd-a902-4e4da1926e21,270,92.98636,,,,92.98636,,,
6f644cf6-0cab-44bd-a902-4e4da1926e21,300,92.98636,,,,92.98636,,,
6f644cf6-0cab-44bd-a902-4e4da1926e21,330,92.98636,,,,92.98636,,,
6f644cf6-0cab-44bd-a902-4e4da1926e21,360,92.98636,,,,92.98636,,,
c7b8e31c-abc7-4943-9a83-1668e038648b,30,140.61352,135.7,4.913520000000005,3.494343929374647,140.61352,135.7,4.913520000000005,3.494343929374647
c7b8e31c-abc7-4943-9a83-1668e038648b,60,140.61352,131.1,9.51352,6.765722101260249,140.61352,131.1,9.51352,6.765722101260249
c7b8e31c-abc7-4943-9a83-1668e038648b,90,140.61352,128.7,11.913520000000005,8.472528103983178,140.61352,128.7,11.913520000000005,8.472528103983178
c7b8e31c-abc7-4943-9a83-1668e038648b,120,140.61352,126.0,14.613519999999994,10.39268485704646,140.61352,126.0,14.613519999999994,10.39268485704646
c7b8e31c-abc7-4943-9a83-1668e038648b,150,140.61352,122.4,18.21351999999999,12.952893861130843,140.61352,122.4,18.21351999999999,12.952893861130843
c7b8e31c-abc7-4943-9a83-1668e038648b,180,140.61352,120.1,20.51352,14.588582947073652,140.61352,120.1,20.51352,14.588582947073652
c7b8e31c-abc7-4943-9a83-1668e038648b,210,140.61352,118.1,22.51352,16.01092128267609,140.61352,118.1,22.51352,16.01092128267609
c7b8e31c-abc7-4943-9a83-1668e038648b,240,140.61352,,,,140.61352,,,
c7b8e31c-abc7-4943-9a83-1668e038648b,270,140.61352,,,,140.61352,,,
c7b8e31c-abc7-4943-9a83-1668e038648b,300,140.61352,,,,140.61352,,,
c7b8e31c-abc7-4943-9a83-1668e038648b,330,140.61352,,,,140.61352,,,
c7b8e31c-abc7-4943-9a83-1668e038648b,360,140.61352,,,,140.61352,,,
97beed83-daa4-4ec6-9e2f-89de50178290,30,141.520704,,,,141.520704,,,
97beed83-daa4-4ec6-9e2f-89de50178290,60,141.520704,145.8,-4.279296000000016,-3.0237950201265367,141.520704,145.8,-4.279296000000016,-3.0237950201265367
97beed83-daa4-4ec6-9e2f-89de50178290,90,141.520704,143.7,-2.1792959999999937,-1.539913198848978,141.520704,143.7,-2.1792959999999937,-1.539913198848978
97beed83-daa4-4ec6-9e2f-89de50178290,120,141.520704,142.0,-0.47929600000000505,-0.33867553400526124,141.520704,142.0,-0.47929600000000505,-0.33867553400526124
97beed83-daa4-4ec6-9e2f-89de50178290,150,141.520704,137.6,3.9207040000000006,2.770410186766737,141.520704,137.6,3.9207040000000006,2.770410186766737
97beed83-daa4-4ec6-9e2f-89de50178290,180,141.520704,136.1,5.420704000000001,3.830325773393553,141.520704,136.1,5.420704000000001,3.830325773393553
97beed83-daa4-4ec6-9e2f-89de50178290,210,141.520704,135.170416,6.350288000000006,4.487179487179492,141.520704,135.170416,6.350288000000006,4.487179487179492
97beed83-daa4-4ec6-9e2f-89de50178290,240,141.520704,134.263232,7.257472000000007,5.128205128205134,141.520704,134.263232,7.257472000000007,5.128205128205134
97beed83-daa4-4ec6-9e2f-89de50178290,270,141.520704,,,,141.520704,,,
97beed83-daa4-4ec6-9e2f-89de50178290,300,141.520704,,,,141.520704,,,
97beed83-daa4-4ec6-9e2f-89de50178290,330,141.520704,,,,141.520704,,,
97beed83-daa4-4ec6-9e2f-89de50178290,360,141.520704,,,,141.520704,,,
caa7acb6-4945-43fa-b361-76ce6db4c24d,30,115.37600708007812,114.82100677490234,0.5550003051757812,0.4810361523350141,115.37600708007812,114.82100677490234,0.5550003051757812,0.4810361523350141
caa7acb6-4945-43fa-b361-76ce6db4c24d,60,115.37600708007812,114.03500366210938,1.34100341796875,1.1622896752164513,115.37600708007812,114.03500366210938,1.34100341796875,1.1622896752164513
caa7acb6-4945-43fa-b361-76ce6db4c24d,90,115.37600708007812,114.65900421142578,0.7170028686523438,0.6214488495469419,115.37600708007812,114.65900421142578,0.7170028686523438,0.6214488495469419
caa7acb6-4945-43fa-b361-76ce6db4c24d,120,115.37600708007812,112.22600555419922,3.1500015258789062,2.730205010208586,115.37600708007812,112.22600555419922,3.1500015258789062,2.730205010208586
caa7acb6-4945-43fa-b361-76ce6db4c24d,150,115.37600708007812,107.79300689697266,7.583000183105469,6.572423829715649,115.37600708007812,107.79300689697266,7.583000183105469,6.572423829715649
caa7acb6-4945-43fa-b361-76ce6db4c24d,180,115.37600708007812,107.39400482177734,7.982002258300781,6.918251428792102,115.37600708007812,107.39400482177734,7.982002258300781,6.918251428792102
caa7acb6-4945-43fa-b361-76ce6db4c24d,210,115.37600708007812,104.71500396728516,10.661003112792969,9.240225400930688,115.37600708007812,104.71500396728516,10.661003112792969,9.240225400930688
caa7acb6-4945-43fa-b361-76ce6db4c24d,240,115.37600708007812,102.91400146484376,12.46200561523436,10.801210694165341,115.37600708007812,102.91400146484376,12.46200561523436,10.801210694165341
caa7acb6-4945-43fa-b361-76ce6db4c24d,270,115.37600708007812,,,,115.37600708007812,,,
caa7acb6-4945-43fa-b361-76ce6db4c24d,300,115.37600708007812,,,,115.37600708007812,,,
caa7acb6-4945-43fa-b361-76ce6db4c24d,330,115.37600708007812,,,,115.37600708007812,,,
caa7acb6-4945-43fa-b361-76ce6db4c24d,360,115.37600708007812,,,,115.37600708007812,,,
c3e5413e-4436-4ea8-a286-e8c2c6584bd1,30,117.93392,,,,117.93392,,,
c3e5413e-4436-4ea8-a286-e8c2c6584bd1,60,117.93392,119.1,-1.1660799999999938,-0.9887570938030329,117.93392,119.1,-1.1660799999999938,-0.9887570938030329
c3e5413e-4436-4ea8-a286-e8c2c6584bd1,90,117.93392,118.7,-0.7660800000000023,-0.649584106082459,117.93392,118.7,-0.7660800000000023,-0.649584106082459
c3e5413e-4436-4ea8-a286-e8c2c6584bd1,120,117.93392,120.9,-2.966080000000005,-2.5150355385456575,117.93392,120.9,-2.966080000000005,-2.5150355385456575
c3e5413e-4436-4ea8-a286-e8c2c6584bd1,150,117.93392,,,,117.93392,,,
c3e5413e-4436-4ea8-a286-e8c2c6584bd1,180,117.93392,,,,117.93392,,,
c3e5413e-4436-4ea8-a286-e8c2c6584bd1,210,117.93392,,,,117.93392,,,
c3e5413e-4436-4ea8-a286-e8c2c6584bd1,240,117.93392,,,,117.93392,,,
c3e5413e-4436-4ea8-a286-e8c2c6584bd1,270,117.93392,,,,117.93392,,,
c3e5413e-4436-4ea8-a286-e8c2c6584bd1,300,117.93392,,,,117.93392,,,
c3e5413e-4436-4ea8-a286-e8c2c6584bd1,330,117.93392,,,,117.93392,,,
c3e5413e-4436-4ea8-a286-e8c2c6584bd1,360,117.93392,,,,117.93392,,,
06694177-c0ec-4ac6-85e3-3e103b7a6d9a,30,145.14944,,,,145.14944,,,
06694177-c0ec-4ac6-85e3-3e103b7a6d9a,60,145.14944,138.5380096435547,6.611430356445311,4.554912755051147,145.14944,138.5380096435547,6.611430356445311,4.554912755051147
06694177-c0ec-4ac6-85e3-3e103b7a6d9a,90,145.14944,136.80599975585938,8.343440244140623,5.748172534555162,145.14944,136.80599975585938,8.343440244140623,5.748172534555162
06694177-c0ec-4ac6-85e3-3e103b7a6d9a,120,145.14944,134.71600341796875,10.433436582031248,7.188065335995267,145.14944,134.71600341796875,10.433436582031248,7.188065335995267
06694177-c0ec-4ac6-85e3-3e103b7a6d9a,150,145.14944,135.170416,9.97902400000001,6.875000000000006,145.14944,135.170416,9.97902400000001,6.875000000000006
06694177-c0ec-4ac6-85e3-3e103b7a6d9a,180,145.14944,131.995272,13.154167999999999,9.0625,145.14944,131.995272,13.154167999999999,9.0625
06694177-c0ec-4ac6-85e3-3e103b7a6d9a,210,145.14944,129.727312,15.422127999999987,10.624999999999991,145.14944,129.727312,15.422127999999987,10.624999999999991
06694177-c0ec-4ac6-85e3-3e103b7a6d9a,240,145.14944,126.552168,18.597272000000004,12.812500000000002,145.14944,126.552168,18.597272000000004,12.812500000000002
06694177-c0ec-4ac6-85e3-3e103b7a6d9a,270,145.14944,,,,145.14944,,,
06694177-c0ec-4ac6-85e3-3e103b7a6d9a,300,145.14944,,,,145.14944,,,
06694177-c0ec-4ac6-85e3-3e103b7a6d9a,330,145.14944,,,,145.14944,,,
06694177-c0ec-4ac6-85e3-3e103b7a6d9a,360,145.14944,,,,145.14944,,,
2cc20ef8-e24a-4d9c-8345-ce07874b76d0,30,113.398,112.07600402832033,1.3219959716796694,1.1658018410198323,113.398,112.07600402832033,1.3219959716796694,1.1658018410198323
2cc20ef8-e24a-4d9c-8345-ce07874b76d0,60,113.398,109.94700622558594,3.4509937744140586,3.043258059590168,113.398,109.94700622558594,3.4509937744140586,3.043258059590168
2cc20ef8-e24a-4d9c-8345-ce07874b76d0,90,113.398,109.90300750732422,3.4949924926757774,3.0820583190847963,113.398,109.90300750732422,3.4949924926757774,3.0820583190847963
2cc20ef8-e24a-4d9c-8345-ce07874b76d0,120,113.398,109.41300201416016,3.98499798583984,3.5141695495862715,113.398,109.41300201416016,3.98499798583984,3.5141695495862715
2cc20ef8-e24a-4d9c-8345-ce07874b76d0,150,113.398,107.66300201416016,5.73499798583984,5.057406643714915,113.398,107.66300201416016,5.73499798583984,5.057406643714915
2cc20ef8-e24a-4d9c-8345-ce07874b76d0,180,113.398,,,,113.398,,,
2cc20ef8-e24a-4d9c-8345-ce07874b76d0,210,113.398,,,,113.398,,,
2cc20ef8-e24a-4d9c-8345-ce07874b76d0,240,113.398,,,,113.398,,,
2cc20ef8-e24a-4d9c-8345-ce07874b76d0,270,113.398,,,,113.398,,,
2cc20ef8-e24a-4d9c-8345-ce07874b76d0,300,113.398,,,,113.398,,,
2cc20ef8-e24a-4d9c-8345-ce07874b76d0,330,113.398,,,,113.398,,,
2cc20ef8-e24a-4d9c-8345-ce07874b76d0,360,113.398,,,,113.398,,,
ff5fa560-5f1a-4cc0-b0a8-fd39950fa9f8,30,98.883056,96.16400146484376,2.719054535156232,2.7497679027600364,98.883056,96.16400146484376,2.719054535156232,2.7497679027600364
ff5fa560-5f1a-4cc0-b0a8-fd39950fa9f8,60,98.883056,93.89200592041016,4.99105007958984,5.047427012763279,98.883056,93.89200592041016,4.99105007958984,5.047427012763279
ff5fa560-5f1a-4cc0-b0a8-fd39950fa9f8,90,98.883056,92.3330078125,6.550048187499996,6.624034948414212,98.883056,92.3330078125,6.550048187499996,6.624034948414212
ff5fa560-5f1a-4cc0-b0a8-fd39950fa9f8,120,98.883056,93.439952,5.443103999999991,5.504587155963294,98.883056,93.439952,5.443103999999991,5.504587155963294
ff5fa560-5f1a-4cc0-b0a8-fd39950fa9f8,150,98.883056,,,,98.883056,,,
ff5fa560-5f1a-4cc0-b0a8-fd39950fa9f8,180,98.883056,,,,98.883056,,,
ff5fa560-5f1a-4cc0-b0a8-fd39950fa9f8,210,98.883056,,,,98.883056,,,
ff5fa560-5f1a-4cc0-b0a8-fd39950fa9f8,240,98.883056,,,,98.883056,,,
ff5fa560-5f1a-4cc0-b0a8-fd39950fa9f8,270,98.883056,,,,98.883056,,,
ff5fa560-5f1a-4cc0-b0a8-fd39950fa9f8,300,98.883056,,,,98.883056,,,
ff5fa560-5f1a-4cc0-b0a8-fd39950fa9f8,330,98.883056,,,,98.883056,,,
ff5fa560-5f1a-4cc0-b0a8-fd39950fa9f8,360,98.883056,,,,98.883056,,,
a925c99c-d7d9-4825-9f5d-ffb839329592,30,95.25432,92.3,2.95432000000001,3.1015076271606468,95.25432,92.3,2.95432000000001,3.1015076271606468
a925c99c-d7d9-4825-9f5d-ffb839329592,60,95.25432,88.7,6.554320000000004,6.880863776047116,95.25432,88.7,6.554320000000004,6.880863776047116
a925c99c-d7d9-4825-9f5d-ffb839329592,90,95.25432,86.2,9.054320000000004,9.50541665721828,95.25432,86.2,9.054320000000004,9.50541665721828
a925c99c-d7d9-4825-9f5d-ffb839329592,120,95.25432,85.1,10.154320000000013,10.6602199249336,95.25432,85.1,10.154320000000013,10.6602199249336
a925c99c-d7d9-4825-9f5d-ffb839329592,150,95.25432,82.1,13.154320000000013,13.809683382338998,95.25432,82.1,13.154320000000013,13.809683382338998
a925c99c-d7d9-4825-9f5d-ffb839329592,180,95.25432,79.3,15.95432000000001,16.7491826092507,95.25432,79.3,15.95432000000001,16.7491826092507
a925c99c-d7d9-4825-9f5d-ffb839329592,210,95.25432,,,,95.25432,,,
a925c99c-d7d9-4825-9f5d-ffb839329592,240,95.25432,,,,95.25432,,,
a925c99c-d7d9-4825-9f5d-ffb839329592,270,95.25432,,,,95.25432,,,
a925c99c-d7d9-4825-9f5d-ffb839329592,300,95.25432,,,,95.25432,,,
a925c99c-d7d9-4825-9f5d-ffb839329592,330,95.25432,,,,95.25432,,,
a925c99c-d7d9-4825-9f5d-ffb839329592,360,95.25432,,,,95.25432,,,
41004019-4bcd-41bf-9795-590cc642e0d8,30,108.86208,102.8,6.062080000000009,5.5685873354615385,108.86208,102.8,6.062080000000009,5.5685873354615385
41004019-4bcd-41bf-9795-590cc642e0d8,60,108.86208,99.1,9.762080000000012,8.967383316578198,108.86208,99.1,9.762080000000012,8.967383316578198
41004019-4bcd-41bf-9795-590cc642e0d8,90,108.86208,103.5,5.362080000000006,4.9255718795746,108.86208,103.5,5.362080000000006,4.9255718795746
41004019-4bcd-41bf-9795-590cc642e0d8,120,108.86208,97.2,11.662080000000003,10.712710982557013,108.86208,97.2,11.662080000000003,10.712710982557013
41004019-4bcd-41bf-9795-590cc642e0d8,150,108.86208,,,,108.86208,,,
41004019-4bcd-41bf-9795-590cc642e0d8,180,108.86208,,,,108.86208,,,
41004019-4bcd-41bf-9795-590cc642e0d8,210,108.86208,,,,108.86208,,,
41004019-4bcd-41bf-9795-590cc642e0d8,240,108.86208,,,,108.86208,,,
41004019-4bcd-41bf-9795-590cc642e0d8,270,108.86208,,,,108.86208,,,
41004019-4bcd-41bf-9795-590cc642e0d8,300,108.86208,,,,108.86208,,,
41004019-4bcd-41bf-9795-590cc642e0d8,330,108.86208,,,,108.86208,,,
41004019-4bcd-41bf-9795-590cc642e0d8,360,108.86208,,,,108.86208,,,
94ef5995-77eb-4772-b0ee-4c386fc62668,30,,,,,,,,
94ef5995-77eb-4772-b0ee-4c386fc62668,60,,110.8,,,,110.8,,
94ef5995-77eb-4772-b0ee-4c386fc62668,90,,111.2,,,,111.2,,
94ef5995-77eb-4772-b0ee-4c386fc62668,120,,111.9,,,,111.9,,
94ef5995-77eb-4772-b0ee-4c386fc62668,150,,113.398,,,,113.398,,
94ef5995-77eb-4772-b0ee-4c386fc62668,180,,109.769264,,,,109.769264,,
94ef5995-77eb-4772-b0ee-4c386fc62668,210,,108.408488,,,,108.408488,,
94ef5995-77eb-4772-b0ee-4c386fc62668,240,,,,,,,,
94ef5995-77eb-4772-b0ee-4c386fc62668,270,,,,,,,,
94ef5995-77eb-4772-b0ee-4c386fc62668,300,,,,,,,,
94ef5995-77eb-4772-b0ee-4c386fc62668,330,,,,,,,,
94ef5995-77eb-4772-b0ee-4c386fc62668,360,,,,,,,,
c0320ea3-3072-4f77-8b5a-971abe0542c2,30,100.697424,100.4,0.29742399999999236,0.29536406015708244,100.697424,100.4,0.29742399999999236,0.29536406015708244
c0320ea3-3072-4f77-8b5a-971abe0542c2,60,100.697424,97.2,3.497423999999995,3.4732010622237914,100.697424,97.2,3.497423999999995,3.4732010622237914
c0320ea3-3072-4f77-8b5a-971abe0542c2,90,100.697424,97.8,2.897424000000001,2.87735662433629,100.697424,97.8,2.897424000000001,2.87735662433629
c0320ea3-3072-4f77-8b5a-971abe0542c2,120,100.697424,99.7,0.9974239999999952,0.9905159043591772,100.697424,99.7,0.9974239999999952,0.9905159043591772
c0320ea3-3072-4f77-8b5a-971abe0542c2,150,100.697424,100.3,0.3974240000000009,0.3946714664716755,100.697424,100.3,0.3974240000000009,0.3946714664716755
c0320ea3-3072-4f77-8b5a-971abe0542c2,180,100.697424,,,,100.697424,,,
c0320ea3-3072-4f77-8b5a-971abe0542c2,210,100.697424,,,,100.697424,,,
c0320ea3-3072-4f77-8b5a-971abe0542c2,240,100.697424,,,,100.697424,,,
c0320ea3-3072-4f77-8b5a-971abe0542c2,270,100.697424,,,,100.697424,,,
c0320ea3-3072-4f77-8b5a-971abe0542c2,300,100.697424,,,,100.697424,,,
c0320ea3-3072-4f77-8b5a-971abe0542c2,330,100.697424,,,,100.697424,,,
c0320ea3-3072-4f77-8b5a-971abe0542c2,360,100.697424,,,,100.697424,,,
2075ee49-4e01-4257-b51b-bf76a102fab9,30,92.98636,86.28400421142578,6.7023557885742235,7.207891338658942,92.98636,86.28400421142578,6.7023557885742235,7.207891338658942
2075ee49-4e01-4257-b51b-bf76a102fab9,60,92.98636,,,,92.98636,,,
2075ee49-4e01-4257-b51b-bf76a102fab9,90,92.98636,,,,92.98636,,,
2075ee49-4e01-4257-b51b-bf76a102fab9,120,92.98636,,,,92.98636,,,
2075ee49-4e01-4257-b51b-bf76a102fab9,150,92.98636,77.47500610351562,15.51135389648438,16.68132175136695,92.98636,77.47500610351562,15.51135389648438,16.68132175136695
2075ee49-4e01-4257-b51b-bf76a102fab9,180,92.98636,77.11064,15.875720000000001,17.073170731707318,92.98636,77.11064,15.875720000000001,17.073170731707318
2075ee49-4e01-4257-b51b-bf76a102fab9,210,92.98636,76.203456,16.782904000000002,18.04878048780488,92.98636,76.203456,16.782904000000002,18.04878048780488
2075ee49-4e01-4257-b51b-bf76a102fab9,240,92.98636,,,,92.98636,,,
2075ee49-4e01-4257-b51b-bf76a102fab9,270,92.98636,,,,92.98636,,,
2075ee49-4e01-4257-b51b-bf76a102fab9,300,92.98636,,,,92.98636,,,
2075ee49-4e01-4257-b51b-bf76a102fab9,330,92.98636,,,,92.98636,,,
2075ee49-4e01-4257-b51b-bf76a102fab9,360,92.98636,,,,92.98636,,,
eb1eb39c-be88-4a4c-826b-3cd4d705df5c,30,129.27372,129.7,-0.42627999999999133,-0.32974992906523565,129.27372,129.7,-0.42627999999999133,-0.32974992906523565
eb1eb39c-be88-4a4c-826b-3cd4d705df5c,60,129.27372,128.0,1.2737199999999973,0.9852891987636755,129.27372,128.0,1.2737199999999973,0.9852891987636755
eb1eb39c-be88-4a4c-826b-3cd4d705df5c,90,129.27372,126.1,3.173720000000003,2.4550388122195317,129.27372,126.1,3.173720000000003,2.4550388122195317
eb1eb39c-be88-4a4c-826b-3cd4d705df5c,120,129.27372,128.1,1.173720000000003,0.907933955950214,129.27372,128.1,1.173720000000003,0.907933955950214
eb1eb39c-be88-4a4c-826b-3cd4d705df5c,150,129.27372,127.4,1.8737199999999916,1.4494206556444664,129.27372,127.4,1.8737199999999916,1.4494206556444664
eb1eb39c-be88-4a4c-826b-3cd4d705df5c,180,129.27372,126.7,2.5737199999999945,1.9909073553387298,129.27372,126.7,2.5737199999999945,1.9909073553387298
eb1eb39c-be88-4a4c-826b-3cd4d705df5c,210,129.27372,127.8,1.4737200000000001,1.1399996843906095,129.27372,127.8,1.4737200000000001,1.1399996843906095
eb1eb39c-be88-4a4c-826b-3cd4d705df5c,240,129.27372,127.8,1.4737200000000001,1.1399996843906095,129.27372,127.8,1.4737200000000001,1.1399996843906095
eb1eb39c-be88-4a4c-826b-3cd4d705df5c,270,129.27372,,,,129.27372,,,
eb1eb39c-be88-4a4c-826b-3cd4d705df5c,300,129.27372,129.8,-0.5262800000000141,-0.40710517187871914,129.27372,129.8,-0.5262800000000141,-0.40710517187871914
eb1eb39c-be88-4a4c-826b-3cd4d705df5c,330,129.27372,126.7,2.5737199999999945,1.9909073553387298,129.27372,126.7,2.5737199999999945,1.9909073553387298
eb1eb39c-be88-4a4c-826b-3cd4d705df5c,360,129.27372,128.0,1.2737199999999973,0.9852891987636755,129.27372,128.0,1.2737199999999973,0.9852891987636755
fffe1ed6-e7ee-41e0-a193-101f13d54812,30,145.14944,,,,145.14944,,,
fffe1ed6-e7ee-41e0-a193-101f13d54812,60,145.14944,138.2,6.94944000000001,4.787782853313116,145.14944,138.2,6.94944000000001,4.787782853313116
fffe1ed6-e7ee-41e0-a193-101f13d54812,90,145.14944,138.1,7.049440000000004,4.856677366443855,145.14944,138.1,7.049440000000004,4.856677366443855
fffe1ed6-e7ee-41e0-a193-101f13d54812,120,145.14944,133.8,11.349439999999987,7.819141431065795,145.14944,133.8,11.349439999999987,7.819141431065795
fffe1ed6-e7ee-41e0-a193-101f13d54812,150,145.14944,133.6,11.549440000000004,7.956930457327292,145.14944,133.6,11.549440000000004,7.956930457327292
fffe1ed6-e7ee-41e0-a193-101f13d54812,180,145.14944,132.9,12.249439999999993,8.439192049242486,145.14944,132.9,12.249439999999993,8.439192049242486
fffe1ed6-e7ee-41e0-a193-101f13d54812,210,145.14944,133.3,11.849439999999987,8.16361399671951,145.14944,133.3,11.849439999999987,8.16361399671951
fffe1ed6-e7ee-41e0-a193-101f13d54812,240,145.14944,131.1,14.049440000000004,9.679293285595868,145.14944,131.1,14.049440000000004,9.679293285595868
fffe1ed6-e7ee-41e0-a193-101f13d54812,270,145.14944,131.7,13.44944000000001,9.265926206811415,145.14944,131.7,13.44944000000001,9.265926206811415
fffe1ed6-e7ee-41e0-a193-101f13d54812,300,145.14944,129.2,15.94944000000001,10.98828903507999,145.14944,129.2,15.94944000000001,10.98828903507999
fffe1ed6-e7ee-41e0-a193-101f13d54812,330,145.14944,129.0,16.14944,11.126078061341468,145.14944,129.0,16.14944,11.126078061341468
fffe1ed6-e7ee-41e0-a193-101f13d54812,360,145.14944,127.7,17.449439999999996,12.021706732041126,145.14944,127.7,17.449439999999996,12.021706732041126
4aa10fe8-db25-44fc-840f-dcef24eced29,30,71.667536,70.308,1.3595359999999914,1.897003965644907,71.667536,70.308,1.3595359999999914,1.897003965644907
4aa10fe8-db25-44fc-840f-dcef24eced29,60,71.667536,69.037,2.630535999999992,3.6704708251724916,71.667536,69.037,2.630535999999992,3.6704708251724916
4aa10fe8-db25-44fc-840f-dcef24eced29,90,71.667536,,,,71.667536,,,
4aa10fe8-db25-44fc-840f-dcef24eced29,120,71.667536,,,,71.667536,,,
4aa10fe8-db25-44fc-840f-dcef24eced29,150,71.667536,,,,71.667536,,,
4aa10fe8-db25-44fc-840f-dcef24eced29,180,71.667536,,,,71.667536,,,
4aa10fe8-db25-44fc-840f-dcef24eced29,210,71.667536,,,,71.667536,,,
4aa10fe8-db25-44fc-840f-dcef24eced29,240,71.667536,,,,71.667536,,,
4aa10fe8-db25-44fc-840f-dcef24eced29,270,71.667536,,,,71.667536,,,
4aa10fe8-db25-44fc-840f-dcef24eced29,300,71.667536,,,,71.667536,,,
4aa10fe8-db25-44fc-840f-dcef24eced29,330,71.667536,,,,71.667536,,,
4aa10fe8-db25-44fc-840f-dcef24eced29,360,71.667536,,,,71.667536,,,
f8a5cd5b-401d-47c3-a50d-ea1945660002,30,149.68536,148.1,1.5853600000000085,1.0591282941765372,149.68536,148.1,1.5853600000000085,1.0591282941765372
f8a5cd5b-401d-47c3-a50d-ea1945660002,60,149.68536,145.8,3.8853599999999915,2.595684708244007,149.68536,145.8,3.8853599999999915,2.595684708244007
f8a5cd5b-401d-47c3-a50d-ea1945660002,90,149.68536,147.8,1.8853599999999915,1.2595486960114146,149.68536,147.8,1.8853599999999915,1.2595486960114146
f8a5cd5b-401d-47c3-a50d-ea1945660002,120,149.68536,147.4,2.285359999999997,1.5267758984579367,149.68536,147.4,2.285359999999997,1.5267758984579367
f8a5cd5b-401d-47c3-a50d-ea1945660002,150,149.68536,144.0,5.685360000000003,3.7982071192533473,149.68536,144.0,5.685360000000003,3.7982071192533473
f8a5cd5b-401d-47c3-a50d-ea1945660002,180,149.68536,,,,149.68536,,,
f8a5cd5b-401d-47c3-a50d-ea1945660002,210,149.68536,143.1,6.5853600000000085,4.3994683247580175,149.68536,143.1,6.5853600000000085,4.3994683247580175
f8a5cd5b-401d-47c3-a50d-ea1945660002,240,149.68536,143.7,5.985360000000014,3.9986275210882436,149.68536,143.7,5.985360000000014,3.9986275210882436
f8a5cd5b-401d-47c3-a50d-ea1945660002,270,149.68536,,,,149.68536,,,
f8a5cd5b-401d-47c3-a50d-ea1945660002,300,149.68536,141.1,8.585360000000009,5.73560433699061,149.68536,141.1,8.585360000000009,5.73560433699061
f8a5cd5b-401d-47c3-a50d-ea1945660002,330,149.68536,,,,149.68536,,,
f8a5cd5b-401d-47c3-a50d-ea1945660002,360,149.68536,,,,149.68536,,,
225fcbe2-aacc-4c0c-9c2f-94490b72e306,30,129.72741782,123.22200775146484,6.505410068535156,5.014676294229161,129.72741782,123.22200775146484,6.505410068535156,5.014676294229161
225fcbe2-aacc-4c0c-9c2f-94490b72e306,60,129.72741782,121.41400909423828,8.313408725761718,6.408366762758493,129.72741782,121.41400909423828,8.313408725761718,6.408366762758493
225fcbe2-aacc-4c0c-9c2f-94490b72e306,90,129.72741782,119.21500396728516,10.512413852714843,8.103463423053004,129.72741782,119.21500396728516,10.512413852714843,8.103463423053004
225fcbe2-aacc-4c0c-9c2f-94490b72e306,120,129.72741782,117.9385521237,11.788865696299993,9.087412587412583,129.72741782,117.9385521237,11.788865696299993,9.087412587412583
225fcbe2-aacc-4c0c-9c2f-94490b72e306,150,129.72741782,114.76500701904295,14.962410800957045,11.533730534679847,129.72741782,114.76500701904295,14.962410800957045,11.533730534679847
225fcbe2-aacc-4c0c-9c2f-94490b72e306,180,129.72741782,,,,129.72741782,,,
225fcbe2-aacc-4c0c-9c2f-94490b72e306,210,129.72741782,,,,129.72741782,,,
225fcbe2-aacc-4c0c-9c2f-94490b72e306,240,129.72741782,,,,129.72741782,,,
225fcbe2-aacc-4c0c-9c2f-94490b72e306,270,129.72741782,,,,129.72741782,,,
225fcbe2-aacc-4c0c-9c2f-94490b72e306,300,129.72741782,,,,129.72741782,,,
225fcbe2-aacc-4c0c-9c2f-94490b72e306,330,129.72741782,,,,129.72741782,,,
225fcbe2-aacc-4c0c-9c2f-94490b72e306,360,129.72741782,,,,129.72741782,,,
6d11f2a7-5efe-4c61-abab-d96c01448e37,30,100.788224614,100.334632244,0.4535923699999955,0.45004500450044566,100.788224614,100.334632244,0.4535923699999955,0.45004500450044566
6d11f2a7-5efe-4c61-abab-d96c01448e37,60,100.788224614,107.89000701904295,-7.101782405042954,-7.04624218974136,100.788224614,107.89000701904295,-7.101782405042954,-7.04624218974136
6d11f2a7-5efe-4c61-abab-d96c01448e37,90,100.788224614,112.15900421142578,-11.37077959742578,-11.281853253168943,100.788224614,112.15900421142578,-11.37077959742578,-11.281853253168943
6d11f2a7-5efe-4c61-abab-d96c01448e37,120,100.788224614,115.31700897216795,-14.528784358167954,-14.415160514842357,100.788224614,115.31700897216795,-14.528784358167954,-14.415160514842357
6d11f2a7-5efe-4c61-abab-d96c01448e37,150,100.788224614,115.75800323486328,-14.96977862086328,-14.852705936824192,100.788224614,115.75800323486328,-14.96977862086328,-14.852705936824192
6d11f2a7-5efe-4c61-abab-d96c01448e37,180,100.788224614,112.400189286,-11.611964672,-11.521152115211521,100.788224614,112.400189286,-11.611964672,-11.521152115211521
6d11f2a7-5efe-4c61-abab-d96c01448e37,210,100.788224614,112.84500885009766,-12.056784236097656,-11.962492922435015,100.788224614,112.84500885009766,-12.056784236097656,-11.962492922435015
6d11f2a7-5efe-4c61-abab-d96c01448e37,240,100.788224614,108.93900299072266,-8.150778376722656,-8.087034381187493,100.788224614,108.93900299072266,-8.150778376722656,-8.087034381187493
6d11f2a7-5efe-4c61-abab-d96c01448e37,270,100.788224614,,,,100.788224614,,,
6d11f2a7-5efe-4c61-abab-d96c01448e37,300,100.788224614,,,,100.788224614,,,
6d11f2a7-5efe-4c61-abab-d96c01448e37,330,100.788224614,,,,100.788224614,,,
6d11f2a7-5efe-4c61-abab-d96c01448e37,360,100.788224614,,,,100.788224614,,,
f4657636-a157-46b8-a2a1-2224e960f713,30,117.93392,114.2,3.7339199999999977,3.166112005774079,117.93392,114.2,3.7339199999999977,3.166112005774079
f4657636-a157-46b8-a2a1-2224e960f713,60,117.93392,110.9,7.033919999999995,5.9642891544688705,117.93392,110.9,7.033919999999995,5.9642891544688705
f4657636-a157-46b8-a2a1-2224e960f713,90,117.93392,106.59412,11.339799999999997,9.615384615384613,117.93392,106.59412,11.339799999999997,9.615384615384613
f4657636-a157-46b8-a2a1-2224e960f713,120,117.93392,104.779752,13.154167999999999,11.153846153846153,117.93392,104.779752,13.154167999999999,11.153846153846153
f4657636-a157-46b8-a2a1-2224e960f713,150,117.93392,103.4,14.533919999999995,12.323782674229768,117.93392,103.4,14.533919999999995,12.323782674229768
f4657636-a157-46b8-a2a1-2224e960f713,180,117.93392,102.7,15.233919999999998,12.917335402740788,117.93392,102.7,15.233919999999998,12.917335402740788
f4657636-a157-46b8-a2a1-2224e960f713,210,117.93392,102.0582,15.875720000000001,13.461538461538463,117.93392,102.0582,15.875720000000001,13.461538461538463
f4657636-a157-46b8-a2a1-2224e960f713,240,117.93392,,,,117.93392,,,
f4657636-a157-46b8-a2a1-2224e960f713,270,117.93392,101.3,16.633920000000003,14.104440859762827,117.93392,101.3,16.633920000000003,14.104440859762827
f4657636-a157-46b8-a2a1-2224e960f713,300,117.93392,100.3,17.633920000000003,14.952373329064278,117.93392,100.3,17.633920000000003,14.952373329064278
f4657636-a157-46b8-a2a1-2224e960f713,330,117.93392,100.1,17.833920000000006,15.121959822924572,117.93392,100.1,17.833920000000006,15.121959822924572
f4657636-a157-46b8-a2a1-2224e960f713,360,117.93392,,,,117.93392,,,
3fb92d7a-49a8-437a-8b4c-e37f35b9b29d,30,97.52228,91.5,6.022279999999995,6.175286303806674,97.52228,91.5,6.022279999999995,6.175286303806674
3fb92d7a-49a8-437a-8b4c-e37f35b9b29d,60,97.52228,88.8,8.722279999999998,8.943884412874677,97.52228,88.8,8.722279999999998,8.943884412874677
3fb92d7a-49a8-437a-8b4c-e37f35b9b29d,90,97.52228,,,,97.52228,,,
3fb92d7a-49a8-437a-8b4c-e37f35b9b29d,120,97.52228,,,,97.52228,,,
3fb92d7a-49a8-437a-8b4c-e37f35b9b29d,150,97.52228,,,,97.52228,,,
3fb92d7a-49a8-437a-8b4c-e37f35b9b29d,180,97.52228,,,,97.52228,,,
3fb92d7a-49a8-437a-8b4c-e37f35b9b29d,210,97.52228,,,,97.52228,,,
3fb92d7a-49a8-437a-8b4c-e37f35b9b29d,240,97.52228,,,,97.52228,,,
3fb92d7a-49a8-437a-8b4c-e37f35b9b29d,270,97.52228,,,,97.52228,,,
3fb92d7a-49a8-437a-8b4c-e37f35b9b29d,300,97.52228,,,,97.52228,,,
3fb92d7a-49a8-437a-8b4c-e37f35b9b29d,330,97.52228,,,,97.52228,,,
3fb92d7a-49a8-437a-8b4c-e37f35b9b29d,360,97.52228,,,,97.52228,,,
50cdaa5d-1a41-43ed-8de1-f519209b177e,30,151.046136,139.3434624,11.702673599999997,7.747747747747747,151.046136,139.3434624,11.702673599999997,7.747747747747747
50cdaa5d-1a41-43ed-8de1-f519209b177e,60,151.046136,132.1313496,18.914786399999997,12.522522522522522,151.046136,132.1313496,18.914786399999997,12.522522522522522
50cdaa5d-1a41-43ed-8de1-f519209b177e,90,151.046136,,,,151.046136,,,
50cdaa5d-1a41-43ed-8de1-f519209b177e,120,151.046136,,,,151.046136,,,
50cdaa5d-1a41-43ed-8de1-f519209b177e,150,151.046136,,,,151.046136,,,
50cdaa5d-1a41-43ed-8de1-f519209b177e,180,151.046136,,,,151.046136,,,
50cdaa5d-1a41-43ed-8de1-f519209b177e,210,151.046136,,,,151.046136,,,
50cdaa5d-1a41-43ed-8de1-f519209b177e,240,151.046136,,,,151.046136,,,
50cdaa5d-1a41-43ed-8de1-f519209b177e,270,151.046136,,,,151.046136,,,
50cdaa5d-1a41-43ed-8de1-f519209b177e,300,151.046136,,,,151.046136,,,
50cdaa5d-1a41-43ed-8de1-f519209b177e,330,151.046136,,,,151.046136,,,
50cdaa5d-1a41-43ed-8de1-f519209b177e,360,151.046136,,,,151.046136,,,
2c38831c-1586-48eb-8318-b179fdc5a471,30,109.769264,110.0,-0.23073599999999317,-0.2102009174444252,109.769264,110.0,-0.23073599999999317,-0.2102009174444252
2c38831c-1586-48eb-8318-b179fdc5a471,60,109.769264,110.0,-0.23073599999999317,-0.2102009174444252,109.769264,110.0,-0.23073599999999317,-0.2102009174444252
2c38831c-1586-48eb-8318-b179fdc5a471,90,109.769264,110.0,-0.23073599999999317,-0.2102009174444252,109.769264,110.0,-0.23073599999999317,-0.2102009174444252
2c38831c-1586-48eb-8318-b179fdc5a471,120,109.769264,110.0,-0.23073599999999317,-0.2102009174444252,109.769264,110.0,-0.23073599999999317,-0.2102009174444252
2c38831c-1586-48eb-8318-b179fdc5a471,150,109.769264,,,,109.769264,,,
2c38831c-1586-48eb-8318-b179fdc5a471,180,109.769264,,,,109.769264,,,
2c38831c-1586-48eb-8318-b179fdc5a471,210,109.769264,,,,109.769264,,,
2c38831c-1586-48eb-8318-b179fdc5a471,240,109.769264,,,,109.769264,,,
2c38831c-1586-48eb-8318-b179fdc5a471,270,109.769264,,,,109.769264,,,
2c38831c-1586-48eb-8318-b179fdc5a471,300,109.769264,,,,109.769264,,,
2c38831c-1586-48eb-8318-b179fdc5a471,330,109.769264,,,,109.769264,,,
2c38831c-1586-48eb-8318-b179fdc5a471,360,109.769264,,,,109.769264,,,
0b401d74-4e2f-410d-bd34-fd71d68a3ec3,30,83.91452,80.695,3.219520000000003,3.83666616933518,83.91452,80.695,3.219520000000003,3.83666616933518
0b401d74-4e2f-410d-bd34-fd71d68a3ec3,60,83.91452,79.561,4.353519999999989,5.18804135446403,83.91452,79.561,4.353519999999989,5.18804135446403
0b401d74-4e2f-410d-bd34-fd71d68a3ec3,90,83.91452,,,,83.91452,,,
0b401d74-4e2f-410d-bd34-fd71d68a3ec3,120,83.91452,,,,83.91452,,,
0b401d74-4e2f-410d-bd34-fd71d68a3ec3,150,83.91452,,,,83.91452,,,
0b401d74-4e2f-410d-bd34-fd71d68a3ec3,180,83.91452,,,,83.91452,,,
0b401d74-4e2f-410d-bd34-fd71d68a3ec3,210,83.91452,,,,83.91452,,,
0b401d74-4e2f-410d-bd34-fd71d68a3ec3,240,83.91452,,,,83.91452,,,
0b401d74-4e2f-410d-bd34-fd71d68a3ec3,270,83.91452,,,,83.91452,,,
0b401d74-4e2f-410d-bd34-fd71d68a3ec3,300,83.91452,,,,83.91452,,,
0b401d74-4e2f-410d-bd34-fd71d68a3ec3,330,83.91452,,,,83.91452,,,
0b401d74-4e2f-410d-bd34-fd71d68a3ec3,360,83.91452,,,,83.91452,,,
0939e214-4ef1-469f-b925-6c3dfd5385a6,30,120.20188,,,,120.20188,,,
0939e214-4ef1-469f-b925-6c3dfd5385a6,60,120.20188,117.8987902175458,2.303089782454208,1.9160181042544493,120.20188,117.8987902175458,2.303089782454208,1.9160181042544493
0939e214-4ef1-469f-b925-6c3dfd5385a6,90,120.20188,117.498794321985,2.7030856780150003,2.248788187019205,120.20188,117.498794321985,2.7030856780150003,2.248788187019205
0939e214-4ef1-469f-b925-6c3dfd5385a6,120,120.20188,116.7988015047536,3.4030784952464046,2.831135831857542,120.20188,116.7988015047536,3.4030784952464046,2.831135831857542
0939e214-4ef1-469f-b925-6c3dfd5385a6,150,120.20188,114.1988281836084,6.003051816391604,4.994141369828496,120.20188,114.1988281836084,6.003051816391604,4.994141369828496
0939e214-4ef1-469f-b925-6c3dfd5385a6,180,120.20188,111.6988538363534,8.50302616364661,7.073954387108262,120.20188,111.6988538363534,8.50302616364661,7.073954387108262
0939e214-4ef1-469f-b925-6c3dfd5385a6,210,120.20188,,,,120.20188,,,
0939e214-4ef1-469f-b925-6c3dfd5385a6,240,120.20188,,,,120.20188,,,
0939e214-4ef1-469f-b925-6c3dfd5385a6,270,120.20188,,,,120.20188,,,
0939e214-4ef1-469f-b925-6c3dfd5385a6,300,120.20188,,,,120.20188,,,
0939e214-4ef1-469f-b925-6c3dfd5385a6,330,120.20188,,,,120.20188,,,
0939e214-4ef1-469f-b925-6c3dfd5385a6,360,120.20188,,,,120.20188,,,
67426b27-20ea-442e-a7f9-57e5e5866be9,30,115.66596,114.4,1.2659599999999926,1.094496600382682,115.66596,114.4,1.2659599999999926,1.094496600382682
67426b27-20ea-442e-a7f9-57e5e5866be9,60,115.66596,112.3,3.365960000000001,2.9100696522987413,115.66596,112.3,3.365960000000001,2.9100696522987413
67426b27-20ea-442e-a7f9-57e5e5866be9,90,115.66596,,,,115.66596,,,
67426b27-20ea-442e-a7f9-57e5e5866be9,120,115.66596,,,,115.66596,,,
67426b27-20ea-442e-a7f9-57e5e5866be9,150,115.66596,,,,115.66596,,,
67426b27-20ea-442e-a7f9-57e5e5866be9,180,115.66596,,,,115.66596,,,
67426b27-20ea-442e-a7f9-57e5e5866be9,210,115.66596,,,,115.66596,,,
67426b27-20ea-442e-a7f9-57e5e5866be9,240,115.66596,,,,115.66596,,,
67426b27-20ea-442e-a7f9-57e5e5866be9,270,115.66596,,,,115.66596,,,
67426b27-20ea-442e-a7f9-57e5e5866be9,300,115.66596,,,,115.66596,,,
67426b27-20ea-442e-a7f9-57e5e5866be9,330,115.66596,,,,115.66596,,,
67426b27-20ea-442e-a7f9-57e5e5866be9,360,115.66596,,,,115.66596,,,
e8d94c1e-c6da-4842-877a-d4c91bb6f1e5,30,176.90088,169.8,7.100879999999989,4.014044475075528,176.90088,169.8,7.100879999999989,4.014044475075528
e8d94c1e-c6da-4842-877a-d4c91bb6f1e5,60,176.90088,169.6,7.3008800000000065,4.127102137649064,176.90088,169.6,7.3008800000000065,4.127102137649064
e8d94c1e-c6da-4842-877a-d4c91bb6f1e5,90,176.90088,164.3,12.60087999999999,7.123130195847521,176.90088,164.3,12.60087999999999,7.123130195847521
e8d94c1e-c6da-4842-877a-d4c91bb6f1e5,120,176.90088,162.9,14.000879999999995,7.9145338338622135,176.90088,162.9,14.000879999999995,7.9145338338622135
e8d94c1e-c6da-4842-877a-d4c91bb6f1e5,150,176.90088,160.1,16.800880000000006,9.4973411098916,176.90088,160.1,16.800880000000006,9.4973411098916
e8d94c1e-c6da-4842-877a-d4c91bb6f1e5,180,176.90088,158.303608,18.597272000000004,10.512820512820515,176.90088,158.303608,18.597272000000004,10.512820512820515
e8d94c1e-c6da-4842-877a-d4c91bb6f1e5,210,176.90088,,,,176.90088,,,
e8d94c1e-c6da-4842-877a-d4c91bb6f1e5,240,176.90088,,,,176.90088,,,
e8d94c1e-c6da-4842-877a-d4c91bb6f1e5,270,176.90088,,,,176.90088,,,
e8d94c1e-c6da-4842-877a-d4c91bb6f1e5,300,176.90088,,,,176.90088,,,
e8d94c1e-c6da-4842-877a-d4c91bb6f1e5,330,176.90088,,,,176.90088,,,
e8d94c1e-c6da-4842-877a-d4c91bb6f1e5,360,176.90088,,,,176.90088,,,
cf264f0f-0d30-465b-9e76-ffdf9b76e972,30,126.098576,123.0,3.0985759999999942,2.4572648623724302,126.098576,123.0,3.0985759999999942,2.4572648623724302
cf264f0f-0d30-465b-9e76-ffdf9b76e972,60,126.098576,124.0,2.0985759999999942,1.6642344953998485,126.098576,124.0,2.0985759999999942,1.6642344953998485
cf264f0f-0d30-465b-9e76-ffdf9b76e972,90,126.098576,121.7,4.398575999999991,3.4882043394367845,126.098576,121.7,4.398575999999991,3.4882043394367845
cf264f0f-0d30-465b-9e76-ffdf9b76e972,120,126.098576,,,,126.098576,,,
cf264f0f-0d30-465b-9e76-ffdf9b76e972,150,126.098576,,,,126.098576,,,
cf264f0f-0d30-465b-9e76-ffdf9b76e972,180,126.098576,,,,126.098576,,,
cf264f0f-0d30-465b-9e76-ffdf9b76e972,210,126.098576,,,,126.098576,,,
cf264f0f-0d30-465b-9e76-ffdf9b76e972,240,126.098576,,,,126.098576,,,
cf264f0f-0d30-465b-9e76-ffdf9b76e972,270,126.098576,,,,126.098576,,,
cf264f0f-0d30-465b-9e76-ffdf9b76e972,300,126.098576,,,,126.098576,,,
cf264f0f-0d30-465b-9e76-ffdf9b76e972,330,126.098576,,,,126.098576,,,
cf264f0f-0d30-465b-9e76-ffdf9b76e972,360,126.098576,,,,126.098576,,,
0069687c-c1b2-420e-bfae-009a284d13fe,30,80.739376,,,,80.739376,,,
0069687c-c1b2-420e-bfae-009a284d13fe,60,80.739376,81.50200653076172,-0.7626305307617258,-0.9445583661207957,80.739376,81.50200653076172,-0.7626305307617258,-0.9445583661207957
0069687c-c1b2-420e-bfae-009a284d13fe,90,80.739376,83.22000122070312,-2.480625220703132,-3.0723859207224145,80.739376,83.22000122070312,-2.480625220703132,-3.0723859207224145
0069687c-c1b2-420e-bfae-009a284d13fe,120,80.739376,82.36100769042969,-1.6216316904296946,-2.0084768681265195,80.739376,82.36100769042969,-1.6216316904296946,-2.0084768681265195
0069687c-c1b2-420e-bfae-009a284d13fe,150,80.739376,81.60600280761719,-0.8666268076171946,-1.0733632714936943,80.739376,81.60600280761719,-0.8666268076171946,-1.0733632714936943
0069687c-c1b2-420e-bfae-009a284d13fe,180,80.739376,,,,80.739376,,,
0069687c-c1b2-420e-bfae-009a284d13fe,210,80.739376,82.553744,-1.8143680000000018,-2.2471910112359574,80.739376,82.553744,-1.8143680000000018,-2.2471910112359574
0069687c-c1b2-420e-bfae-009a284d13fe,240,80.739376,,,,80.739376,,,
0069687c-c1b2-420e-bfae-009a284d13fe,270,80.739376,,,,80.739376,,,
0069687c-c1b2-420e-bfae-009a284d13fe,300,80.739376,,,,80.739376,,,
0069687c-c1b2-420e-bfae-009a284d13fe,330,80.739376,,,,80.739376,,,
0069687c-c1b2-420e-bfae-009a284d13fe,360,80.739376,,,,80.739376,,,
edd4e258-f37e-4bc2-8362-f10ae8ecf1a2,30,111.13004,110.5,0.6300399999999939,0.5669394162010506,111.13004,110.5,0.6300399999999939,0.5669394162010506
edd4e258-f37e-4bc2-8362-f10ae8ecf1a2,60,111.13004,110.8,0.3300399999999968,0.29698540556630487,111.13004,110.8,0.3300399999999968,0.29698540556630487
edd4e258-f37e-4bc2-8362-f10ae8ecf1a2,90,111.13004,109.7,1.430039999999991,1.28681677789371,111.13004,109.7,1.430039999999991,1.28681677789371
edd4e258-f37e-4bc2-8362-f10ae8ecf1a2,120,111.13004,113.5,-2.369960000000006,-2.132600690146432,111.13004,113.5,-2.369960000000006,-2.132600690146432
edd4e258-f37e-4bc2-8362-f10ae8ecf1a2,150,111.13004,114.5,-3.369960000000006,-3.03244739226226,111.13004,114.5,-3.369960000000006,-3.03244739226226
edd4e258-f37e-4bc2-8362-f10ae8ecf1a2,180,111.13004,114.3,-3.169960000000003,-2.8524780518390918,111.13004,114.3,-3.169960000000003,-2.8524780518390918
edd4e258-f37e-4bc2-8362-f10ae8ecf1a2,210,111.13004,,,,111.13004,,,
edd4e258-f37e-4bc2-8362-f10ae8ecf1a2,240,111.13004,,,,111.13004,,,
edd4e258-f37e-4bc2-8362-f10ae8ecf1a2,270,111.13004,,,,111.13004,,,
edd4e258-f37e-4bc2-8362-f10ae8ecf1a2,300,111.13004,,,,111.13004,,,
edd4e258-f37e-4bc2-8362-f10ae8ecf1a2,330,111.13004,,,,111.13004,,,
edd4e258-f37e-4bc2-8362-f10ae8ecf1a2,360,111.13004,,,,111.13004,,,
f2b91eed-5230-494a-8104-26bf14eacb0d,30,104.32616,102.6,1.7261600000000072,1.6545802126714981,104.32616,102.6,1.7261600000000072,1.6545802126714981
f2b91eed-5230-494a-8104-26bf14eacb0d,60,104.32616,100.4,3.926159999999996,3.7633513971951,104.32616,100.4,3.926159999999996,3.7633513971951
f2b91eed-5230-494a-8104-26bf14eacb0d,90,104.32616,98.4,5.926159999999996,5.680416110398385,104.32616,98.4,5.926159999999996,5.680416110398385
f2b91eed-5230-494a-8104-26bf14eacb0d,120,104.32616,96.3,8.026160000000004,7.693334059261842,104.32616,96.3,8.026160000000004,7.693334059261842
f2b91eed-5230-494a-8104-26bf14eacb0d,150,104.32616,94.1,10.226160000000007,9.802105243785459,104.32616,94.1,10.226160000000007,9.802105243785459
f2b91eed-5230-494a-8104-26bf14eacb0d,180,104.32616,91.3,13.026160000000004,12.485995842270054,104.32616,91.3,13.026160000000004,12.485995842270054
f2b91eed-5230-494a-8104-26bf14eacb0d,210,104.32616,,,,104.32616,,,
f2b91eed-5230-494a-8104-26bf14eacb0d,240,104.32616,,,,104.32616,,,
f2b91eed-5230-494a-8104-26bf14eacb0d,270,104.32616,,,,104.32616,,,
f2b91eed-5230-494a-8104-26bf14eacb0d,300,104.32616,,,,104.32616,,,
f2b91eed-5230-494a-8104-26bf14eacb0d,330,104.32616,,,,104.32616,,,
f2b91eed-5230-494a-8104-26bf14eacb0d,360,104.32616,,,,104.32616,,,
78435d53-dc66-4f6a-85d8-fc172090f8bc,30,92.532768,89.4,3.1327679999999987,3.3855768801815143,92.532768,89.4,3.1327679999999987,3.3855768801815143
78435d53-dc66-4f6a-85d8-fc172090f8bc,60,92.532768,88.8,3.732768000000007,4.033995827294399,92.532768,88.8,3.732768000000007,4.033995827294399
78435d53-dc66-4f6a-85d8-fc172090f8bc,90,92.532768,87.9,4.632767999999999,5.006624247963703,92.532768,87.9,4.632767999999999,5.006624247963703
78435d53-dc66-4f6a-85d8-fc172090f8bc,120,92.532768,87.3,5.232768000000007,5.655043195076588,92.532768,87.3,5.232768000000007,5.655043195076588
78435d53-dc66-4f6a-85d8-fc172090f8bc,150,92.532768,87.2,5.3327680000000015,5.763113019595395,92.532768,87.2,5.3327680000000015,5.763113019595395
78435d53-dc66-4f6a-85d8-fc172090f8bc,180,92.532768,88.2,4.3327680000000015,4.682414774407269,92.532768,88.2,4.3327680000000015,4.682414774407269
78435d53-dc66-4f6a-85d8-fc172090f8bc,210,92.532768,85.7,6.8327680000000015,7.384160387377584,92.532768,85.7,6.8327680000000015,7.384160387377584
78435d53-dc66-4f6a-85d8-fc172090f8bc,240,92.532768,,,,92.532768,,,
78435d53-dc66-4f6a-85d8-fc172090f8bc,270,92.532768,,,,92.532768,,,
78435d53-dc66-4f6a-85d8-fc172090f8bc,300,92.532768,,,,92.532768,,,
78435d53-dc66-4f6a-85d8-fc172090f8bc,330,92.532768,,,,92.532768,,,
78435d53-dc66-4f6a-85d8-fc172090f8bc,360,92.532768,,,,92.532768,,,
f248f20b-b561-4b87-a2c1-4520ab38a453,30,83.91452,79.5,4.414519999999996,5.260734375886314,83.91452,79.5,4.414519999999996,5.260734375886314
f248f20b-b561-4b87-a2c1-4520ab38a453,60,83.91452,75.0,8.914519999999996,10.623334316873882,83.91452,75.0,8.914519999999996,10.623334316873882
f248f20b-b561-4b87-a2c1-4520ab38a453,90,83.91452,75.4,8.51451999999999,10.146658766563869,83.91452,75.4,8.51451999999999,10.146658766563869
f248f20b-b561-4b87-a2c1-4520ab38a453,120,83.91452,75.5,8.414519999999996,10.027489878986373,83.91452,75.5,8.414519999999996,10.027489878986373
f248f20b-b561-4b87-a2c1-4520ab38a453,150,83.91452,73.5,10.414519999999996,12.410867630536405,83.91452,73.5,10.414519999999996,12.410867630536405
f248f20b-b561-4b87-a2c1-4520ab38a453,180,83.91452,72.3,11.614519999999999,13.840894281466426,83.91452,72.3,11.614519999999999,13.840894281466426
f248f20b-b561-4b87-a2c1-4520ab38a453,210,83.91452,72.8,11.114519999999999,13.245049843578919,83.91452,72.8,11.114519999999999,13.245049843578919
f248f20b-b561-4b87-a2c1-4520ab38a453,240,83.91452,,,,83.91452,,,
f248f20b-b561-4b87-a2c1-4520ab38a453,270,83.91452,,,,83.91452,,,
f248f20b-b561-4b87-a2c1-4520ab38a453,300,83.91452,,,,83.91452,,,
f248f20b-b561-4b87-a2c1-4520ab38a453,330,83.91452,,,,83.91452,,,
f248f20b-b561-4b87-a2c1-4520ab38a453,360,83.91452,,,,83.91452,,,
5902288f-64b4-476a-a834-af520c7290e9,30,91.625584,88.2,3.4255840000000006,3.738676306827142,91.625584,88.2,3.4255840000000006,3.738676306827142
5902288f-64b4-476a-a834-af520c7290e9,60,91.625584,85.6,6.025584000000009,6.576311699142905,91.625584,85.6,6.025584000000009,6.576311699142905
5902288f-64b4-476a-a834-af520c7290e9,90,91.625584,84.7,6.925584000000001,7.558570104175271,91.625584,84.7,6.925584000000001,7.558570104175271
5902288f-64b4-476a-a834-af520c7290e9,120,91.625584,82.1,9.52558400000001,10.396205496491033,91.625584,82.1,9.52558400000001,10.396205496491033
5902288f-64b4-476a-a834-af520c7290e9,150,91.625584,79.7,11.925584,13.015561243244028,91.625584,79.7,11.925584,13.015561243244028
5902288f-64b4-476a-a834-af520c7290e9,180,91.625584,79.9,11.725583999999998,12.797281597681273,91.625584,79.9,11.725583999999998,12.797281597681273
5902288f-64b4-476a-a834-af520c7290e9,210,91.625584,76.5,15.125584000000003,16.508035572248033,91.625584,76.5,15.125584000000003,16.508035572248033
5902288f-64b4-476a-a834-af520c7290e9,240,91.625584,74.9,16.725583999999998,18.25427273675003,91.625584,74.9,16.725583999999998,18.25427273675003
5902288f-64b4-476a-a834-af520c7290e9,270,91.625584,74.3,17.325584000000006,18.90911167343829,91.625584,74.3,17.325584000000006,18.90911167343829
5902288f-64b4-476a-a834-af520c7290e9,300,91.625584,71.3,20.325584000000006,22.18330635687954,91.625584,71.3,20.325584000000006,22.18330635687954
5902288f-64b4-476a-a834-af520c7290e9,330,91.625584,70.4,21.225583999999998,23.16556476191191,91.625584,70.4,21.225583999999998,23.16556476191191
5902288f-64b4-476a-a834-af520c7290e9,360,91.625584,67.4,24.225583999999998,26.43975944535316,91.625584,67.4,24.225583999999998,26.43975944535316
b8d9edce-e404-4dfa-99d3-2cf13ebfe888,30,126.098576,122.1987460948244,3.8998299051755936,3.0926835408320503,126.098576,122.1987460948244,3.8998299051755936,3.0926835408320503
b8d9edce-e404-4dfa-99d3-2cf13ebfe888,60,126.098576,123.498732755397,2.5998432446029938,2.0617546423387,126.098576,123.498732755397,2.5998432446029938,2.0617546423387
b8d9edce-e404-4dfa-99d3-2cf13ebfe888,90,126.098576,123.6987307031774,2.3998452968225905,1.9031501964166437,126.098576,123.6987307031774,2.3998452968225905,1.9031501964166437
b8d9edce-e404-4dfa-99d3-2cf13ebfe888,120,126.098576,,,,126.098576,,,
b8d9edce-e404-4dfa-99d3-2cf13ebfe888,150,126.098576,,,,126.098576,,,
b8d9edce-e404-4dfa-99d3-2cf13ebfe888,180,126.098576,,,,126.098576,,,
b8d9edce-e404-4dfa-99d3-2cf13ebfe888,210,126.098576,,,,126.098576,,,
b8d9edce-e404-4dfa-99d3-2cf13ebfe888,240,126.098576,,,,126.098576,,,
b8d9edce-e404-4dfa-99d3-2cf13ebfe888,270,126.098576,,,,126.098576,,,
b8d9edce-e404-4dfa-99d3-2cf13ebfe888,300,126.098576,,,,126.098576,,,
b8d9edce-e404-4dfa-99d3-2cf13ebfe888,330,126.098576,,,,126.098576,,,
b8d9edce-e404-4dfa-99d3-2cf13ebfe888,360,126.098576,,,,126.098576,,,
195f206a-72bb-4ab1-8097-ad3e89460426,30,102.31000518798828,101.59200286865234,0.7180023193359375,0.7017909128404918,102.31000518798828,101.59200286865234,0.7180023193359375,0.7017909128404918
195f206a-72bb-4ab1-8097-ad3e89460426,60,102.31000518798828,102.01292401300002,0.29708117498826425,0.29037353134954497,102.31000518798828,102.01292401300002,0.29708117498826425,0.29037353134954497
195f206a-72bb-4ab1-8097-ad3e89460426,90,102.31000518798828,101.468613169,0.8413920189882873,0.8223946596838517,102.31000518798828,101.468613169,0.8413920189882873,0.8223946596838517
195f206a-72bb-4ab1-8097-ad3e89460426,120,102.31000518798828,,,,102.31000518798828,,,
195f206a-72bb-4ab1-8097-ad3e89460426,150,102.31000518798828,102.8520050048828,-0.541999816894517,-0.5297622807257473,102.31000518798828,102.8520050048828,-0.541999816894517,-0.5297622807257473
195f206a-72bb-4ab1-8097-ad3e89460426,180,102.31000518798828,101.60469088,0.7053143079882744,0.6893893776002681,102.31000518798828,101.60469088,0.7053143079882744,0.6893893776002681
195f206a-72bb-4ab1-8097-ad3e89460426,210,102.31000518798828,102.0290069580078,0.28099822998048296,0.27465371491690005,102.31000518798828,102.0290069580078,0.28099822998048296,0.27465371491690005
195f206a-72bb-4ab1-8097-ad3e89460426,240,102.31000518798828,,,,102.31000518798828,,,
195f206a-72bb-4ab1-8097-ad3e89460426,270,102.31000518798828,,,,102.31000518798828,,,
195f206a-72bb-4ab1-8097-ad3e89460426,300,102.31000518798828,,,,102.31000518798828,,,
195f206a-72bb-4ab1-8097-ad3e89460426,330,102.31000518798828,,,,102.31000518798828,,,
195f206a-72bb-4ab1-8097-ad3e89460426,360,102.31000518798828,,,,102.31000518798828,,,
26297b05-7a99-48c1-9419-c623e81f2e28,30,157.396424,153.767688,3.6287360000000035,2.305475504322769,157.396424,153.767688,3.6287360000000035,2.305475504322769
26297b05-7a99-48c1-9419-c623e81f2e28,60,157.396424,149.231768,8.164656000000008,5.18731988472623,157.396424,149.231768,8.164656000000008,5.18731988472623
26297b05-7a99-48c1-9419-c623e81f2e28,90,157.396424,146.510216,10.886207999999982,6.91642651296829,157.396424,146.510216,10.886207999999982,6.91642651296829
26297b05-7a99-48c1-9419-c623e81f2e28,120,157.396424,142.88148,14.514943999999986,9.221902017291058,157.396424,142.88148,14.514943999999986,9.221902017291058
26297b05-7a99-48c1-9419-c623e81f2e28,150,157.396424,139.706336,17.690088000000003,11.239193083573488,157.396424,139.706336,17.690088000000003,11.239193083573488
26297b05-7a99-48c1-9419-c623e81f2e28,180,157.396424,137.438376,19.95804799999999,12.680115273775211,157.396424,137.438376,19.95804799999999,12.680115273775211
26297b05-7a99-48c1-9419-c623e81f2e28,210,157.396424,,,,157.396424,,,
26297b05-7a99-48c1-9419-c623e81f2e28,240,157.396424,,,,157.396424,,,
26297b05-7a99-48c1-9419-c623e81f2e28,270,157.396424,,,,157.396424,,,
26297b05-7a99-48c1-9419-c623e81f2e28,300,157.396424,,,,157.396424,,,
26297b05-7a99-48c1-9419-c623e81f2e28,330,157.396424,,,,157.396424,,,
26297b05-7a99-48c1-9419-c623e81f2e28,360,157.396424,,,,157.396424,,,
53ec4bed-56fa-4fe2-86b3-04c5bd3c9753,30,75.749864,78.9,-3.1501360000000034,-4.158602845808414,75.749864,78.9,-3.1501360000000034,-4.158602845808414
53ec4bed-56fa-4fe2-86b3-04c5bd3c9753,60,75.749864,77.3,-1.5501359999999949,-2.046387832458676,75.749864,77.3,-1.5501359999999949,-2.046387832458676
53ec4bed-56fa-4fe2-86b3-04c5bd3c9753,90,75.749864,73.8,1.9498640000000051,2.5740825092438517,75.749864,73.8,1.9498640000000051,2.5740825092438517
53ec4bed-56fa-4fe2-86b3-04c5bd3c9753,120,75.749864,74.2,1.5498639999999995,2.0460287559064128,75.749864,74.2,1.5498639999999995,2.0460287559064128
53ec4bed-56fa-4fe2-86b3-04c5bd3c9753,150,75.749864,74.3,1.4498640000000051,1.9140153175720622,75.749864,74.3,1.4498640000000051,1.9140153175720622
53ec4bed-56fa-4fe2-86b3-04c5bd3c9753,180,75.749864,73.6,2.149864000000008,2.8381093859125714,75.749864,73.6,2.149864000000008,2.8381093859125714
53ec4bed-56fa-4fe2-86b3-04c5bd3c9753,210,75.749864,74.9,0.8498639999999966,1.1219346875659033,75.749864,74.9,0.8498639999999966,1.1219346875659033
53ec4bed-56fa-4fe2-86b3-04c5bd3c9753,240,75.749864,76.2,-0.45013600000000054,-0.5942400107807462,75.749864,76.2,-0.45013600000000054,-0.5942400107807462
53ec4bed-56fa-4fe2-86b3-04c5bd3c9753,270,75.749864,76.8,-1.0501359999999949,-1.3863206407868862,75.749864,76.8,-1.0501359999999949,-1.3863206407868862
53ec4bed-56fa-4fe2-86b3-04c5bd3c9753,300,75.749864,,,,75.749864,,,
53ec4bed-56fa-4fe2-86b3-04c5bd3c9753,330,75.749864,,,,75.749864,,,
53ec4bed-56fa-4fe2-86b3-04c5bd3c9753,360,75.749864,,,,75.749864,,,
e9d4993c-4d9b-4370-a5e2-e6bf3dacb393,30,158.7572,157.0,1.7572000000000116,1.10684743747056,158.7572,157.0,1.7572000000000116,1.10684743747056
e9d4993c-4d9b-4370-a5e2-e6bf3dacb393,60,158.7572,,,,158.7572,,,
e9d4993c-4d9b-4370-a5e2-e6bf3dacb393,90,158.7572,,,,158.7572,,,
e9d4993c-4d9b-4370-a5e2-e6bf3dacb393,120,158.7572,,,,158.7572,,,
e9d4993c-4d9b-4370-a5e2-e6bf3dacb393,150,158.7572,,,,158.7572,,,
e9d4993c-4d9b-4370-a5e2-e6bf3dacb393,180,158.7572,,,,158.7572,,,
e9d4993c-4d9b-4370-a5e2-e6bf3dacb393,210,158.7572,,,,158.7572,,,
e9d4993c-4d9b-4370-a5e2-e6bf3dacb393,240,158.7572,,,,158.7572,,,
e9d4993c-4d9b-4370-a5e2-e6bf3dacb393,270,158.7572,,,,158.7572,,,
e9d4993c-4d9b-4370-a5e2-e6bf3dacb393,300,158.7572,,,,158.7572,,,
e9d4993c-4d9b-4370-a5e2-e6bf3dacb393,330,158.7572,,,,158.7572,,,
e9d4993c-4d9b-4370-a5e2-e6bf3dacb393,360,158.7572,,,,158.7572,,,
b703ddf9-64fc-43c7-a1a3-2756e59cff5c,30,124.7378,119.5,5.237799999999993,4.199047922923118,124.7378,119.5,5.237799999999993,4.199047922923118
b703ddf9-64fc-43c7-a1a3-2756e59cff5c,60,124.7378,115.7,9.03779999999999,7.2454380308134265,124.7378,115.7,9.03779999999999,7.2454380308134265
b703ddf9-64fc-43c7-a1a3-2756e59cff5c,90,124.7378,112.9,11.837799999999987,9.49014653136418,124.7378,112.9,11.837799999999987,9.49014653136418
b703ddf9-64fc-43c7-a1a3-2756e59cff5c,120,124.7378,107.3,17.437799999999996,13.979563532465697,124.7378,107.3,17.437799999999996,13.979563532465697
b703ddf9-64fc-43c7-a1a3-2756e59cff5c,150,124.7378,107.0,17.737799999999993,14.22006801466756,124.7378,107.0,17.737799999999993,14.22006801466756
b703ddf9-64fc-43c7-a1a3-2756e59cff5c,180,124.7378,102.1,22.6378,18.148307890631386,124.7378,102.1,22.6378,18.148307890631386
b703ddf9-64fc-43c7-a1a3-2756e59cff5c,210,124.7378,,,,124.7378,,,
b703ddf9-64fc-43c7-a1a3-2756e59cff5c,240,124.7378,,,,124.7378,,,
b703ddf9-64fc-43c7-a1a3-2756e59cff5c,270,124.7378,,,,124.7378,,,
b703ddf9-64fc-43c7-a1a3-2756e59cff5c,300,124.7378,,,,124.7378,,,
b703ddf9-64fc-43c7-a1a3-2756e59cff5c,330,124.7378,,,,124.7378,,,
b703ddf9-64fc-43c7-a1a3-2756e59cff5c,360,124.7378,,,,124.7378,,,
e2d7bef7-dc26-41a4-9682-5484e26e49de,30,78.471416,78.471416,0.0,0.0,78.471416,78.471416,0.0,0.0
e2d7bef7-dc26-41a4-9682-5484e26e49de,60,78.471416,75.749864,2.7215520000000026,3.4682080924855523,78.471416,75.749864,2.7215520000000026,3.4682080924855523
e2d7bef7-dc26-41a4-9682-5484e26e49de,90,78.471416,79.83219199999999,-1.360775999999987,-1.7341040462427582,78.471416,79.83219199999999,-1.360775999999987,-1.7341040462427582
e2d7bef7-dc26-41a4-9682-5484e26e49de,120,78.471416,,,,78.471416,,,
e2d7bef7-dc26-41a4-9682-5484e26e49de,150,78.471416,,,,78.471416,,,
e2d7bef7-dc26-41a4-9682-5484e26e49de,180,78.471416,,,,78.471416,,,
e2d7bef7-dc26-41a4-9682-5484e26e49de,210,78.471416,,,,78.471416,,,
e2d7bef7-dc26-41a4-9682-5484e26e49de,240,78.471416,,,,78.471416,,,
e2d7bef7-dc26-41a4-9682-5484e26e49de,270,78.471416,,,,78.471416,,,
e2d7bef7-dc26-41a4-9682-5484e26e49de,300,78.471416,,,,78.471416,,,
e2d7bef7-dc26-41a4-9682-5484e26e49de,330,78.471416,,,,78.471416,,,
e2d7bef7-dc26-41a4-9682-5484e26e49de,360,78.471416,,,,78.471416,,,
f0d41f4f-628d-497a-a93d-6037fb6b3e17,30,96.978048706,93.89362059,3.084428115999998,3.1805425631431223,96.978048706,93.89362059,3.084428115999998,3.1805425631431223
f0d41f4f-628d-497a-a93d-6037fb6b3e17,60,96.978048706,92.53284348,4.445205225999999,4.583723105706267,96.978048706,92.53284348,4.445205225999999,4.583723105706267
f0d41f4f-628d-497a-a93d-6037fb6b3e17,90,96.978048706,89.99272620800001,6.985322497999988,7.202993451824123,96.978048706,89.99272620800001,6.985322497999988,7.202993451824123
f0d41f4f-628d-497a-a93d-6037fb6b3e17,120,96.978048706,89.49377460100001,7.484274104999983,7.7174929840972695,96.978048706,89.49377460100001,7.484274104999983,7.7174929840972695
f0d41f4f-628d-497a-a93d-6037fb6b3e17,150,96.978048706,88.40515291300001,8.572895792999986,8.840037418147787,96.978048706,88.40515291300001,8.572895792999986,8.840037418147787
f0d41f4f-628d-497a-a93d-6037fb6b3e17,180,96.978048706,87.679405121,9.298643584999994,9.588400374181472,96.978048706,87.679405121,9.298643584999994,9.588400374181472
f0d41f4f-628d-497a-a93d-6037fb6b3e17,210,96.978048706,85.728888,11.249160705999998,11.599697927623922,96.978048706,85.728888,11.249160705999998,11.599697927623922
f0d41f4f-628d-497a-a93d-6037fb6b3e17,240,96.978048706,86.63614267,10.341906035999997,10.664172123479885,96.978048706,86.63614267,10.341906035999997,10.664172123479885
f0d41f4f-628d-497a-a93d-6037fb6b3e17,270,96.978048706,,,,96.978048706,,,
f0d41f4f-628d-497a-a93d-6037fb6b3e17,300,96.978048706,,,,96.978048706,,,
f0d41f4f-628d-497a-a93d-6037fb6b3e17,330,96.978048706,,,,96.978048706,,,
f0d41f4f-628d-497a-a93d-6037fb6b3e17,360,96.978048706,,,,96.978048706,,,
e1727e8c-cd81-4a95-82b9-5f53d4162432,30,131.54168,124.8,6.7416800000000165,5.125128400367105,131.54168,124.8,6.7416800000000165,5.125128400367105
e1727e8c-cd81-4a95-82b9-5f53d4162432,60,131.54168,120.4,11.141680000000008,8.470075796508002,131.54168,120.4,11.141680000000008,8.470075796508002
e1727e8c-cd81-4a95-82b9-5f53d4162432,90,131.54168,118.3,13.241680000000017,10.066527962847985,131.54168,118.3,13.241680000000017,10.066527962847985
e1727e8c-cd81-4a95-82b9-5f53d4162432,120,131.54168,115.7,15.84168000000001,12.043087787840333,131.54168,115.7,15.84168000000001,12.043087787840333
e1727e8c-cd81-4a95-82b9-5f53d4162432,150,131.54168,113.2,18.34168000000001,13.94362608110221,131.54168,113.2,18.34168000000001,13.94362608110221
e1727e8c-cd81-4a95-82b9-5f53d4162432,180,131.54168,113.6,17.94168000000002,13.639539954180316,131.54168,113.6,17.94168000000002,13.639539954180316
e1727e8c-cd81-4a95-82b9-5f53d4162432,210,131.54168,114.7,16.84168000000001,12.803303105145083,131.54168,114.7,16.84168000000001,12.803303105145083
e1727e8c-cd81-4a95-82b9-5f53d4162432,240,131.54168,114.3,17.241680000000017,13.107389232066987,131.54168,114.3,17.241680000000017,13.107389232066987
e1727e8c-cd81-4a95-82b9-5f53d4162432,270,131.54168,112.1,19.44168000000002,14.77986293013744,131.54168,112.1,19.44168000000002,14.77986293013744
e1727e8c-cd81-4a95-82b9-5f53d4162432,300,131.54168,110.6,20.94168000000002,15.92018590609457,131.54168,110.6,20.94168000000002,15.92018590609457
e1727e8c-cd81-4a95-82b9-5f53d4162432,330,131.54168,108.6,22.94168000000002,17.44061654070407,131.54168,108.6,22.94168000000002,17.44061654070407
e1727e8c-cd81-4a95-82b9-5f53d4162432,360,131.54168,,,,131.54168,,,
ced49034-f092-4e01-8bc8-840fa33a2911,30,86.18248,81.7,4.482479999999995,5.201149932097563,86.18248,81.7,4.482479999999995,5.201149932097563
ced49034-f092-4e01-8bc8-840fa33a2911,60,86.18248,83.2,2.9824799999999954,3.4606569687945803,86.18248,83.2,2.9824799999999954,3.4606569687945803
ced49034-f092-4e01-8bc8-840fa33a2911,90,86.18248,81.8,4.382480000000001,5.085117067877371,86.18248,81.8,4.382480000000001,5.085117067877371
ced49034-f092-4e01-8bc8-840fa33a2911,120,86.18248,81.5,4.682479999999998,5.433215660537964,86.18248,81.5,4.682479999999998,5.433215660537964
ced49034-f092-4e01-8bc8-840fa33a2911,150,86.18248,83.7,2.4824799999999954,2.8804926476935866,86.18248,83.7,2.4824799999999954,2.8804926476935866
ced49034-f092-4e01-8bc8-840fa33a2911,180,86.18248,85.2,0.9824799999999954,1.139999684390604,86.18248,85.2,0.9824799999999954,1.139999684390604
ced49034-f092-4e01-8bc8-840fa33a2911,210,86.18248,85.4,0.7824799999999925,0.907933955950203,86.18248,85.4,0.7824799999999925,0.907933955950203
ced49034-f092-4e01-8bc8-840fa33a2911,240,86.18248,84.1,2.082480000000004,2.416361190812801,86.18248,84.1,2.082480000000004,2.416361190812801
ced49034-f092-4e01-8bc8-840fa33a2911,270,86.18248,,,,86.18248,,,
ced49034-f092-4e01-8bc8-840fa33a2911,300,86.18248,,,,86.18248,,,
ced49034-f092-4e01-8bc8-840fa33a2911,330,86.18248,,,,86.18248,,,
ced49034-f092-4e01-8bc8-840fa33a2911,360,86.18248,,,,86.18248,,,
ec365207-1752-4ef9-b0c8-98352e14c1f7,30,99.79024,99.00016149813416,0.7900785018658354,0.7917392541252887,99.79024,99.00016149813416,0.7900785018658354,0.7917392541252887
ec365207-1752-4ef9-b0c8-98352e14c1f7,60,99.79024,97.6661489403618,2.1240910596382037,2.1285559185329186,99.79024,97.6661489403618,2.1240910596382037,2.1285559185329186
ec365207-1752-4ef9-b0c8-98352e14c1f7,90,99.79024,95.7551654483252,4.035074551674796,4.043556315401984,99.79024,95.7551654483252,4.035074551674796,4.043556315401984
ec365207-1752-4ef9-b0c8-98352e14c1f7,120,99.79024,92.6820068359375,7.108233164062497,7.123174735387446,99.79024,92.6820068359375,7.108233164062497,7.123174735387446
ec365207-1752-4ef9-b0c8-98352e14c1f7,150,99.79024,93.3010025024414,6.489237497558591,6.502877934313607,99.79024,93.3010025024414,6.489237497558591,6.502877934313607
ec365207-1752-4ef9-b0c8-98352e14c1f7,180,99.79024,92.532768,7.257471999999993,7.272727272727265,99.79024,92.532768,7.257471999999993,7.272727272727265
ec365207-1752-4ef9-b0c8-98352e14c1f7,210,99.79024,92.75900268554688,7.031237314453122,7.046017039795798,99.79024,92.75900268554688,7.031237314453122,7.046017039795798
ec365207-1752-4ef9-b0c8-98352e14c1f7,240,99.79024,90.70600128173828,9.084238718261716,9.103333871390344,99.79024,90.70600128173828,9.084238718261716,9.103333871390344
ec365207-1752-4ef9-b0c8-98352e14c1f7,270,99.79024,,,,99.79024,,,
ec365207-1752-4ef9-b0c8-98352e14c1f7,300,99.79024,,,,99.79024,,,
ec365207-1752-4ef9-b0c8-98352e14c1f7,330,99.79024,,,,99.79024,,,
ec365207-1752-4ef9-b0c8-98352e14c1f7,360,99.79024,,,,99.79024,,,
81cd8981-b0bd-4ee5-830b-5df620dccb13,30,99.79024,101.3989595256628,-1.6087195256628064,-1.6121010688648574,99.79024,101.3989595256628,-1.6087195256628064,-1.6121010688648574
81cd8981-b0bd-4ee5-830b-5df620dccb13,60,99.79024,100.8989646562118,-1.1087246562118054,-1.1110552056110952,99.79024,100.8989646562118,-1.1087246562118054,-1.1110552056110952
81cd8981-b0bd-4ee5-830b-5df620dccb13,90,99.79024,100.6989667084314,-0.9087267084314021,-0.9106368603095876,99.79024,100.6989667084314,-0.9087267084314021,-0.9106368603095876
81cd8981-b0bd-4ee5-830b-5df620dccb13,120,99.79024,103.8989338729178,-4.108693872917797,-4.117330385133654,99.79024,103.8989338729178,-4.108693872917797,-4.117330385133654
81cd8981-b0bd-4ee5-830b-5df620dccb13,150,99.79024,102.19895131678442,-2.4087113167844194,-2.413774450070888,99.79024,102.19895131678442,-2.4087113167844194,-2.413774450070888
81cd8981-b0bd-4ee5-830b-5df620dccb13,180,99.79024,,,,99.79024,,,
81cd8981-b0bd-4ee5-830b-5df620dccb13,210,99.79024,,,,99.79024,,,
81cd8981-b0bd-4ee5-830b-5df620dccb13,240,99.79024,,,,99.79024,,,
81cd8981-b0bd-4ee5-830b-5df620dccb13,270,99.79024,,,,99.79024,,,
81cd8981-b0bd-4ee5-830b-5df620dccb13,300,99.79024,,,,99.79024,,,
81cd8981-b0bd-4ee5-830b-5df620dccb13,330,99.79024,,,,99.79024,,,
81cd8981-b0bd-4ee5-830b-5df620dccb13,360,99.79024,,,,99.79024,,,
23b27bfc-1257-4bc8-b390-d2f49ce8f14b,30,70.760352,,,,70.760352,,,
23b27bfc-1257-4bc8-b390-d2f49ce8f14b,60,70.760352,69.6,1.1603520000000032,1.63983356103147,70.760352,69.6,1.1603520000000032,1.63983356103147
23b27bfc-1257-4bc8-b390-d2f49ce8f14b,90,70.760352,69.9,0.8603519999999918,1.2158673263807278,70.760352,69.9,0.8603519999999918,1.2158673263807278
23b27bfc-1257-4bc8-b390-d2f49ce8f14b,120,70.760352,69.5,1.2603519999999975,1.7811556392483712,70.760352,69.5,1.2603519999999975,1.7811556392483712
23b27bfc-1257-4bc8-b390-d2f49ce8f14b,150,70.760352,86.6,-15.839647999999997,-22.384919735843027,70.760352,67.7,3.0603519999999946,4.324953047152726
23b27bfc-1257-4bc8-b390-d2f49ce8f14b,180,70.760352,31.6,39.160351999999996,55.34222328345682,70.760352,67.3,3.4603520000000003,4.890241360020369
23b27bfc-1257-4bc8-b390-d2f49ce8f14b,210,70.760352,71.3,-0.5396479999999997,-0.7626417686559837,70.760352,72.6,-1.8396479999999968,-2.599828785475794
23b27bfc-1257-4bc8-b390-d2f49ce8f14b,240,70.760352,71.9,-1.1396480000000082,-1.6105742379574486,70.760352,71.9,-1.1396480000000082,-1.6105742379574486
23b27bfc-1257-4bc8-b390-d2f49ce8f14b,270,70.760352,73.3,-2.5396479999999997,-3.58908333299416,70.760352,73.3,-2.5396479999999997,-3.58908333299416
23b27bfc-1257-4bc8-b390-d2f49ce8f14b,300,70.760352,82.1,-11.339647999999997,-16.02542621608213,70.760352,70.6,0.16035200000000316,0.2266127788623821
23b27bfc-1257-4bc8-b390-d2f49ce8f14b,330,70.760352,,,,70.760352,,,
23b27bfc-1257-4bc8-b390-d2f49ce8f14b,360,70.760352,,,,70.760352,,,
135e054b-4f07-4441-8d16-90cb53a5dd5f,30,99.79024,97.9,1.8902399999999915,1.894213301821893,99.79024,97.9,1.8902399999999915,1.894213301821893
135e054b-4f07-4441-8d16-90cb53a5dd5f,60,99.79024,97.8,1.99024,1.994423502739346,99.79024,97.8,1.99024,1.994423502739346
135e054b-4f07-4441-8d16-90cb53a5dd5f,90,99.79024,98.5,1.2902399999999972,1.2929520963172323,99.79024,98.5,1.2902399999999972,1.2929520963172323
135e054b-4f07-4441-8d16-90cb53a5dd5f,120,99.79024,93.8,5.99024,6.002831539437124,99.79024,93.8,5.99024,6.002831539437124
135e054b-4f07-4441-8d16-90cb53a5dd5f,150,99.79024,91.2,8.590239999999994,8.608296763290674,99.79024,91.2,8.590239999999994,8.608296763290674
135e054b-4f07-4441-8d16-90cb53a5dd5f,180,99.79024,88.7,11.090239999999994,11.113551786226784,99.79024,88.7,11.090239999999994,11.113551786226784
135e054b-4f07-4441-8d16-90cb53a5dd5f,210,99.79024,84.1,15.690240000000003,15.723221028429235,99.79024,84.1,15.690240000000003,15.723221028429235
135e054b-4f07-4441-8d16-90cb53a5dd5f,240,99.79024,,,,99.79024,,,
135e054b-4f07-4441-8d16-90cb53a5dd5f,270,99.79024,,,,99.79024,,,
135e054b-4f07-4441-8d16-90cb53a5dd5f,300,99.79024,,,,99.79024,,,
135e054b-4f07-4441-8d16-90cb53a5dd5f,330,99.79024,,,,99.79024,,,
135e054b-4f07-4441-8d16-90cb53a5dd5f,360,99.79024,,,,99.79024,,,
ff432e17-2b43-4882-ba5b-b6c59e2ddfc4,30,85.728888,80.64917465282319,5.079713347176806,5.925322800380668,85.728888,80.64917465282319,5.079713347176806,5.925322800380668
ff432e17-2b43-4882-ba5b-b6c59e2ddfc4,60,85.728888,78.3991955309168,7.329692469083199,8.54985132792484,85.728888,78.3991955309168,7.329692469083199,8.54985132792484
ff432e17-2b43-4882-ba5b-b6c59e2ddfc4,90,85.728888,76.7492124617285,8.979675538271493,10.474503691534519,85.728888,76.7492124617285,8.979675538271493,10.474503691534519
ff432e17-2b43-4882-ba5b-b6c59e2ddfc4,120,85.728888,74.2992376014186,11.429650398581401,13.332320837500426,85.728888,74.2992376014186,11.429650398581401,13.332320837500426
ff432e17-2b43-4882-ba5b-b6c59e2ddfc4,150,85.728888,71.54926581943809,14.179622180561907,16.54007477684991,85.728888,71.54926581943809,14.179622180561907,16.54007477684991
ff432e17-2b43-4882-ba5b-b6c59e2ddfc4,180,85.728888,69.8492832633047,15.879604736695299,18.52304993935685,85.728888,69.8492832633047,15.879604736695299,18.52304993935685
ff432e17-2b43-4882-ba5b-b6c59e2ddfc4,210,85.728888,67.9493027593909,17.779585240609094,20.73931629745284,85.728888,67.9493027593909,17.779585240609094,20.73931629745284
ff432e17-2b43-4882-ba5b-b6c59e2ddfc4,240,85.728888,,,,85.728888,,,
ff432e17-2b43-4882-ba5b-b6c59e2ddfc4,270,85.728888,,,,85.728888,,,
ff432e17-2b43-4882-ba5b-b6c59e2ddfc4,300,85.728888,,,,85.728888,,,
ff432e17-2b43-4882-ba5b-b6c59e2ddfc4,330,85.728888,,,,85.728888,,,
ff432e17-2b43-4882-ba5b-b6c59e2ddfc4,360,85.728888,,,,85.728888,,,
17612ea7-d08b-4a20-85e7-aadc3389af4a,30,86.636072,82.4,4.236071999999993,4.889501453851686,86.636072,82.4,4.236071999999993,4.889501453851686
17612ea7-d08b-4a20-85e7-aadc3389af4a,60,86.636072,79.4,7.236071999999993,8.35226232325029,86.636072,79.4,7.236071999999993,8.35226232325029
17612ea7-d08b-4a20-85e7-aadc3389af4a,90,86.636072,78.0,8.636071999999999,9.96821739563631,86.636072,78.0,8.636071999999999,9.96821739563631
17612ea7-d08b-4a20-85e7-aadc3389af4a,120,86.636072,73.7,12.936071999999996,14.931507975107639,86.636072,73.7,12.936071999999996,14.931507975107639
17612ea7-d08b-4a20-85e7-aadc3389af4a,150,86.636072,71.1,15.536072000000004,17.932567395253106,86.636072,71.1,15.536072000000004,17.932567395253106
17612ea7-d08b-4a20-85e7-aadc3389af4a,180,86.636072,,,,86.636072,,,
17612ea7-d08b-4a20-85e7-aadc3389af4a,210,86.636072,,,,86.636072,,,
17612ea7-d08b-4a20-85e7-aadc3389af4a,240,86.636072,,,,86.636072,,,
17612ea7-d08b-4a20-85e7-aadc3389af4a,270,86.636072,,,,86.636072,,,
17612ea7-d08b-4a20-85e7-aadc3389af4a,300,86.636072,,,,86.636072,,,
17612ea7-d08b-4a20-85e7-aadc3389af4a,330,86.636072,,,,86.636072,,,
17612ea7-d08b-4a20-85e7-aadc3389af4a,360,86.636072,,,,86.636072,,,
ab7b20f4-3628-48fc-b3f9-df1f1465224c,30,117.93392,115.66596,2.267960000000002,1.923076923076925,117.93392,115.66596,2.267960000000002,1.923076923076925
ab7b20f4-3628-48fc-b3f9-df1f1465224c,60,117.93392,116.19880766141242,1.7351123385875837,1.4712580897739884,117.93392,116.19880766141242,1.7351123385875837,1.4712580897739884
ab7b20f4-3628-48fc-b3f9-df1f1465224c,90,117.93392,111.998850758024,5.935069241975995,5.032537917823808,117.93392,111.998850758024,5.935069241975995,5.032537917823808
ab7b20f4-3628-48fc-b3f9-df1f1465224c,120,117.93392,112.0988497319142,5.835070268085801,4.947745540965483,117.93392,112.0988497319142,5.835070268085801,4.947745540965483
ab7b20f4-3628-48fc-b3f9-df1f1465224c,150,117.93392,110.2988682018906,7.6350517981094015,6.474008324415402,117.93392,110.2988682018906,7.6350517981094015,6.474008324415402
ab7b20f4-3628-48fc-b3f9-df1f1465224c,180,117.93392,107.954896,9.979023999999995,8.461538461538458,117.93392,107.954896,9.979023999999995,8.461538461538458
ab7b20f4-3628-48fc-b3f9-df1f1465224c,210,117.93392,106.7989041157336,11.135015884266394,9.441741514456904,117.93392,106.7989041157336,11.135015884266394,9.441741514456904
ab7b20f4-3628-48fc-b3f9-df1f1465224c,240,117.93392,106.140528,11.793391999999997,9.999999999999998,117.93392,106.140528,11.793391999999997,9.999999999999998
ab7b20f4-3628-48fc-b3f9-df1f1465224c,270,117.93392,,,,117.93392,,,
ab7b20f4-3628-48fc-b3f9-df1f1465224c,300,117.93392,,,,117.93392,,,
ab7b20f4-3628-48fc-b3f9-df1f1465224c,330,117.93392,,,,117.93392,,,
ab7b20f4-3628-48fc-b3f9-df1f1465224c,360,117.93392,,,,117.93392,,,
653cb7ac-5de7-4b6a-9d25-ba5370ae6ce5,30,104.32616,100.85700225830078,3.4691577416992203,3.3252999455737857,104.32616,100.85700225830078,3.4691577416992203,3.3252999455737857
653cb7ac-5de7-4b6a-9d25-ba5370ae6ce5,60,104.32616,98.89000701904295,5.436152980957047,5.210728527683801,104.32616,98.89000701904295,5.436152980957047,5.210728527683801
653cb7ac-5de7-4b6a-9d25-ba5370ae6ce5,90,104.32616,97.13500213623048,7.191157863769519,6.892957493853428,104.32616,97.13500213623048,7.191157863769519,6.892957493853428
653cb7ac-5de7-4b6a-9d25-ba5370ae6ce5,120,104.32616,96.58000183105467,7.746158168945328,7.4249432442882295,104.32616,96.58000183105467,7.746158168945328,7.4249432442882295
653cb7ac-5de7-4b6a-9d25-ba5370ae6ce5,150,104.32616,94.52300262451172,9.803157375488283,9.396643541263556,104.32616,94.52300262451172,9.803157375488283,9.396643541263556
653cb7ac-5de7-4b6a-9d25-ba5370ae6ce5,180,104.32616,,,,104.32616,,,
653cb7ac-5de7-4b6a-9d25-ba5370ae6ce5,210,104.32616,,,,104.32616,,,
653cb7ac-5de7-4b6a-9d25-ba5370ae6ce5,240,104.32616,,,,104.32616,,,
653cb7ac-5de7-4b6a-9d25-ba5370ae6ce5,270,104.32616,,,,104.32616,,,
653cb7ac-5de7-4b6a-9d25-ba5370ae6ce5,300,104.32616,,,,104.32616,,,
653cb7ac-5de7-4b6a-9d25-ba5370ae6ce5,330,104.32616,,,,104.32616,,,
653cb7ac-5de7-4b6a-9d25-ba5370ae6ce5,360,104.32616,,,,104.32616,,,
ed249d67-b948-4d77-9c72-64211b51ceae,30,95.25432,100.2,-4.945679999999996,-5.1920794773402354,95.25432,100.2,-4.945679999999996,-5.1920794773402354
ed249d67-b948-4d77-9c72-64211b51ceae,60,95.25432,95.5,-0.24567999999999302,-0.25792006073844526,95.25432,95.5,-0.24567999999999302,-0.25792006073844526
ed249d67-b948-4d77-9c72-64211b51ceae,90,95.25432,,,,95.25432,,,
ed249d67-b948-4d77-9c72-64211b51ceae,120,95.25432,,,,95.25432,,,
ed249d67-b948-4d77-9c72-64211b51ceae,150,95.25432,,,,95.25432,,,
ed249d67-b948-4d77-9c72-64211b51ceae,180,95.25432,,,,95.25432,,,
ed249d67-b948-4d77-9c72-64211b51ceae,210,95.25432,,,,95.25432,,,
ed249d67-b948-4d77-9c72-64211b51ceae,240,95.25432,,,,95.25432,,,
ed249d67-b948-4d77-9c72-64211b51ceae,270,95.25432,,,,95.25432,,,
ed249d67-b948-4d77-9c72-64211b51ceae,300,95.25432,,,,95.25432,,,
ed249d67-b948-4d77-9c72-64211b51ceae,330,95.25432,,,,95.25432,,,
ed249d67-b948-4d77-9c72-64211b51ceae,360,95.25432,,,,95.25432,,,
4a737e50-397c-4b5c-bc2c-e25f3d14d25d,30,73.935496,75.7,-1.7645040000000023,-2.3865451582281967,73.935496,75.7,-1.7645040000000023,-2.3865451582281967
4a737e50-397c-4b5c-bc2c-e25f3d14d25d,60,73.935496,73.1,0.8354960000000062,1.1300336715128094,73.935496,73.1,0.8354960000000062,1.1300336715128094
4a737e50-397c-4b5c-bc2c-e25f3d14d25d,90,73.935496,70.8,3.1354960000000034,4.240853405514454,73.935496,70.8,3.1354960000000034,4.240853405514454
4a737e50-397c-4b5c-bc2c-e25f3d14d25d,120,73.935496,,,,73.935496,,,
4a737e50-397c-4b5c-bc2c-e25f3d14d25d,150,73.935496,,,,73.935496,,,
4a737e50-397c-4b5c-bc2c-e25f3d14d25d,180,73.935496,,,,73.935496,,,
4a737e50-397c-4b5c-bc2c-e25f3d14d25d,210,73.935496,,,,73.935496,,,
4a737e50-397c-4b5c-bc2c-e25f3d14d25d,240,73.935496,,,,73.935496,,,
4a737e50-397c-4b5c-bc2c-e25f3d14d25d,270,73.935496,,,,73.935496,,,
4a737e50-397c-4b5c-bc2c-e25f3d14d25d,300,73.935496,,,,73.935496,,,
4a737e50-397c-4b5c-bc2c-e25f3d14d25d,330,73.935496,,,,73.935496,,,
4a737e50-397c-4b5c-bc2c-e25f3d14d25d,360,73.935496,,,,73.935496,,,
2d8d18e2-bd9d-42c1-ad27-dffecc38026a,30,102.0582,104.8,-2.741799999999998,-2.686506326782167,102.0582,104.8,-2.741799999999998,-2.686506326782167
2d8d18e2-bd9d-42c1-ad27-dffecc38026a,60,102.0582,104.8,-2.741799999999998,-2.686506326782167,102.0582,104.8,-2.741799999999998,-2.686506326782167
2d8d18e2-bd9d-42c1-ad27-dffecc38026a,90,102.0582,103.0,-0.9418000000000006,-0.9228067906351479,102.0582,103.0,-0.9418000000000006,-0.9228067906351479
2d8d18e2-bd9d-42c1-ad27-dffecc38026a,120,102.0582,,,,102.0582,,,
2d8d18e2-bd9d-42c1-ad27-dffecc38026a,150,102.0582,,,,102.0582,,,
2d8d18e2-bd9d-42c1-ad27-dffecc38026a,180,102.0582,,,,102.0582,,,
2d8d18e2-bd9d-42c1-ad27-dffecc38026a,210,102.0582,,,,102.0582,,,
2d8d18e2-bd9d-42c1-ad27-dffecc38026a,240,102.0582,,,,102.0582,,,
2d8d18e2-bd9d-42c1-ad27-dffecc38026a,270,102.0582,,,,102.0582,,,
2d8d18e2-bd9d-42c1-ad27-dffecc38026a,300,102.0582,,,,102.0582,,,
2d8d18e2-bd9d-42c1-ad27-dffecc38026a,330,102.0582,,,,102.0582,,,
2d8d18e2-bd9d-42c1-ad27-dffecc38026a,360,102.0582,,,,102.0582,,,
24a0cb10-d4bc-464b-ad7e-a0c3ce0d776d,30,88.904032,90.14907496301532,-1.2450429630153224,-1.40043475532732,88.904032,90.14907496301532,-1.2450429630153224,-1.40043475532732
24a0cb10-d4bc-464b-ad7e-a0c3ce0d776d,60,88.904032,90.94906675413692,-2.045034754136921,-2.300272224027951,88.904032,90.94906675413692,-2.045034754136921,-2.300272224027951
24a0cb10-d4bc-464b-ad7e-a0c3ce0d776d,90,88.904032,88.6990898416074,0.20494215839259766,0.2305206566925982,88.904032,88.6990898416074,0.20494215839259766,0.2305206566925982
24a0cb10-d4bc-464b-ad7e-a0c3ce0d776d,120,88.904032,85.49912267712101,3.404909322878993,3.8298705314951214,88.904032,85.49912267712101,3.404909322878993,3.8298705314951214
24a0cb10-d4bc-464b-ad7e-a0c3ce0d776d,150,88.904032,82.69915140719542,6.204880592804585,6.979301673072133,88.904032,82.69915140719542,6.204880592804585,6.979301673072133
24a0cb10-d4bc-464b-ad7e-a0c3ce0d776d,180,88.904032,79.84918065232469,9.05485134767531,10.184972654193356,88.904032,79.84918065232469,9.05485134767531,10.184972654193356
24a0cb10-d4bc-464b-ad7e-a0c3ce0d776d,210,88.904032,,,,88.904032,,,
24a0cb10-d4bc-464b-ad7e-a0c3ce0d776d,240,88.904032,,,,88.904032,,,
24a0cb10-d4bc-464b-ad7e-a0c3ce0d776d,270,88.904032,,,,88.904032,,,
24a0cb10-d4bc-464b-ad7e-a0c3ce0d776d,300,88.904032,,,,88.904032,,,
24a0cb10-d4bc-464b-ad7e-a0c3ce0d776d,330,88.904032,,,,88.904032,,,
24a0cb10-d4bc-464b-ad7e-a0c3ce0d776d,360,88.904032,,,,88.904032,,,
e067914f-951a-4e74-adff-35c211ee252c,30,155.582056,,,,155.582056,,,
e067914f-951a-4e74-adff-35c211ee252c,60,155.582056,,,,155.582056,,,
e067914f-951a-4e74-adff-35c211ee252c,90,155.582056,,,,155.582056,,,
e067914f-951a-4e74-adff-35c211ee252c,120,155.582056,,,,155.582056,,,
e067914f-951a-4e74-adff-35c211ee252c,150,155.582056,,,,155.582056,,,
e067914f-951a-4e74-adff-35c211ee252c,180,155.582056,157.9,-2.3179440000000113,-1.4898530457779857,155.582056,157.9,-2.3179440000000113,-1.4898530457779857
e067914f-951a-4e74-adff-35c211ee252c,210,155.582056,153.2,2.3820560000000057,1.5310608827537322,155.582056,153.2,2.3820560000000057,1.5310608827537322
e067914f-951a-4e74-adff-35c211ee252c,240,155.582056,,,,155.582056,,,
e067914f-951a-4e74-adff-35c211ee252c,270,155.582056,,,,155.582056,,,
e067914f-951a-4e74-adff-35c211ee252c,300,155.582056,,,,155.582056,,,
e067914f-951a-4e74-adff-35c211ee252c,330,155.582056,,,,155.582056,,,
e067914f-951a-4e74-adff-35c211ee252c,360,155.582056,,,,155.582056,,,
2236f425-f8e8-4dca-a6c1-549f9518111b,30,97.52228,97.22200775146484,0.3002722485351512,0.30790117759259855,97.52228,97.22200775146484,0.3002722485351512,0.30790117759259855
2236f425-f8e8-4dca-a6c1-549f9518111b,60,97.52228,96.37800598144533,1.1442740185546683,1.1733462533429984,97.52228,96.37800598144533,1.1442740185546683,1.1733462533429984
2236f425-f8e8-4dca-a6c1-549f9518111b,90,97.52228,,,,97.52228,,,
2236f425-f8e8-4dca-a6c1-549f9518111b,120,97.52228,95.2280044555664,2.2942755444335887,2.352565531111033,97.52228,95.2280044555664,2.2942755444335887,2.352565531111033
2236f425-f8e8-4dca-a6c1-549f9518111b,150,97.52228,,,,97.52228,,,
2236f425-f8e8-4dca-a6c1-549f9518111b,180,97.52228,96.16158244,1.3606975599999913,1.3952684043071917,97.52228,96.16158244,1.3606975599999913,1.3952684043071917
2236f425-f8e8-4dca-a6c1-549f9518111b,210,97.52228,,,,97.52228,,,
2236f425-f8e8-4dca-a6c1-549f9518111b,240,97.52228,,,,97.52228,,,
2236f425-f8e8-4dca-a6c1-549f9518111b,270,97.52228,,,,97.52228,,,
2236f425-f8e8-4dca-a6c1-549f9518111b,300,97.52228,,,,97.52228,,,
2236f425-f8e8-4dca-a6c1-549f9518111b,330,97.52228,,,,97.52228,,,
2236f425-f8e8-4dca-a6c1-549f9518111b,360,97.52228,,,,97.52228,,,
d127dccd-6457-44db-84b1-09380eccafed,30,112.944408,109.315672,3.6287359999999893,3.2128514056224806,112.944408,109.315672,3.6287359999999893,3.2128514056224806
d127dccd-6457-44db-84b1-09380eccafed,60,112.944408,108.1,4.844408000000001,4.289196858688216,112.944408,108.1,4.844408000000001,4.289196858688216
d127dccd-6457-44db-84b1-09380eccafed,90,112.944408,106.4,6.54440799999999,5.794362125480343,112.944408,106.4,6.54440799999999,5.794362125480343
d127dccd-6457-44db-84b1-09380eccafed,120,112.944408,106.4,6.54440799999999,5.794362125480343,112.944408,106.4,6.54440799999999,5.794362125480343
d127dccd-6457-44db-84b1-09380eccafed,150,112.944408,,,,112.944408,,,
d127dccd-6457-44db-84b1-09380eccafed,180,112.944408,,,,112.944408,,,
d127dccd-6457-44db-84b1-09380eccafed,210,112.944408,,,,112.944408,,,
d127dccd-6457-44db-84b1-09380eccafed,240,112.944408,,,,112.944408,,,
d127dccd-6457-44db-84b1-09380eccafed,270,112.944408,,,,112.944408,,,
d127dccd-6457-44db-84b1-09380eccafed,300,112.944408,,,,112.944408,,,
d127dccd-6457-44db-84b1-09380eccafed,330,112.944408,,,,112.944408,,,
d127dccd-6457-44db-84b1-09380eccafed,360,112.944408,,,,112.944408,,,
19ee74d7-61b4-4c93-a55d-3bbbcf09ab7a,30,97.068688,93.893544,3.175143999999989,3.271028037383166,97.068688,93.893544,3.175143999999989,3.271028037383166
19ee74d7-61b4-4c93-a55d-3bbbcf09ab7a,60,97.068688,91.625584,5.443103999999991,5.6074766355140095,97.068688,91.625584,5.443103999999991,5.6074766355140095
19ee74d7-61b4-4c93-a55d-3bbbcf09ab7a,90,97.068688,89.357624,7.711063999999993,7.943925233644854,97.068688,89.357624,7.711063999999993,7.943925233644854
19ee74d7-61b4-4c93-a55d-3bbbcf09ab7a,120,97.068688,85.728888,11.339799999999997,11.682242990654203,97.068688,85.728888,11.339799999999997,11.682242990654203
19ee74d7-61b4-4c93-a55d-3bbbcf09ab7a,150,97.068688,83.91452,13.154167999999999,13.551401869158877,97.068688,83.91452,13.154167999999999,13.551401869158877
19ee74d7-61b4-4c93-a55d-3bbbcf09ab7a,180,97.068688,81.64656,15.422128,15.887850467289722,97.068688,81.64656,15.422128,15.887850467289722
19ee74d7-61b4-4c93-a55d-3bbbcf09ab7a,210,97.068688,,,,97.068688,,,
19ee74d7-61b4-4c93-a55d-3bbbcf09ab7a,240,97.068688,76.203456,20.865231999999992,21.49532710280373,97.068688,76.203456,20.865231999999992,21.49532710280373
19ee74d7-61b4-4c93-a55d-3bbbcf09ab7a,270,97.068688,,,,97.068688,,,
19ee74d7-61b4-4c93-a55d-3bbbcf09ab7a,300,97.068688,,,,97.068688,,,
19ee74d7-61b4-4c93-a55d-3bbbcf09ab7a,330,97.068688,,,,97.068688,,,
19ee74d7-61b4-4c93-a55d-3bbbcf09ab7a,360,97.068688,,,,97.068688,,,
c5821b66-5171-4909-9777-c831ac64b788,30,83.91452,81.15900421142578,2.7555157885742148,3.2837175122663096,83.91452,81.15900421142578,2.7555157885742148,3.2837175122663096
c5821b66-5171-4909-9777-c831ac64b788,60,83.91452,80.22400665283203,3.6905133471679648,4.397943701719279,83.91452,80.22400665283203,3.6905133471679648,4.397943701719279
c5821b66-5171-4909-9777-c831ac64b788,90,83.91452,80.04000091552734,3.8745190844726523,4.6172212919440545,83.91452,80.04000091552734,3.8745190844726523,4.6172212919440545
c5821b66-5171-4909-9777-c831ac64b788,120,83.91452,78.30000305175781,5.6145169482421835,6.6907573900704955,83.91452,78.30000305175781,5.6145169482421835,6.6907573900704955
c5821b66-5171-4909-9777-c831ac64b788,150,83.91452,79.34900665283203,4.565513347167965,5.440671468022417,83.91452,79.34900665283203,4.565513347167965,5.440671468022417
c5821b66-5171-4909-9777-c831ac64b788,180,83.91452,77.21700286865234,6.697517131347652,7.981356660739587,83.91452,77.21700286865234,6.697517131347652,7.981356660739587
c5821b66-5171-4909-9777-c831ac64b788,210,83.91452,77.7820053100586,6.132514689941402,7.308049536530034,83.91452,77.7820053100586,6.132514689941402,7.308049536530034
c5821b66-5171-4909-9777-c831ac64b788,240,83.91452,,,,83.91452,,,
c5821b66-5171-4909-9777-c831ac64b788,270,83.91452,,,,83.91452,,,
c5821b66-5171-4909-9777-c831ac64b788,300,83.91452,,,,83.91452,,,
c5821b66-5171-4909-9777-c831ac64b788,330,83.91452,,,,83.91452,,,
c5821b66-5171-4909-9777-c831ac64b788,360,83.91452,,,,83.91452,,,
e6d2f7ec-c43d-481a-aead-2f52fbb5ae0f,30,146.963808,,,,146.963808,,,
e6d2f7ec-c43d-481a-aead-2f52fbb5ae0f,60,146.963808,148.1330108642578,-1.1692028642578123,-0.7955719712011083,146.963808,148.1330108642578,-1.1692028642578123,-0.7955719712011083
e6d2f7ec-c43d-481a-aead-2f52fbb5ae0f,90,146.963808,149.1820068359375,-2.2181988359375,-1.5093504081885927,146.963808,149.1820068359375,-2.2181988359375,-1.5093504081885927
e6d2f7ec-c43d-481a-aead-2f52fbb5ae0f,120,146.963808,148.66200256347656,-1.6981945634765623,-1.1555188903900493,146.963808,148.66200256347656,-1.6981945634765623,-1.1555188903900493
e6d2f7ec-c43d-481a-aead-2f52fbb5ae0f,150,146.963808,150.592544,-3.6287360000000035,-2.469135802469138,146.963808,150.592544,-3.6287360000000035,-2.469135802469138
e6d2f7ec-c43d-481a-aead-2f52fbb5ae0f,180,146.963808,144.1529998779297,2.8108081220703127,1.9125852550515787,146.963808,144.1529998779297,2.8108081220703127,1.9125852550515787
e6d2f7ec-c43d-481a-aead-2f52fbb5ae0f,210,146.963808,144.43600463867188,2.527803361328125,1.7200175987057476,146.963808,144.43600463867188,2.527803361328125,1.7200175987057476
e6d2f7ec-c43d-481a-aead-2f52fbb5ae0f,240,146.963808,142.88148,4.08232799999999,2.7777777777777706,146.963808,142.88148,4.08232799999999,2.7777777777777706
e6d2f7ec-c43d-481a-aead-2f52fbb5ae0f,270,146.963808,,,,146.963808,,,
e6d2f7ec-c43d-481a-aead-2f52fbb5ae0f,300,146.963808,,,,146.963808,,,
e6d2f7ec-c43d-481a-aead-2f52fbb5ae0f,330,146.963808,,,,146.963808,,,
e6d2f7ec-c43d-481a-aead-2f52fbb5ae0f,360,146.963808,,,,146.963808,,,
76cba2f1-cb14-4c2d-b6e8-f8b4b07f97a0,30,139.706336,,,,139.706336,,,
76cba2f1-cb14-4c2d-b6e8-f8b4b07f97a0,60,139.706336,,,,139.706336,,,
76cba2f1-cb14-4c2d-b6e8-f8b4b07f97a0,90,139.706336,,,,139.706336,,,
76cba2f1-cb14-4c2d-b6e8-f8b4b07f97a0,120,139.706336,139.22801208496094,0.4783239150390557,0.3423781116405885,139.706336,139.22801208496094,0.4783239150390557,0.3423781116405885
76cba2f1-cb14-4c2d-b6e8-f8b4b07f97a0,150,139.706336,136.2270050048828,3.4793309951171807,2.4904604148498897,139.706336,136.2270050048828,3.4793309951171807,2.4904604148498897
76cba2f1-cb14-4c2d-b6e8-f8b4b07f97a0,180,139.706336,132.37001037597656,7.336325624023431,5.2512476055656,139.706336,132.37001037597656,7.336325624023431,5.2512476055656
76cba2f1-cb14-4c2d-b6e8-f8b4b07f97a0,210,139.706336,129.20401000976562,10.502325990234368,7.517429982727747,139.706336,129.20401000976562,10.502325990234368,7.517429982727747
76cba2f1-cb14-4c2d-b6e8-f8b4b07f97a0,240,139.706336,,,,139.706336,,,
76cba2f1-cb14-4c2d-b6e8-f8b4b07f97a0,270,139.706336,,,,139.706336,,,
76cba2f1-cb14-4c2d-b6e8-f8b4b07f97a0,300,139.706336,,,,139.706336,,,
76cba2f1-cb14-4c2d-b6e8-f8b4b07f97a0,330,139.706336,,,,139.706336,,,
76cba2f1-cb14-4c2d-b6e8-f8b4b07f97a0,360,139.706336,,,,139.706336,,,
ad167316-d341-4571-b175-1c1573ccc192,30,90.7184,90.75000762939452,-0.03160762939451445,-0.03484147581363257,90.7184,90.75000762939452,-0.03160762939451445,-0.03484147581363257
ad167316-d341-4571-b175-1c1573ccc192,60,90.7184,93.781005859375,-3.0626058593749974,-3.3759478334880217,90.7184,93.781005859375,-3.0626058593749974,-3.3759478334880217
ad167316-d341-4571-b175-1c1573ccc192,90,90.7184,,,,90.7184,,,
ad167316-d341-4571-b175-1c1573ccc192,120,90.7184,86.636072,4.082328000000004,4.5000000000000036,90.7184,86.636072,4.082328000000004,4.5000000000000036
ad167316-d341-4571-b175-1c1573ccc192,150,90.7184,86.636072,4.082328000000004,4.5000000000000036,90.7184,86.636072,4.082328000000004,4.5000000000000036
ad167316-d341-4571-b175-1c1573ccc192,180,90.7184,85.6310043334961,5.087395666503909,5.607898360755821,90.7184,85.6310043334961,5.087395666503909,5.607898360755821
ad167316-d341-4571-b175-1c1573ccc192,210,90.7184,83.427001953125,7.291398046875003,8.037397095710466,90.7184,83.427001953125,7.291398046875003,8.037397095710466
ad167316-d341-4571-b175-1c1573ccc192,240,90.7184,,,,90.7184,,,
ad167316-d341-4571-b175-1c1573ccc192,270,90.7184,,,,90.7184,,,
ad167316-d341-4571-b175-1c1573ccc192,300,90.7184,,,,90.7184,,,
ad167316-d341-4571-b175-1c1573ccc192,330,90.7184,,,,90.7184,,,
ad167316-d341-4571-b175-1c1573ccc192,360,90.7184,,,,90.7184,,,
fa2dc278-0b44-4fbe-a7e9-9cc6b8a544a5,30,132.902456,126.4250030517578,6.4774529482422025,4.873839914773435,132.902456,126.4250030517578,6.4774529482422025,4.873839914773435
fa2dc278-0b44-4fbe-a7e9-9cc6b8a544a5,60,132.902456,120.60100555419922,12.301450445800782,9.255999336687037,132.902456,120.60100555419922,12.301450445800782,9.255999336687037
fa2dc278-0b44-4fbe-a7e9-9cc6b8a544a5,90,132.902456,,,,132.902456,,,
fa2dc278-0b44-4fbe-a7e9-9cc6b8a544a5,120,132.902456,,,,132.902456,,,
fa2dc278-0b44-4fbe-a7e9-9cc6b8a544a5,150,132.902456,,,,132.902456,,,
fa2dc278-0b44-4fbe-a7e9-9cc6b8a544a5,180,132.902456,,,,132.902456,,,
fa2dc278-0b44-4fbe-a7e9-9cc6b8a544a5,210,132.902456,,,,132.902456,,,
fa2dc278-0b44-4fbe-a7e9-9cc6b8a544a5,240,132.902456,,,,132.902456,,,
fa2dc278-0b44-4fbe-a7e9-9cc6b8a544a5,270,132.902456,,,,132.902456,,,
fa2dc278-0b44-4fbe-a7e9-9cc6b8a544a5,300,132.902456,,,,132.902456,,,
fa2dc278-0b44-4fbe-a7e9-9cc6b8a544a5,330,132.902456,,,,132.902456,,,
fa2dc278-0b44-4fbe-a7e9-9cc6b8a544a5,360,132.902456,,,,132.902456,,,
50ccacd4-1234-4337-b406-bf827304148d,30,113.398,,,,113.398,,,
50ccacd4-1234-4337-b406-bf827304148d,60,113.398,101.9000015258789,11.49799847412109,10.139507287713268,113.398,101.9000015258789,11.49799847412109,10.139507287713268
50ccacd4-1234-4337-b406-bf827304148d,90,113.398,101.0,12.397999999999996,10.933173424575386,113.398,101.0,12.397999999999996,10.933173424575386
50ccacd4-1234-4337-b406-bf827304148d,120,113.398,,,,113.398,,,
50ccacd4-1234-4337-b406-bf827304148d,150,113.398,,,,113.398,,,
50ccacd4-1234-4337-b406-bf827304148d,180,113.398,,,,113.398,,,
50ccacd4-1234-4337-b406-bf827304148d,210,113.398,,,,113.398,,,
50ccacd4-1234-4337-b406-bf827304148d,240,113.398,,,,113.398,,,
50ccacd4-1234-4337-b406-bf827304148d,270,113.398,,,,113.398,,,
50ccacd4-1234-4337-b406-bf827304148d,300,113.398,,,,113.398,,,
50ccacd4-1234-4337-b406-bf827304148d,330,113.398,,,,113.398,,,
50ccacd4-1234-4337-b406-bf827304148d,360,113.398,,,,113.398,,,
396e50d2-d424-4211-a942-8f2c068a09d7,30,176.447288,169.416750195,7.0305378049999945,3.9844975146345094,176.447288,169.416750195,7.0305378049999945,3.9844975146345094
396e50d2-d424-4211-a942-8f2c068a09d7,60,176.447288,169.00851706200004,7.438770937999948,4.215860171225725,176.447288,169.00851706200004,7.438770937999948,4.215860171225725
396e50d2-d424-4211-a942-8f2c068a09d7,90,176.447288,165.198341154,11.248946845999996,6.375244966077346,176.447288,165.198341154,11.248946845999996,6.375244966077346
396e50d2-d424-4211-a942-8f2c068a09d7,120,176.447288,163.383971674,13.063316325999978,7.4035234398161895,176.447288,163.383971674,13.063316325999978,7.4035234398161895
396e50d2-d424-4211-a942-8f2c068a09d7,150,176.447288,163.383971674,13.063316325999978,7.4035234398161895,176.447288,163.383971674,13.063316325999978,7.4035234398161895
396e50d2-d424-4211-a942-8f2c068a09d7,180,176.447288,162.839528,13.607759999999985,7.712082262210789,176.447288,162.839528,13.607759999999985,7.712082262210789
396e50d2-d424-4211-a942-8f2c068a09d7,210,176.447288,159.891310425,16.555977574999986,9.382959501763487,176.447288,159.891310425,16.555977574999986,9.382959501763487
396e50d2-d424-4211-a942-8f2c068a09d7,240,176.447288,157.850016,18.597271999999975,10.539845758354742,176.447288,157.850016,18.597271999999975,10.539845758354742
396e50d2-d424-4211-a942-8f2c068a09d7,270,176.447288,,,,176.447288,,,
396e50d2-d424-4211-a942-8f2c068a09d7,300,176.447288,,,,176.447288,,,
396e50d2-d424-4211-a942-8f2c068a09d7,330,176.447288,,,,176.447288,,,
396e50d2-d424-4211-a942-8f2c068a09d7,360,176.447288,,,,176.447288,,,
b4dc6922-3efd-4647-bd83-35ddd566eb24,30,120.655472,117.8,2.855472000000006,2.366632820432716,120.655472,117.8,2.855472000000006,2.366632820432716
b4dc6922-3efd-4647-bd83-35ddd566eb24,60,120.655472,118.9,1.7554719999999975,1.454946030131147,120.655472,118.9,1.7554719999999975,1.454946030131147
b4dc6922-3efd-4647-bd83-35ddd566eb24,90,120.655472,119.5,1.1554720000000032,0.9576623263302995,120.655472,119.5,1.1554720000000032,0.9576623263302995
b4dc6922-3efd-4647-bd83-35ddd566eb24,120,120.655472,,,,120.655472,,,
b4dc6922-3efd-4647-bd83-35ddd566eb24,150,120.655472,,,,120.655472,,,
b4dc6922-3efd-4647-bd83-35ddd566eb24,180,120.655472,,,,120.655472,,,
b4dc6922-3efd-4647-bd83-35ddd566eb24,210,120.655472,,,,120.655472,,,
b4dc6922-3efd-4647-bd83-35ddd566eb24,240,120.655472,,,,120.655472,,,
b4dc6922-3efd-4647-bd83-35ddd566eb24,270,120.655472,,,,120.655472,,,
b4dc6922-3efd-4647-bd83-35ddd566eb24,300,120.655472,,,,120.655472,,,
b4dc6922-3efd-4647-bd83-35ddd566eb24,330,120.655472,,,,120.655472,,,
b4dc6922-3efd-4647-bd83-35ddd566eb24,360,120.655472,,,,120.655472,,,
d3697ecb-04ea-441f-9c5e-a14efc77e910,30,83.007336,80.01369129949188,2.9936447005081135,3.606482083111442,83.007336,80.01369129949188,2.9936447005081135,3.606482083111442
d3697ecb-04ea-441f-9c5e-a14efc77e910,60,83.007336,77.20141998974594,5.805916010254052,6.99446132117052,83.007336,77.20141998974594,5.805916010254052,6.99446132117052
d3697ecb-04ea-441f-9c5e-a14efc77e910,90,83.007336,,,,83.007336,,,
d3697ecb-04ea-441f-9c5e-a14efc77e910,120,83.007336,,,,83.007336,,,
d3697ecb-04ea-441f-9c5e-a14efc77e910,150,83.007336,,,,83.007336,,,
d3697ecb-04ea-441f-9c5e-a14efc77e910,180,83.007336,,,,83.007336,,,
d3697ecb-04ea-441f-9c5e-a14efc77e910,210,83.007336,,,,83.007336,,,
d3697ecb-04ea-441f-9c5e-a14efc77e910,240,83.007336,,,,83.007336,,,
d3697ecb-04ea-441f-9c5e-a14efc77e910,270,83.007336,,,,83.007336,,,
d3697ecb-04ea-441f-9c5e-a14efc77e910,300,83.007336,,,,83.007336,,,
d3697ecb-04ea-441f-9c5e-a14efc77e910,330,83.007336,,,,83.007336,,,
d3697ecb-04ea-441f-9c5e-a14efc77e910,360,83.007336,,,,83.007336,,,
92e62413-ed7f-45a5-8cc2-a0b7f74013f7,30,119.748288,119.6575696,0.09071840000000009,0.07575757575757583,119.748288,119.6575696,0.09071840000000009,0.07575757575757583
92e62413-ed7f-45a5-8cc2-a0b7f74013f7,60,119.748288,113.7988322880476,5.949455711952396,4.968301268701558,119.748288,113.7988322880476,5.949455711952396,4.968301268701558
92e62413-ed7f-45a5-8cc2-a0b7f74013f7,90,119.748288,113.3988363924868,6.349451607513203,5.302331844204071,119.748288,113.3988363924868,6.349451607513203,5.302331844204071
92e62413-ed7f-45a5-8cc2-a0b7f74013f7,120,119.748288,110.0988702541102,9.649417745889806,8.05808409209976,119.748288,110.0988702541102,9.649417745889806,8.05808409209976
92e62413-ed7f-45a5-8cc2-a0b7f74013f7,150,119.748288,106.998902062514,12.749385937485997,10.64682105307927,119.748288,106.998902062514,12.749385937485997,10.64682105307927
92e62413-ed7f-45a5-8cc2-a0b7f74013f7,180,119.748288,106.0989112975022,13.649376702497804,11.398389847959917,119.748288,106.0989112975022,13.649376702497804,11.398389847959917
92e62413-ed7f-45a5-8cc2-a0b7f74013f7,210,119.748288,103.7989348990276,15.949353100972402,13.319065656264248,119.748288,103.7989348990276,15.949353100972402,13.319065656264248
92e62413-ed7f-45a5-8cc2-a0b7f74013f7,240,119.748288,,,,119.748288,,,
92e62413-ed7f-45a5-8cc2-a0b7f74013f7,270,119.748288,,,,119.748288,,,
92e62413-ed7f-45a5-8cc2-a0b7f74013f7,300,119.748288,,,,119.748288,,,
92e62413-ed7f-45a5-8cc2-a0b7f74013f7,330,119.748288,,,,119.748288,,,
92e62413-ed7f-45a5-8cc2-a0b7f74013f7,360,119.748288,,,,119.748288,,,
63a95aea-cbf7-4d63-9376-47fb4528ed6e,30,103.418976,101.74600219726562,1.6729738027343757,1.6176661841385622,103.418976,101.74600219726562,1.6729738027343757,1.6176661841385622
63a95aea-cbf7-4d63-9376-47fb4528ed6e,60,103.418976,102.47000122070312,0.9489747792968757,0.9176021809545626,103.418976,102.47000122070312,0.9489747792968757,0.9176021809545626
63a95aea-cbf7-4d63-9376-47fb4528ed6e,90,103.418976,101.76200103759766,1.6569749624023444,1.6021962569058357,103.418976,101.76200103759766,1.6569749624023444,1.6021962569058357
63a95aea-cbf7-4d63-9376-47fb4528ed6e,120,103.418976,100.61600494384766,2.8029710561523444,2.7103063330972685,103.418976,100.61600494384766,2.8029710561523444,2.7103063330972685
63a95aea-cbf7-4d63-9376-47fb4528ed6e,150,103.418976,97.79300689697266,5.625969103027344,5.439977575321713,103.418976,97.79300689697266,5.625969103027344,5.439977575321713
63a95aea-cbf7-4d63-9376-47fb4528ed6e,180,103.418976,95.28600311279295,8.132972887207046,7.864101156065447,103.418976,95.28600311279295,8.132972887207046,7.864101156065447
63a95aea-cbf7-4d63-9376-47fb4528ed6e,210,103.418976,94.73900604248048,8.679969957519518,8.393014795968892,103.418976,94.73900604248048,8.679969957519518,8.393014795968892
63a95aea-cbf7-4d63-9376-47fb4528ed6e,240,103.418976,92.6500015258789,10.768974474121094,10.412957941220666,103.418976,92.6500015258789,10.768974474121094,10.412957941220666
63a95aea-cbf7-4d63-9376-47fb4528ed6e,270,103.418976,,,,103.418976,,,
63a95aea-cbf7-4d63-9376-47fb4528ed6e,300,103.418976,,,,103.418976,,,
63a95aea-cbf7-4d63-9376-47fb4528ed6e,330,103.418976,,,,103.418976,,,
63a95aea-cbf7-4d63-9376-47fb4528ed6e,360,103.418976,,,,103.418976,,,
8e952c00-6176-4347-b11d-d2d8e34f8c79,30,79.3786,,,,79.3786,,,
8e952c00-6176-4347-b11d-d2d8e34f8c79,60,79.3786,80.11900329589844,-0.7404032958984317,-0.9327492496698502,79.3786,80.11900329589844,-0.7404032958984317,-0.9327492496698502
8e952c00-6176-4347-b11d-d2d8e34f8c79,90,79.3786,81.24600219726562,-1.8674021972656192,-2.3525259922266444,79.3786,81.24600219726562,-1.8674021972656192,-2.3525259922266444
8e952c00-6176-4347-b11d-d2d8e34f8c79,120,79.3786,78.48200225830078,0.8965977416992246,1.129520729389564,79.3786,78.48200225830078,0.8965977416992246,1.129520729389564
8e952c00-6176-4347-b11d-d2d8e34f8c79,150,79.3786,76.99800109863281,2.3805989013671933,2.9990436986381637,79.3786,76.99800109863281,2.3805989013671933,2.9990436986381637
8e952c00-6176-4347-b11d-d2d8e34f8c79,180,79.3786,77.22600555419922,2.152594445800787,2.7118070182653597,79.3786,77.22600555419922,2.152594445800787,2.7118070182653597
8e952c00-6176-4347-b11d-d2d8e34f8c79,210,79.3786,75.97100067138672,3.407599328613287,4.292843825178684,79.3786,75.97100067138672,3.407599328613287,4.292843825178684
8e952c00-6176-4347-b11d-d2d8e34f8c79,240,79.3786,75.8550033569336,3.523596643066412,4.438975546389596,79.3786,75.8550033569336,3.523596643066412,4.438975546389596
8e952c00-6176-4347-b11d-d2d8e34f8c79,270,79.3786,,,,79.3786,,,
8e952c00-6176-4347-b11d-d2d8e34f8c79,300,79.3786,,,,79.3786,,,
8e952c00-6176-4347-b11d-d2d8e34f8c79,330,79.3786,,,,79.3786,,,
8e952c00-6176-4347-b11d-d2d8e34f8c79,360,79.3786,,,,79.3786,,,
e09d2dff-bd94-4485-996e-b7b86535d931,30,104.779752,107.19600677490234,-2.4162547749023418,-2.3060321567685538,104.779752,107.19600677490234,-2.4162547749023418,-2.3060321567685538
e09d2dff-bd94-4485-996e-b7b86535d931,60,104.779752,105.2820053100586,-0.5022533100585918,-0.47934195345164754,104.779752,105.2820053100586,-0.5022533100585918,-0.47934195345164754
e09d2dff-bd94-4485-996e-b7b86535d931,90,104.779752,102.7830047607422,1.9967472392578003,1.9056613526416823,104.779752,102.7830047607422,1.9967472392578003,1.9056613526416823
e09d2dff-bd94-4485-996e-b7b86535d931,120,104.779752,103.57200622558594,1.2077457744140645,1.152651873440266,104.779752,103.57200622558594,1.2077457744140645,1.152651873440266
e09d2dff-bd94-4485-996e-b7b86535d931,150,104.779752,101.02400207519533,3.7557499248046753,3.5844233767652693,104.779752,101.02400207519533,3.7557499248046753,3.5844233767652693
e09d2dff-bd94-4485-996e-b7b86535d931,180,104.779752,102.4600067138672,2.3197452861328003,2.213925154292024,104.779752,102.4600067138672,2.3197452861328003,2.213925154292024
e09d2dff-bd94-4485-996e-b7b86535d931,210,104.779752,,,,104.779752,,,
e09d2dff-bd94-4485-996e-b7b86535d931,240,104.779752,,,,104.779752,,,
e09d2dff-bd94-4485-996e-b7b86535d931,270,104.779752,,,,104.779752,,,
e09d2dff-bd94-4485-996e-b7b86535d931,300,104.779752,,,,104.779752,,,
e09d2dff-bd94-4485-996e-b7b86535d931,330,104.779752,,,,104.779752,,,
e09d2dff-bd94-4485-996e-b7b86535d931,360,104.779752,,,,104.779752,,,
67d92568-dc64-4c26-a512-99518ce26002,30,111.220849124,109.406479644,1.8143694799999963,1.6313213703099478,111.220849124,109.406479644,1.8143694799999963,1.6313213703099478
67d92568-dc64-4c26-a512-99518ce26002,60,111.220849124,107.682828638,3.5380204859999935,3.1810766721043984,111.220849124,107.682828638,3.5380204859999935,3.1810766721043984
67d92568-dc64-4c26-a512-99518ce26002,90,111.220849124,104.870555944,6.350293179999994,5.709624796084824,111.220849124,104.870555944,6.350293179999994,5.709624796084824
67d92568-dc64-4c26-a512-99518ce26002,120,111.220849124,101.96756477600002,9.25328434799998,8.319738988580733,111.220849124,101.96756477600002,9.25328434799998,8.319738988580733
67d92568-dc64-4c26-a512-99518ce26002,150,111.220849124,98.792418186,12.428430937999991,11.174551386623158,111.220849124,98.792418186,12.428430937999991,11.174551386623158
67d92568-dc64-4c26-a512-99518ce26002,180,111.220849124,96.343019388,14.877829735999995,13.376835236541595,111.220849124,96.343019388,14.877829735999995,13.376835236541595
67d92568-dc64-4c26-a512-99518ce26002,210,111.220849124,,,,111.220849124,,,
67d92568-dc64-4c26-a512-99518ce26002,240,111.220849124,,,,111.220849124,,,
67d92568-dc64-4c26-a512-99518ce26002,270,111.220849124,,,,111.220849124,,,
67d92568-dc64-4c26-a512-99518ce26002,300,111.220849124,,,,111.220849124,,,
67d92568-dc64-4c26-a512-99518ce26002,330,111.220849124,,,,111.220849124,,,
67d92568-dc64-4c26-a512-99518ce26002,360,111.220849124,,,,111.220849124,,,
16ca2504-205c-4ef5-a9ae-37b1770a784d,30,103.418976,,,,103.418976,,,
16ca2504-205c-4ef5-a9ae-37b1770a784d,60,103.418976,101.8,1.6189760000000035,1.5654535198646748,103.418976,101.8,1.6189760000000035,1.5654535198646748
16ca2504-205c-4ef5-a9ae-37b1770a784d,90,103.418976,103.4,0.018975999999994997,0.018348663595349268,103.418976,103.4,0.018975999999994997,0.018348663595349268
16ca2504-205c-4ef5-a9ae-37b1770a784d,120,103.418976,,,,103.418976,,,
16ca2504-205c-4ef5-a9ae-37b1770a784d,150,103.418976,83.7,19.718975999999998,19.067077206411323,103.418976,,,
16ca2504-205c-4ef5-a9ae-37b1770a784d,180,103.418976,,,,103.418976,,,
16ca2504-205c-4ef5-a9ae-37b1770a784d,210,103.418976,,,,103.418976,,,
16ca2504-205c-4ef5-a9ae-37b1770a784d,240,103.418976,,,,103.418976,,,
16ca2504-205c-4ef5-a9ae-37b1770a784d,270,103.418976,,,,103.418976,,,
16ca2504-205c-4ef5-a9ae-37b1770a784d,300,103.418976,,,,103.418976,,,
16ca2504-205c-4ef5-a9ae-37b1770a784d,330,103.418976,,,,103.418976,,,
16ca2504-205c-4ef5-a9ae-37b1770a784d,360,103.418976,,,,103.418976,,,
509134c9-0448-4f52-a372-4f0b3f17bbfc,30,62.142104,,,,62.142104,,,
509134c9-0448-4f52-a372-4f0b3f17bbfc,60,62.142104,62.232873164,-0.09076916399999391,-0.146067091645294,62.142104,62.232873164,-0.09076916399999391,-0.146067091645294
509134c9-0448-4f52-a372-4f0b3f17bbfc,90,62.142104,,,,62.142104,,,
509134c9-0448-4f52-a372-4f0b3f17bbfc,120,62.142104,,,,62.142104,,,
509134c9-0448-4f52-a372-4f0b3f17bbfc,150,62.142104,,,,62.142104,,,
509134c9-0448-4f52-a372-4f0b3f17bbfc,180,62.142104,,,,62.142104,,,
509134c9-0448-4f52-a372-4f0b3f17bbfc,210,62.142104,,,,62.142104,,,
509134c9-0448-4f52-a372-4f0b3f17bbfc,240,62.142104,,,,62.142104,,,
509134c9-0448-4f52-a372-4f0b3f17bbfc,270,62.142104,,,,62.142104,,,
509134c9-0448-4f52-a372-4f0b3f17bbfc,300,62.142104,,,,62.142104,,,
509134c9-0448-4f52-a372-4f0b3f17bbfc,330,62.142104,,,,62.142104,,,
509134c9-0448-4f52-a372-4f0b3f17bbfc,360,62.142104,,,,62.142104,,,
e6de62a0-a1f7-4081-ae33-903b215681e6,30,122.46984,,,,122.46984,,,
e6de62a0-a1f7-4081-ae33-903b215681e6,60,122.46984,,,,122.46984,,,
e6de62a0-a1f7-4081-ae33-903b215681e6,90,122.46984,121.562656,0.9071840000000009,0.7407407407407415,122.46984,121.562656,0.9071840000000009,0.7407407407407415
e6de62a0-a1f7-4081-ae33-903b215681e6,120,122.46984,115.66596,6.803880000000007,5.555555555555561,122.46984,115.66596,6.803880000000007,5.555555555555561
e6de62a0-a1f7-4081-ae33-903b215681e6,150,122.46984,111.13004,11.339800000000011,9.259259259259268,122.46984,111.13004,11.339800000000011,9.259259259259268
e6de62a0-a1f7-4081-ae33-903b215681e6,180,122.46984,109.769264,12.700575999999998,10.370370370370368,122.46984,109.769264,12.700575999999998,10.370370370370368
e6de62a0-a1f7-4081-ae33-903b215681e6,210,122.46984,107.501304,14.968536,12.222222222222221,122.46984,107.501304,14.968536,12.222222222222221
e6de62a0-a1f7-4081-ae33-903b215681e6,240,122.46984,,,,122.46984,,,
e6de62a0-a1f7-4081-ae33-903b215681e6,270,122.46984,,,,122.46984,,,
e6de62a0-a1f7-4081-ae33-903b215681e6,300,122.46984,,,,122.46984,,,
e6de62a0-a1f7-4081-ae33-903b215681e6,330,122.46984,,,,122.46984,,,
e6de62a0-a1f7-4081-ae33-903b215681e6,360,122.46984,,,,122.46984,,,
01672f42-568b-4d49-abbc-eee60d87ccb2,30,120.20188,109.5,10.701880000000003,8.903255090519385,120.20188,109.5,10.701880000000003,8.903255090519385
01672f42-568b-4d49-abbc-eee60d87ccb2,60,120.20188,104.8,15.401880000000006,12.813343684807595,120.20188,104.8,15.401880000000006,12.813343684807595
01672f42-568b-4d49-abbc-eee60d87ccb2,90,120.20188,99.6,20.60188000000001,17.139399150828595,120.20188,99.6,20.60188000000001,17.139399150828595
01672f42-568b-4d49-abbc-eee60d87ccb2,120,120.20188,96.5,23.701880000000003,19.718393755571878,120.20188,96.5,23.701880000000003,19.718393755571878
01672f42-568b-4d49-abbc-eee60d87ccb2,150,120.20188,,,,120.20188,,,
01672f42-568b-4d49-abbc-eee60d87ccb2,180,120.20188,,,,120.20188,,,
01672f42-568b-4d49-abbc-eee60d87ccb2,210,120.20188,,,,120.20188,,,
01672f42-568b-4d49-abbc-eee60d87ccb2,240,120.20188,,,,120.20188,,,
01672f42-568b-4d49-abbc-eee60d87ccb2,270,120.20188,,,,120.20188,,,
01672f42-568b-4d49-abbc-eee60d87ccb2,300,120.20188,,,,120.20188,,,
01672f42-568b-4d49-abbc-eee60d87ccb2,330,120.20188,,,,120.20188,,,
01672f42-568b-4d49-abbc-eee60d87ccb2,360,120.20188,,,,120.20188,,,
46f8cb35-1f56-418f-8d39-822982e3b89a,30,114.305184,113.4,0.9051839999999913,0.7919010917300052,114.305184,113.4,0.9051839999999913,0.7919010917300052
46f8cb35-1f56-418f-8d39-822982e3b89a,60,114.305184,110.9,3.4051839999999913,2.979028492705975,114.305184,110.9,3.4051839999999913,2.979028492705975
46f8cb35-1f56-418f-8d39-822982e3b89a,90,114.305184,108.1,6.205184000000003,5.428611181799072,114.305184,108.1,6.205184000000003,5.428611181799072
46f8cb35-1f56-418f-8d39-822982e3b89a,120,114.305184,108.9,5.405183999999991,4.728730413486751,114.305184,108.9,5.405183999999991,4.728730413486751
46f8cb35-1f56-418f-8d39-822982e3b89a,150,114.305184,,,,114.305184,,,
46f8cb35-1f56-418f-8d39-822982e3b89a,180,114.305184,,,,114.305184,,,
46f8cb35-1f56-418f-8d39-822982e3b89a,210,114.305184,,,,114.305184,,,
46f8cb35-1f56-418f-8d39-822982e3b89a,240,114.305184,,,,114.305184,,,
46f8cb35-1f56-418f-8d39-822982e3b89a,270,114.305184,,,,114.305184,,,
46f8cb35-1f56-418f-8d39-822982e3b89a,300,114.305184,,,,114.305184,,,
46f8cb35-1f56-418f-8d39-822982e3b89a,330,114.305184,,,,114.305184,,,
46f8cb35-1f56-418f-8d39-822982e3b89a,360,114.305184,,,,114.305184,,,
440c097c-f8c9-4ce4-af1c-a4caf75207f1,30,91.07300567626952,90.5500030517578,0.5230026245117188,0.5742674468994661,91.07300567626952,90.5500030517578,0.5230026245117188,0.5742674468994661
440c097c-f8c9-4ce4-af1c-a4caf75207f1,60,91.07300567626952,86.39000701904297,4.682998657226548,5.142027126976415,91.07300567626952,86.39000701904297,4.682998657226548,5.142027126976415
440c097c-f8c9-4ce4-af1c-a4caf75207f1,90,91.07300567626952,83.71100616455078,7.361999511718736,8.083624183754177,91.07300567626952,83.71100616455078,7.361999511718736,8.083624183754177
440c097c-f8c9-4ce4-af1c-a4caf75207f1,120,91.07300567626952,78.92501068115234,12.147994995117173,13.338743906508096,91.07300567626952,78.92501068115234,12.147994995117173,13.338743906508096
440c097c-f8c9-4ce4-af1c-a4caf75207f1,150,91.07300567626952,78.3270034790039,12.74600219726561,13.995367894821529,91.07300567626952,78.3270034790039,12.74600219726561,13.995367894821529
440c097c-f8c9-4ce4-af1c-a4caf75207f1,180,91.07300567626952,74.41000366210938,16.663002014160142,18.29631282115678,91.07300567626952,74.41000366210938,16.663002014160142,18.29631282115678
440c097c-f8c9-4ce4-af1c-a4caf75207f1,210,91.07300567626952,,,,91.07300567626952,,,
440c097c-f8c9-4ce4-af1c-a4caf75207f1,240,91.07300567626952,,,,91.07300567626952,,,
440c097c-f8c9-4ce4-af1c-a4caf75207f1,270,91.07300567626952,,,,91.07300567626952,,,
440c097c-f8c9-4ce4-af1c-a4caf75207f1,300,91.07300567626952,,,,91.07300567626952,,,
440c097c-f8c9-4ce4-af1c-a4caf75207f1,330,91.07300567626952,,,,91.07300567626952,,,
440c097c-f8c9-4ce4-af1c-a4caf75207f1,360,91.07300567626952,,,,91.07300567626952,,,
5f68fc3f-ff75-40b5-a849-a4e7dbbc2350,30,83.91452,87.5,-3.585480000000004,-4.272776630313805,83.91452,87.5,-3.585480000000004,-4.272776630313805
5f68fc3f-ff75-40b5-a849-a4e7dbbc2350,60,83.91452,85.3,-1.3854800000000012,-1.651061103608769,83.91452,85.3,-1.3854800000000012,-1.651061103608769
5f68fc3f-ff75-40b5-a849-a4e7dbbc2350,90,83.91452,85.1,-1.1854799999999983,-1.4127233284537628,83.91452,85.1,-1.1854799999999983,-1.4127233284537628
5f68fc3f-ff75-40b5-a849-a4e7dbbc2350,120,83.91452,82.6,1.3145200000000017,1.5664988609837747,83.91452,82.6,1.3145200000000017,1.5664988609837747
5f68fc3f-ff75-40b5-a849-a4e7dbbc2350,150,83.91452,80.8,3.114519999999999,3.711538837378798,83.91452,80.8,3.114519999999999,3.711538837378798
5f68fc3f-ff75-40b5-a849-a4e7dbbc2350,180,83.91452,78.1,5.814520000000002,6.929098801971342,83.91452,78.1,5.814520000000002,6.929098801971342
5f68fc3f-ff75-40b5-a849-a4e7dbbc2350,210,83.91452,76.8,7.114519999999999,8.478294340478858,83.91452,76.8,7.114519999999999,8.478294340478858
5f68fc3f-ff75-40b5-a849-a4e7dbbc2350,240,83.91452,,,,83.91452,,,
5f68fc3f-ff75-40b5-a849-a4e7dbbc2350,270,83.91452,,,,83.91452,,,
5f68fc3f-ff75-40b5-a849-a4e7dbbc2350,300,83.91452,,,,83.91452,,,
5f68fc3f-ff75-40b5-a849-a4e7dbbc2350,330,83.91452,,,,83.91452,,,
5f68fc3f-ff75-40b5-a849-a4e7dbbc2350,360,83.91452,,,,83.91452,,,
1e34b93a-445d-4b9f-bf72-be19efadaf81,30,74.84268,74.56100463867188,0.28167536132812643,0.3763565940291374,74.84268,74.56100463867188,0.28167536132812643,0.3763565940291374
1e34b93a-445d-4b9f-bf72-be19efadaf81,60,74.84268,72.72900390625,2.1136760937500014,2.82415874705449,74.84268,72.72900390625,2.1136760937500014,2.82415874705449
1e34b93a-445d-4b9f-bf72-be19efadaf81,90,74.84268,74.25100708007812,0.5916729199218764,0.7905554957704299,74.84268,74.25100708007812,0.5916729199218764,0.7905554957704299
1e34b93a-445d-4b9f-bf72-be19efadaf81,120,74.84268,73.028312,1.8143680000000018,2.4242424242424265,74.84268,73.028312,1.8143680000000018,2.4242424242424265
1e34b93a-445d-4b9f-bf72-be19efadaf81,150,74.84268,72.61300659179688,2.2296734082031264,2.979146936217578,74.84268,72.61300659179688,2.2296734082031264,2.979146936217578
1e34b93a-445d-4b9f-bf72-be19efadaf81,180,74.84268,73.4780044555664,1.3646755444335952,1.8233921399308457,74.84268,73.4780044555664,1.3646755444335952,1.8233921399308457
1e34b93a-445d-4b9f-bf72-be19efadaf81,210,74.84268,,,,74.84268,,,
1e34b93a-445d-4b9f-bf72-be19efadaf81,240,74.84268,,,,74.84268,,,
1e34b93a-445d-4b9f-bf72-be19efadaf81,270,74.84268,,,,74.84268,,,
1e34b93a-445d-4b9f-bf72-be19efadaf81,300,74.84268,,,,74.84268,,,
1e34b93a-445d-4b9f-bf72-be19efadaf81,330,74.84268,,,,74.84268,,,
1e34b93a-445d-4b9f-bf72-be19efadaf81,360,74.84268,,,,74.84268,,,
2241a106-cfb0-4ce1-9dc2-fe697ecf5cc3,30,83.1500015258789,82.35000610351562,0.7999954223632812,0.9621111337133259,83.1500015258789,82.35000610351562,0.7999954223632812,0.9621111337133259
2241a106-cfb0-4ce1-9dc2-fe697ecf5cc3,60,83.1500015258789,,,,83.1500015258789,,,
2241a106-cfb0-4ce1-9dc2-fe697ecf5cc3,90,83.1500015258789,,,,83.1500015258789,,,
2241a106-cfb0-4ce1-9dc2-fe697ecf5cc3,120,83.1500015258789,,,,83.1500015258789,,,
2241a106-cfb0-4ce1-9dc2-fe697ecf5cc3,150,83.1500015258789,,,,83.1500015258789,,,
2241a106-cfb0-4ce1-9dc2-fe697ecf5cc3,180,83.1500015258789,,,,83.1500015258789,,,
2241a106-cfb0-4ce1-9dc2-fe697ecf5cc3,210,83.1500015258789,,,,83.1500015258789,,,
2241a106-cfb0-4ce1-9dc2-fe697ecf5cc3,240,83.1500015258789,,,,83.1500015258789,,,
2241a106-cfb0-4ce1-9dc2-fe697ecf5cc3,270,83.1500015258789,,,,83.1500015258789,,,
2241a106-cfb0-4ce1-9dc2-fe697ecf5cc3,300,83.1500015258789,,,,83.1500015258789,,,
2241a106-cfb0-4ce1-9dc2-fe697ecf5cc3,330,83.1500015258789,,,,83.1500015258789,,,
2241a106-cfb0-4ce1-9dc2-fe697ecf5cc3,360,83.1500015258789,,,,83.1500015258789,,,
14c528ef-e430-4bd0-a74f-1f6974a9329a,30,147.4174,145.5,1.9173999999999864,1.3006605733108756,147.4174,145.5,1.9173999999999864,1.3006605733108756
14c528ef-e430-4bd0-a74f-1f6974a9329a,60,147.4174,145.0,2.4173999999999864,1.6398335610314567,147.4174,145.0,2.4173999999999864,1.6398335610314567
14c528ef-e430-4bd0-a74f-1f6974a9329a,90,147.4174,142.8,4.617399999999975,3.1321947070020064,147.4174,142.8,4.617399999999975,3.1321947070020064
14c528ef-e430-4bd0-a74f-1f6974a9329a,120,147.4174,140.9,6.517399999999981,4.421052060340219,147.4174,140.9,6.517399999999981,4.421052060340219
14c528ef-e430-4bd0-a74f-1f6974a9329a,150,147.4174,137.4,10.01739999999998,6.795262974384286,147.4174,137.4,10.01739999999998,6.795262974384286
14c528ef-e430-4bd0-a74f-1f6974a9329a,180,147.4174,,,,147.4174,,,
14c528ef-e430-4bd0-a74f-1f6974a9329a,210,147.4174,,,,147.4174,,,
14c528ef-e430-4bd0-a74f-1f6974a9329a,240,147.4174,,,,147.4174,,,
14c528ef-e430-4bd0-a74f-1f6974a9329a,270,147.4174,,,,147.4174,,,
14c528ef-e430-4bd0-a74f-1f6974a9329a,300,147.4174,,,,147.4174,,,
14c528ef-e430-4bd0-a74f-1f6974a9329a,330,147.4174,,,,147.4174,,,
14c528ef-e430-4bd0-a74f-1f6974a9329a,360,147.4174,,,,147.4174,,,
c0298c19-1980-421d-99a9-6614249c0915,30,92.079176,,,,92.079176,,,
c0298c19-1980-421d-99a9-6614249c0915,60,92.079176,,,,92.079176,,,
c0298c19-1980-421d-99a9-6614249c0915,90,92.079176,91.26278345974596,0.8163925402540428,0.8866201629063696,92.079176,91.26278345974596,0.8163925402540428,0.8866201629063696
c0298c19-1980-421d-99a9-6614249c0915,120,92.079176,90.53703982050811,1.5421361794918909,1.6747936357422344,92.079176,90.53703982050811,1.5421361794918909,1.6747936357422344
c0298c19-1980-421d-99a9-6614249c0915,150,92.079176,91.53494165025404,0.5442343497459632,0.591050412686103,92.079176,91.53494165025404,0.5442343497459632,0.591050412686103
c0298c19-1980-421d-99a9-6614249c0915,180,92.079176,90.80919108974597,1.2699849102540384,1.3792314021728846,92.079176,90.80919108974597,1.2699849102540384,1.3792314021728846
c0298c19-1980-421d-99a9-6614249c0915,210,92.079176,,,,92.079176,,,
c0298c19-1980-421d-99a9-6614249c0915,240,92.079176,,,,92.079176,,,
c0298c19-1980-421d-99a9-6614249c0915,270,92.079176,,,,92.079176,,,
c0298c19-1980-421d-99a9-6614249c0915,300,92.079176,,,,92.079176,,,
c0298c19-1980-421d-99a9-6614249c0915,330,92.079176,,,,92.079176,,,
c0298c19-1980-421d-99a9-6614249c0915,360,92.079176,,,,92.079176,,,
f4555ad8-a002-4fa5-84ef-176d63a6d744,30,78.471416,80.28578399999999,-1.8143679999999875,-2.312138728323683,78.471416,80.28578399999999,-1.8143679999999875,-2.312138728323683
f4555ad8-a002-4fa5-84ef-176d63a6d744,60,78.471416,79.6,-1.1285839999999894,-1.4382103159703266,78.471416,79.6,-1.1285839999999894,-1.4382103159703266
f4555ad8-a002-4fa5-84ef-176d63a6d744,90,78.471416,,,,78.471416,,,
f4555ad8-a002-4fa5-84ef-176d63a6d744,120,78.471416,78.3,0.17141600000000778,0.21844387260707485,78.471416,78.3,0.17141600000000778,0.21844387260707485
f4555ad8-a002-4fa5-84ef-176d63a6d744,150,78.471416,,,,78.471416,,,
f4555ad8-a002-4fa5-84ef-176d63a6d744,180,78.471416,,,,78.471416,,,
f4555ad8-a002-4fa5-84ef-176d63a6d744,210,78.471416,,,,78.471416,,,
f4555ad8-a002-4fa5-84ef-176d63a6d744,240,78.471416,,,,78.471416,,,
f4555ad8-a002-4fa5-84ef-176d63a6d744,270,78.471416,,,,78.471416,,,
f4555ad8-a002-4fa5-84ef-176d63a6d744,300,78.471416,,,,78.471416,,,
f4555ad8-a002-4fa5-84ef-176d63a6d744,330,78.471416,,,,78.471416,,,
f4555ad8-a002-4fa5-84ef-176d63a6d744,360,78.471416,,,,78.471416,,,
0db3d0b9-5c62-46ba-b47e-be2cdc106f0a,30,127.912944,128.93701171875,-1.024067718750004,-0.8005974115879969,127.912944,128.93701171875,-1.024067718750004,-0.8005974115879969
0db3d0b9-5c62-46ba-b47e-be2cdc106f0a,60,127.912944,125.47400665283205,2.4389373471679505,1.906716608108051,127.912944,125.47400665283205,2.4389373471679505,1.906716608108051
0db3d0b9-5c62-46ba-b47e-be2cdc106f0a,90,127.912944,126.0570068359375,1.855937164062496,1.4509377284463847,127.912944,126.0570068359375,1.855937164062496,1.4509377284463847
0db3d0b9-5c62-46ba-b47e-be2cdc106f0a,120,127.912944,122.49300384521484,5.419940154785152,4.237210078430493,127.912944,122.49300384521484,5.419940154785152,4.237210078430493
0db3d0b9-5c62-46ba-b47e-be2cdc106f0a,150,127.912944,119.156005859375,8.756938140624996,6.846014067681059,127.912944,119.156005859375,8.756938140624996,6.846014067681059
0db3d0b9-5c62-46ba-b47e-be2cdc106f0a,180,127.912944,,,,127.912944,,,
0db3d0b9-5c62-46ba-b47e-be2cdc106f0a,210,127.912944,,,,127.912944,,,
0db3d0b9-5c62-46ba-b47e-be2cdc106f0a,240,127.912944,,,,127.912944,,,
0db3d0b9-5c62-46ba-b47e-be2cdc106f0a,270,127.912944,,,,127.912944,,,
0db3d0b9-5c62-46ba-b47e-be2cdc106f0a,300,127.912944,,,,127.912944,,,
0db3d0b9-5c62-46ba-b47e-be2cdc106f0a,330,127.912944,,,,127.912944,,,
0db3d0b9-5c62-46ba-b47e-be2cdc106f0a,360,127.912944,,,,127.912944,,,
d655220c-89e7-41be-b874-c5b6bb5a82d2,30,117.93392,,,,117.93392,,,
d655220c-89e7-41be-b874-c5b6bb5a82d2,60,117.93392,,,,117.93392,,,
d655220c-89e7-41be-b874-c5b6bb5a82d2,90,117.93392,,,,117.93392,,,
d655220c-89e7-41be-b874-c5b6bb5a82d2,120,117.93392,109.3,8.633920000000003,7.320981105351203,117.93392,109.3,8.633920000000003,7.320981105351203
d655220c-89e7-41be-b874-c5b6bb5a82d2,150,117.93392,109.2,8.733919999999998,7.405774352281343,117.93392,109.2,8.733919999999998,7.405774352281343
d655220c-89e7-41be-b874-c5b6bb5a82d2,180,117.93392,110.3,7.633920000000003,6.47304863604975,117.93392,110.3,7.633920000000003,6.47304863604975
d655220c-89e7-41be-b874-c5b6bb5a82d2,210,117.93392,,,,117.93392,,,
d655220c-89e7-41be-b874-c5b6bb5a82d2,240,117.93392,,,,117.93392,,,
d655220c-89e7-41be-b874-c5b6bb5a82d2,270,117.93392,,,,117.93392,,,
d655220c-89e7-41be-b874-c5b6bb5a82d2,300,117.93392,,,,117.93392,,,
d655220c-89e7-41be-b874-c5b6bb5a82d2,330,117.93392,,,,117.93392,,,
d655220c-89e7-41be-b874-c5b6bb5a82d2,360,117.93392,,,,117.93392,,,
4df78bb4-2749-44d9-9d7b-65723c09646e,30,103.418976,103.8272088,-0.4082327999999933,-0.39473684210525667,103.418976,103.8272088,-0.4082327999999933,-0.39473684210525667
4df78bb4-2749-44d9-9d7b-65723c09646e,60,103.418976,100.6520648,2.7669111999999956,2.6754385964912237,103.418976,100.6520648,2.7669111999999956,2.6754385964912237
4df78bb4-2749-44d9-9d7b-65723c09646e,90,103.418976,100.7,2.718975999999998,2.6290881085498254,103.418976,100.7,2.718975999999998,2.6290881085498254
4df78bb4-2749-44d9-9d7b-65723c09646e,120,103.418976,,,,103.418976,,,
4df78bb4-2749-44d9-9d7b-65723c09646e,150,103.418976,,,,103.418976,,,
4df78bb4-2749-44d9-9d7b-65723c09646e,180,103.418976,,,,103.418976,,,
4df78bb4-2749-44d9-9d7b-65723c09646e,210,103.418976,,,,103.418976,,,
4df78bb4-2749-44d9-9d7b-65723c09646e,240,103.418976,,,,103.418976,,,
4df78bb4-2749-44d9-9d7b-65723c09646e,270,103.418976,,,,103.418976,,,
4df78bb4-2749-44d9-9d7b-65723c09646e,300,103.418976,,,,103.418976,,,
4df78bb4-2749-44d9-9d7b-65723c09646e,330,103.418976,,,,103.418976,,,
4df78bb4-2749-44d9-9d7b-65723c09646e,360,103.418976,,,,103.418976,,,
7f0d435c-fbcd-4811-ae0e-170a5a802490,30,113.851592,112.5,1.3515919999999966,1.1871524818027988,113.851592,112.5,1.3515919999999966,1.1871524818027988
7f0d435c-fbcd-4811-ae0e-170a5a802490,60,113.851592,109.3,4.551591999999999,3.9978290334315214,113.851592,109.3,4.551591999999999,3.9978290334315214
7f0d435c-fbcd-4811-ae0e-170a5a802490,90,113.851592,107.6,6.251592000000002,5.491000951484281,113.851592,107.6,6.251592000000002,5.491000951484281
7f0d435c-fbcd-4811-ae0e-170a5a802490,120,113.851592,103.6,10.251592000000002,9.004346641020183,113.851592,103.6,10.251592000000002,9.004346641020183
7f0d435c-fbcd-4811-ae0e-170a5a802490,150,113.851592,104.5,9.351591999999997,8.213843860874599,113.851592,104.5,9.351591999999997,8.213843860874599
7f0d435c-fbcd-4811-ae0e-170a5a802490,180,113.851592,,,,113.851592,,,
7f0d435c-fbcd-4811-ae0e-170a5a802490,210,113.851592,,,,113.851592,,,
7f0d435c-fbcd-4811-ae0e-170a5a802490,240,113.851592,,,,113.851592,,,
7f0d435c-fbcd-4811-ae0e-170a5a802490,270,113.851592,,,,113.851592,,,
7f0d435c-fbcd-4811-ae0e-170a5a802490,300,113.851592,,,,113.851592,,,
7f0d435c-fbcd-4811-ae0e-170a5a802490,330,113.851592,,,,113.851592,,,
7f0d435c-fbcd-4811-ae0e-170a5a802490,360,113.851592,,,,113.851592,,,
cba4745c-a92d-493b-809c-f392154a458b,30,117.93392,115.0,2.9339200000000005,2.487766030332919,117.93392,115.0,2.9339200000000005,2.487766030332919
cba4745c-a92d-493b-809c-f392154a458b,60,117.93392,111.8,6.133920000000003,5.201149932097571,117.93392,111.8,6.133920000000003,5.201149932097571
cba4745c-a92d-493b-809c-f392154a458b,90,117.93392,106.5,11.43392,9.695192019395268,117.93392,106.5,11.43392,9.695192019395268
cba4745c-a92d-493b-809c-f392154a458b,120,117.93392,104.3,13.633920000000003,11.560643451858468,117.93392,104.3,13.633920000000003,11.560643451858468
cba4745c-a92d-493b-809c-f392154a458b,150,117.93392,102.8,15.133920000000003,12.832542155810648,117.93392,102.8,15.133920000000003,12.832542155810648
cba4745c-a92d-493b-809c-f392154a458b,180,117.93392,99.6,18.333920000000006,15.545926057575299,117.93392,99.6,18.333920000000006,15.545926057575299
cba4745c-a92d-493b-809c-f392154a458b,210,117.93392,96.3,21.633920000000003,18.34410320627009,117.93392,96.3,21.633920000000003,18.34410320627009
cba4745c-a92d-493b-809c-f392154a458b,240,117.93392,92.2,25.733919999999998,21.820626330406043,117.93392,92.2,25.733919999999998,21.820626330406043
cba4745c-a92d-493b-809c-f392154a458b,270,117.93392,,,,117.93392,,,
cba4745c-a92d-493b-809c-f392154a458b,300,117.93392,,,,117.93392,,,
cba4745c-a92d-493b-809c-f392154a458b,330,117.93392,,,,117.93392,,,
cba4745c-a92d-493b-809c-f392154a458b,360,117.93392,,,,117.93392,,,
9ca171b9-ffc2-4f0d-9685-04d414cd3bab,30,90.7184,,,,90.7184,,,
9ca171b9-ffc2-4f0d-9685-04d414cd3bab,60,90.7184,84.7,6.0184,6.634155805217022,90.7184,84.7,6.0184,6.634155805217022
9ca171b9-ffc2-4f0d-9685-04d414cd3bab,90,90.7184,88.6,2.1184000000000083,2.335138185858666,90.7184,88.6,2.1184000000000083,2.335138185858666
9ca171b9-ffc2-4f0d-9685-04d414cd3bab,120,90.7184,88.1,2.6184000000000083,2.8862942909046105,90.7184,88.1,2.6184000000000083,2.8862942909046105
9ca171b9-ffc2-4f0d-9685-04d414cd3bab,150,90.7184,85.4,5.318399999999997,5.862537258152697,90.7184,85.4,5.318399999999997,5.862537258152697
9ca171b9-ffc2-4f0d-9685-04d414cd3bab,180,90.7184,84.5,6.218400000000003,6.854618247235404,90.7184,84.5,6.218400000000003,6.854618247235404
9ca171b9-ffc2-4f0d-9685-04d414cd3bab,210,90.7184,,,,90.7184,,,
9ca171b9-ffc2-4f0d-9685-04d414cd3bab,240,90.7184,,,,90.7184,,,
9ca171b9-ffc2-4f0d-9685-04d414cd3bab,270,90.7184,,,,90.7184,,,
9ca171b9-ffc2-4f0d-9685-04d414cd3bab,300,90.7184,,,,90.7184,,,
9ca171b9-ffc2-4f0d-9685-04d414cd3bab,330,90.7184,,,,90.7184,,,
9ca171b9-ffc2-4f0d-9685-04d414cd3bab,360,90.7184,,,,90.7184,,,
