user_id,day_number,date,raw_weight,raw_days_offset,filtered_weight,filtered_days_offset,raw_cumulative_loss_kg,raw_cumulative_loss_pct,filtered_cumulative_loss_kg,filtered_cumulative_loss_pct,divergence_kg,divergence_pct,has_raw_measurement,has_filtered_measurement
1ab1af65-119a-4906-b526-3d8f66bb0b6d,0,2025-02-27,103.42,-1.0,103.42,-1.0,,,,,,,True,True
1ab1af65-119a-4906-b526-3d8f66bb0b6d,1,2025-02-28,103.42,-2.0,103.42,-2.0,,,,,,,True,True
1ab1af65-119a-4906-b526-3d8f66bb0b6d,2,2025-03-01,103.42,-3.0,103.42,-3.0,,,,,,,True,True
1ab1af65-119a-4906-b526-3d8f66bb0b6d,3,2025-03-02,103.42,-4.0,103.42,-4.0,,,,,,,True,True
1ab1af65-119a-4906-b526-3d8f66bb0b6d,4,2025-03-03,103.42,3.0,103.42,3.0,0.0,0.0,0.0,0.0,,,True,True
1ab1af65-119a-4906-b526-3d8f66bb0b6d,5,2025-03-04,103.42,2.0,103.42,2.0,0.0,0.0,0.0,0.0,,,True,True
1ab1af65-119a-4906-b526-3d8f66bb0b6d,6,2025-03-05,103.42,1.0,103.42,1.0,0.0,0.0,0.0,0.0,,,True,True
1ab1af65-119a-4906-b526-3d8f66bb0b6d,7,2025-03-06,103.42,0.0,103.42,0.0,0.0,0.0,0.0,0.0,,,True,True
1ab1af65-119a-4906-b526-3d8f66bb0b6d,8,2025-03-07,101.86,0.0,101.86,0.0,1.56,1.51,1.56,1.51,,,True,True
1ab1af65-119a-4906-b526-3d8f66bb0b6d,9,2025-03-08,101.98,0.0,101.98,0.0,1.44,1.39,1.44,1.39,,,True,True
1ab1af65-119a-4906-b526-3d8f66bb0b6d,10,2025-03-09,101.33,0.0,101.33,0.0,2.09,2.02,2.09,2.02,,,True,True
1ab1af65-119a-4906-b526-3d8f66bb0b6d,11,2025-03-10,101.74,0.0,101.74,0.0,1.68,1.63,1.68,1.63,,,True,True
1ab1af65-119a-4906-b526-3d8f66bb0b6d,12,2025-03-11,101.74,-1.0,101.74,-1.0,1.68,1.63,1.68,1.63,,,True,True
1ab1af65-119a-4906-b526-3d8f66bb0b6d,13,2025-03-12,101.74,-2.0,101.74,-2.0,1.68,1.63,1.68,1.63,,,True,True
1ab1af65-119a-4906-b526-3d8f66bb0b6d,14,2025-03-13,101.43,2.0,101.43,2.0,1.99,1.93,1.99,1.93,,,True,True
1ab1af65-119a-4906-b526-3d8f66bb0b6d,15,2025-03-14,101.43,1.0,101.43,1.0,1.99,1.93,1.99,1.93,,,True,True
1ab1af65-119a-4906-b526-3d8f66bb0b6d,16,2025-03-15,101.43,0.0,101.43,0.0,1.99,1.93,1.99,1.93,,,True,True
1ab1af65-119a-4906-b526-3d8f66bb0b6d,17,2025-03-16,101.43,-1.0,101.43,-1.0,1.99,1.93,1.99,1.93,,,True,True
1ab1af65-119a-4906-b526-3d8f66bb0b6d,18,2025-03-17,100.6,1.0,100.6,1.0,2.81,2.72,2.81,2.72,,,True,True
1ab1af65-119a-4906-b526-3d8f66bb0b6d,19,2025-03-18,100.6,0.0,100.6,0.0,2.81,2.72,2.81,2.72,,,True,True
1ab1af65-119a-4906-b526-3d8f66bb0b6d,20,2025-03-19,100.46,0.0,100.46,0.0,2.96,2.87,2.96,2.87,,,True,True
1ab1af65-119a-4906-b526-3d8f66bb0b6d,21,2025-03-20,100.46,-1.0,100.46,-1.0,2.96,2.87,2.96,2.87,,,True,True
1ab1af65-119a-4906-b526-3d8f66bb0b6d,22,2025-03-21,99.79,1.0,99.79,1.0,3.63,3.51,3.63,3.51,,,True,True
1ab1af65-119a-4906-b526-3d8f66bb0b6d,23,2025-03-22,99.79,0.0,99.79,0.0,3.63,3.51,3.63,3.51,,,True,True
1ab1af65-119a-4906-b526-3d8f66bb0b6d,24,2025-03-23,100.11,0.0,100.11,0.0,3.31,3.2,3.31,3.2,,,True,True
1ab1af65-119a-4906-b526-3d8f66bb0b6d,25,2025-03-24,100.15,0.0,100.15,0.0,3.27,3.16,3.27,3.16,,,True,True
1ab1af65-119a-4906-b526-3d8f66bb0b6d,26,2025-03-25,100.15,-1.0,100.15,-1.0,3.27,3.16,3.27,3.16,,,True,True
1ab1af65-119a-4906-b526-3d8f66bb0b6d,27,2025-03-26,99.94,0.0,99.94,0.0,3.48,3.36,3.48,3.36,,,True,True
1ab1af65-119a-4906-b526-3d8f66bb0b6d,28,2025-03-27,99.94,-1.0,99.94,-1.0,3.48,3.36,3.48,3.36,,,True,True
1ab1af65-119a-4906-b526-3d8f66bb0b6d,29,2025-03-28,99.94,-2.0,99.94,-2.0,3.48,3.36,3.48,3.36,,,True,True
1ab1af65-119a-4906-b526-3d8f66bb0b6d,30,2025-03-29,99.98,1.0,99.98,1.0,3.44,3.33,3.44,3.33,,,True,True
1ab1af65-119a-4906-b526-3d8f66bb0b6d,31,2025-03-30,99.98,0.0,99.98,0.0,3.44,3.33,3.44,3.33,,,True,True
1ab1af65-119a-4906-b526-3d8f66bb0b6d,32,2025-03-31,99.98,-1.0,99.98,-1.0,3.44,3.33,3.44,3.33,,,True,True
1ab1af65-119a-4906-b526-3d8f66bb0b6d,33,2025-04-01,99.98,-2.0,99.98,-2.0,3.44,3.33,3.44,3.33,,,True,True
1ab1af65-119a-4906-b526-3d8f66bb0b6d,34,2025-04-02,99.98,-3.0,99.98,-3.0,3.44,3.33,3.44,3.33,,,True,True
1ab1af65-119a-4906-b526-3d8f66bb0b6d,35,2025-04-03,100.26,3.0,100.26,3.0,3.16,3.06,3.16,3.06,,,True,True
1ab1af65-119a-4906-b526-3d8f66bb0b6d,36,2025-04-04,100.26,2.0,100.26,2.0,3.16,3.06,3.16,3.06,,,True,True
1ab1af65-119a-4906-b526-3d8f66bb0b6d,37,2025-04-05,100.26,1.0,100.26,1.0,3.16,3.06,3.16,3.06,,,True,True
1ab1af65-119a-4906-b526-3d8f66bb0b6d,38,2025-04-06,100.26,0.0,100.26,0.0,3.16,3.06,3.16,3.06,,,True,True
1ab1af65-119a-4906-b526-3d8f66bb0b6d,39,2025-04-07,100.96,0.0,100.96,0.0,2.46,2.38,2.46,2.38,,,True,True
1ab1af65-119a-4906-b526-3d8f66bb0b6d,40,2025-04-08,100.96,-1.0,100.96,-1.0,2.46,2.38,2.46,2.38,,,True,True
1ab1af65-119a-4906-b526-3d8f66bb0b6d,41,2025-04-09,100.7,0.0,100.7,0.0,2.72,2.63,2.72,2.63,,,True,True
1ab1af65-119a-4906-b526-3d8f66bb0b6d,42,2025-04-10,100.7,-1.0,100.7,-1.0,2.72,2.63,2.72,2.63,,,True,True
1ab1af65-119a-4906-b526-3d8f66bb0b6d,43,2025-04-11,100.7,-2.0,100.7,-2.0,2.72,2.63,2.72,2.63,,,True,True
1ab1af65-119a-4906-b526-3d8f66bb0b6d,44,2025-04-12,100.06,1.0,100.06,1.0,3.36,3.25,3.36,3.25,,,True,True
1ab1af65-119a-4906-b526-3d8f66bb0b6d,45,2025-04-13,100.06,0.0,100.06,0.0,3.36,3.25,3.36,3.25,,,True,True
1ab1af65-119a-4906-b526-3d8f66bb0b6d,46,2025-04-14,100.06,-1.0,100.06,-1.0,3.36,3.25,3.36,3.25,,,True,True
1ab1af65-119a-4906-b526-3d8f66bb0b6d,47,2025-04-15,100.79,1.0,100.79,1.0,2.63,2.54,2.63,2.54,,,True,True
1ab1af65-119a-4906-b526-3d8f66bb0b6d,48,2025-04-16,100.79,0.0,100.79,0.0,2.63,2.54,2.63,2.54,,,True,True
1ab1af65-119a-4906-b526-3d8f66bb0b6d,49,2025-04-17,100.79,-1.0,100.79,-1.0,2.63,2.54,2.63,2.54,,,True,True
1ab1af65-119a-4906-b526-3d8f66bb0b6d,50,2025-04-18,100.79,-2.0,100.79,-2.0,2.63,2.54,2.63,2.54,,,True,True
1ab1af65-119a-4906-b526-3d8f66bb0b6d,51,2025-04-19,100.01,1.0,100.01,1.0,3.41,3.29,3.41,3.29,,,True,True
1ab1af65-119a-4906-b526-3d8f66bb0b6d,52,2025-04-20,100.01,0.0,100.01,0.0,3.41,3.29,3.41,3.29,,,True,True
1ab1af65-119a-4906-b526-3d8f66bb0b6d,53,2025-04-21,100.01,-1.0,100.01,-1.0,3.41,3.29,3.41,3.29,,,True,True
1ab1af65-119a-4906-b526-3d8f66bb0b6d,54,2025-04-22,99.8,0.0,99.8,0.0,3.61,3.5,3.61,3.5,,,True,True
1ab1af65-119a-4906-b526-3d8f66bb0b6d,55,2025-04-23,99.8,-1.0,99.8,-1.0,3.61,3.5,3.61,3.5,,,True,True
1ab1af65-119a-4906-b526-3d8f66bb0b6d,56,2025-04-24,99.8,-2.0,99.8,-2.0,3.61,3.5,3.61,3.5,,,True,True
1ab1af65-119a-4906-b526-3d8f66bb0b6d,57,2025-04-25,100.91,1.0,100.91,1.0,2.51,2.43,2.51,2.43,,,True,True
1ab1af65-119a-4906-b526-3d8f66bb0b6d,58,2025-04-26,100.91,0.0,100.91,0.0,2.51,2.43,2.51,2.43,,,True,True
1ab1af65-119a-4906-b526-3d8f66bb0b6d,59,2025-04-27,100.52,0.0,100.52,0.0,2.9,2.81,2.9,2.81,,,True,True
1ab1af65-119a-4906-b526-3d8f66bb0b6d,60,2025-04-28,100.52,-1.0,100.52,-1.0,2.9,2.81,2.9,2.81,,,True,True
1ab1af65-119a-4906-b526-3d8f66bb0b6d,61,2025-04-29,100.3,1.0,100.3,1.0,3.12,3.02,3.12,3.02,,,True,True
1ab1af65-119a-4906-b526-3d8f66bb0b6d,62,2025-04-30,100.3,0.0,100.3,0.0,3.12,3.02,3.12,3.02,,,True,True
1ab1af65-119a-4906-b526-3d8f66bb0b6d,63,2025-05-01,100.3,-1.0,100.3,-1.0,3.12,3.02,3.12,3.02,,,True,True
1ab1af65-119a-4906-b526-3d8f66bb0b6d,64,2025-05-02,100.3,-2.0,100.3,-2.0,3.12,3.02,3.12,3.02,,,True,True
1ab1af65-119a-4906-b526-3d8f66bb0b6d,65,2025-05-03,99.52,1.0,99.52,1.0,3.9,3.77,3.9,3.77,,,True,True
1ab1af65-119a-4906-b526-3d8f66bb0b6d,66,2025-05-04,99.52,0.0,99.52,0.0,3.9,3.77,3.9,3.77,,,True,True
1ab1af65-119a-4906-b526-3d8f66bb0b6d,67,2025-05-05,99.52,-1.0,99.52,-1.0,3.9,3.77,3.9,3.77,,,True,True
1ab1af65-119a-4906-b526-3d8f66bb0b6d,68,2025-05-06,99.52,-2.0,99.52,-2.0,3.9,3.77,3.9,3.77,,,True,True
1ab1af65-119a-4906-b526-3d8f66bb0b6d,69,2025-05-07,99.75,2.0,99.75,2.0,3.66,3.54,3.66,3.54,,,True,True
1ab1af65-119a-4906-b526-3d8f66bb0b6d,70,2025-05-08,99.75,1.0,99.75,1.0,3.66,3.54,3.66,3.54,,,True,True
1ab1af65-119a-4906-b526-3d8f66bb0b6d,71,2025-05-09,99.75,0.0,99.75,0.0,3.66,3.54,3.66,3.54,,,True,True
1ab1af65-119a-4906-b526-3d8f66bb0b6d,72,2025-05-10,99.75,-1.0,99.75,-1.0,3.66,3.54,3.66,3.54,,,True,True
1ab1af65-119a-4906-b526-3d8f66bb0b6d,73,2025-05-11,99.75,-2.0,99.75,-2.0,3.66,3.54,3.66,3.54,,,True,True
1ab1af65-119a-4906-b526-3d8f66bb0b6d,74,2025-05-12,99.57,1.0,99.57,1.0,3.85,3.72,3.85,3.72,,,True,True
1ab1af65-119a-4906-b526-3d8f66bb0b6d,75,2025-05-13,99.57,0.0,99.57,0.0,3.85,3.72,3.85,3.72,,,True,True
1ab1af65-119a-4906-b526-3d8f66bb0b6d,76,2025-05-14,99.57,-1.0,99.57,-1.0,3.85,3.72,3.85,3.72,,,True,True
1ab1af65-119a-4906-b526-3d8f66bb0b6d,77,2025-05-15,99.94,0.0,99.94,0.0,3.48,3.36,3.48,3.36,,,True,True
1ab1af65-119a-4906-b526-3d8f66bb0b6d,78,2025-05-16,99.94,-1.0,99.94,-1.0,3.48,3.36,3.48,3.36,,,True,True
1ab1af65-119a-4906-b526-3d8f66bb0b6d,79,2025-05-17,99.1,1.0,99.1,1.0,4.32,4.18,4.32,4.18,,,True,True
1ab1af65-119a-4906-b526-3d8f66bb0b6d,80,2025-05-18,99.1,0.0,99.1,0.0,4.32,4.18,4.32,4.18,,,True,True
1ab1af65-119a-4906-b526-3d8f66bb0b6d,81,2025-05-19,99.1,-1.0,99.1,-1.0,4.32,4.18,4.32,4.18,,,True,True
1ab1af65-119a-4906-b526-3d8f66bb0b6d,82,2025-05-20,99.1,-2.0,99.1,-2.0,4.32,4.18,4.32,4.18,,,True,True
1ab1af65-119a-4906-b526-3d8f66bb0b6d,83,2025-05-21,99.1,-3.0,99.1,-3.0,4.32,4.18,4.32,4.18,,,True,True
1ab1af65-119a-4906-b526-3d8f66bb0b6d,84,2025-05-22,98.4,3.0,98.4,3.0,5.02,4.86,5.02,4.86,,,True,True
1ab1af65-119a-4906-b526-3d8f66bb0b6d,85,2025-05-23,98.4,2.0,98.4,2.0,5.02,4.86,5.02,4.86,,,True,True
1ab1af65-119a-4906-b526-3d8f66bb0b6d,86,2025-05-24,98.4,1.0,98.4,1.0,5.02,4.86,5.02,4.86,,,True,True
1ab1af65-119a-4906-b526-3d8f66bb0b6d,87,2025-05-25,98.4,0.0,98.4,0.0,5.02,4.86,5.02,4.86,,,True,True
1ab1af65-119a-4906-b526-3d8f66bb0b6d,88,2025-05-26,97.89,0.0,97.89,0.0,5.53,5.35,5.53,5.35,,,True,True
1ab1af65-119a-4906-b526-3d8f66bb0b6d,89,2025-05-27,97.48,0.0,97.48,0.0,5.94,5.74,5.94,5.74,,,True,True
1ab1af65-119a-4906-b526-3d8f66bb0b6d,90,2025-05-28,97.48,-1.0,97.48,-1.0,5.94,5.74,5.94,5.74,,,True,True
1ab1af65-119a-4906-b526-3d8f66bb0b6d,91,2025-05-29,97.48,-2.0,97.48,-2.0,5.94,5.74,5.94,5.74,,,True,True
1ab1af65-119a-4906-b526-3d8f66bb0b6d,92,2025-05-30,97.48,-3.0,97.48,-3.0,5.94,5.74,5.94,5.74,,,True,True
1ab1af65-119a-4906-b526-3d8f66bb0b6d,93,2025-05-31,97.49,3.0,97.49,3.0,5.92,5.73,5.92,5.73,,,True,True
1ab1af65-119a-4906-b526-3d8f66bb0b6d,94,2025-06-01,97.49,2.0,97.49,2.0,5.92,5.73,5.92,5.73,,,True,True
1ab1af65-119a-4906-b526-3d8f66bb0b6d,95,2025-06-02,97.49,1.0,97.49,1.0,5.92,5.73,5.92,5.73,,,True,True
1ab1af65-119a-4906-b526-3d8f66bb0b6d,96,2025-06-03,97.49,0.0,97.49,0.0,5.92,5.73,5.92,5.73,,,True,True
1ab1af65-119a-4906-b526-3d8f66bb0b6d,97,2025-06-04,97.49,-1.0,97.49,-1.0,5.92,5.73,5.92,5.73,,,True,True
1ab1af65-119a-4906-b526-3d8f66bb0b6d,98,2025-06-05,97.36,1.0,97.36,1.0,6.06,5.86,6.06,5.86,,,True,True
1ab1af65-119a-4906-b526-3d8f66bb0b6d,99,2025-06-06,97.36,0.0,97.36,0.0,6.06,5.86,6.06,5.86,,,True,True
1ab1af65-119a-4906-b526-3d8f66bb0b6d,100,2025-06-07,97.36,-1.0,97.36,-1.0,6.06,5.86,6.06,5.86,,,True,True
1ab1af65-119a-4906-b526-3d8f66bb0b6d,101,2025-06-08,97.36,-2.0,97.36,-2.0,6.06,5.86,6.06,5.86,,,True,True
1ab1af65-119a-4906-b526-3d8f66bb0b6d,102,2025-06-09,96.8,1.0,96.8,1.0,6.62,6.4,6.62,6.4,,,True,True
1ab1af65-119a-4906-b526-3d8f66bb0b6d,103,2025-06-10,96.8,0.0,96.8,0.0,6.62,6.4,6.62,6.4,,,True,True
1ab1af65-119a-4906-b526-3d8f66bb0b6d,104,2025-06-11,96.8,-1.0,96.8,-1.0,6.62,6.4,6.62,6.4,,,True,True
1ab1af65-119a-4906-b526-3d8f66bb0b6d,105,2025-06-12,96.86,1.0,96.86,1.0,6.55,6.34,6.55,6.34,,,True,True
1ab1af65-119a-4906-b526-3d8f66bb0b6d,106,2025-06-13,96.86,0.0,96.86,0.0,6.55,6.34,6.55,6.34,,,True,True
1ab1af65-119a-4906-b526-3d8f66bb0b6d,107,2025-06-14,96.86,-1.0,96.86,-1.0,6.55,6.34,6.55,6.34,,,True,True
1ab1af65-119a-4906-b526-3d8f66bb0b6d,108,2025-06-15,95.98,1.0,95.98,1.0,7.44,7.2,7.44,7.2,,,True,True
1ab1af65-119a-4906-b526-3d8f66bb0b6d,109,2025-06-16,95.98,0.0,95.98,0.0,7.44,7.2,7.44,7.2,,,True,True
1ab1af65-119a-4906-b526-3d8f66bb0b6d,110,2025-06-17,95.98,-1.0,95.98,-1.0,7.44,7.2,7.44,7.2,,,True,True
1ab1af65-119a-4906-b526-3d8f66bb0b6d,111,2025-06-18,95.7,0.0,95.7,0.0,7.72,7.46,7.72,7.46,,,True,True
1ab1af65-119a-4906-b526-3d8f66bb0b6d,112,2025-06-19,95.7,-1.0,95.7,-1.0,7.72,7.46,7.72,7.46,,,True,True
1ab1af65-119a-4906-b526-3d8f66bb0b6d,113,2025-06-20,96.48,1.0,96.48,1.0,6.94,6.71,6.94,6.71,,,True,True
1ab1af65-119a-4906-b526-3d8f66bb0b6d,114,2025-06-21,96.48,0.0,96.48,0.0,6.94,6.71,6.94,6.71,,,True,True
1ab1af65-119a-4906-b526-3d8f66bb0b6d,115,2025-06-22,96.48,-1.0,96.48,-1.0,6.94,6.71,6.94,6.71,,,True,True
1ab1af65-119a-4906-b526-3d8f66bb0b6d,116,2025-06-23,96.07,1.0,96.07,1.0,7.35,7.1,7.35,7.1,,,True,True
1ab1af65-119a-4906-b526-3d8f66bb0b6d,117,2025-06-24,96.07,0.0,96.07,0.0,7.35,7.1,7.35,7.1,,,True,True
1ab1af65-119a-4906-b526-3d8f66bb0b6d,118,2025-06-25,96.07,-1.0,96.07,-1.0,7.35,7.1,7.35,7.1,,,True,True
1ab1af65-119a-4906-b526-3d8f66bb0b6d,119,2025-06-26,96.07,-2.0,96.07,-2.0,7.35,7.1,7.35,7.1,,,True,True
1ab1af65-119a-4906-b526-3d8f66bb0b6d,120,2025-06-27,96.07,-3.0,96.07,-3.0,7.35,7.1,7.35,7.1,,,True,True
1ab1af65-119a-4906-b526-3d8f66bb0b6d,121,2025-06-28,96.07,-4.0,96.07,-4.0,7.35,7.1,7.35,7.1,,,True,True
1ab1af65-119a-4906-b526-3d8f66bb0b6d,122,2025-06-29,96.07,-5.0,96.07,-5.0,7.35,7.1,7.35,7.1,,,True,True
1ab1af65-119a-4906-b526-3d8f66bb0b6d,123,2025-06-30,96.07,-6.0,96.07,-6.0,7.35,7.1,7.35,7.1,,,True,True
1ab1af65-119a-4906-b526-3d8f66bb0b6d,124,2025-07-01,97.0,5.0,97.0,5.0,6.42,6.21,6.42,6.21,,,True,True
1ab1af65-119a-4906-b526-3d8f66bb0b6d,125,2025-07-02,97.0,4.0,97.0,4.0,6.42,6.21,6.42,6.21,,,True,True
1ab1af65-119a-4906-b526-3d8f66bb0b6d,126,2025-07-03,97.0,3.0,97.0,3.0,6.42,6.21,6.42,6.21,,,True,True
1ab1af65-119a-4906-b526-3d8f66bb0b6d,127,2025-07-04,97.0,2.0,97.0,2.0,6.42,6.21,6.42,6.21,,,True,True
1ab1af65-119a-4906-b526-3d8f66bb0b6d,128,2025-07-05,97.0,1.0,97.0,1.0,6.42,6.21,6.42,6.21,,,True,True
1ab1af65-119a-4906-b526-3d8f66bb0b6d,129,2025-07-06,97.0,0.0,97.0,0.0,6.42,6.21,6.42,6.21,,,True,True
1ab1af65-119a-4906-b526-3d8f66bb0b6d,130,2025-07-07,97.0,-1.0,97.0,-1.0,6.42,6.21,6.42,6.21,,,True,True
1ab1af65-119a-4906-b526-3d8f66bb0b6d,131,2025-07-08,97.0,-2.0,97.0,-2.0,6.42,6.21,6.42,6.21,,,True,True
1ab1af65-119a-4906-b526-3d8f66bb0b6d,132,2025-07-09,97.0,-3.0,97.0,-3.0,6.42,6.21,6.42,6.21,,,True,True
1ab1af65-119a-4906-b526-3d8f66bb0b6d,133,2025-07-10,96.86,2.0,96.86,2.0,6.55,6.34,6.55,6.34,,,True,True
1ab1af65-119a-4906-b526-3d8f66bb0b6d,134,2025-07-11,96.86,1.0,96.86,1.0,6.55,6.34,6.55,6.34,,,True,True
1ab1af65-119a-4906-b526-3d8f66bb0b6d,135,2025-07-12,96.86,0.0,96.86,0.0,6.55,6.34,6.55,6.34,,,True,True
1ab1af65-119a-4906-b526-3d8f66bb0b6d,136,2025-07-13,96.86,-1.0,96.86,-1.0,6.55,6.34,6.55,6.34,,,True,True
1ab1af65-119a-4906-b526-3d8f66bb0b6d,137,2025-07-14,96.23,0.0,96.23,0.0,7.18,6.95,7.18,6.95,,,True,True
1ab1af65-119a-4906-b526-3d8f66bb0b6d,138,2025-07-15,96.23,-1.0,96.23,-1.0,7.18,6.95,7.18,6.95,,,True,True
1ab1af65-119a-4906-b526-3d8f66bb0b6d,139,2025-07-16,96.23,-2.0,96.23,-2.0,7.18,6.95,7.18,6.95,,,True,True
1ab1af65-119a-4906-b526-3d8f66bb0b6d,140,2025-07-17,96.23,-3.0,96.23,-3.0,7.18,6.95,7.18,6.95,,,True,True
1ab1af65-119a-4906-b526-3d8f66bb0b6d,141,2025-07-18,94.33,3.0,94.33,3.0,9.09,8.79,9.09,8.79,,,True,True
1ab1af65-119a-4906-b526-3d8f66bb0b6d,142,2025-07-19,94.33,2.0,94.33,2.0,9.09,8.79,9.09,8.79,,,True,True
1ab1af65-119a-4906-b526-3d8f66bb0b6d,143,2025-07-20,94.33,1.0,94.33,1.0,9.09,8.79,9.09,8.79,,,True,True
1ab1af65-119a-4906-b526-3d8f66bb0b6d,144,2025-07-21,94.33,0.0,94.33,0.0,9.09,8.79,9.09,8.79,,,True,True
1ab1af65-119a-4906-b526-3d8f66bb0b6d,145,2025-07-22,94.33,-1.0,94.33,-1.0,9.09,8.79,9.09,8.79,,,True,True
1ab1af65-119a-4906-b526-3d8f66bb0b6d,146,2025-07-23,94.33,-2.0,94.33,-2.0,9.09,8.79,9.09,8.79,,,True,True
1ab1af65-119a-4906-b526-3d8f66bb0b6d,147,2025-07-24,94.35,2.0,94.35,2.0,9.07,8.77,9.07,8.77,,,True,True
1ab1af65-119a-4906-b526-3d8f66bb0b6d,148,2025-07-25,94.35,1.0,94.35,1.0,9.07,8.77,9.07,8.77,,,True,True
1ab1af65-119a-4906-b526-3d8f66bb0b6d,149,2025-07-26,94.35,0.0,94.35,0.0,9.07,8.77,9.07,8.77,,,True,True
1ab1af65-119a-4906-b526-3d8f66bb0b6d,150,2025-07-27,93.83,0.0,93.83,0.0,9.59,9.28,9.59,9.28,,,True,True
1ab1af65-119a-4906-b526-3d8f66bb0b6d,151,2025-07-28,93.83,-1.0,93.83,-1.0,9.59,9.28,9.59,9.28,,,True,True
1ab1af65-119a-4906-b526-3d8f66bb0b6d,152,2025-07-29,93.83,-2.0,93.83,-2.0,9.59,9.28,9.59,9.28,,,True,True
1ab1af65-119a-4906-b526-3d8f66bb0b6d,153,2025-07-30,93.65,1.0,93.65,1.0,9.77,9.44,9.77,9.44,,,True,True
1ab1af65-119a-4906-b526-3d8f66bb0b6d,154,2025-07-31,93.65,0.0,93.65,0.0,9.77,9.44,9.77,9.44,,,True,True
1ab1af65-119a-4906-b526-3d8f66bb0b6d,155,2025-08-01,93.65,-1.0,93.65,-1.0,9.77,9.44,9.77,9.44,,,True,True
1ab1af65-119a-4906-b526-3d8f66bb0b6d,156,2025-08-02,93.79,0.0,93.79,0.0,9.63,9.31,9.63,9.31,,,True,True
1ab1af65-119a-4906-b526-3d8f66bb0b6d,157,2025-08-03,93.79,-1.0,93.79,-1.0,9.63,9.31,9.63,9.31,,,True,True
1ab1af65-119a-4906-b526-3d8f66bb0b6d,158,2025-08-04,93.37,0.0,93.37,0.0,10.05,9.72,10.05,9.72,,,True,True
1ab1af65-119a-4906-b526-3d8f66bb0b6d,159,2025-08-05,93.37,-1.0,93.37,-1.0,10.05,9.72,10.05,9.72,,,True,True
1ab1af65-119a-4906-b526-3d8f66bb0b6d,160,2025-08-06,93.37,-2.0,93.37,-2.0,10.05,9.72,10.05,9.72,,,True,True
1ab1af65-119a-4906-b526-3d8f66bb0b6d,161,2025-08-07,92.84,1.0,92.84,1.0,10.58,10.23,10.58,10.23,,,True,True
1ab1af65-119a-4906-b526-3d8f66bb0b6d,162,2025-08-08,92.84,0.0,92.84,0.0,10.58,10.23,10.58,10.23,,,True,True
1ab1af65-119a-4906-b526-3d8f66bb0b6d,163,2025-08-09,92.85,0.0,92.85,0.0,10.57,10.22,10.57,10.22,,,True,True
1ab1af65-119a-4906-b526-3d8f66bb0b6d,164,2025-08-10,92.85,-1.0,92.85,-1.0,10.57,10.22,10.57,10.22,,,True,True
1ab1af65-119a-4906-b526-3d8f66bb0b6d,165,2025-08-11,92.85,-2.0,92.85,-2.0,10.57,10.22,10.57,10.22,,,True,True
1ab1af65-119a-4906-b526-3d8f66bb0b6d,166,2025-08-12,92.43,2.0,92.43,2.0,10.99,10.63,10.99,10.63,,,True,True
1ab1af65-119a-4906-b526-3d8f66bb0b6d,167,2025-08-13,92.43,1.0,92.43,1.0,10.99,10.63,10.99,10.63,,,True,True
1ab1af65-119a-4906-b526-3d8f66bb0b6d,168,2025-08-14,92.43,0.0,92.43,0.0,10.99,10.63,10.99,10.63,,,True,True
1ab1af65-119a-4906-b526-3d8f66bb0b6d,169,2025-08-15,92.43,-1.0,92.43,-1.0,10.99,10.63,10.99,10.63,,,True,True
1ab1af65-119a-4906-b526-3d8f66bb0b6d,170,2025-08-16,92.26,1.0,92.26,1.0,11.16,10.79,11.16,10.79,,,True,True
1ab1af65-119a-4906-b526-3d8f66bb0b6d,171,2025-08-17,92.26,0.0,92.26,0.0,11.16,10.79,11.16,10.79,,,True,True
1ab1af65-119a-4906-b526-3d8f66bb0b6d,172,2025-08-18,92.26,-1.0,92.26,-1.0,11.16,10.79,11.16,10.79,,,True,True
1ab1af65-119a-4906-b526-3d8f66bb0b6d,173,2025-08-19,91.18,1.0,91.18,1.0,12.24,11.83,12.24,11.83,,,True,True
1ab1af65-119a-4906-b526-3d8f66bb0b6d,174,2025-08-20,91.18,0.0,91.18,0.0,12.24,11.83,12.24,11.83,,,True,True
1ab1af65-119a-4906-b526-3d8f66bb0b6d,175,2025-08-21,91.18,-1.0,91.18,-1.0,12.24,11.83,12.24,11.83,,,True,True
1ab1af65-119a-4906-b526-3d8f66bb0b6d,176,2025-08-22,91.18,-2.0,91.18,-2.0,12.24,11.83,12.24,11.83,,,True,True
1ab1af65-119a-4906-b526-3d8f66bb0b6d,177,2025-08-23,91.31,1.0,91.31,1.0,12.11,11.71,12.11,11.71,,,True,True
1ab1af65-119a-4906-b526-3d8f66bb0b6d,178,2025-08-24,91.31,0.0,91.31,0.0,12.11,11.71,12.11,11.71,,,True,True
1ab1af65-119a-4906-b526-3d8f66bb0b6d,179,2025-08-25,91.31,-1.0,91.31,-1.0,12.11,11.71,12.11,11.71,,,True,True
1ab1af65-119a-4906-b526-3d8f66bb0b6d,180,2025-08-26,91.4,1.0,91.4,1.0,12.01,11.62,12.01,11.62,,,True,True
917e90a1-6b70-496e-81f7-6e1333500ba6,0,2025-01-14,81.65,-1.0,81.65,-1.0,,,,,,,True,True
917e90a1-6b70-496e-81f7-6e1333500ba6,1,2025-01-15,81.65,-2.0,81.65,-2.0,,,,,,,True,True
917e90a1-6b70-496e-81f7-6e1333500ba6,2,2025-01-16,81.65,-3.0,81.65,-3.0,,,,,,,True,True
917e90a1-6b70-496e-81f7-6e1333500ba6,3,2025-01-17,81.65,-4.0,81.65,-4.0,,,,,,,True,True
917e90a1-6b70-496e-81f7-6e1333500ba6,4,2025-01-18,81.65,-5.0,81.65,-5.0,,,,,,,True,True
917e90a1-6b70-496e-81f7-6e1333500ba6,5,2025-01-19,81.65,-6.0,81.65,-6.0,,,,,,,True,True
917e90a1-6b70-496e-81f7-6e1333500ba6,6,2025-01-20,81.65,-7.0,81.65,-7.0,,,,,,,True,True
917e90a1-6b70-496e-81f7-6e1333500ba6,7,2025-01-21,81.65,-8.0,81.65,-8.0,,,,,,,True,True
917e90a1-6b70-496e-81f7-6e1333500ba6,8,2025-01-22,81.65,-9.0,81.65,-9.0,,,,,,,True,True
917e90a1-6b70-496e-81f7-6e1333500ba6,9,2025-01-23,81.65,-10.0,81.65,-10.0,,,,,,,True,True
917e90a1-6b70-496e-81f7-6e1333500ba6,10,2025-01-24,81.65,-11.0,81.65,-11.0,,,,,,,True,True
917e90a1-6b70-496e-81f7-6e1333500ba6,11,2025-01-25,81.65,-12.0,81.65,-12.0,,,,,,,True,True
917e90a1-6b70-496e-81f7-6e1333500ba6,12,2025-01-26,81.65,-13.0,81.65,-13.0,,,,,,,True,True
917e90a1-6b70-496e-81f7-6e1333500ba6,13,2025-01-27,81.65,-14.0,81.65,-14.0,,,,,,,True,True
917e90a1-6b70-496e-81f7-6e1333500ba6,14,2025-01-28,77.75,14.0,77.75,14.0,3.9,4.78,3.9,4.78,,,True,True
917e90a1-6b70-496e-81f7-6e1333500ba6,15,2025-01-29,77.75,13.0,77.75,13.0,3.9,4.78,3.9,4.78,,,True,True
917e90a1-6b70-496e-81f7-6e1333500ba6,16,2025-01-30,77.75,12.0,77.75,12.0,3.9,4.78,3.9,4.78,,,True,True
917e90a1-6b70-496e-81f7-6e1333500ba6,17,2025-01-31,77.75,11.0,77.75,11.0,3.9,4.78,3.9,4.78,,,True,True
917e90a1-6b70-496e-81f7-6e1333500ba6,18,2025-02-01,77.75,10.0,77.75,10.0,3.9,4.78,3.9,4.78,,,True,True
917e90a1-6b70-496e-81f7-6e1333500ba6,19,2025-02-02,77.75,9.0,77.75,9.0,3.9,4.78,3.9,4.78,,,True,True
917e90a1-6b70-496e-81f7-6e1333500ba6,20,2025-02-03,77.75,8.0,77.75,8.0,3.9,4.78,3.9,4.78,,,True,True
917e90a1-6b70-496e-81f7-6e1333500ba6,21,2025-02-04,77.75,7.0,77.75,7.0,3.9,4.78,3.9,4.78,,,True,True
917e90a1-6b70-496e-81f7-6e1333500ba6,22,2025-02-05,77.75,6.0,77.75,6.0,3.9,4.78,3.9,4.78,,,True,True
917e90a1-6b70-496e-81f7-6e1333500ba6,23,2025-02-06,77.75,5.0,77.75,5.0,3.9,4.78,3.9,4.78,,,True,True
917e90a1-6b70-496e-81f7-6e1333500ba6,24,2025-02-07,77.75,4.0,77.75,4.0,3.9,4.78,3.9,4.78,,,True,True
917e90a1-6b70-496e-81f7-6e1333500ba6,25,2025-02-08,77.75,3.0,77.75,3.0,3.9,4.78,3.9,4.78,,,True,True
917e90a1-6b70-496e-81f7-6e1333500ba6,26,2025-02-09,77.75,2.0,77.75,2.0,3.9,4.78,3.9,4.78,,,True,True
917e90a1-6b70-496e-81f7-6e1333500ba6,27,2025-02-10,77.75,1.0,77.75,1.0,3.9,4.78,3.9,4.78,,,True,True
917e90a1-6b70-496e-81f7-6e1333500ba6,28,2025-02-11,77.75,0.0,77.75,0.0,3.9,4.78,3.9,4.78,,,True,True
917e90a1-6b70-496e-81f7-6e1333500ba6,29,2025-02-12,77.75,-1.0,77.75,-1.0,3.9,4.78,3.9,4.78,,,True,True
917e90a1-6b70-496e-81f7-6e1333500ba6,30,2025-02-13,77.75,-2.0,77.75,-2.0,3.9,4.78,3.9,4.78,,,True,True
917e90a1-6b70-496e-81f7-6e1333500ba6,31,2025-02-14,77.75,-3.0,77.75,-3.0,3.9,4.78,3.9,4.78,,,True,True
917e90a1-6b70-496e-81f7-6e1333500ba6,32,2025-02-15,77.75,-4.0,77.75,-4.0,3.9,4.78,3.9,4.78,,,True,True
917e90a1-6b70-496e-81f7-6e1333500ba6,33,2025-02-16,77.75,-5.0,77.75,-5.0,3.9,4.78,3.9,4.78,,,True,True
917e90a1-6b70-496e-81f7-6e1333500ba6,34,2025-02-17,77.75,-6.0,77.75,-6.0,3.9,4.78,3.9,4.78,,,True,True
917e90a1-6b70-496e-81f7-6e1333500ba6,35,2025-02-18,77.75,-7.0,77.75,-7.0,3.9,4.78,3.9,4.78,,,True,True
917e90a1-6b70-496e-81f7-6e1333500ba6,36,2025-02-19,77.75,-8.0,77.75,-8.0,3.9,4.78,3.9,4.78,,,True,True
917e90a1-6b70-496e-81f7-6e1333500ba6,37,2025-02-20,77.75,-9.0,77.75,-9.0,3.9,4.78,3.9,4.78,,,True,True
917e90a1-6b70-496e-81f7-6e1333500ba6,38,2025-02-21,77.75,-10.0,77.75,-10.0,3.9,4.78,3.9,4.78,,,True,True
917e90a1-6b70-496e-81f7-6e1333500ba6,39,2025-02-22,77.75,-11.0,77.75,-11.0,3.9,4.78,3.9,4.78,,,True,True
917e90a1-6b70-496e-81f7-6e1333500ba6,40,2025-02-23,77.75,-12.0,77.75,-12.0,3.9,4.78,3.9,4.78,,,True,True
917e90a1-6b70-496e-81f7-6e1333500ba6,41,2025-02-24,77.75,-13.0,77.75,-13.0,3.9,4.78,3.9,4.78,,,True,True
917e90a1-6b70-496e-81f7-6e1333500ba6,42,2025-02-25,75.75,12.0,75.75,12.0,5.9,7.22,5.9,7.22,,,True,True
917e90a1-6b70-496e-81f7-6e1333500ba6,43,2025-02-26,75.75,11.0,75.75,11.0,5.9,7.22,5.9,7.22,,,True,True
917e90a1-6b70-496e-81f7-6e1333500ba6,44,2025-02-27,75.75,10.0,75.75,10.0,5.9,7.22,5.9,7.22,,,True,True
917e90a1-6b70-496e-81f7-6e1333500ba6,45,2025-02-28,75.75,9.0,75.75,9.0,5.9,7.22,5.9,7.22,,,True,True
917e90a1-6b70-496e-81f7-6e1333500ba6,46,2025-03-01,75.75,8.0,75.75,8.0,5.9,7.22,5.9,7.22,,,True,True
917e90a1-6b70-496e-81f7-6e1333500ba6,47,2025-03-02,75.75,7.0,75.75,7.0,5.9,7.22,5.9,7.22,,,True,True
917e90a1-6b70-496e-81f7-6e1333500ba6,48,2025-03-03,75.75,6.0,75.75,6.0,5.9,7.22,5.9,7.22,,,True,True
917e90a1-6b70-496e-81f7-6e1333500ba6,49,2025-03-04,75.75,5.0,75.75,5.0,5.9,7.22,5.9,7.22,,,True,True
917e90a1-6b70-496e-81f7-6e1333500ba6,50,2025-03-05,75.75,4.0,75.75,4.0,5.9,7.22,5.9,7.22,,,True,True
917e90a1-6b70-496e-81f7-6e1333500ba6,51,2025-03-06,75.75,3.0,75.75,3.0,5.9,7.22,5.9,7.22,,,True,True
917e90a1-6b70-496e-81f7-6e1333500ba6,52,2025-03-07,75.75,2.0,75.75,2.0,5.9,7.22,5.9,7.22,,,True,True
917e90a1-6b70-496e-81f7-6e1333500ba6,53,2025-03-08,75.75,1.0,75.75,1.0,5.9,7.22,5.9,7.22,,,True,True
917e90a1-6b70-496e-81f7-6e1333500ba6,54,2025-03-09,75.75,0.0,75.75,0.0,5.9,7.22,5.9,7.22,,,True,True
917e90a1-6b70-496e-81f7-6e1333500ba6,55,2025-03-10,75.75,-1.0,75.75,-1.0,5.9,7.22,5.9,7.22,,,True,True
917e90a1-6b70-496e-81f7-6e1333500ba6,56,2025-03-11,75.75,-2.0,75.75,-2.0,5.9,7.22,5.9,7.22,,,True,True
917e90a1-6b70-496e-81f7-6e1333500ba6,57,2025-03-12,75.75,-3.0,75.75,-3.0,5.9,7.22,5.9,7.22,,,True,True
917e90a1-6b70-496e-81f7-6e1333500ba6,58,2025-03-13,75.75,-4.0,75.75,-4.0,5.9,7.22,5.9,7.22,,,True,True
917e90a1-6b70-496e-81f7-6e1333500ba6,59,2025-03-14,75.75,-5.0,75.75,-5.0,5.9,7.22,5.9,7.22,,,True,True
917e90a1-6b70-496e-81f7-6e1333500ba6,60,2025-03-15,75.75,-6.0,75.75,-6.0,5.9,7.22,5.9,7.22,,,True,True
917e90a1-6b70-496e-81f7-6e1333500ba6,61,2025-03-16,75.75,-7.0,75.75,-7.0,5.9,7.22,5.9,7.22,,,True,True
917e90a1-6b70-496e-81f7-6e1333500ba6,62,2025-03-17,76.2,7.0,76.2,7.0,5.44,6.67,5.44,6.67,,,True,True
917e90a1-6b70-496e-81f7-6e1333500ba6,63,2025-03-18,76.2,6.0,76.2,6.0,5.44,6.67,5.44,6.67,,,True,True
917e90a1-6b70-496e-81f7-6e1333500ba6,64,2025-03-19,76.2,5.0,76.2,5.0,5.44,6.67,5.44,6.67,,,True,True
917e90a1-6b70-496e-81f7-6e1333500ba6,65,2025-03-20,76.2,4.0,76.2,4.0,5.44,6.67,5.44,6.67,,,True,True
917e90a1-6b70-496e-81f7-6e1333500ba6,66,2025-03-21,76.2,3.0,76.2,3.0,5.44,6.67,5.44,6.67,,,True,True
917e90a1-6b70-496e-81f7-6e1333500ba6,67,2025-03-22,76.2,2.0,76.2,2.0,5.44,6.67,5.44,6.67,,,True,True
917e90a1-6b70-496e-81f7-6e1333500ba6,68,2025-03-23,76.2,1.0,76.2,1.0,5.44,6.67,5.44,6.67,,,True,True
917e90a1-6b70-496e-81f7-6e1333500ba6,69,2025-03-24,76.2,0.0,76.2,0.0,5.44,6.67,5.44,6.67,,,True,True
917e90a1-6b70-496e-81f7-6e1333500ba6,70,2025-03-25,76.2,-1.0,76.2,-1.0,5.44,6.67,5.44,6.67,,,True,True
917e90a1-6b70-496e-81f7-6e1333500ba6,71,2025-03-26,76.2,-2.0,76.2,-2.0,5.44,6.67,5.44,6.67,,,True,True
917e90a1-6b70-496e-81f7-6e1333500ba6,72,2025-03-27,76.2,-3.0,76.2,-3.0,5.44,6.67,5.44,6.67,,,True,True
917e90a1-6b70-496e-81f7-6e1333500ba6,73,2025-03-28,76.2,-4.0,76.2,-4.0,5.44,6.67,5.44,6.67,,,True,True
917e90a1-6b70-496e-81f7-6e1333500ba6,74,2025-03-29,76.2,-5.0,76.2,-5.0,5.44,6.67,5.44,6.67,,,True,True
917e90a1-6b70-496e-81f7-6e1333500ba6,75,2025-03-30,76.2,-6.0,76.2,-6.0,5.44,6.67,5.44,6.67,,,True,True
917e90a1-6b70-496e-81f7-6e1333500ba6,76,2025-03-31,76.2,-7.0,76.2,-7.0,5.44,6.67,5.44,6.67,,,True,True
917e90a1-6b70-496e-81f7-6e1333500ba6,77,2025-04-01,76.2,-8.0,76.2,-8.0,5.44,6.67,5.44,6.67,,,True,True
917e90a1-6b70-496e-81f7-6e1333500ba6,78,2025-04-02,75.46,8.0,75.46,8.0,6.19,7.58,6.19,7.58,,,True,True
917e90a1-6b70-496e-81f7-6e1333500ba6,79,2025-04-03,75.46,7.0,75.46,7.0,6.19,7.58,6.19,7.58,,,True,True
917e90a1-6b70-496e-81f7-6e1333500ba6,80,2025-04-04,75.46,6.0,75.46,6.0,6.19,7.58,6.19,7.58,,,True,True
917e90a1-6b70-496e-81f7-6e1333500ba6,81,2025-04-05,75.46,5.0,75.46,5.0,6.19,7.58,6.19,7.58,,,True,True
917e90a1-6b70-496e-81f7-6e1333500ba6,82,2025-04-06,75.46,4.0,75.46,4.0,6.19,7.58,6.19,7.58,,,True,True
917e90a1-6b70-496e-81f7-6e1333500ba6,83,2025-04-07,75.46,3.0,75.46,3.0,6.19,7.58,6.19,7.58,,,True,True
917e90a1-6b70-496e-81f7-6e1333500ba6,84,2025-04-08,75.46,2.0,75.46,2.0,6.19,7.58,6.19,7.58,,,True,True
917e90a1-6b70-496e-81f7-6e1333500ba6,85,2025-04-09,75.46,1.0,75.46,1.0,6.19,7.58,6.19,7.58,,,True,True
917e90a1-6b70-496e-81f7-6e1333500ba6,86,2025-04-10,75.46,0.0,75.46,0.0,6.19,7.58,6.19,7.58,,,True,True
917e90a1-6b70-496e-81f7-6e1333500ba6,87,2025-04-11,75.46,-1.0,75.46,-1.0,6.19,7.58,6.19,7.58,,,True,True
917e90a1-6b70-496e-81f7-6e1333500ba6,88,2025-04-12,75.46,-2.0,75.46,-2.0,6.19,7.58,6.19,7.58,,,True,True
917e90a1-6b70-496e-81f7-6e1333500ba6,89,2025-04-13,75.46,-3.0,75.46,-3.0,6.19,7.58,6.19,7.58,,,True,True
917e90a1-6b70-496e-81f7-6e1333500ba6,90,2025-04-14,75.46,-4.0,75.46,-4.0,6.19,7.58,6.19,7.58,,,True,True
917e90a1-6b70-496e-81f7-6e1333500ba6,91,2025-04-15,74.98,4.0,74.98,4.0,6.67,8.17,6.67,8.17,,,True,True
917e90a1-6b70-496e-81f7-6e1333500ba6,92,2025-04-16,74.98,3.0,74.98,3.0,6.67,8.17,6.67,8.17,,,True,True
917e90a1-6b70-496e-81f7-6e1333500ba6,93,2025-04-17,74.98,2.0,74.98,2.0,6.67,8.17,6.67,8.17,,,True,True
917e90a1-6b70-496e-81f7-6e1333500ba6,94,2025-04-18,74.98,1.0,74.98,1.0,6.67,8.17,6.67,8.17,,,True,True
917e90a1-6b70-496e-81f7-6e1333500ba6,95,2025-04-19,74.98,0.0,74.98,0.0,6.67,8.17,6.67,8.17,,,True,True
917e90a1-6b70-496e-81f7-6e1333500ba6,96,2025-04-20,74.98,-1.0,74.98,-1.0,6.67,8.17,6.67,8.17,,,True,True
917e90a1-6b70-496e-81f7-6e1333500ba6,97,2025-04-21,74.98,-2.0,74.98,-2.0,6.67,8.17,6.67,8.17,,,True,True
917e90a1-6b70-496e-81f7-6e1333500ba6,98,2025-04-22,76.89,2.0,76.89,2.0,4.76,5.83,4.76,5.83,,,True,True
917e90a1-6b70-496e-81f7-6e1333500ba6,99,2025-04-23,76.89,1.0,76.89,1.0,4.76,5.83,4.76,5.83,,,True,True
917e90a1-6b70-496e-81f7-6e1333500ba6,100,2025-04-24,76.89,0.0,76.89,0.0,4.76,5.83,4.76,5.83,,,True,True
917e90a1-6b70-496e-81f7-6e1333500ba6,101,2025-04-25,76.89,-1.0,76.89,-1.0,4.76,5.83,4.76,5.83,,,True,True
917e90a1-6b70-496e-81f7-6e1333500ba6,102,2025-04-26,76.89,-2.0,76.89,-2.0,4.76,5.83,4.76,5.83,,,True,True
917e90a1-6b70-496e-81f7-6e1333500ba6,103,2025-04-27,76.89,-3.0,76.89,-3.0,4.76,5.83,4.76,5.83,,,True,True
917e90a1-6b70-496e-81f7-6e1333500ba6,104,2025-04-28,76.89,-4.0,76.89,-4.0,4.76,5.83,4.76,5.83,,,True,True
917e90a1-6b70-496e-81f7-6e1333500ba6,105,2025-04-29,77.28,3.0,77.28,3.0,4.37,5.35,4.37,5.35,,,True,True
917e90a1-6b70-496e-81f7-6e1333500ba6,106,2025-04-30,77.28,2.0,77.28,2.0,4.37,5.35,4.37,5.35,,,True,True
917e90a1-6b70-496e-81f7-6e1333500ba6,107,2025-05-01,77.28,1.0,77.28,1.0,4.37,5.35,4.37,5.35,,,True,True
917e90a1-6b70-496e-81f7-6e1333500ba6,108,2025-05-02,77.28,0.0,77.28,0.0,4.37,5.35,4.37,5.35,,,True,True
917e90a1-6b70-496e-81f7-6e1333500ba6,109,2025-05-03,77.28,-1.0,77.28,-1.0,4.37,5.35,4.37,5.35,,,True,True
917e90a1-6b70-496e-81f7-6e1333500ba6,110,2025-05-04,75.94,1.0,75.94,1.0,5.7,6.98,5.7,6.98,,,True,True
917e90a1-6b70-496e-81f7-6e1333500ba6,111,2025-05-05,75.94,0.0,75.94,0.0,5.7,6.98,5.7,6.98,,,True,True
917e90a1-6b70-496e-81f7-6e1333500ba6,112,2025-05-06,75.75,0.0,75.75,0.0,5.9,7.22,5.9,7.22,,,True,True
917e90a1-6b70-496e-81f7-6e1333500ba6,113,2025-05-07,75.75,-1.0,75.75,-1.0,5.9,7.22,5.9,7.22,,,True,True
917e90a1-6b70-496e-81f7-6e1333500ba6,114,2025-05-08,75.75,-2.0,75.75,-2.0,5.9,7.22,5.9,7.22,,,True,True
917e90a1-6b70-496e-81f7-6e1333500ba6,115,2025-05-09,76.38,1.0,76.38,1.0,5.27,6.45,5.27,6.45,,,True,True
917e90a1-6b70-496e-81f7-6e1333500ba6,116,2025-05-10,76.38,0.0,76.38,0.0,5.27,6.45,5.27,6.45,,,True,True
917e90a1-6b70-496e-81f7-6e1333500ba6,117,2025-05-11,75.75,0.0,75.75,0.0,5.9,7.22,5.9,7.22,,,True,True
917e90a1-6b70-496e-81f7-6e1333500ba6,118,2025-05-12,75.75,-1.0,75.75,-1.0,5.9,7.22,5.9,7.22,,,True,True
917e90a1-6b70-496e-81f7-6e1333500ba6,119,2025-05-13,77.16,1.0,77.16,1.0,4.49,5.5,4.49,5.5,,,True,True
917e90a1-6b70-496e-81f7-6e1333500ba6,120,2025-05-14,77.16,0.0,77.16,0.0,4.49,5.5,4.49,5.5,,,True,True
917e90a1-6b70-496e-81f7-6e1333500ba6,121,2025-05-15,77.16,-1.0,77.16,-1.0,4.49,5.5,4.49,5.5,,,True,True
917e90a1-6b70-496e-81f7-6e1333500ba6,122,2025-05-16,77.16,-2.0,77.16,-2.0,4.49,5.5,4.49,5.5,,,True,True
917e90a1-6b70-496e-81f7-6e1333500ba6,123,2025-05-17,77.16,-3.0,77.16,-3.0,4.49,5.5,4.49,5.5,,,True,True
917e90a1-6b70-496e-81f7-6e1333500ba6,124,2025-05-18,77.16,-4.0,77.16,-4.0,4.49,5.5,4.49,5.5,,,True,True
917e90a1-6b70-496e-81f7-6e1333500ba6,125,2025-05-19,77.16,-5.0,77.16,-5.0,4.49,5.5,4.49,5.5,,,True,True
917e90a1-6b70-496e-81f7-6e1333500ba6,126,2025-05-20,77.16,-6.0,77.16,-6.0,4.49,5.5,4.49,5.5,,,True,True
917e90a1-6b70-496e-81f7-6e1333500ba6,127,2025-05-21,77.16,-7.0,77.16,-7.0,4.49,5.5,4.49,5.5,,,True,True
917e90a1-6b70-496e-81f7-6e1333500ba6,128,2025-05-22,77.47,6.0,77.47,6.0,4.17,5.11,4.17,5.11,,,True,True
917e90a1-6b70-496e-81f7-6e1333500ba6,129,2025-05-23,77.47,5.0,77.47,5.0,4.17,5.11,4.17,5.11,,,True,True
917e90a1-6b70-496e-81f7-6e1333500ba6,130,2025-05-24,77.47,4.0,77.47,4.0,4.17,5.11,4.17,5.11,,,True,True
917e90a1-6b70-496e-81f7-6e1333500ba6,131,2025-05-25,77.47,3.0,77.47,3.0,4.17,5.11,4.17,5.11,,,True,True
917e90a1-6b70-496e-81f7-6e1333500ba6,132,2025-05-26,77.47,2.0,77.47,2.0,4.17,5.11,4.17,5.11,,,True,True
917e90a1-6b70-496e-81f7-6e1333500ba6,133,2025-05-27,77.47,1.0,77.47,1.0,4.17,5.11,4.17,5.11,,,True,True
917e90a1-6b70-496e-81f7-6e1333500ba6,134,2025-05-28,77.47,0.0,77.47,0.0,4.17,5.11,4.17,5.11,,,True,True
917e90a1-6b70-496e-81f7-6e1333500ba6,135,2025-05-29,77.2,0.0,77.2,0.0,4.45,5.44,4.45,5.44,,,True,True
917e90a1-6b70-496e-81f7-6e1333500ba6,136,2025-05-30,77.2,-1.0,77.2,-1.0,4.45,5.44,4.45,5.44,,,True,True
917e90a1-6b70-496e-81f7-6e1333500ba6,137,2025-05-31,77.2,-2.0,77.2,-2.0,4.45,5.44,4.45,5.44,,,True,True
917e90a1-6b70-496e-81f7-6e1333500ba6,138,2025-06-01,77.2,-3.0,77.2,-3.0,4.45,5.44,4.45,5.44,,,True,True
917e90a1-6b70-496e-81f7-6e1333500ba6,139,2025-06-02,77.2,-4.0,77.2,-4.0,4.45,5.44,4.45,5.44,,,True,True
917e90a1-6b70-496e-81f7-6e1333500ba6,140,2025-06-03,74.84,4.0,74.84,4.0,6.8,8.33,6.8,8.33,,,True,True
917e90a1-6b70-496e-81f7-6e1333500ba6,141,2025-06-04,74.84,3.0,74.84,3.0,6.8,8.33,6.8,8.33,,,True,True
917e90a1-6b70-496e-81f7-6e1333500ba6,142,2025-06-05,74.84,2.0,74.84,2.0,6.8,8.33,6.8,8.33,,,True,True
917e90a1-6b70-496e-81f7-6e1333500ba6,143,2025-06-06,74.84,1.0,74.84,1.0,6.8,8.33,6.8,8.33,,,True,True
917e90a1-6b70-496e-81f7-6e1333500ba6,144,2025-06-07,74.84,0.0,74.84,0.0,6.8,8.33,6.8,8.33,,,True,True
917e90a1-6b70-496e-81f7-6e1333500ba6,145,2025-06-08,74.84,-1.0,74.84,-1.0,6.8,8.33,6.8,8.33,,,True,True
917e90a1-6b70-496e-81f7-6e1333500ba6,146,2025-06-09,74.84,-2.0,74.84,-2.0,6.8,8.33,6.8,8.33,,,True,True
917e90a1-6b70-496e-81f7-6e1333500ba6,147,2025-06-10,74.84,-3.0,74.84,-3.0,6.8,8.33,6.8,8.33,,,True,True
917e90a1-6b70-496e-81f7-6e1333500ba6,148,2025-06-11,74.84,-4.0,74.84,-4.0,6.8,8.33,6.8,8.33,,,True,True
917e90a1-6b70-496e-81f7-6e1333500ba6,149,2025-06-12,74.84,-5.0,74.84,-5.0,6.8,8.33,6.8,8.33,,,True,True
917e90a1-6b70-496e-81f7-6e1333500ba6,150,2025-06-13,74.84,-6.0,74.84,-6.0,6.8,8.33,6.8,8.33,,,True,True
917e90a1-6b70-496e-81f7-6e1333500ba6,151,2025-06-14,75.48,5.0,75.48,5.0,6.17,7.56,6.17,7.56,,,True,True
917e90a1-6b70-496e-81f7-6e1333500ba6,152,2025-06-15,75.48,4.0,75.48,4.0,6.17,7.56,6.17,7.56,,,True,True
917e90a1-6b70-496e-81f7-6e1333500ba6,153,2025-06-16,75.48,3.0,75.48,3.0,6.17,7.56,6.17,7.56,,,True,True
917e90a1-6b70-496e-81f7-6e1333500ba6,154,2025-06-17,75.48,2.0,75.48,2.0,6.17,7.56,6.17,7.56,,,True,True
917e90a1-6b70-496e-81f7-6e1333500ba6,155,2025-06-18,75.48,1.0,75.48,1.0,6.17,7.56,6.17,7.56,,,True,True
917e90a1-6b70-496e-81f7-6e1333500ba6,156,2025-06-19,75.48,0.0,75.48,0.0,6.17,7.56,6.17,7.56,,,True,True
917e90a1-6b70-496e-81f7-6e1333500ba6,157,2025-06-20,75.48,-1.0,75.48,-1.0,6.17,7.56,6.17,7.56,,,True,True
917e90a1-6b70-496e-81f7-6e1333500ba6,158,2025-06-21,75.48,-2.0,75.48,-2.0,6.17,7.56,6.17,7.56,,,True,True
917e90a1-6b70-496e-81f7-6e1333500ba6,159,2025-06-22,75.48,-3.0,75.48,-3.0,6.17,7.56,6.17,7.56,,,True,True
917e90a1-6b70-496e-81f7-6e1333500ba6,160,2025-06-23,75.48,-4.0,75.48,-4.0,6.17,7.56,6.17,7.56,,,True,True
917e90a1-6b70-496e-81f7-6e1333500ba6,161,2025-06-24,74.48,3.0,74.48,3.0,7.17,8.78,7.17,8.78,,,True,True
917e90a1-6b70-496e-81f7-6e1333500ba6,162,2025-06-25,74.48,2.0,74.48,2.0,7.17,8.78,7.17,8.78,,,True,True
917e90a1-6b70-496e-81f7-6e1333500ba6,163,2025-06-26,74.48,1.0,74.48,1.0,7.17,8.78,7.17,8.78,,,True,True
917e90a1-6b70-496e-81f7-6e1333500ba6,164,2025-06-27,74.48,0.0,74.48,0.0,7.17,8.78,7.17,8.78,,,True,True
917e90a1-6b70-496e-81f7-6e1333500ba6,165,2025-06-28,74.48,-1.0,74.48,-1.0,7.17,8.78,7.17,8.78,,,True,True
917e90a1-6b70-496e-81f7-6e1333500ba6,166,2025-06-29,74.48,-2.0,74.48,-2.0,7.17,8.78,7.17,8.78,,,True,True
917e90a1-6b70-496e-81f7-6e1333500ba6,167,2025-06-30,74.48,-3.0,74.48,-3.0,7.17,8.78,7.17,8.78,,,True,True
917e90a1-6b70-496e-81f7-6e1333500ba6,168,2025-07-01,73.94,2.0,73.94,2.0,7.71,9.44,7.71,9.44,,,True,True
917e90a1-6b70-496e-81f7-6e1333500ba6,169,2025-07-02,73.94,1.0,73.94,1.0,7.71,9.44,7.71,9.44,,,True,True
917e90a1-6b70-496e-81f7-6e1333500ba6,170,2025-07-03,73.94,0.0,73.94,0.0,7.71,9.44,7.71,9.44,,,True,True
917e90a1-6b70-496e-81f7-6e1333500ba6,171,2025-07-04,73.94,-1.0,73.94,-1.0,7.71,9.44,7.71,9.44,,,True,True
917e90a1-6b70-496e-81f7-6e1333500ba6,172,2025-07-05,73.94,-2.0,73.94,-2.0,7.71,9.44,7.71,9.44,,,True,True
917e90a1-6b70-496e-81f7-6e1333500ba6,173,2025-07-06,73.94,-3.0,73.94,-3.0,7.71,9.44,7.71,9.44,,,True,True
917e90a1-6b70-496e-81f7-6e1333500ba6,174,2025-07-07,73.94,-4.0,73.94,-4.0,7.71,9.44,7.71,9.44,,,True,True
917e90a1-6b70-496e-81f7-6e1333500ba6,175,2025-07-08,74.12,3.0,74.12,3.0,7.53,9.22,7.53,9.22,,,True,True
917e90a1-6b70-496e-81f7-6e1333500ba6,176,2025-07-09,74.12,2.0,74.12,2.0,7.53,9.22,7.53,9.22,,,True,True
917e90a1-6b70-496e-81f7-6e1333500ba6,177,2025-07-10,74.12,1.0,74.12,1.0,7.53,9.22,7.53,9.22,,,True,True
917e90a1-6b70-496e-81f7-6e1333500ba6,178,2025-07-11,74.12,0.0,74.12,0.0,7.53,9.22,7.53,9.22,,,True,True
917e90a1-6b70-496e-81f7-6e1333500ba6,179,2025-07-12,74.12,-1.0,74.12,-1.0,7.53,9.22,7.53,9.22,,,True,True
917e90a1-6b70-496e-81f7-6e1333500ba6,180,2025-07-13,74.12,-2.0,74.12,-2.0,7.53,9.22,7.53,9.22,,,True,True
99518101-ca9c-4a76-b86c-cca12a6bbbd6,0,2025-02-07,84.82,0.0,84.82,0.0,,,,,,,True,True
99518101-ca9c-4a76-b86c-cca12a6bbbd6,1,2025-02-08,84.82,0.0,84.82,0.0,,,,,,,True,True
99518101-ca9c-4a76-b86c-cca12a6bbbd6,2,2025-02-09,84.82,0.0,84.82,0.0,,,,,,,True,True
99518101-ca9c-4a76-b86c-cca12a6bbbd6,3,2025-02-10,84.82,0.0,84.82,0.0,,,,,,,True,True
99518101-ca9c-4a76-b86c-cca12a6bbbd6,4,2025-02-11,84.82,0.0,84.82,0.0,,,,,,,True,True
99518101-ca9c-4a76-b86c-cca12a6bbbd6,5,2025-02-12,84.82,0.0,84.82,0.0,,,,,,,True,True
99518101-ca9c-4a76-b86c-cca12a6bbbd6,6,2025-02-13,84.82,0.0,84.82,0.0,,,,,,,True,True
99518101-ca9c-4a76-b86c-cca12a6bbbd6,7,2025-02-14,84.82,0.0,84.82,0.0,,,,,,,True,True
99518101-ca9c-4a76-b86c-cca12a6bbbd6,8,2025-02-15,84.82,0.0,84.82,0.0,,,,,,,True,True
99518101-ca9c-4a76-b86c-cca12a6bbbd6,9,2025-02-16,84.82,0.0,84.82,0.0,,,,,,,True,True
99518101-ca9c-4a76-b86c-cca12a6bbbd6,10,2025-02-17,84.82,0.0,84.82,0.0,,,,,,,True,True
99518101-ca9c-4a76-b86c-cca12a6bbbd6,11,2025-02-18,84.82,0.0,84.82,0.0,,,,,,,True,True
99518101-ca9c-4a76-b86c-cca12a6bbbd6,12,2025-02-19,84.82,0.0,84.82,0.0,,,,,,,True,True
99518101-ca9c-4a76-b86c-cca12a6bbbd6,13,2025-02-20,84.82,0.0,84.82,0.0,,,,,,,True,True
99518101-ca9c-4a76-b86c-cca12a6bbbd6,14,2025-02-21,84.82,0.0,84.82,0.0,,,,,,,True,True
99518101-ca9c-4a76-b86c-cca12a6bbbd6,15,2025-02-22,84.82,0.0,84.82,0.0,,,,,,,True,True
99518101-ca9c-4a76-b86c-cca12a6bbbd6,16,2025-02-23,84.82,0.0,84.82,0.0,,,,,,,True,True
99518101-ca9c-4a76-b86c-cca12a6bbbd6,17,2025-02-24,84.82,0.0,84.82,0.0,,,,,,,True,True
99518101-ca9c-4a76-b86c-cca12a6bbbd6,18,2025-02-25,84.82,0.0,84.82,0.0,,,,,,,True,True
99518101-ca9c-4a76-b86c-cca12a6bbbd6,19,2025-02-26,84.82,0.0,84.82,0.0,,,,,,,True,True
99518101-ca9c-4a76-b86c-cca12a6bbbd6,20,2025-02-27,84.82,0.0,84.82,0.0,,,,,,,True,True
99518101-ca9c-4a76-b86c-cca12a6bbbd6,21,2025-02-28,84.82,0.0,84.82,0.0,,,,,,,True,True
99518101-ca9c-4a76-b86c-cca12a6bbbd6,22,2025-03-01,84.82,0.0,84.82,0.0,,,,,,,True,True
99518101-ca9c-4a76-b86c-cca12a6bbbd6,23,2025-03-02,84.82,0.0,84.82,0.0,,,,,,,True,True
99518101-ca9c-4a76-b86c-cca12a6bbbd6,24,2025-03-03,84.82,0.0,84.82,0.0,,,,,,,True,True
99518101-ca9c-4a76-b86c-cca12a6bbbd6,25,2025-03-04,84.82,0.0,84.82,0.0,,,,,,,True,True
99518101-ca9c-4a76-b86c-cca12a6bbbd6,26,2025-03-05,84.82,0.0,84.82,0.0,,,,,,,True,True
99518101-ca9c-4a76-b86c-cca12a6bbbd6,27,2025-03-06,84.82,0.0,84.82,0.0,,,,,,,True,True
99518101-ca9c-4a76-b86c-cca12a6bbbd6,28,2025-03-07,84.82,0.0,84.82,0.0,,,,,,,True,True
99518101-ca9c-4a76-b86c-cca12a6bbbd6,29,2025-03-08,84.82,0.0,84.82,0.0,,,,,,,True,True
99518101-ca9c-4a76-b86c-cca12a6bbbd6,30,2025-03-09,84.82,0.0,84.82,0.0,,,,,,,True,True
99518101-ca9c-4a76-b86c-cca12a6bbbd6,31,2025-03-10,84.82,0.0,84.82,0.0,,,,,,,True,True
99518101-ca9c-4a76-b86c-cca12a6bbbd6,32,2025-03-11,84.82,0.0,84.82,0.0,,,,,,,True,True
99518101-ca9c-4a76-b86c-cca12a6bbbd6,33,2025-03-12,84.82,0.0,84.82,0.0,,,,,,,True,True
99518101-ca9c-4a76-b86c-cca12a6bbbd6,34,2025-03-13,84.82,0.0,84.82,0.0,,,,,,,True,True
99518101-ca9c-4a76-b86c-cca12a6bbbd6,35,2025-03-14,84.82,0.0,84.82,0.0,,,,,,,True,True
99518101-ca9c-4a76-b86c-cca12a6bbbd6,36,2025-03-15,84.82,0.0,84.82,0.0,,,,,,,True,True
99518101-ca9c-4a76-b86c-cca12a6bbbd6,37,2025-03-16,84.82,0.0,84.82,0.0,,,,,,,True,True
99518101-ca9c-4a76-b86c-cca12a6bbbd6,38,2025-03-17,84.82,0.0,84.82,0.0,,,,,,,True,True
99518101-ca9c-4a76-b86c-cca12a6bbbd6,39,2025-03-18,84.82,0.0,84.82,0.0,,,,,,,True,True
99518101-ca9c-4a76-b86c-cca12a6bbbd6,40,2025-03-19,84.82,0.0,84.82,0.0,,,,,,,True,True
99518101-ca9c-4a76-b86c-cca12a6bbbd6,41,2025-03-20,84.82,0.0,84.82,0.0,,,,,,,True,True
99518101-ca9c-4a76-b86c-cca12a6bbbd6,42,2025-03-21,84.82,0.0,84.82,0.0,,,,,,,True,True
99518101-ca9c-4a76-b86c-cca12a6bbbd6,43,2025-03-22,84.82,0.0,84.82,0.0,,,,,,,True,True
99518101-ca9c-4a76-b86c-cca12a6bbbd6,44,2025-03-23,84.82,0.0,84.82,0.0,,,,,,,True,True
99518101-ca9c-4a76-b86c-cca12a6bbbd6,45,2025-03-24,84.82,0.0,84.82,0.0,,,,,,,True,True
99518101-ca9c-4a76-b86c-cca12a6bbbd6,46,2025-03-25,84.82,0.0,84.82,0.0,,,,,,,True,True
99518101-ca9c-4a76-b86c-cca12a6bbbd6,47,2025-03-26,84.82,0.0,84.82,0.0,,,,,,,True,True
99518101-ca9c-4a76-b86c-cca12a6bbbd6,48,2025-03-27,84.82,0.0,84.82,0.0,,,,,,,True,True
99518101-ca9c-4a76-b86c-cca12a6bbbd6,49,2025-03-28,84.82,0.0,84.82,0.0,,,,,,,True,True
99518101-ca9c-4a76-b86c-cca12a6bbbd6,50,2025-03-29,84.82,0.0,84.82,0.0,,,,,,,True,True
99518101-ca9c-4a76-b86c-cca12a6bbbd6,51,2025-03-30,84.82,0.0,84.82,0.0,,,,,,,True,True
99518101-ca9c-4a76-b86c-cca12a6bbbd6,52,2025-03-31,84.82,0.0,84.82,0.0,,,,,,,True,True
99518101-ca9c-4a76-b86c-cca12a6bbbd6,53,2025-04-01,84.82,0.0,84.82,0.0,,,,,,,True,True
99518101-ca9c-4a76-b86c-cca12a6bbbd6,54,2025-04-02,84.82,0.0,84.82,0.0,,,,,,,True,True
99518101-ca9c-4a76-b86c-cca12a6bbbd6,55,2025-04-03,84.82,0.0,84.82,0.0,,,,,,,True,True
99518101-ca9c-4a76-b86c-cca12a6bbbd6,56,2025-04-04,84.82,0.0,84.82,0.0,,,,,,,True,True
99518101-ca9c-4a76-b86c-cca12a6bbbd6,57,2025-04-05,84.82,0.0,84.82,0.0,,,,,,,True,True
99518101-ca9c-4a76-b86c-cca12a6bbbd6,58,2025-04-06,84.82,0.0,84.82,0.0,,,,,,,True,True
99518101-ca9c-4a76-b86c-cca12a6bbbd6,59,2025-04-07,84.82,0.0,84.82,0.0,,,,,,,True,True
99518101-ca9c-4a76-b86c-cca12a6bbbd6,60,2025-04-08,84.82,0.0,84.82,0.0,,,,,,,True,True
99518101-ca9c-4a76-b86c-cca12a6bbbd6,61,2025-04-09,84.82,0.0,84.82,0.0,,,,,,,True,True
99518101-ca9c-4a76-b86c-cca12a6bbbd6,62,2025-04-10,84.82,0.0,84.82,0.0,,,,,,,True,True
99518101-ca9c-4a76-b86c-cca12a6bbbd6,63,2025-04-11,84.82,0.0,84.82,0.0,,,,,,,True,True
99518101-ca9c-4a76-b86c-cca12a6bbbd6,64,2025-04-12,84.82,0.0,84.82,0.0,,,,,,,True,True
99518101-ca9c-4a76-b86c-cca12a6bbbd6,65,2025-04-13,84.82,0.0,84.82,0.0,,,,,,,True,True
99518101-ca9c-4a76-b86c-cca12a6bbbd6,66,2025-04-14,84.82,0.0,84.82,0.0,,,,,,,True,True
99518101-ca9c-4a76-b86c-cca12a6bbbd6,67,2025-04-15,84.82,0.0,84.82,0.0,,,,,,,True,True
99518101-ca9c-4a76-b86c-cca12a6bbbd6,68,2025-04-16,84.82,0.0,84.82,0.0,,,,,,,True,True
99518101-ca9c-4a76-b86c-cca12a6bbbd6,69,2025-04-17,84.82,0.0,84.82,0.0,,,,,,,True,True
99518101-ca9c-4a76-b86c-cca12a6bbbd6,70,2025-04-18,84.82,0.0,84.82,0.0,,,,,,,True,True
99518101-ca9c-4a76-b86c-cca12a6bbbd6,71,2025-04-19,84.82,0.0,84.82,0.0,,,,,,,True,True
99518101-ca9c-4a76-b86c-cca12a6bbbd6,72,2025-04-20,84.82,0.0,84.82,0.0,,,,,,,True,True
99518101-ca9c-4a76-b86c-cca12a6bbbd6,73,2025-04-21,84.82,0.0,84.82,0.0,,,,,,,True,True
99518101-ca9c-4a76-b86c-cca12a6bbbd6,74,2025-04-22,84.82,0.0,84.82,0.0,,,,,,,True,True
99518101-ca9c-4a76-b86c-cca12a6bbbd6,75,2025-04-23,84.82,0.0,84.82,0.0,,,,,,,True,True
99518101-ca9c-4a76-b86c-cca12a6bbbd6,76,2025-04-24,84.82,0.0,84.82,0.0,,,,,,,True,True
99518101-ca9c-4a76-b86c-cca12a6bbbd6,77,2025-04-25,84.82,0.0,84.82,0.0,,,,,,,True,True
99518101-ca9c-4a76-b86c-cca12a6bbbd6,78,2025-04-26,84.82,0.0,84.82,0.0,,,,,,,True,True
99518101-ca9c-4a76-b86c-cca12a6bbbd6,79,2025-04-27,84.82,0.0,84.82,0.0,,,,,,,True,True
99518101-ca9c-4a76-b86c-cca12a6bbbd6,80,2025-04-28,84.82,0.0,84.82,0.0,,,,,,,True,True
99518101-ca9c-4a76-b86c-cca12a6bbbd6,81,2025-04-29,94.35,0.0,84.82,-1.0,-9.53,-11.23,,,-9.53,11.23,True,True
99518101-ca9c-4a76-b86c-cca12a6bbbd6,82,2025-04-30,94.35,-1.0,84.82,-2.0,-9.53,-11.23,,,-9.53,11.23,True,True
99518101-ca9c-4a76-b86c-cca12a6bbbd6,83,2025-05-01,94.35,-2.0,84.82,-3.0,-9.53,-11.23,,,-9.53,11.23,True,True
99518101-ca9c-4a76-b86c-cca12a6bbbd6,84,2025-05-02,95.4,2.0,84.82,-4.0,-10.58,-12.47,,,-10.58,12.47,True,True
99518101-ca9c-4a76-b86c-cca12a6bbbd6,85,2025-05-03,95.4,1.0,84.82,-5.0,-10.58,-12.47,,,-10.58,12.47,True,True
99518101-ca9c-4a76-b86c-cca12a6bbbd6,86,2025-05-04,95.4,0.0,84.82,-6.0,-10.58,-12.47,,,-10.58,12.47,True,True
99518101-ca9c-4a76-b86c-cca12a6bbbd6,87,2025-05-05,95.4,-1.0,84.82,-7.0,-10.58,-12.47,,,-10.58,12.47,True,True
99518101-ca9c-4a76-b86c-cca12a6bbbd6,88,2025-05-06,95.4,-2.0,84.82,-8.0,-10.58,-12.47,,,-10.58,12.47,True,True
99518101-ca9c-4a76-b86c-cca12a6bbbd6,89,2025-05-07,95.4,-3.0,84.82,-9.0,-10.58,-12.47,,,-10.58,12.47,True,True
99518101-ca9c-4a76-b86c-cca12a6bbbd6,90,2025-05-08,95.4,-4.0,84.82,-10.0,-10.58,-12.47,,,-10.58,12.47,True,True
99518101-ca9c-4a76-b86c-cca12a6bbbd6,91,2025-05-09,94.75,3.0,84.82,-11.0,-9.93,-11.7,,,-9.93,11.7,True,True
99518101-ca9c-4a76-b86c-cca12a6bbbd6,92,2025-05-10,94.75,2.0,84.82,-12.0,-9.93,-11.7,,,-9.93,11.7,True,True
99518101-ca9c-4a76-b86c-cca12a6bbbd6,93,2025-05-11,94.75,1.0,84.82,-13.0,-9.93,-11.7,,,-9.93,11.7,True,True
99518101-ca9c-4a76-b86c-cca12a6bbbd6,94,2025-05-12,94.75,0.0,84.82,-14.0,-9.93,-11.7,,,-9.93,11.7,True,True
99518101-ca9c-4a76-b86c-cca12a6bbbd6,95,2025-05-13,94.75,-1.0,84.82,-15.0,-9.93,-11.7,,,-9.93,11.7,True,True
99518101-ca9c-4a76-b86c-cca12a6bbbd6,96,2025-05-14,94.75,-2.0,84.82,-16.0,-9.93,-11.7,,,-9.93,11.7,True,True
99518101-ca9c-4a76-b86c-cca12a6bbbd6,97,2025-05-15,95.95,1.0,84.82,-17.0,-11.13,-13.12,,,-11.13,13.12,True,True
99518101-ca9c-4a76-b86c-cca12a6bbbd6,98,2025-05-16,95.95,0.0,84.82,-18.0,-11.13,-13.12,,,-11.13,13.12,True,True
99518101-ca9c-4a76-b86c-cca12a6bbbd6,99,2025-05-17,95.95,-1.0,84.82,-19.0,-11.13,-13.12,,,-11.13,13.12,True,True
99518101-ca9c-4a76-b86c-cca12a6bbbd6,100,2025-05-18,95.95,-2.0,84.82,-20.0,-11.13,-13.12,,,-11.13,13.12,True,True
99518101-ca9c-4a76-b86c-cca12a6bbbd6,101,2025-05-19,95.95,-3.0,,,-11.13,-13.12,,,,,True,False
99518101-ca9c-4a76-b86c-cca12a6bbbd6,102,2025-05-20,95.95,-4.0,,,-11.13,-13.12,,,,,True,False
99518101-ca9c-4a76-b86c-cca12a6bbbd6,103,2025-05-21,95.95,-5.0,,,-11.13,-13.12,,,,,True,False
99518101-ca9c-4a76-b86c-cca12a6bbbd6,104,2025-05-22,95.95,-6.0,,,-11.13,-13.12,,,,,True,False
99518101-ca9c-4a76-b86c-cca12a6bbbd6,105,2025-05-23,95.95,-7.0,,,-11.13,-13.12,,,,,True,False
99518101-ca9c-4a76-b86c-cca12a6bbbd6,106,2025-05-24,95.95,-8.0,92.08,20.0,-11.13,-13.12,-7.26,-8.56,-3.87,4.56,True,True
99518101-ca9c-4a76-b86c-cca12a6bbbd6,107,2025-05-25,95.95,-9.0,92.08,19.0,-11.13,-13.12,-7.26,-8.56,-3.87,4.56,True,True
99518101-ca9c-4a76-b86c-cca12a6bbbd6,108,2025-05-26,95.95,-10.0,92.08,18.0,-11.13,-13.12,-7.26,-8.56,-3.87,4.56,True,True
99518101-ca9c-4a76-b86c-cca12a6bbbd6,109,2025-05-27,95.95,-11.0,92.08,17.0,-11.13,-13.12,-7.26,-8.56,-3.87,4.56,True,True
99518101-ca9c-4a76-b86c-cca12a6bbbd6,110,2025-05-28,95.95,-12.0,92.08,16.0,-11.13,-13.12,-7.26,-8.56,-3.87,4.56,True,True
99518101-ca9c-4a76-b86c-cca12a6bbbd6,111,2025-05-29,95.95,-13.0,92.08,15.0,-11.13,-13.12,-7.26,-8.56,-3.87,4.56,True,True
99518101-ca9c-4a76-b86c-cca12a6bbbd6,112,2025-05-30,95.95,-14.0,92.08,14.0,-11.13,-13.12,-7.26,-8.56,-3.87,4.56,True,True
99518101-ca9c-4a76-b86c-cca12a6bbbd6,113,2025-05-31,92.08,13.0,92.08,13.0,-7.26,-8.56,-7.26,-8.56,,,True,True
99518101-ca9c-4a76-b86c-cca12a6bbbd6,114,2025-06-01,92.08,12.0,92.08,12.0,-7.26,-8.56,-7.26,-8.56,,,True,True
99518101-ca9c-4a76-b86c-cca12a6bbbd6,115,2025-06-02,92.08,11.0,92.08,11.0,-7.26,-8.56,-7.26,-8.56,,,True,True
99518101-ca9c-4a76-b86c-cca12a6bbbd6,116,2025-06-03,92.08,10.0,92.08,10.0,-7.26,-8.56,-7.26,-8.56,,,True,True
99518101-ca9c-4a76-b86c-cca12a6bbbd6,117,2025-06-04,92.08,9.0,92.08,9.0,-7.26,-8.56,-7.26,-8.56,,,True,True
99518101-ca9c-4a76-b86c-cca12a6bbbd6,118,2025-06-05,92.08,8.0,92.08,8.0,-7.26,-8.56,-7.26,-8.56,,,True,True
99518101-ca9c-4a76-b86c-cca12a6bbbd6,119,2025-06-06,92.08,7.0,92.08,7.0,-7.26,-8.56,-7.26,-8.56,,,True,True
99518101-ca9c-4a76-b86c-cca12a6bbbd6,120,2025-06-07,92.08,6.0,92.08,6.0,-7.26,-8.56,-7.26,-8.56,,,True,True
99518101-ca9c-4a76-b86c-cca12a6bbbd6,121,2025-06-08,92.08,5.0,92.08,5.0,-7.26,-8.56,-7.26,-8.56,,,True,True
99518101-ca9c-4a76-b86c-cca12a6bbbd6,122,2025-06-09,92.08,4.0,92.08,4.0,-7.26,-8.56,-7.26,-8.56,,,True,True
99518101-ca9c-4a76-b86c-cca12a6bbbd6,123,2025-06-10,92.08,3.0,92.08,3.0,-7.26,-8.56,-7.26,-8.56,,,True,True
99518101-ca9c-4a76-b86c-cca12a6bbbd6,124,2025-06-11,92.08,2.0,92.08,2.0,-7.26,-8.56,-7.26,-8.56,,,True,True
99518101-ca9c-4a76-b86c-cca12a6bbbd6,125,2025-06-12,92.08,1.0,92.08,1.0,-7.26,-8.56,-7.26,-8.56,,,True,True
99518101-ca9c-4a76-b86c-cca12a6bbbd6,126,2025-06-13,92.08,0.0,92.08,0.0,-7.26,-8.56,-7.26,-8.56,,,True,True
99518101-ca9c-4a76-b86c-cca12a6bbbd6,127,2025-06-14,92.08,-1.0,92.08,-1.0,-7.26,-8.56,-7.26,-8.56,,,True,True
99518101-ca9c-4a76-b86c-cca12a6bbbd6,128,2025-06-15,92.08,-2.0,92.08,-2.0,-7.26,-8.56,-7.26,-8.56,,,True,True
99518101-ca9c-4a76-b86c-cca12a6bbbd6,129,2025-06-16,92.08,-3.0,92.08,-3.0,-7.26,-8.56,-7.26,-8.56,,,True,True
99518101-ca9c-4a76-b86c-cca12a6bbbd6,130,2025-06-17,90.8,3.0,90.8,3.0,-5.98,-7.05,-5.98,-7.05,,,True,True
99518101-ca9c-4a76-b86c-cca12a6bbbd6,131,2025-06-18,90.8,2.0,90.8,2.0,-5.98,-7.05,-5.98,-7.05,,,True,True
99518101-ca9c-4a76-b86c-cca12a6bbbd6,132,2025-06-19,90.8,1.0,90.8,1.0,-5.98,-7.05,-5.98,-7.05,,,True,True
99518101-ca9c-4a76-b86c-cca12a6bbbd6,133,2025-06-20,90.8,0.0,90.8,0.0,-5.98,-7.05,-5.98,-7.05,,,True,True
99518101-ca9c-4a76-b86c-cca12a6bbbd6,134,2025-06-21,90.8,-1.0,90.8,-1.0,-5.98,-7.05,-5.98,-7.05,,,True,True
99518101-ca9c-4a76-b86c-cca12a6bbbd6,135,2025-06-22,90.8,-2.0,90.8,-2.0,-5.98,-7.05,-5.98,-7.05,,,True,True
99518101-ca9c-4a76-b86c-cca12a6bbbd6,136,2025-06-23,90.8,-3.0,90.8,-3.0,-5.98,-7.05,-5.98,-7.05,,,True,True
99518101-ca9c-4a76-b86c-cca12a6bbbd6,137,2025-06-24,90.8,-4.0,90.8,-4.0,-5.98,-7.05,-5.98,-7.05,,,True,True
99518101-ca9c-4a76-b86c-cca12a6bbbd6,138,2025-06-25,90.8,-5.0,90.8,-5.0,-5.98,-7.05,-5.98,-7.05,,,True,True
99518101-ca9c-4a76-b86c-cca12a6bbbd6,139,2025-06-26,90.8,-6.0,90.8,-6.0,-5.98,-7.05,-5.98,-7.05,,,True,True
99518101-ca9c-4a76-b86c-cca12a6bbbd6,140,2025-06-27,90.8,-7.0,90.8,-7.0,-5.98,-7.05,-5.98,-7.05,,,True,True
99518101-ca9c-4a76-b86c-cca12a6bbbd6,141,2025-06-28,90.8,-8.0,90.8,-8.0,-5.98,-7.05,-5.98,-7.05,,,True,True
99518101-ca9c-4a76-b86c-cca12a6bbbd6,142,2025-06-29,90.8,-9.0,90.8,-9.0,-5.98,-7.05,-5.98,-7.05,,,True,True
99518101-ca9c-4a76-b86c-cca12a6bbbd6,143,2025-06-30,89.85,8.0,89.85,8.0,-5.03,-5.93,-5.03,-5.93,,,True,True
99518101-ca9c-4a76-b86c-cca12a6bbbd6,144,2025-07-01,89.85,7.0,89.85,7.0,-5.03,-5.93,-5.03,-5.93,,,True,True
99518101-ca9c-4a76-b86c-cca12a6bbbd6,145,2025-07-02,89.85,6.0,89.85,6.0,-5.03,-5.93,-5.03,-5.93,,,True,True
99518101-ca9c-4a76-b86c-cca12a6bbbd6,146,2025-07-03,89.85,5.0,89.85,5.0,-5.03,-5.93,-5.03,-5.93,,,True,True
99518101-ca9c-4a76-b86c-cca12a6bbbd6,147,2025-07-04,89.85,4.0,89.85,4.0,-5.03,-5.93,-5.03,-5.93,,,True,True
99518101-ca9c-4a76-b86c-cca12a6bbbd6,148,2025-07-05,89.85,3.0,89.85,3.0,-5.03,-5.93,-5.03,-5.93,,,True,True
99518101-ca9c-4a76-b86c-cca12a6bbbd6,149,2025-07-06,89.85,2.0,89.85,2.0,-5.03,-5.93,-5.03,-5.93,,,True,True
99518101-ca9c-4a76-b86c-cca12a6bbbd6,150,2025-07-07,89.85,1.0,89.85,1.0,-5.03,-5.93,-5.03,-5.93,,,True,True
99518101-ca9c-4a76-b86c-cca12a6bbbd6,151,2025-07-08,89.85,0.0,89.85,0.0,-5.03,-5.93,-5.03,-5.93,,,True,True
99518101-ca9c-4a76-b86c-cca12a6bbbd6,152,2025-07-09,89.85,-1.0,89.85,-1.0,-5.03,-5.93,-5.03,-5.93,,,True,True
99518101-ca9c-4a76-b86c-cca12a6bbbd6,153,2025-07-10,88.9,1.0,88.9,1.0,-4.08,-4.81,-4.08,-4.81,,,True,True
99518101-ca9c-4a76-b86c-cca12a6bbbd6,154,2025-07-11,88.9,0.0,88.9,0.0,-4.08,-4.81,-4.08,-4.81,,,True,True
99518101-ca9c-4a76-b86c-cca12a6bbbd6,155,2025-07-12,88.9,-1.0,88.9,-1.0,-4.08,-4.81,-4.08,-4.81,,,True,True
99518101-ca9c-4a76-b86c-cca12a6bbbd6,156,2025-07-13,88.9,-2.0,88.9,-2.0,-4.08,-4.81,-4.08,-4.81,,,True,True
99518101-ca9c-4a76-b86c-cca12a6bbbd6,157,2025-07-14,88.9,-3.0,88.9,-3.0,-4.08,-4.81,-4.08,-4.81,,,True,True
99518101-ca9c-4a76-b86c-cca12a6bbbd6,158,2025-07-15,88.9,-4.0,88.9,-4.0,-4.08,-4.81,-4.08,-4.81,,,True,True
99518101-ca9c-4a76-b86c-cca12a6bbbd6,159,2025-07-16,88.9,-5.0,88.9,-5.0,-4.08,-4.81,-4.08,-4.81,,,True,True
99518101-ca9c-4a76-b86c-cca12a6bbbd6,160,2025-07-17,88.9,-6.0,88.9,-6.0,-4.08,-4.81,-4.08,-4.81,,,True,True
99518101-ca9c-4a76-b86c-cca12a6bbbd6,161,2025-07-18,88.9,-7.0,88.9,-7.0,-4.08,-4.81,-4.08,-4.81,,,True,True
99518101-ca9c-4a76-b86c-cca12a6bbbd6,162,2025-07-19,87.5,6.0,87.5,6.0,-2.68,-3.16,-2.68,-3.16,,,True,True
99518101-ca9c-4a76-b86c-cca12a6bbbd6,163,2025-07-20,87.5,5.0,87.5,5.0,-2.68,-3.16,-2.68,-3.16,,,True,True
99518101-ca9c-4a76-b86c-cca12a6bbbd6,164,2025-07-21,87.5,4.0,87.5,4.0,-2.68,-3.16,-2.68,-3.16,,,True,True
99518101-ca9c-4a76-b86c-cca12a6bbbd6,165,2025-07-22,87.5,3.0,87.5,3.0,-2.68,-3.16,-2.68,-3.16,,,True,True
99518101-ca9c-4a76-b86c-cca12a6bbbd6,166,2025-07-23,87.5,2.0,87.5,2.0,-2.68,-3.16,-2.68,-3.16,,,True,True
99518101-ca9c-4a76-b86c-cca12a6bbbd6,167,2025-07-24,87.5,1.0,87.5,1.0,-2.68,-3.16,-2.68,-3.16,,,True,True
99518101-ca9c-4a76-b86c-cca12a6bbbd6,168,2025-07-25,87.5,0.0,87.5,0.0,-2.68,-3.16,-2.68,-3.16,,,True,True
99518101-ca9c-4a76-b86c-cca12a6bbbd6,169,2025-07-26,87.5,-1.0,87.5,-1.0,-2.68,-3.16,-2.68,-3.16,,,True,True
99518101-ca9c-4a76-b86c-cca12a6bbbd6,170,2025-07-27,87.5,-2.0,87.5,-2.0,-2.68,-3.16,-2.68,-3.16,,,True,True
99518101-ca9c-4a76-b86c-cca12a6bbbd6,171,2025-07-28,87.5,-3.0,87.5,-3.0,-2.68,-3.16,-2.68,-3.16,,,True,True
99518101-ca9c-4a76-b86c-cca12a6bbbd6,172,2025-07-29,87.05,2.0,87.05,2.0,-2.23,-2.63,-2.23,-2.63,,,True,True
99518101-ca9c-4a76-b86c-cca12a6bbbd6,173,2025-07-30,87.05,1.0,87.05,1.0,-2.23,-2.63,-2.23,-2.63,,,True,True
99518101-ca9c-4a76-b86c-cca12a6bbbd6,174,2025-07-31,87.05,0.0,87.05,0.0,-2.23,-2.63,-2.23,-2.63,,,True,True
99518101-ca9c-4a76-b86c-cca12a6bbbd6,175,2025-08-01,87.05,-1.0,87.05,-1.0,-2.23,-2.63,-2.23,-2.63,,,True,True
99518101-ca9c-4a76-b86c-cca12a6bbbd6,176,2025-08-02,87.05,-2.0,87.05,-2.0,-2.23,-2.63,-2.23,-2.63,,,True,True
99518101-ca9c-4a76-b86c-cca12a6bbbd6,177,2025-08-03,87.05,-3.0,87.05,-3.0,-2.23,-2.63,-2.23,-2.63,,,True,True
99518101-ca9c-4a76-b86c-cca12a6bbbd6,178,2025-08-04,87.05,-4.0,87.05,-4.0,-2.23,-2.63,-2.23,-2.63,,,True,True
99518101-ca9c-4a76-b86c-cca12a6bbbd6,179,2025-08-05,87.05,-5.0,87.05,-5.0,-2.23,-2.63,-2.23,-2.63,,,True,True
99518101-ca9c-4a76-b86c-cca12a6bbbd6,180,2025-08-06,87.05,-6.0,87.05,-6.0,-2.23,-2.63,-2.23,-2.63,,,True,True
f68ac505-6d26-4426-9673-c0fa66f12ed6,0,2025-01-01,118.7,0.0,126.55,-2.0,,,,,7.85,,True,True
f68ac505-6d26-4426-9673-c0fa66f12ed6,1,2025-01-02,118.7,-1.0,119.2,2.0,,,7.35,5.81,0.5,5.81,True,True
f68ac505-6d26-4426-9673-c0fa66f12ed6,2,2025-01-03,119.2,1.0,119.2,1.0,-0.5,-0.42,7.35,5.81,,6.23,True,True
f68ac505-6d26-4426-9673-c0fa66f12ed6,3,2025-01-04,119.2,0.0,119.2,0.0,-0.5,-0.42,7.35,5.81,,6.23,True,True
f68ac505-6d26-4426-9673-c0fa66f12ed6,4,2025-01-05,119.2,-1.0,119.2,-1.0,-0.5,-0.42,7.35,5.81,,6.23,True,True
f68ac505-6d26-4426-9673-c0fa66f12ed6,5,2025-01-06,119.2,-2.0,119.2,-2.0,-0.5,-0.42,7.35,5.81,,6.23,True,True
f68ac505-6d26-4426-9673-c0fa66f12ed6,6,2025-01-07,119.2,-3.0,119.2,-3.0,-0.5,-0.42,7.35,5.81,,6.23,True,True
f68ac505-6d26-4426-9673-c0fa66f12ed6,7,2025-01-08,125.9,2.0,125.9,2.0,-7.2,-6.07,0.65,0.52,,6.58,True,True
f68ac505-6d26-4426-9673-c0fa66f12ed6,8,2025-01-09,125.9,1.0,125.9,1.0,-7.2,-6.07,0.65,0.52,,6.58,True,True
f68ac505-6d26-4426-9673-c0fa66f12ed6,9,2025-01-10,125.9,0.0,125.9,0.0,-7.2,-6.07,0.65,0.52,,6.58,True,True
f68ac505-6d26-4426-9673-c0fa66f12ed6,10,2025-01-11,125.9,-1.0,125.9,-1.0,-7.2,-6.07,0.65,0.52,,6.58,True,True
f68ac505-6d26-4426-9673-c0fa66f12ed6,11,2025-01-12,125.9,-2.0,125.9,-2.0,-7.2,-6.07,0.65,0.52,,6.58,True,True
f68ac505-6d26-4426-9673-c0fa66f12ed6,12,2025-01-13,125.7,1.0,125.7,1.0,-7.0,-5.9,0.85,0.67,,6.57,True,True
f68ac505-6d26-4426-9673-c0fa66f12ed6,13,2025-01-14,125.7,0.0,125.7,0.0,-7.0,-5.9,0.85,0.67,,6.57,True,True
f68ac505-6d26-4426-9673-c0fa66f12ed6,14,2025-01-15,125.7,-1.0,125.7,-1.0,-7.0,-5.9,0.85,0.67,,6.57,True,True
f68ac505-6d26-4426-9673-c0fa66f12ed6,15,2025-01-16,125.2,0.0,125.2,0.0,-6.5,-5.48,1.35,1.07,,6.55,True,True
f68ac505-6d26-4426-9673-c0fa66f12ed6,16,2025-01-17,124.6,0.0,124.6,0.0,-5.9,-4.97,1.95,1.54,,6.51,True,True
f68ac505-6d26-4426-9673-c0fa66f12ed6,17,2025-01-18,124.3,0.0,124.3,0.0,-5.6,-4.72,2.25,1.78,,6.5,True,True
f68ac505-6d26-4426-9673-c0fa66f12ed6,18,2025-01-19,124.3,-1.0,124.3,-1.0,-5.6,-4.72,2.25,1.78,,6.5,True,True
f68ac505-6d26-4426-9673-c0fa66f12ed6,19,2025-01-20,125.3,0.0,125.3,0.0,-6.6,-5.56,1.25,0.99,,6.55,True,True
f68ac505-6d26-4426-9673-c0fa66f12ed6,20,2025-01-21,124.1,0.0,124.1,0.0,-5.4,-4.55,2.45,1.94,,6.49,True,True
f68ac505-6d26-4426-9673-c0fa66f12ed6,21,2025-01-22,124.1,-1.0,124.1,-1.0,-5.4,-4.55,2.45,1.94,,6.49,True,True
f68ac505-6d26-4426-9673-c0fa66f12ed6,22,2025-01-23,123.5,0.0,123.5,0.0,-4.8,-4.04,3.05,2.41,,6.46,True,True
f68ac505-6d26-4426-9673-c0fa66f12ed6,23,2025-01-24,123.5,0.0,123.5,0.0,-4.8,-4.04,3.05,2.41,,6.46,True,True
f68ac505-6d26-4426-9673-c0fa66f12ed6,24,2025-01-25,122.0,0.0,122.0,0.0,-3.3,-2.78,4.55,3.6,,6.38,True,True
f68ac505-6d26-4426-9673-c0fa66f12ed6,25,2025-01-26,122.0,0.0,122.0,0.0,-3.3,-2.78,4.55,3.6,,6.38,True,True
f68ac505-6d26-4426-9673-c0fa66f12ed6,26,2025-01-27,120.6,0.0,120.6,0.0,-1.9,-1.6,5.95,4.7,,6.3,True,True
f68ac505-6d26-4426-9673-c0fa66f12ed6,27,2025-01-28,120.6,-1.0,120.6,-1.0,-1.9,-1.6,5.95,4.7,,6.3,True,True
f68ac505-6d26-4426-9673-c0fa66f12ed6,28,2025-01-29,121.6,0.0,121.6,0.0,-2.9,-2.44,4.95,3.91,,6.36,True,True
f68ac505-6d26-4426-9673-c0fa66f12ed6,29,2025-01-30,121.2,0.0,121.2,0.0,-2.5,-2.11,5.35,4.23,,6.34,True,True
f68ac505-6d26-4426-9673-c0fa66f12ed6,30,2025-01-31,121.2,-1.0,121.2,-1.0,-2.5,-2.11,5.35,4.23,,6.34,True,True
f68ac505-6d26-4426-9673-c0fa66f12ed6,31,2025-02-01,121.5,0.0,121.5,0.0,-2.8,-2.36,5.05,3.99,,6.35,True,True
f68ac505-6d26-4426-9673-c0fa66f12ed6,32,2025-02-02,121.5,-1.0,121.5,-1.0,-2.8,-2.36,5.05,3.99,,6.35,True,True
f68ac505-6d26-4426-9673-c0fa66f12ed6,33,2025-02-03,121.5,-2.0,121.5,-2.0,-2.8,-2.36,5.05,3.99,,6.35,True,True
f68ac505-6d26-4426-9673-c0fa66f12ed6,34,2025-02-04,121.8,1.0,121.8,1.0,-3.1,-2.61,4.75,3.76,,6.37,True,True
f68ac505-6d26-4426-9673-c0fa66f12ed6,35,2025-02-05,121.8,0.0,121.8,0.0,-3.1,-2.61,4.75,3.76,,6.37,True,True
f68ac505-6d26-4426-9673-c0fa66f12ed6,36,2025-02-06,120.7,0.0,120.7,0.0,-2.0,-1.68,5.85,4.63,,6.31,True,True
f68ac505-6d26-4426-9673-c0fa66f12ed6,37,2025-02-07,120.7,-1.0,120.7,-1.0,-2.0,-1.68,5.85,4.63,,6.31,True,True
f68ac505-6d26-4426-9673-c0fa66f12ed6,38,2025-02-08,120.7,-2.0,120.7,-2.0,-2.0,-1.68,5.85,4.63,,6.31,True,True
f68ac505-6d26-4426-9673-c0fa66f12ed6,39,2025-02-09,120.7,-3.0,120.7,-3.0,-2.0,-1.68,5.85,4.63,,6.31,True,True
f68ac505-6d26-4426-9673-c0fa66f12ed6,40,2025-02-10,122.7,2.0,122.7,2.0,-4.0,-3.37,3.85,3.04,,6.41,True,True
f68ac505-6d26-4426-9673-c0fa66f12ed6,41,2025-02-11,122.7,1.0,122.7,1.0,-4.0,-3.37,3.85,3.04,,6.41,True,True
f68ac505-6d26-4426-9673-c0fa66f12ed6,42,2025-02-12,122.7,0.0,122.7,0.0,-4.0,-3.37,3.85,3.04,,6.41,True,True
f68ac505-6d26-4426-9673-c0fa66f12ed6,43,2025-02-13,120.5,0.0,120.5,0.0,-1.8,-1.52,6.05,4.78,,6.3,True,True
f68ac505-6d26-4426-9673-c0fa66f12ed6,44,2025-02-14,120.5,-1.0,120.5,-1.0,-1.8,-1.52,6.05,4.78,,6.3,True,True
f68ac505-6d26-4426-9673-c0fa66f12ed6,45,2025-02-15,120.5,-2.0,120.5,-2.0,-1.8,-1.52,6.05,4.78,,6.3,True,True
f68ac505-6d26-4426-9673-c0fa66f12ed6,46,2025-02-16,120.9,1.0,120.9,1.0,-2.2,-1.85,5.65,4.47,,6.32,True,True
f68ac505-6d26-4426-9673-c0fa66f12ed6,47,2025-02-17,120.9,0.0,120.9,0.0,-2.2,-1.85,5.65,4.47,,6.32,True,True
f68ac505-6d26-4426-9673-c0fa66f12ed6,48,2025-02-18,120.3,0.0,120.3,0.0,-1.6,-1.35,6.25,4.94,,6.29,True,True
f68ac505-6d26-4426-9673-c0fa66f12ed6,49,2025-02-19,120.3,-1.0,120.3,-1.0,-1.6,-1.35,6.25,4.94,,6.29,True,True
f68ac505-6d26-4426-9673-c0fa66f12ed6,50,2025-02-20,120.3,1.0,120.3,1.0,-1.6,-1.35,6.25,4.94,,6.29,True,True
f68ac505-6d26-4426-9673-c0fa66f12ed6,51,2025-02-21,120.3,0.0,120.3,0.0,-1.6,-1.35,6.25,4.94,,6.29,True,True
f68ac505-6d26-4426-9673-c0fa66f12ed6,52,2025-02-22,120.3,-1.0,120.3,-1.0,-1.6,-1.35,6.25,4.94,,6.29,True,True
f68ac505-6d26-4426-9673-c0fa66f12ed6,53,2025-02-23,119.2,0.0,119.2,0.0,-0.5,-0.42,7.35,5.81,,6.23,True,True
f68ac505-6d26-4426-9673-c0fa66f12ed6,54,2025-02-24,119.2,-1.0,119.2,-1.0,-0.5,-0.42,7.35,5.81,,6.23,True,True
f68ac505-6d26-4426-9673-c0fa66f12ed6,55,2025-02-25,119.2,-2.0,119.2,-2.0,-0.5,-0.42,7.35,5.81,,6.23,True,True
f68ac505-6d26-4426-9673-c0fa66f12ed6,56,2025-02-26,121.0,1.0,121.0,1.0,-2.3,-1.94,5.55,4.39,,6.33,True,True
f68ac505-6d26-4426-9673-c0fa66f12ed6,57,2025-02-27,121.0,0.0,121.0,0.0,-2.3,-1.94,5.55,4.39,,6.33,True,True
f68ac505-6d26-4426-9673-c0fa66f12ed6,58,2025-02-28,121.0,-1.0,121.0,-1.0,-2.3,-1.94,5.55,4.39,,6.33,True,True
f68ac505-6d26-4426-9673-c0fa66f12ed6,59,2025-03-01,121.0,-2.0,121.0,-2.0,-2.3,-1.94,5.55,4.39,,6.33,True,True
f68ac505-6d26-4426-9673-c0fa66f12ed6,60,2025-03-02,118.3,2.0,118.3,2.0,0.4,0.34,8.25,6.52,,6.18,True,True
f68ac505-6d26-4426-9673-c0fa66f12ed6,61,2025-03-03,118.3,1.0,118.3,1.0,0.4,0.34,8.25,6.52,,6.18,True,True
f68ac505-6d26-4426-9673-c0fa66f12ed6,62,2025-03-04,118.3,0.0,118.3,0.0,0.4,0.34,8.25,6.52,,6.18,True,True
f68ac505-6d26-4426-9673-c0fa66f12ed6,63,2025-03-05,117.7,0.0,117.7,0.0,1.0,0.84,8.85,7.0,,6.15,True,True
f68ac505-6d26-4426-9673-c0fa66f12ed6,64,2025-03-06,117.7,-1.0,117.7,-1.0,1.0,0.84,8.85,7.0,,6.15,True,True
f68ac505-6d26-4426-9673-c0fa66f12ed6,65,2025-03-07,116.9,0.0,116.9,0.0,1.8,1.52,9.65,7.63,,6.11,True,True
f68ac505-6d26-4426-9673-c0fa66f12ed6,66,2025-03-08,116.9,-1.0,116.9,-1.0,1.8,1.52,9.65,7.63,,6.11,True,True
f68ac505-6d26-4426-9673-c0fa66f12ed6,67,2025-03-09,116.2,0.0,116.2,0.0,2.5,2.11,10.35,8.18,,6.07,True,True
f68ac505-6d26-4426-9673-c0fa66f12ed6,68,2025-03-10,116.2,-1.0,116.2,-1.0,2.5,2.11,10.35,8.18,,6.07,True,True
f68ac505-6d26-4426-9673-c0fa66f12ed6,69,2025-03-11,116.2,-2.0,116.2,-2.0,2.5,2.11,10.35,8.18,,6.07,True,True
f68ac505-6d26-4426-9673-c0fa66f12ed6,70,2025-03-12,116.4,2.0,116.4,2.0,2.3,1.94,10.15,8.02,,6.09,True,True
f68ac505-6d26-4426-9673-c0fa66f12ed6,71,2025-03-13,116.4,1.0,116.4,1.0,2.3,1.94,10.15,8.02,,6.09,True,True
f68ac505-6d26-4426-9673-c0fa66f12ed6,72,2025-03-14,116.4,0.0,116.4,0.0,2.3,1.94,10.15,8.02,,6.09,True,True
f68ac505-6d26-4426-9673-c0fa66f12ed6,73,2025-03-15,115.3,0.0,115.3,0.0,3.4,2.86,11.25,8.89,,6.03,True,True
f68ac505-6d26-4426-9673-c0fa66f12ed6,74,2025-03-16,114.9,0.0,114.9,0.0,3.8,3.2,11.65,9.21,,6.01,True,True
f68ac505-6d26-4426-9673-c0fa66f12ed6,75,2025-03-17,114.5,0.0,114.5,0.0,4.2,3.54,12.05,9.52,,5.99,True,True
f68ac505-6d26-4426-9673-c0fa66f12ed6,76,2025-03-18,114.5,-1.0,114.5,-1.0,4.2,3.54,12.05,9.52,,5.99,True,True
f68ac505-6d26-4426-9673-c0fa66f12ed6,77,2025-03-19,114.5,-2.0,114.5,-2.0,4.2,3.54,12.05,9.52,,5.99,True,True
f68ac505-6d26-4426-9673-c0fa66f12ed6,78,2025-03-20,114.7,2.0,114.7,2.0,4.0,3.37,11.85,9.37,,6.0,True,True
f68ac505-6d26-4426-9673-c0fa66f12ed6,79,2025-03-21,114.7,1.0,114.7,1.0,4.0,3.37,11.85,9.37,,6.0,True,True
f68ac505-6d26-4426-9673-c0fa66f12ed6,80,2025-03-22,114.7,0.0,114.7,0.0,4.0,3.37,11.85,9.37,,6.0,True,True
f68ac505-6d26-4426-9673-c0fa66f12ed6,81,2025-03-23,114.7,0.0,114.7,0.0,4.0,3.37,11.85,9.37,,6.0,True,True
f68ac505-6d26-4426-9673-c0fa66f12ed6,82,2025-03-24,114.1,0.0,114.1,0.0,4.6,3.88,12.45,9.84,,5.97,True,True
f68ac505-6d26-4426-9673-c0fa66f12ed6,83,2025-03-25,114.1,-1.0,114.1,-1.0,4.6,3.88,12.45,9.84,,5.97,True,True
f68ac505-6d26-4426-9673-c0fa66f12ed6,84,2025-03-26,114.1,-2.0,114.1,-2.0,4.6,3.88,12.45,9.84,,5.97,True,True
f68ac505-6d26-4426-9673-c0fa66f12ed6,85,2025-03-27,114.0,1.0,114.0,1.0,4.7,3.96,12.55,9.92,,5.96,True,True
f68ac505-6d26-4426-9673-c0fa66f12ed6,86,2025-03-28,114.0,0.0,114.0,0.0,4.7,3.96,12.55,9.92,,5.96,True,True
f68ac505-6d26-4426-9673-c0fa66f12ed6,87,2025-03-29,113.8,0.0,113.8,0.0,4.9,4.13,12.75,10.08,,5.95,True,True
f68ac505-6d26-4426-9673-c0fa66f12ed6,88,2025-03-30,113.8,-1.0,113.8,-1.0,4.9,4.13,12.75,10.08,,5.95,True,True
f68ac505-6d26-4426-9673-c0fa66f12ed6,89,2025-03-31,114.9,1.0,114.9,1.0,3.8,3.2,11.65,9.21,,6.01,True,True
f68ac505-6d26-4426-9673-c0fa66f12ed6,90,2025-04-01,114.9,0.0,114.9,0.0,3.8,3.2,11.65,9.21,,6.01,True,True
f68ac505-6d26-4426-9673-c0fa66f12ed6,91,2025-04-02,114.9,-1.0,114.9,-1.0,3.8,3.2,11.65,9.21,,6.01,True,True
f68ac505-6d26-4426-9673-c0fa66f12ed6,92,2025-04-03,113.4,0.0,113.4,0.0,5.3,4.47,13.15,10.39,,5.93,True,True
f68ac505-6d26-4426-9673-c0fa66f12ed6,93,2025-04-04,113.2,0.0,113.2,0.0,5.5,4.63,13.35,10.55,,5.92,True,True
f68ac505-6d26-4426-9673-c0fa66f12ed6,94,2025-04-05,113.2,-1.0,113.2,-1.0,5.5,4.63,13.35,10.55,,5.92,True,True
f68ac505-6d26-4426-9673-c0fa66f12ed6,95,2025-04-06,112.1,0.0,112.1,0.0,6.6,5.56,14.45,11.42,,5.86,True,True
f68ac505-6d26-4426-9673-c0fa66f12ed6,96,2025-04-07,112.1,-1.0,112.1,-1.0,6.6,5.56,14.45,11.42,,5.86,True,True
f68ac505-6d26-4426-9673-c0fa66f12ed6,97,2025-04-08,112.1,-2.0,112.1,-2.0,6.6,5.56,14.45,11.42,,5.86,True,True
f68ac505-6d26-4426-9673-c0fa66f12ed6,98,2025-04-09,112.3,2.0,112.3,2.0,6.4,5.39,14.25,11.26,,5.87,True,True
f68ac505-6d26-4426-9673-c0fa66f12ed6,99,2025-04-10,112.3,1.0,112.3,1.0,6.4,5.39,14.25,11.26,,5.87,True,True
f68ac505-6d26-4426-9673-c0fa66f12ed6,100,2025-04-11,112.3,0.0,112.3,0.0,6.4,5.39,14.25,11.26,,5.87,True,True
f68ac505-6d26-4426-9673-c0fa66f12ed6,101,2025-04-12,112.3,-1.0,112.3,-1.0,6.4,5.39,14.25,11.26,,5.87,True,True
f68ac505-6d26-4426-9673-c0fa66f12ed6,102,2025-04-13,112.3,-2.0,112.3,-2.0,6.4,5.39,14.25,11.26,,5.87,True,True
f68ac505-6d26-4426-9673-c0fa66f12ed6,103,2025-04-14,112.3,-3.0,112.3,-3.0,6.4,5.39,14.25,11.26,,5.87,True,True
f68ac505-6d26-4426-9673-c0fa66f12ed6,104,2025-04-15,112.8,2.0,112.8,2.0,5.9,4.97,13.75,10.87,,5.9,True,True
f68ac505-6d26-4426-9673-c0fa66f12ed6,105,2025-04-16,112.8,1.0,112.8,1.0,5.9,4.97,13.75,10.87,,5.9,True,True
f68ac505-6d26-4426-9673-c0fa66f12ed6,106,2025-04-17,112.8,0.0,112.8,0.0,5.9,4.97,13.75,10.87,,5.9,True,True
f68ac505-6d26-4426-9673-c0fa66f12ed6,107,2025-04-18,112.8,-1.0,112.8,-1.0,5.9,4.97,13.75,10.87,,5.9,True,True
f68ac505-6d26-4426-9673-c0fa66f12ed6,108,2025-04-19,112.8,-2.0,112.8,-2.0,5.9,4.97,13.75,10.87,,5.9,True,True
f68ac505-6d26-4426-9673-c0fa66f12ed6,109,2025-04-20,113.5,1.0,113.5,1.0,5.2,4.38,13.05,10.31,,5.93,True,True
f68ac505-6d26-4426-9673-c0fa66f12ed6,110,2025-04-21,113.5,0.0,113.5,0.0,5.2,4.38,13.05,10.31,,5.93,True,True
f68ac505-6d26-4426-9673-c0fa66f12ed6,111,2025-04-22,112.8,0.0,112.8,0.0,5.9,4.97,13.75,10.87,,5.9,True,True
f68ac505-6d26-4426-9673-c0fa66f12ed6,112,2025-04-23,112.8,-1.0,112.8,-1.0,5.9,4.97,13.75,10.87,,5.9,True,True
f68ac505-6d26-4426-9673-c0fa66f12ed6,113,2025-04-24,112.8,-2.0,112.8,-2.0,5.9,4.97,13.75,10.87,,5.9,True,True
f68ac505-6d26-4426-9673-c0fa66f12ed6,114,2025-04-25,112.8,-3.0,112.8,-3.0,5.9,4.97,13.75,10.87,,5.9,True,True
f68ac505-6d26-4426-9673-c0fa66f12ed6,115,2025-04-26,112.8,-4.0,112.8,-4.0,5.9,4.97,13.75,10.87,,5.9,True,True
f68ac505-6d26-4426-9673-c0fa66f12ed6,116,2025-04-27,112.7,4.0,112.7,4.0,6.0,5.05,13.85,10.95,,5.89,True,True
f68ac505-6d26-4426-9673-c0fa66f12ed6,117,2025-04-28,112.7,3.0,112.7,3.0,6.0,5.05,13.85,10.95,,5.89,True,True
f68ac505-6d26-4426-9673-c0fa66f12ed6,118,2025-04-29,112.7,2.0,112.7,2.0,6.0,5.05,13.85,10.95,,5.89,True,True
f68ac505-6d26-4426-9673-c0fa66f12ed6,119,2025-04-30,112.7,1.0,112.7,1.0,6.0,5.05,13.85,10.95,,5.89,True,True
f68ac505-6d26-4426-9673-c0fa66f12ed6,120,2025-05-01,112.7,0.0,112.7,0.0,6.0,5.05,13.85,10.95,,5.89,True,True
f68ac505-6d26-4426-9673-c0fa66f12ed6,121,2025-05-02,112.7,-1.0,112.7,-1.0,6.0,5.05,13.85,10.95,,5.89,True,True
f68ac505-6d26-4426-9673-c0fa66f12ed6,122,2025-05-03,110.5,0.0,110.5,0.0,8.2,6.91,16.05,12.69,,5.78,True,True
f68ac505-6d26-4426-9673-c0fa66f12ed6,123,2025-05-04,110.4,0.0,110.4,0.0,8.3,6.99,16.15,12.76,,5.77,True,True
f68ac505-6d26-4426-9673-c0fa66f12ed6,124,2025-05-05,110.3,0.0,110.3,0.0,8.4,7.08,16.25,12.84,,5.77,True,True
f68ac505-6d26-4426-9673-c0fa66f12ed6,125,2025-05-06,110.3,-1.0,110.3,-1.0,8.4,7.08,16.25,12.84,,5.77,True,True
f68ac505-6d26-4426-9673-c0fa66f12ed6,126,2025-05-07,110.3,-2.0,110.3,-2.0,8.4,7.08,16.25,12.84,,5.77,True,True
f68ac505-6d26-4426-9673-c0fa66f12ed6,127,2025-05-08,108.9,2.0,108.9,2.0,9.8,8.26,17.65,13.95,,5.69,True,True
f68ac505-6d26-4426-9673-c0fa66f12ed6,128,2025-05-09,108.9,1.0,108.9,1.0,9.8,8.26,17.65,13.95,,5.69,True,True
f68ac505-6d26-4426-9673-c0fa66f12ed6,129,2025-05-10,108.9,0.0,108.9,0.0,9.8,8.26,17.65,13.95,,5.69,True,True
f68ac505-6d26-4426-9673-c0fa66f12ed6,130,2025-05-11,108.9,-1.0,108.9,-1.0,9.8,8.26,17.65,13.95,,5.69,True,True
f68ac505-6d26-4426-9673-c0fa66f12ed6,131,2025-05-12,109.7,1.0,109.7,1.0,9.0,7.58,16.85,13.32,,5.74,True,True
f68ac505-6d26-4426-9673-c0fa66f12ed6,132,2025-05-13,109.7,0.0,109.7,0.0,9.0,7.58,16.85,13.32,,5.74,True,True
f68ac505-6d26-4426-9673-c0fa66f12ed6,133,2025-05-14,109.7,0.0,109.7,0.0,9.0,7.58,16.85,13.32,,5.74,True,True
f68ac505-6d26-4426-9673-c0fa66f12ed6,134,2025-05-15,108.8,0.0,108.8,0.0,9.9,8.34,17.75,14.03,,5.69,True,True
f68ac505-6d26-4426-9673-c0fa66f12ed6,135,2025-05-16,108.2,0.0,108.2,0.0,10.5,8.85,18.35,14.5,,5.66,True,True
f68ac505-6d26-4426-9673-c0fa66f12ed6,136,2025-05-17,108.2,-1.0,108.2,-1.0,10.5,8.85,18.35,14.5,,5.66,True,True
f68ac505-6d26-4426-9673-c0fa66f12ed6,137,2025-05-18,108.2,-2.0,108.2,-2.0,10.5,8.85,18.35,14.5,,5.66,True,True
f68ac505-6d26-4426-9673-c0fa66f12ed6,138,2025-05-19,108.6,2.0,108.6,2.0,10.1,8.51,17.95,14.19,,5.68,True,True
f68ac505-6d26-4426-9673-c0fa66f12ed6,139,2025-05-20,108.6,1.0,108.6,1.0,10.1,8.51,17.95,14.19,,5.68,True,True
f68ac505-6d26-4426-9673-c0fa66f12ed6,140,2025-05-21,108.6,0.0,108.6,0.0,10.1,8.51,17.95,14.19,,5.68,True,True
f68ac505-6d26-4426-9673-c0fa66f12ed6,141,2025-05-22,108.5,0.0,108.5,0.0,10.2,8.59,18.05,14.27,,5.67,True,True
f68ac505-6d26-4426-9673-c0fa66f12ed6,142,2025-05-23,108.4,0.0,108.4,0.0,10.3,8.68,18.15,14.34,,5.67,True,True
f68ac505-6d26-4426-9673-c0fa66f12ed6,143,2025-05-24,108.4,-1.0,108.4,-1.0,10.3,8.68,18.15,14.34,,5.67,True,True
f68ac505-6d26-4426-9673-c0fa66f12ed6,144,2025-05-25,108.4,-2.0,108.4,-2.0,10.3,8.68,18.15,14.34,,5.67,True,True
f68ac505-6d26-4426-9673-c0fa66f12ed6,145,2025-05-26,108.4,-3.0,108.4,-3.0,10.3,8.68,18.15,14.34,,5.67,True,True
f68ac505-6d26-4426-9673-c0fa66f12ed6,146,2025-05-27,108.4,-4.0,108.4,-4.0,10.3,8.68,18.15,14.34,,5.67,True,True
f68ac505-6d26-4426-9673-c0fa66f12ed6,147,2025-05-28,108.4,-5.0,108.4,-5.0,10.3,8.68,18.15,14.34,,5.67,True,True
f68ac505-6d26-4426-9673-c0fa66f12ed6,148,2025-05-29,108.4,-6.0,108.4,-6.0,10.3,8.68,18.15,14.34,,5.67,True,True
f68ac505-6d26-4426-9673-c0fa66f12ed6,149,2025-05-30,108.1,6.0,108.1,6.0,10.6,8.93,18.45,14.58,,5.65,True,True
f68ac505-6d26-4426-9673-c0fa66f12ed6,150,2025-05-31,108.1,5.0,108.1,5.0,10.6,8.93,18.45,14.58,,5.65,True,True
f68ac505-6d26-4426-9673-c0fa66f12ed6,151,2025-06-01,108.1,4.0,108.1,4.0,10.6,8.93,18.45,14.58,,5.65,True,True
f68ac505-6d26-4426-9673-c0fa66f12ed6,152,2025-06-02,108.1,3.0,108.1,3.0,10.6,8.93,18.45,14.58,,5.65,True,True
f68ac505-6d26-4426-9673-c0fa66f12ed6,153,2025-06-03,108.1,2.0,108.1,2.0,10.6,8.93,18.45,14.58,,5.65,True,True
f68ac505-6d26-4426-9673-c0fa66f12ed6,154,2025-06-04,108.1,1.0,108.1,1.0,10.6,8.93,18.45,14.58,,5.65,True,True
f68ac505-6d26-4426-9673-c0fa66f12ed6,155,2025-06-05,108.1,0.0,108.1,0.0,10.6,8.93,18.45,14.58,,5.65,True,True
f68ac505-6d26-4426-9673-c0fa66f12ed6,156,2025-06-06,107.2,0.0,107.2,0.0,11.5,9.69,19.35,15.29,,5.6,True,True
f68ac505-6d26-4426-9673-c0fa66f12ed6,157,2025-06-07,106.9,0.0,106.9,0.0,11.8,9.94,19.65,15.53,,5.59,True,True
f68ac505-6d26-4426-9673-c0fa66f12ed6,158,2025-06-08,106.9,-1.0,106.9,-1.0,11.8,9.94,19.65,15.53,,5.59,True,True
f68ac505-6d26-4426-9673-c0fa66f12ed6,159,2025-06-09,106.9,-2.0,106.9,-2.0,11.8,9.94,19.65,15.53,,5.59,True,True
f68ac505-6d26-4426-9673-c0fa66f12ed6,160,2025-06-10,108.0,2.0,108.0,2.0,10.7,9.01,18.55,14.66,,5.65,True,True
f68ac505-6d26-4426-9673-c0fa66f12ed6,161,2025-06-11,108.0,1.0,108.0,1.0,10.7,9.01,18.55,14.66,,5.65,True,True
f68ac505-6d26-4426-9673-c0fa66f12ed6,162,2025-06-12,108.0,0.0,108.0,0.0,10.7,9.01,18.55,14.66,,5.65,True,True
f68ac505-6d26-4426-9673-c0fa66f12ed6,163,2025-06-13,106.5,0.0,106.5,0.0,12.2,10.28,20.05,15.85,,5.57,True,True
f68ac505-6d26-4426-9673-c0fa66f12ed6,164,2025-06-14,106.5,-1.0,106.5,-1.0,12.2,10.28,20.05,15.85,,5.57,True,True
f68ac505-6d26-4426-9673-c0fa66f12ed6,165,2025-06-15,107.4,1.0,107.4,1.0,11.3,9.52,19.15,15.13,,5.61,True,True
f68ac505-6d26-4426-9673-c0fa66f12ed6,166,2025-06-16,107.4,0.0,107.4,0.0,11.3,9.52,19.15,15.13,,5.61,True,True
f68ac505-6d26-4426-9673-c0fa66f12ed6,167,2025-06-17,106.7,0.0,106.7,0.0,12.0,10.11,19.85,15.69,,5.58,True,True
f68ac505-6d26-4426-9673-c0fa66f12ed6,168,2025-06-18,106.7,-1.0,106.7,-1.0,12.0,10.11,19.85,15.69,,5.58,True,True
f68ac505-6d26-4426-9673-c0fa66f12ed6,169,2025-06-19,106.4,0.0,106.4,0.0,12.3,10.36,20.15,15.92,,5.56,True,True
f68ac505-6d26-4426-9673-c0fa66f12ed6,170,2025-06-20,106.4,-1.0,106.4,-1.0,12.3,10.36,20.15,15.92,,5.56,True,True
f68ac505-6d26-4426-9673-c0fa66f12ed6,171,2025-06-21,106.0,0.0,106.0,0.0,12.7,10.7,20.55,16.24,,5.54,True,True
f68ac505-6d26-4426-9673-c0fa66f12ed6,172,2025-06-22,105.9,0.0,105.9,0.0,12.8,10.78,20.65,16.32,,5.54,True,True
f68ac505-6d26-4426-9673-c0fa66f12ed6,173,2025-06-23,105.9,-1.0,105.9,-1.0,12.8,10.78,20.65,16.32,,5.54,True,True
f68ac505-6d26-4426-9673-c0fa66f12ed6,174,2025-06-24,105.9,-2.0,105.9,-2.0,12.8,10.78,20.65,16.32,,5.54,True,True
f68ac505-6d26-4426-9673-c0fa66f12ed6,175,2025-06-25,105.7,1.0,105.7,1.0,13.0,10.95,20.85,16.48,,5.53,True,True
f68ac505-6d26-4426-9673-c0fa66f12ed6,176,2025-06-26,105.7,0.0,105.7,0.0,13.0,10.95,20.85,16.48,,5.53,True,True
f68ac505-6d26-4426-9673-c0fa66f12ed6,177,2025-06-27,105.7,-1.0,105.7,-1.0,13.0,10.95,20.85,16.48,,5.53,True,True
f68ac505-6d26-4426-9673-c0fa66f12ed6,178,2025-06-28,102.2,0.0,102.2,0.0,16.5,13.9,24.35,19.24,,5.34,True,True
f68ac505-6d26-4426-9673-c0fa66f12ed6,179,2025-06-29,104.0,0.0,104.0,0.0,14.7,12.38,22.55,17.82,,5.44,True,True
f68ac505-6d26-4426-9673-c0fa66f12ed6,180,2025-06-30,103.9,0.0,103.9,0.0,14.8,12.47,22.65,17.9,,5.43,True,True
cbadea01-579c-48d4-a6d8-27d9d42a43ca,0,2025-01-01,86.15,0.0,111.58,-1.0,25.43,22.79,,,25.43,-22.79,True,True
cbadea01-579c-48d4-a6d8-27d9d42a43ca,1,2025-01-02,87.04,0.0,111.58,-2.0,24.54,21.99,,,24.54,-21.99,True,True
cbadea01-579c-48d4-a6d8-27d9d42a43ca,2,2025-01-03,38.82,0.0,87.09,2.0,72.76,65.21,24.49,21.95,48.27,-43.26,True,True
cbadea01-579c-48d4-a6d8-27d9d42a43ca,3,2025-01-04,86.0,0.0,87.09,1.0,25.59,22.93,24.49,21.95,1.09,-0.98,True,True
cbadea01-579c-48d4-a6d8-27d9d42a43ca,4,2025-01-05,85.94,0.0,87.09,0.0,25.64,22.98,24.49,21.95,1.14,-1.03,True,True
cbadea01-579c-48d4-a6d8-27d9d42a43ca,5,2025-01-06,85.89,0.0,85.89,0.0,25.69,23.02,25.69,23.02,,,True,True
cbadea01-579c-48d4-a6d8-27d9d42a43ca,6,2025-01-07,85.84,0.0,85.84,0.0,25.74,23.07,25.74,23.07,,,True,True
cbadea01-579c-48d4-a6d8-27d9d42a43ca,7,2025-01-08,85.79,0.0,85.79,0.0,25.79,23.12,25.79,23.12,,,True,True
cbadea01-579c-48d4-a6d8-27d9d42a43ca,8,2025-01-09,85.74,0.0,85.74,0.0,25.85,23.16,25.85,23.16,,,True,True
cbadea01-579c-48d4-a6d8-27d9d42a43ca,9,2025-01-10,85.68,0.0,85.68,0.0,25.9,23.21,25.9,23.21,,,True,True
cbadea01-579c-48d4-a6d8-27d9d42a43ca,10,2025-01-11,85.63,0.0,85.63,0.0,25.95,23.26,25.95,23.26,,,True,True
cbadea01-579c-48d4-a6d8-27d9d42a43ca,11,2025-01-12,85.58,0.0,85.58,0.0,26.0,23.3,26.0,23.3,,,True,True
cbadea01-579c-48d4-a6d8-27d9d42a43ca,12,2025-01-13,85.53,0.0,85.53,0.0,26.05,23.35,26.05,23.35,,,True,True
cbadea01-579c-48d4-a6d8-27d9d42a43ca,13,2025-01-14,85.48,0.0,85.48,0.0,26.11,23.4,26.11,23.4,,,True,True
cbadea01-579c-48d4-a6d8-27d9d42a43ca,14,2025-01-15,85.42,0.0,85.42,0.0,26.16,23.44,26.16,23.44,,,True,True
cbadea01-579c-48d4-a6d8-27d9d42a43ca,15,2025-01-16,85.37,0.0,85.37,0.0,26.21,23.49,26.21,23.49,,,True,True
cbadea01-579c-48d4-a6d8-27d9d42a43ca,16,2025-01-17,85.32,0.0,85.32,0.0,26.26,23.54,26.26,23.54,,,True,True
cbadea01-579c-48d4-a6d8-27d9d42a43ca,17,2025-01-18,85.27,0.0,85.27,0.0,26.31,23.58,26.31,23.58,,,True,True
cbadea01-579c-48d4-a6d8-27d9d42a43ca,18,2025-01-19,85.18,0.0,85.18,0.0,26.4,23.66,26.4,23.66,,,True,True
cbadea01-579c-48d4-a6d8-27d9d42a43ca,19,2025-01-20,85.18,-1.0,85.18,-1.0,26.4,23.66,26.4,23.66,,,True,True
cbadea01-579c-48d4-a6d8-27d9d42a43ca,20,2025-01-21,85.18,-2.0,85.18,-2.0,26.4,23.66,26.4,23.66,,,True,True
cbadea01-579c-48d4-a6d8-27d9d42a43ca,21,2025-01-22,85.18,-3.0,85.18,-3.0,26.4,23.66,26.4,23.66,,,True,True
cbadea01-579c-48d4-a6d8-27d9d42a43ca,22,2025-01-23,85.18,-4.0,85.18,-4.0,26.4,23.66,26.4,23.66,,,True,True
cbadea01-579c-48d4-a6d8-27d9d42a43ca,23,2025-01-24,85.18,-5.0,85.18,-5.0,26.4,23.66,26.4,23.66,,,True,True
cbadea01-579c-48d4-a6d8-27d9d42a43ca,24,2025-01-25,85.18,-6.0,85.18,-6.0,26.4,23.66,26.4,23.66,,,True,True
cbadea01-579c-48d4-a6d8-27d9d42a43ca,25,2025-01-26,85.18,-7.0,85.18,-7.0,26.4,23.66,26.4,23.66,,,True,True
cbadea01-579c-48d4-a6d8-27d9d42a43ca,26,2025-01-27,85.18,-8.0,85.18,-8.0,26.4,23.66,26.4,23.66,,,True,True
cbadea01-579c-48d4-a6d8-27d9d42a43ca,27,2025-01-28,85.18,-9.0,85.18,-9.0,26.4,23.66,26.4,23.66,,,True,True
cbadea01-579c-48d4-a6d8-27d9d42a43ca,28,2025-01-29,85.18,-10.0,85.18,-10.0,26.4,23.66,26.4,23.66,,,True,True
cbadea01-579c-48d4-a6d8-27d9d42a43ca,29,2025-01-30,85.18,-11.0,85.18,-11.0,26.4,23.66,26.4,23.66,,,True,True
cbadea01-579c-48d4-a6d8-27d9d42a43ca,30,2025-01-31,85.18,-12.0,85.18,-12.0,26.4,23.66,26.4,23.66,,,True,True
cbadea01-579c-48d4-a6d8-27d9d42a43ca,31,2025-02-01,85.18,-13.0,85.18,-13.0,26.4,23.66,26.4,23.66,,,True,True
cbadea01-579c-48d4-a6d8-27d9d42a43ca,32,2025-02-02,85.18,-14.0,85.18,-14.0,26.4,23.66,26.4,23.66,,,True,True
cbadea01-579c-48d4-a6d8-27d9d42a43ca,33,2025-02-03,85.18,-15.0,85.18,-15.0,26.4,23.66,26.4,23.66,,,True,True
cbadea01-579c-48d4-a6d8-27d9d42a43ca,34,2025-02-04,85.18,-16.0,85.18,-16.0,26.4,23.66,26.4,23.66,,,True,True
cbadea01-579c-48d4-a6d8-27d9d42a43ca,35,2025-02-05,85.18,-17.0,85.18,-17.0,26.4,23.66,26.4,23.66,,,True,True
cbadea01-579c-48d4-a6d8-27d9d42a43ca,36,2025-02-06,85.18,17.0,85.18,17.0,26.4,23.66,26.4,23.66,,,True,True
cbadea01-579c-48d4-a6d8-27d9d42a43ca,37,2025-02-07,85.18,16.0,85.18,16.0,26.4,23.66,26.4,23.66,,,True,True
cbadea01-579c-48d4-a6d8-27d9d42a43ca,38,2025-02-08,85.18,15.0,85.18,15.0,26.4,23.66,26.4,23.66,,,True,True
cbadea01-579c-48d4-a6d8-27d9d42a43ca,39,2025-02-09,85.18,14.0,85.18,14.0,26.4,23.66,26.4,23.66,,,True,True
cbadea01-579c-48d4-a6d8-27d9d42a43ca,40,2025-02-10,85.18,13.0,85.18,13.0,26.4,23.66,26.4,23.66,,,True,True
cbadea01-579c-48d4-a6d8-27d9d42a43ca,41,2025-02-11,85.18,12.0,85.18,12.0,26.4,23.66,26.4,23.66,,,True,True
cbadea01-579c-48d4-a6d8-27d9d42a43ca,42,2025-02-12,85.18,11.0,85.18,11.0,26.4,23.66,26.4,23.66,,,True,True
cbadea01-579c-48d4-a6d8-27d9d42a43ca,43,2025-02-13,85.18,10.0,85.18,10.0,26.4,23.66,26.4,23.66,,,True,True
cbadea01-579c-48d4-a6d8-27d9d42a43ca,44,2025-02-14,85.18,9.0,85.18,9.0,26.4,23.66,26.4,23.66,,,True,True
cbadea01-579c-48d4-a6d8-27d9d42a43ca,45,2025-02-15,85.18,8.0,85.18,8.0,26.4,23.66,26.4,23.66,,,True,True
cbadea01-579c-48d4-a6d8-27d9d42a43ca,46,2025-02-16,85.18,7.0,85.18,7.0,26.4,23.66,26.4,23.66,,,True,True
cbadea01-579c-48d4-a6d8-27d9d42a43ca,47,2025-02-17,85.18,6.0,85.18,6.0,26.4,23.66,26.4,23.66,,,True,True
cbadea01-579c-48d4-a6d8-27d9d42a43ca,48,2025-02-18,85.18,5.0,85.18,5.0,26.4,23.66,26.4,23.66,,,True,True
cbadea01-579c-48d4-a6d8-27d9d42a43ca,49,2025-02-19,85.18,4.0,85.18,4.0,26.4,23.66,26.4,23.66,,,True,True
cbadea01-579c-48d4-a6d8-27d9d42a43ca,50,2025-02-20,85.18,3.0,85.18,3.0,26.4,23.66,26.4,23.66,,,True,True
cbadea01-579c-48d4-a6d8-27d9d42a43ca,51,2025-02-21,85.18,2.0,85.18,2.0,26.4,23.66,26.4,23.66,,,True,True
cbadea01-579c-48d4-a6d8-27d9d42a43ca,52,2025-02-22,85.18,1.0,85.18,1.0,26.4,23.66,26.4,23.66,,,True,True
cbadea01-579c-48d4-a6d8-27d9d42a43ca,53,2025-02-23,85.18,0.0,85.18,0.0,26.4,23.66,26.4,23.66,,,True,True
cbadea01-579c-48d4-a6d8-27d9d42a43ca,54,2025-02-24,85.18,0.0,85.18,0.0,26.4,23.66,26.4,23.66,,,True,True
cbadea01-579c-48d4-a6d8-27d9d42a43ca,55,2025-02-25,85.18,0.0,85.18,0.0,26.4,23.66,26.4,23.66,,,True,True
cbadea01-579c-48d4-a6d8-27d9d42a43ca,56,2025-02-26,85.18,0.0,85.18,0.0,26.4,23.66,26.4,23.66,,,True,True
cbadea01-579c-48d4-a6d8-27d9d42a43ca,57,2025-02-27,85.18,0.0,85.18,0.0,26.4,23.66,26.4,23.66,,,True,True
cbadea01-579c-48d4-a6d8-27d9d42a43ca,58,2025-02-28,85.18,0.0,85.18,0.0,26.4,23.66,26.4,23.66,,,True,True
cbadea01-579c-48d4-a6d8-27d9d42a43ca,59,2025-03-01,85.18,0.0,85.18,0.0,26.4,23.66,26.4,23.66,,,True,True
cbadea01-579c-48d4-a6d8-27d9d42a43ca,60,2025-03-02,85.18,0.0,85.18,0.0,26.4,23.66,26.4,23.66,,,True,True
cbadea01-579c-48d4-a6d8-27d9d42a43ca,61,2025-03-03,85.18,0.0,85.18,0.0,26.4,23.66,26.4,23.66,,,True,True
cbadea01-579c-48d4-a6d8-27d9d42a43ca,62,2025-03-04,85.18,0.0,85.18,0.0,26.4,23.66,26.4,23.66,,,True,True
cbadea01-579c-48d4-a6d8-27d9d42a43ca,63,2025-03-05,85.18,0.0,85.18,0.0,26.4,23.66,26.4,23.66,,,True,True
cbadea01-579c-48d4-a6d8-27d9d42a43ca,64,2025-03-06,85.18,0.0,85.18,0.0,26.4,23.66,26.4,23.66,,,True,True
cbadea01-579c-48d4-a6d8-27d9d42a43ca,65,2025-03-07,85.18,0.0,85.18,0.0,26.4,23.66,26.4,23.66,,,True,True
cbadea01-579c-48d4-a6d8-27d9d42a43ca,66,2025-03-08,85.18,0.0,85.18,0.0,26.4,23.66,26.4,23.66,,,True,True
cbadea01-579c-48d4-a6d8-27d9d42a43ca,67,2025-03-09,85.18,0.0,85.18,0.0,26.4,23.66,26.4,23.66,,,True,True
cbadea01-579c-48d4-a6d8-27d9d42a43ca,68,2025-03-10,85.18,0.0,85.18,0.0,26.4,23.66,26.4,23.66,,,True,True
cbadea01-579c-48d4-a6d8-27d9d42a43ca,69,2025-03-11,85.18,0.0,85.18,0.0,26.4,23.66,26.4,23.66,,,True,True
cbadea01-579c-48d4-a6d8-27d9d42a43ca,70,2025-03-12,85.18,0.0,85.18,0.0,26.4,23.66,26.4,23.66,,,True,True
cbadea01-579c-48d4-a6d8-27d9d42a43ca,71,2025-03-13,85.18,0.0,85.18,0.0,26.4,23.66,26.4,23.66,,,True,True
cbadea01-579c-48d4-a6d8-27d9d42a43ca,72,2025-03-14,85.18,0.0,85.18,0.0,26.4,23.66,26.4,23.66,,,True,True
cbadea01-579c-48d4-a6d8-27d9d42a43ca,73,2025-03-15,85.18,0.0,85.18,0.0,26.4,23.66,26.4,23.66,,,True,True
cbadea01-579c-48d4-a6d8-27d9d42a43ca,74,2025-03-16,85.18,0.0,85.18,0.0,26.4,23.66,26.4,23.66,,,True,True
cbadea01-579c-48d4-a6d8-27d9d42a43ca,75,2025-03-17,85.18,0.0,85.18,0.0,26.4,23.66,26.4,23.66,,,True,True
cbadea01-579c-48d4-a6d8-27d9d42a43ca,76,2025-03-18,85.18,0.0,85.18,0.0,26.4,23.66,26.4,23.66,,,True,True
cbadea01-579c-48d4-a6d8-27d9d42a43ca,77,2025-03-19,85.18,0.0,85.18,0.0,26.4,23.66,26.4,23.66,,,True,True
cbadea01-579c-48d4-a6d8-27d9d42a43ca,78,2025-03-20,85.18,0.0,85.18,0.0,26.4,23.66,26.4,23.66,,,True,True
cbadea01-579c-48d4-a6d8-27d9d42a43ca,79,2025-03-21,85.18,0.0,85.18,0.0,26.4,23.66,26.4,23.66,,,True,True
cbadea01-579c-48d4-a6d8-27d9d42a43ca,80,2025-03-22,85.18,0.0,85.18,0.0,26.4,23.66,26.4,23.66,,,True,True
cbadea01-579c-48d4-a6d8-27d9d42a43ca,81,2025-03-23,85.18,0.0,85.18,0.0,26.4,23.66,26.4,23.66,,,True,True
cbadea01-579c-48d4-a6d8-27d9d42a43ca,82,2025-03-24,88.54,0.0,85.18,-1.0,23.04,20.65,26.4,23.66,-3.36,3.01,True,True
cbadea01-579c-48d4-a6d8-27d9d42a43ca,83,2025-03-25,88.54,-1.0,85.18,-2.0,23.04,20.65,26.4,23.66,-3.36,3.01,True,True
cbadea01-579c-48d4-a6d8-27d9d42a43ca,84,2025-03-26,88.54,-2.0,85.18,-3.0,23.04,20.65,26.4,23.66,-3.36,3.01,True,True
cbadea01-579c-48d4-a6d8-27d9d42a43ca,85,2025-03-27,88.54,-3.0,85.18,-4.0,23.04,20.65,26.4,23.66,-3.36,3.01,True,True
cbadea01-579c-48d4-a6d8-27d9d42a43ca,86,2025-03-28,88.54,-4.0,85.18,-5.0,23.04,20.65,26.4,23.66,-3.36,3.01,True,True
cbadea01-579c-48d4-a6d8-27d9d42a43ca,87,2025-03-29,88.54,-5.0,85.18,-6.0,23.04,20.65,26.4,23.66,-3.36,3.01,True,True
cbadea01-579c-48d4-a6d8-27d9d42a43ca,88,2025-03-30,88.54,-6.0,85.18,-7.0,23.04,20.65,26.4,23.66,-3.36,3.01,True,True
cbadea01-579c-48d4-a6d8-27d9d42a43ca,89,2025-03-31,88.54,-7.0,85.18,-8.0,23.04,20.65,26.4,23.66,-3.36,3.01,True,True
cbadea01-579c-48d4-a6d8-27d9d42a43ca,90,2025-04-01,88.54,-8.0,85.18,-9.0,23.04,20.65,26.4,23.66,-3.36,3.01,True,True
cbadea01-579c-48d4-a6d8-27d9d42a43ca,91,2025-04-02,88.54,-9.0,85.18,-10.0,23.04,20.65,26.4,23.66,-3.36,3.01,True,True
cbadea01-579c-48d4-a6d8-27d9d42a43ca,92,2025-04-03,88.54,-10.0,85.18,-11.0,23.04,20.65,26.4,23.66,-3.36,3.01,True,True
cbadea01-579c-48d4-a6d8-27d9d42a43ca,93,2025-04-04,88.54,-11.0,85.18,-12.0,23.04,20.65,26.4,23.66,-3.36,3.01,True,True
cbadea01-579c-48d4-a6d8-27d9d42a43ca,94,2025-04-05,88.54,-12.0,85.18,-13.0,23.04,20.65,26.4,23.66,-3.36,3.01,True,True
cbadea01-579c-48d4-a6d8-27d9d42a43ca,95,2025-04-06,88.54,-13.0,85.18,-14.0,23.04,20.65,26.4,23.66,-3.36,3.01,True,True
cbadea01-579c-48d4-a6d8-27d9d42a43ca,96,2025-04-07,86.18,13.0,86.18,13.0,25.4,22.76,25.4,22.76,,,True,True
cbadea01-579c-48d4-a6d8-27d9d42a43ca,97,2025-04-08,86.18,12.0,86.18,12.0,25.4,22.76,25.4,22.76,,,True,True
cbadea01-579c-48d4-a6d8-27d9d42a43ca,98,2025-04-09,86.18,11.0,86.18,11.0,25.4,22.76,25.4,22.76,,,True,True
cbadea01-579c-48d4-a6d8-27d9d42a43ca,99,2025-04-10,86.18,10.0,86.18,10.0,25.4,22.76,25.4,22.76,,,True,True
cbadea01-579c-48d4-a6d8-27d9d42a43ca,100,2025-04-11,86.18,9.0,86.18,9.0,25.4,22.76,25.4,22.76,,,True,True
cbadea01-579c-48d4-a6d8-27d9d42a43ca,101,2025-04-12,86.18,8.0,86.18,8.0,25.4,22.76,25.4,22.76,,,True,True
cbadea01-579c-48d4-a6d8-27d9d42a43ca,102,2025-04-13,86.18,7.0,86.18,7.0,25.4,22.76,25.4,22.76,,,True,True
cbadea01-579c-48d4-a6d8-27d9d42a43ca,103,2025-04-14,86.18,6.0,86.18,6.0,25.4,22.76,25.4,22.76,,,True,True
cbadea01-579c-48d4-a6d8-27d9d42a43ca,104,2025-04-15,86.18,5.0,86.18,5.0,25.4,22.76,25.4,22.76,,,True,True
cbadea01-579c-48d4-a6d8-27d9d42a43ca,105,2025-04-16,86.18,4.0,86.18,4.0,25.4,22.76,25.4,22.76,,,True,True
cbadea01-579c-48d4-a6d8-27d9d42a43ca,106,2025-04-17,86.18,3.0,86.18,3.0,25.4,22.76,25.4,22.76,,,True,True
cbadea01-579c-48d4-a6d8-27d9d42a43ca,107,2025-04-18,86.18,2.0,86.18,2.0,25.4,22.76,25.4,22.76,,,True,True
cbadea01-579c-48d4-a6d8-27d9d42a43ca,108,2025-04-19,86.18,1.0,86.18,1.0,25.4,22.76,25.4,22.76,,,True,True
cbadea01-579c-48d4-a6d8-27d9d42a43ca,109,2025-04-20,86.18,0.0,86.18,0.0,25.4,22.76,25.4,22.76,,,True,True
cbadea01-579c-48d4-a6d8-27d9d42a43ca,110,2025-04-21,86.18,-1.0,86.18,-1.0,25.4,22.76,25.4,22.76,,,True,True
cbadea01-579c-48d4-a6d8-27d9d42a43ca,111,2025-04-22,86.18,-2.0,86.18,-2.0,25.4,22.76,25.4,22.76,,,True,True
cbadea01-579c-48d4-a6d8-27d9d42a43ca,112,2025-04-23,86.18,-3.0,86.18,-3.0,25.4,22.76,25.4,22.76,,,True,True
cbadea01-579c-48d4-a6d8-27d9d42a43ca,113,2025-04-24,86.18,-4.0,86.18,-4.0,25.4,22.76,25.4,22.76,,,True,True
cbadea01-579c-48d4-a6d8-27d9d42a43ca,114,2025-04-25,86.18,-5.0,86.18,-5.0,25.4,22.76,25.4,22.76,,,True,True
cbadea01-579c-48d4-a6d8-27d9d42a43ca,115,2025-04-26,86.18,-6.0,86.18,-6.0,25.4,22.76,25.4,22.76,,,True,True
cbadea01-579c-48d4-a6d8-27d9d42a43ca,116,2025-04-27,86.18,-7.0,86.18,-7.0,25.4,22.76,25.4,22.76,,,True,True
cbadea01-579c-48d4-a6d8-27d9d42a43ca,117,2025-04-28,86.18,-8.0,86.18,-8.0,25.4,22.76,25.4,22.76,,,True,True
cbadea01-579c-48d4-a6d8-27d9d42a43ca,118,2025-04-29,86.18,-9.0,86.18,-9.0,25.4,22.76,25.4,22.76,,,True,True
cbadea01-579c-48d4-a6d8-27d9d42a43ca,119,2025-04-30,86.18,-10.0,86.18,-10.0,25.4,22.76,25.4,22.76,,,True,True
cbadea01-579c-48d4-a6d8-27d9d42a43ca,120,2025-05-01,86.18,-11.0,86.18,-11.0,25.4,22.76,25.4,22.76,,,True,True
cbadea01-579c-48d4-a6d8-27d9d42a43ca,121,2025-05-02,84.37,10.0,84.37,10.0,27.22,24.39,27.22,24.39,,,True,True
cbadea01-579c-48d4-a6d8-27d9d42a43ca,122,2025-05-03,84.37,9.0,84.37,9.0,27.22,24.39,27.22,24.39,,,True,True
cbadea01-579c-48d4-a6d8-27d9d42a43ca,123,2025-05-04,84.37,8.0,84.37,8.0,27.22,24.39,27.22,24.39,,,True,True
cbadea01-579c-48d4-a6d8-27d9d42a43ca,124,2025-05-05,84.37,7.0,84.37,7.0,27.22,24.39,27.22,24.39,,,True,True
cbadea01-579c-48d4-a6d8-27d9d42a43ca,125,2025-05-06,84.37,6.0,84.37,6.0,27.22,24.39,27.22,24.39,,,True,True
cbadea01-579c-48d4-a6d8-27d9d42a43ca,126,2025-05-07,84.37,5.0,84.37,5.0,27.22,24.39,27.22,24.39,,,True,True
cbadea01-579c-48d4-a6d8-27d9d42a43ca,127,2025-05-08,84.37,4.0,84.37,4.0,27.22,24.39,27.22,24.39,,,True,True
cbadea01-579c-48d4-a6d8-27d9d42a43ca,128,2025-05-09,84.37,3.0,84.37,3.0,27.22,24.39,27.22,24.39,,,True,True
cbadea01-579c-48d4-a6d8-27d9d42a43ca,129,2025-05-10,84.37,2.0,84.37,2.0,27.22,24.39,27.22,24.39,,,True,True
cbadea01-579c-48d4-a6d8-27d9d42a43ca,130,2025-05-11,84.37,1.0,84.37,1.0,27.22,24.39,27.22,24.39,,,True,True
cbadea01-579c-48d4-a6d8-27d9d42a43ca,131,2025-05-12,84.37,0.0,84.37,0.0,27.22,24.39,27.22,24.39,,,True,True
cbadea01-579c-48d4-a6d8-27d9d42a43ca,132,2025-05-13,84.37,-1.0,84.37,-1.0,27.22,24.39,27.22,24.39,,,True,True
cbadea01-579c-48d4-a6d8-27d9d42a43ca,133,2025-05-14,84.37,-2.0,84.37,-2.0,27.22,24.39,27.22,24.39,,,True,True
cbadea01-579c-48d4-a6d8-27d9d42a43ca,134,2025-05-15,84.37,-3.0,84.37,-3.0,27.22,24.39,27.22,24.39,,,True,True
cbadea01-579c-48d4-a6d8-27d9d42a43ca,135,2025-05-16,84.37,-4.0,84.37,-4.0,27.22,24.39,27.22,24.39,,,True,True
cbadea01-579c-48d4-a6d8-27d9d42a43ca,136,2025-05-17,84.37,-5.0,84.37,-5.0,27.22,24.39,27.22,24.39,,,True,True
cbadea01-579c-48d4-a6d8-27d9d42a43ca,137,2025-05-18,84.37,-6.0,84.37,-6.0,27.22,24.39,27.22,24.39,,,True,True
cbadea01-579c-48d4-a6d8-27d9d42a43ca,138,2025-05-19,84.37,-7.0,84.37,-7.0,27.22,24.39,27.22,24.39,,,True,True
cbadea01-579c-48d4-a6d8-27d9d42a43ca,139,2025-05-20,84.37,-8.0,84.37,-8.0,27.22,24.39,27.22,24.39,,,True,True
cbadea01-579c-48d4-a6d8-27d9d42a43ca,140,2025-05-21,84.37,-9.0,84.37,-9.0,27.22,24.39,27.22,24.39,,,True,True
cbadea01-579c-48d4-a6d8-27d9d42a43ca,141,2025-05-22,84.37,-10.0,84.37,-10.0,27.22,24.39,27.22,24.39,,,True,True
cbadea01-579c-48d4-a6d8-27d9d42a43ca,142,2025-05-23,84.37,-11.0,84.37,-11.0,27.22,24.39,27.22,24.39,,,True,True
cbadea01-579c-48d4-a6d8-27d9d42a43ca,143,2025-05-24,84.37,-12.0,84.37,-12.0,27.22,24.39,27.22,24.39,,,True,True
cbadea01-579c-48d4-a6d8-27d9d42a43ca,144,2025-05-25,84.37,-13.0,84.37,-13.0,27.22,24.39,27.22,24.39,,,True,True
cbadea01-579c-48d4-a6d8-27d9d42a43ca,145,2025-05-26,84.37,-14.0,84.37,-14.0,27.22,24.39,27.22,24.39,,,True,True
cbadea01-579c-48d4-a6d8-27d9d42a43ca,146,2025-05-27,81.65,14.0,84.37,-15.0,29.94,26.83,27.22,24.39,2.72,-2.44,True,True
cbadea01-579c-48d4-a6d8-27d9d42a43ca,147,2025-05-28,81.65,13.0,84.37,-16.0,29.94,26.83,27.22,24.39,2.72,-2.44,True,True
cbadea01-579c-48d4-a6d8-27d9d42a43ca,148,2025-05-29,81.65,12.0,84.37,-17.0,29.94,26.83,27.22,24.39,2.72,-2.44,True,True
cbadea01-579c-48d4-a6d8-27d9d42a43ca,149,2025-05-30,81.65,11.0,84.37,-18.0,29.94,26.83,27.22,24.39,2.72,-2.44,True,True
cbadea01-579c-48d4-a6d8-27d9d42a43ca,150,2025-05-31,81.65,10.0,84.37,-19.0,29.94,26.83,27.22,24.39,2.72,-2.44,True,True
cbadea01-579c-48d4-a6d8-27d9d42a43ca,151,2025-06-01,81.65,9.0,84.37,-20.0,29.94,26.83,27.22,24.39,2.72,-2.44,True,True
cbadea01-579c-48d4-a6d8-27d9d42a43ca,152,2025-06-02,81.65,8.0,,,29.94,26.83,,,,,True,False
cbadea01-579c-48d4-a6d8-27d9d42a43ca,153,2025-06-03,81.65,7.0,,,29.94,26.83,,,,,True,False
cbadea01-579c-48d4-a6d8-27d9d42a43ca,154,2025-06-04,81.65,6.0,,,29.94,26.83,,,,,True,False
cbadea01-579c-48d4-a6d8-27d9d42a43ca,155,2025-06-05,81.65,5.0,,,29.94,26.83,,,,,True,False
cbadea01-579c-48d4-a6d8-27d9d42a43ca,156,2025-06-06,81.65,4.0,,,29.94,26.83,,,,,True,False
cbadea01-579c-48d4-a6d8-27d9d42a43ca,157,2025-06-07,81.65,3.0,,,29.94,26.83,,,,,True,False
cbadea01-579c-48d4-a6d8-27d9d42a43ca,158,2025-06-08,81.65,2.0,,,29.94,26.83,,,,,True,False
cbadea01-579c-48d4-a6d8-27d9d42a43ca,159,2025-06-09,81.65,1.0,,,29.94,26.83,,,,,True,False
cbadea01-579c-48d4-a6d8-27d9d42a43ca,160,2025-06-10,81.65,0.0,,,29.94,26.83,,,,,True,False
cbadea01-579c-48d4-a6d8-27d9d42a43ca,161,2025-06-11,81.65,-1.0,,,29.94,26.83,,,,,True,False
cbadea01-579c-48d4-a6d8-27d9d42a43ca,162,2025-06-12,81.65,-2.0,,,29.94,26.83,,,,,True,False
cbadea01-579c-48d4-a6d8-27d9d42a43ca,163,2025-06-13,81.65,-3.0,,,29.94,26.83,,,,,True,False
cbadea01-579c-48d4-a6d8-27d9d42a43ca,164,2025-06-14,81.65,-4.0,,,29.94,26.83,,,,,True,False
cbadea01-579c-48d4-a6d8-27d9d42a43ca,165,2025-06-15,81.65,-5.0,81.19,20.0,29.94,26.83,30.39,27.24,-0.45,0.41,True,True
cbadea01-579c-48d4-a6d8-27d9d42a43ca,166,2025-06-16,81.65,-6.0,81.19,19.0,29.94,26.83,30.39,27.24,-0.45,0.41,True,True
cbadea01-579c-48d4-a6d8-27d9d42a43ca,167,2025-06-17,81.65,-7.0,81.19,18.0,29.94,26.83,30.39,27.24,-0.45,0.41,True,True
cbadea01-579c-48d4-a6d8-27d9d42a43ca,168,2025-06-18,81.65,-8.0,81.19,17.0,29.94,26.83,30.39,27.24,-0.45,0.41,True,True
cbadea01-579c-48d4-a6d8-27d9d42a43ca,169,2025-06-19,81.65,-9.0,81.19,16.0,29.94,26.83,30.39,27.24,-0.45,0.41,True,True
cbadea01-579c-48d4-a6d8-27d9d42a43ca,170,2025-06-20,81.65,-10.0,81.19,15.0,29.94,26.83,30.39,27.24,-0.45,0.41,True,True
cbadea01-579c-48d4-a6d8-27d9d42a43ca,171,2025-06-21,81.65,-11.0,81.19,14.0,29.94,26.83,30.39,27.24,-0.45,0.41,True,True
cbadea01-579c-48d4-a6d8-27d9d42a43ca,172,2025-06-22,81.65,-12.0,81.19,13.0,29.94,26.83,30.39,27.24,-0.45,0.41,True,True
cbadea01-579c-48d4-a6d8-27d9d42a43ca,173,2025-06-23,81.19,12.0,81.19,12.0,30.39,27.24,30.39,27.24,,,True,True
cbadea01-579c-48d4-a6d8-27d9d42a43ca,174,2025-06-24,81.19,11.0,81.19,11.0,30.39,27.24,30.39,27.24,,,True,True
cbadea01-579c-48d4-a6d8-27d9d42a43ca,175,2025-06-25,81.19,10.0,81.19,10.0,30.39,27.24,30.39,27.24,,,True,True
cbadea01-579c-48d4-a6d8-27d9d42a43ca,176,2025-06-26,81.19,9.0,81.19,9.0,30.39,27.24,30.39,27.24,,,True,True
cbadea01-579c-48d4-a6d8-27d9d42a43ca,177,2025-06-27,81.19,8.0,81.19,8.0,30.39,27.24,30.39,27.24,,,True,True
cbadea01-579c-48d4-a6d8-27d9d42a43ca,178,2025-06-28,81.19,7.0,81.19,7.0,30.39,27.24,30.39,27.24,,,True,True
cbadea01-579c-48d4-a6d8-27d9d42a43ca,179,2025-06-29,81.19,6.0,81.19,6.0,30.39,27.24,30.39,27.24,,,True,True
cbadea01-579c-48d4-a6d8-27d9d42a43ca,180,2025-06-30,81.19,5.0,81.19,5.0,30.39,27.24,30.39,27.24,,,True,True
5417b197-41b5-4bd5-8143-965ed78152d4,0,2025-01-18,109.77,-1.0,109.77,-1.0,0.0,0.0,0.0,0.0,,,True,True
5417b197-41b5-4bd5-8143-965ed78152d4,1,2025-01-19,109.77,-2.0,109.77,-2.0,0.0,0.0,0.0,0.0,,,True,True
5417b197-41b5-4bd5-8143-965ed78152d4,2,2025-01-20,108.91,2.0,108.91,2.0,0.86,0.79,0.86,0.79,,,True,True
5417b197-41b5-4bd5-8143-965ed78152d4,3,2025-01-21,108.91,1.0,108.91,1.0,0.86,0.79,0.86,0.79,,,True,True
5417b197-41b5-4bd5-8143-965ed78152d4,4,2025-01-22,108.91,0.0,108.91,0.0,0.86,0.79,0.86,0.79,,,True,True
5417b197-41b5-4bd5-8143-965ed78152d4,5,2025-01-23,108.91,-1.0,108.91,-1.0,0.86,0.79,0.86,0.79,,,True,True
5417b197-41b5-4bd5-8143-965ed78152d4,6,2025-01-24,49.79,0.0,110.07,0.0,59.98,54.64,-0.3,-0.27,60.28,-54.91,True,True
5417b197-41b5-4bd5-8143-965ed78152d4,7,2025-01-25,110.56,0.0,110.56,0.0,-0.79,-0.72,-0.79,-0.72,,,True,True
5417b197-41b5-4bd5-8143-965ed78152d4,8,2025-01-26,110.93,0.0,110.93,0.0,-1.16,-1.06,-1.16,-1.06,,,True,True
5417b197-41b5-4bd5-8143-965ed78152d4,9,2025-01-27,110.52,0.0,110.52,0.0,-0.75,-0.68,-0.75,-0.68,,,True,True
5417b197-41b5-4bd5-8143-965ed78152d4,10,2025-01-28,110.24,0.0,110.24,0.0,-0.47,-0.43,-0.47,-0.43,,,True,True
5417b197-41b5-4bd5-8143-965ed78152d4,11,2025-01-29,109.12,0.0,109.12,0.0,0.65,0.59,0.65,0.59,,,True,True
5417b197-41b5-4bd5-8143-965ed78152d4,12,2025-01-30,109.53,0.0,109.53,0.0,0.24,0.21,0.24,0.21,,,True,True
5417b197-41b5-4bd5-8143-965ed78152d4,13,2025-01-31,108.67,0.0,108.67,0.0,1.1,1.0,1.1,1.0,,,True,True
5417b197-41b5-4bd5-8143-965ed78152d4,14,2025-02-01,108.6,0.0,108.6,0.0,1.17,1.07,1.17,1.07,,,True,True
5417b197-41b5-4bd5-8143-965ed78152d4,15,2025-02-02,109.36,0.0,109.36,0.0,0.41,0.37,0.41,0.37,,,True,True
5417b197-41b5-4bd5-8143-965ed78152d4,16,2025-02-03,109.32,0.0,109.32,0.0,0.45,0.41,0.45,0.41,,,True,True
5417b197-41b5-4bd5-8143-965ed78152d4,17,2025-02-04,109.32,-1.0,109.32,-1.0,0.45,0.41,0.45,0.41,,,True,True
5417b197-41b5-4bd5-8143-965ed78152d4,18,2025-02-05,109.94,0.0,109.94,0.0,-0.17,-0.15,-0.17,-0.15,,,True,True
5417b197-41b5-4bd5-8143-965ed78152d4,19,2025-02-06,109.94,-1.0,109.94,-1.0,-0.17,-0.15,-0.17,-0.15,,,True,True
5417b197-41b5-4bd5-8143-965ed78152d4,20,2025-02-07,109.94,-2.0,109.94,-2.0,-0.17,-0.15,-0.17,-0.15,,,True,True
5417b197-41b5-4bd5-8143-965ed78152d4,21,2025-02-08,109.94,-3.0,109.94,-3.0,-0.17,-0.15,-0.17,-0.15,,,True,True
5417b197-41b5-4bd5-8143-965ed78152d4,22,2025-02-09,109.94,-4.0,109.94,-4.0,-0.17,-0.15,-0.17,-0.15,,,True,True
5417b197-41b5-4bd5-8143-965ed78152d4,23,2025-02-10,108.69,3.0,108.69,3.0,1.08,0.98,1.08,0.98,,,True,True
5417b197-41b5-4bd5-8143-965ed78152d4,24,2025-02-11,108.69,2.0,108.69,2.0,1.08,0.98,1.08,0.98,,,True,True
5417b197-41b5-4bd5-8143-965ed78152d4,25,2025-02-12,108.69,1.0,108.69,1.0,1.08,0.98,1.08,0.98,,,True,True
5417b197-41b5-4bd5-8143-965ed78152d4,26,2025-02-13,108.69,0.0,108.69,0.0,1.08,0.98,1.08,0.98,,,True,True
5417b197-41b5-4bd5-8143-965ed78152d4,27,2025-02-14,107.95,0.0,107.95,0.0,1.82,1.66,1.82,1.66,,,True,True
5417b197-41b5-4bd5-8143-965ed78152d4,28,2025-02-15,107.64,0.0,107.64,0.0,2.13,1.94,2.13,1.94,,,True,True
5417b197-41b5-4bd5-8143-965ed78152d4,29,2025-02-16,107.83,0.0,107.83,0.0,1.94,1.77,1.94,1.77,,,True,True
5417b197-41b5-4bd5-8143-965ed78152d4,30,2025-02-17,108.6,0.0,108.6,0.0,1.17,1.07,1.17,1.07,,,True,True
5417b197-41b5-4bd5-8143-965ed78152d4,31,2025-02-18,108.6,-1.0,108.6,-1.0,1.17,1.07,1.17,1.07,,,True,True
5417b197-41b5-4bd5-8143-965ed78152d4,32,2025-02-19,108.6,-2.0,108.6,-2.0,1.17,1.07,1.17,1.07,,,True,True
5417b197-41b5-4bd5-8143-965ed78152d4,33,2025-02-20,108.6,-3.0,108.6,-3.0,1.17,1.07,1.17,1.07,,,True,True
5417b197-41b5-4bd5-8143-965ed78152d4,34,2025-02-21,108.62,2.0,108.62,2.0,1.15,1.05,1.15,1.05,,,True,True
5417b197-41b5-4bd5-8143-965ed78152d4,35,2025-02-22,108.62,1.0,108.62,1.0,1.15,1.05,1.15,1.05,,,True,True
5417b197-41b5-4bd5-8143-965ed78152d4,36,2025-02-23,108.62,0.0,108.62,0.0,1.15,1.05,1.15,1.05,,,True,True
5417b197-41b5-4bd5-8143-965ed78152d4,37,2025-02-24,109.07,0.0,109.07,0.0,0.7,0.64,0.7,0.64,,,True,True
5417b197-41b5-4bd5-8143-965ed78152d4,38,2025-02-25,109.46,0.0,109.46,0.0,0.31,0.28,0.31,0.28,,,True,True
5417b197-41b5-4bd5-8143-965ed78152d4,39,2025-02-26,109.07,0.0,109.07,0.0,0.7,0.64,0.7,0.64,,,True,True
5417b197-41b5-4bd5-8143-965ed78152d4,40,2025-02-27,108.68,0.0,108.68,0.0,1.09,0.99,1.09,0.99,,,True,True
5417b197-41b5-4bd5-8143-965ed78152d4,41,2025-02-28,107.97,0.0,107.97,0.0,1.8,1.64,1.8,1.64,,,True,True
5417b197-41b5-4bd5-8143-965ed78152d4,42,2025-03-01,107.97,-1.0,107.97,-1.0,1.8,1.64,1.8,1.64,,,True,True
5417b197-41b5-4bd5-8143-965ed78152d4,43,2025-03-02,107.97,-2.0,107.97,-2.0,1.8,1.64,1.8,1.64,,,True,True
5417b197-41b5-4bd5-8143-965ed78152d4,44,2025-03-03,107.97,-3.0,107.97,-3.0,1.8,1.64,1.8,1.64,,,True,True
5417b197-41b5-4bd5-8143-965ed78152d4,45,2025-03-04,108.18,2.0,108.18,2.0,1.59,1.45,1.59,1.45,,,True,True
5417b197-41b5-4bd5-8143-965ed78152d4,46,2025-03-05,108.18,1.0,108.18,1.0,1.59,1.45,1.59,1.45,,,True,True
5417b197-41b5-4bd5-8143-965ed78152d4,47,2025-03-06,108.18,0.0,108.18,0.0,1.59,1.45,1.59,1.45,,,True,True
5417b197-41b5-4bd5-8143-965ed78152d4,48,2025-03-07,108.18,-1.0,108.18,-1.0,1.59,1.45,1.59,1.45,,,True,True
5417b197-41b5-4bd5-8143-965ed78152d4,49,2025-03-08,107.21,0.0,107.21,0.0,2.56,2.33,2.56,2.33,,,True,True
5417b197-41b5-4bd5-8143-965ed78152d4,50,2025-03-09,107.21,-1.0,107.21,-1.0,2.56,2.33,2.56,2.33,,,True,True
5417b197-41b5-4bd5-8143-965ed78152d4,51,2025-03-10,108.04,0.0,108.04,0.0,1.73,1.58,1.73,1.58,,,True,True
5417b197-41b5-4bd5-8143-965ed78152d4,52,2025-03-11,108.04,-1.0,108.04,-1.0,1.73,1.58,1.73,1.58,,,True,True
5417b197-41b5-4bd5-8143-965ed78152d4,53,2025-03-12,107.27,1.0,107.27,1.0,2.5,2.28,2.5,2.28,,,True,True
5417b197-41b5-4bd5-8143-965ed78152d4,54,2025-03-13,107.27,0.0,107.27,0.0,2.5,2.28,2.5,2.28,,,True,True
5417b197-41b5-4bd5-8143-965ed78152d4,55,2025-03-14,106.8,0.0,106.8,0.0,2.97,2.71,2.97,2.71,,,True,True
5417b197-41b5-4bd5-8143-965ed78152d4,56,2025-03-15,106.8,-1.0,106.8,-1.0,2.97,2.71,2.97,2.71,,,True,True
5417b197-41b5-4bd5-8143-965ed78152d4,57,2025-03-16,106.8,-2.0,106.8,-2.0,2.97,2.71,2.97,2.71,,,True,True
5417b197-41b5-4bd5-8143-965ed78152d4,58,2025-03-17,106.8,-3.0,106.8,-3.0,2.97,2.71,2.97,2.71,,,True,True
5417b197-41b5-4bd5-8143-965ed78152d4,59,2025-03-18,106.8,-4.0,106.8,-4.0,2.97,2.71,2.97,2.71,,,True,True
5417b197-41b5-4bd5-8143-965ed78152d4,60,2025-03-19,107.54,3.0,107.54,3.0,2.23,2.03,2.23,2.03,,,True,True
5417b197-41b5-4bd5-8143-965ed78152d4,61,2025-03-20,107.54,2.0,107.54,2.0,2.23,2.03,2.23,2.03,,,True,True
5417b197-41b5-4bd5-8143-965ed78152d4,62,2025-03-21,107.54,1.0,107.54,1.0,2.23,2.03,2.23,2.03,,,True,True
5417b197-41b5-4bd5-8143-965ed78152d4,63,2025-03-22,107.54,0.0,107.54,0.0,2.23,2.03,2.23,2.03,,,True,True
5417b197-41b5-4bd5-8143-965ed78152d4,64,2025-03-23,107.44,0.0,107.44,0.0,2.33,2.12,2.33,2.12,,,True,True
5417b197-41b5-4bd5-8143-965ed78152d4,65,2025-03-24,107.44,-1.0,107.44,-1.0,2.33,2.12,2.33,2.12,,,True,True
5417b197-41b5-4bd5-8143-965ed78152d4,66,2025-03-25,108.06,0.0,108.06,0.0,1.71,1.56,1.71,1.56,,,True,True
5417b197-41b5-4bd5-8143-965ed78152d4,67,2025-03-26,108.06,-1.0,108.06,-1.0,1.71,1.56,1.71,1.56,,,True,True
5417b197-41b5-4bd5-8143-965ed78152d4,68,2025-03-27,106.61,0.0,106.61,0.0,3.16,2.87,3.16,2.87,,,True,True
5417b197-41b5-4bd5-8143-965ed78152d4,69,2025-03-28,106.61,-1.0,106.61,-1.0,3.16,2.87,3.16,2.87,,,True,True
5417b197-41b5-4bd5-8143-965ed78152d4,70,2025-03-29,106.61,-2.0,106.61,-2.0,3.16,2.87,3.16,2.87,,,True,True
5417b197-41b5-4bd5-8143-965ed78152d4,71,2025-03-30,106.61,-3.0,106.61,-3.0,3.16,2.87,3.16,2.87,,,True,True
5417b197-41b5-4bd5-8143-965ed78152d4,72,2025-03-31,107.31,3.0,107.31,3.0,2.46,2.24,2.46,2.24,,,True,True
5417b197-41b5-4bd5-8143-965ed78152d4,73,2025-04-01,107.31,2.0,107.31,2.0,2.46,2.24,2.46,2.24,,,True,True
5417b197-41b5-4bd5-8143-965ed78152d4,74,2025-04-02,107.31,1.0,107.31,1.0,2.46,2.24,2.46,2.24,,,True,True
5417b197-41b5-4bd5-8143-965ed78152d4,75,2025-04-03,107.31,0.0,107.31,0.0,2.46,2.24,2.46,2.24,,,True,True
5417b197-41b5-4bd5-8143-965ed78152d4,76,2025-04-04,107.31,-1.0,107.31,-1.0,2.46,2.24,2.46,2.24,,,True,True
5417b197-41b5-4bd5-8143-965ed78152d4,77,2025-04-05,106.87,0.0,106.87,0.0,2.9,2.64,2.9,2.64,,,True,True
5417b197-41b5-4bd5-8143-965ed78152d4,78,2025-04-06,106.87,-1.0,106.87,-1.0,2.9,2.64,2.9,2.64,,,True,True
5417b197-41b5-4bd5-8143-965ed78152d4,79,2025-04-07,106.87,-2.0,106.87,-2.0,2.9,2.64,2.9,2.64,,,True,True
5417b197-41b5-4bd5-8143-965ed78152d4,80,2025-04-08,106.87,-3.0,106.87,-3.0,2.9,2.64,2.9,2.64,,,True,True
5417b197-41b5-4bd5-8143-965ed78152d4,81,2025-04-09,107.11,2.0,107.11,2.0,2.66,2.42,2.66,2.42,,,True,True
5417b197-41b5-4bd5-8143-965ed78152d4,82,2025-04-10,107.11,1.0,107.11,1.0,2.66,2.42,2.66,2.42,,,True,True
5417b197-41b5-4bd5-8143-965ed78152d4,83,2025-04-11,107.11,0.0,107.11,0.0,2.66,2.42,2.66,2.42,,,True,True
5417b197-41b5-4bd5-8143-965ed78152d4,84,2025-04-12,107.47,0.0,107.47,0.0,2.3,2.1,2.3,2.1,,,True,True
5417b197-41b5-4bd5-8143-965ed78152d4,85,2025-04-13,107.47,-1.0,107.47,-1.0,2.3,2.1,2.3,2.1,,,True,True
5417b197-41b5-4bd5-8143-965ed78152d4,86,2025-04-14,107.47,-2.0,107.47,-2.0,2.3,2.1,2.3,2.1,,,True,True
5417b197-41b5-4bd5-8143-965ed78152d4,87,2025-04-15,107.47,-3.0,107.47,-3.0,2.3,2.1,2.3,2.1,,,True,True
5417b197-41b5-4bd5-8143-965ed78152d4,88,2025-04-16,107.47,-4.0,107.47,-4.0,2.3,2.1,2.3,2.1,,,True,True
5417b197-41b5-4bd5-8143-965ed78152d4,89,2025-04-17,107.47,-5.0,107.47,-5.0,2.3,2.1,2.3,2.1,,,True,True
5417b197-41b5-4bd5-8143-965ed78152d4,90,2025-04-18,110.76,4.0,109.66,5.0,-0.99,-0.9,0.11,0.1,-1.11,1.01,True,True
5417b197-41b5-4bd5-8143-965ed78152d4,91,2025-04-19,110.76,3.0,109.66,4.0,-0.99,-0.9,0.11,0.1,-1.11,1.01,True,True
5417b197-41b5-4bd5-8143-965ed78152d4,92,2025-04-20,110.76,2.0,109.66,3.0,-0.99,-0.9,0.11,0.1,-1.11,1.01,True,True
5417b197-41b5-4bd5-8143-965ed78152d4,93,2025-04-21,110.76,1.0,109.66,2.0,-0.99,-0.9,0.11,0.1,-1.11,1.01,True,True
5417b197-41b5-4bd5-8143-965ed78152d4,94,2025-04-22,110.76,0.0,109.66,1.0,-0.99,-0.9,0.11,0.1,-1.11,1.01,True,True
5417b197-41b5-4bd5-8143-965ed78152d4,95,2025-04-23,109.66,0.0,109.66,0.0,0.11,0.1,0.11,0.1,,,True,True
5417b197-41b5-4bd5-8143-965ed78152d4,96,2025-04-24,108.73,0.0,108.73,0.0,1.04,0.95,1.04,0.95,,,True,True
5417b197-41b5-4bd5-8143-965ed78152d4,97,2025-04-25,108.12,0.0,108.12,0.0,1.65,1.5,1.65,1.5,,,True,True
5417b197-41b5-4bd5-8143-965ed78152d4,98,2025-04-26,108.12,-1.0,108.12,-1.0,1.65,1.5,1.65,1.5,,,True,True
5417b197-41b5-4bd5-8143-965ed78152d4,99,2025-04-27,108.12,-2.0,108.12,-2.0,1.65,1.5,1.65,1.5,,,True,True
5417b197-41b5-4bd5-8143-965ed78152d4,100,2025-04-28,108.12,-3.0,108.12,-3.0,1.65,1.5,1.65,1.5,,,True,True
5417b197-41b5-4bd5-8143-965ed78152d4,101,2025-04-29,108.12,-4.0,108.12,-4.0,1.65,1.5,1.65,1.5,,,True,True
5417b197-41b5-4bd5-8143-965ed78152d4,102,2025-04-30,108.12,-5.0,108.12,-5.0,1.65,1.5,1.65,1.5,,,True,True
5417b197-41b5-4bd5-8143-965ed78152d4,103,2025-05-01,108.12,-6.0,108.12,-6.0,1.65,1.5,1.65,1.5,,,True,True
5417b197-41b5-4bd5-8143-965ed78152d4,104,2025-05-02,108.12,-7.0,108.12,-7.0,1.65,1.5,1.65,1.5,,,True,True
5417b197-41b5-4bd5-8143-965ed78152d4,105,2025-05-03,108.12,-8.0,108.12,-8.0,1.65,1.5,1.65,1.5,,,True,True
5417b197-41b5-4bd5-8143-965ed78152d4,106,2025-05-04,108.12,-9.0,108.12,-9.0,1.65,1.5,1.65,1.5,,,True,True
5417b197-41b5-4bd5-8143-965ed78152d4,107,2025-05-05,108.12,-10.0,108.12,-10.0,1.65,1.5,1.65,1.5,,,True,True
5417b197-41b5-4bd5-8143-965ed78152d4,108,2025-05-06,111.77,10.0,111.77,10.0,-2.0,-1.82,-2.0,-1.82,,,True,True
5417b197-41b5-4bd5-8143-965ed78152d4,109,2025-05-07,111.77,9.0,111.77,9.0,-2.0,-1.82,-2.0,-1.82,,,True,True
5417b197-41b5-4bd5-8143-965ed78152d4,110,2025-05-08,111.77,8.0,111.77,8.0,-2.0,-1.82,-2.0,-1.82,,,True,True
5417b197-41b5-4bd5-8143-965ed78152d4,111,2025-05-09,111.77,7.0,111.77,7.0,-2.0,-1.82,-2.0,-1.82,,,True,True
5417b197-41b5-4bd5-8143-965ed78152d4,112,2025-05-10,111.77,6.0,111.77,6.0,-2.0,-1.82,-2.0,-1.82,,,True,True
5417b197-41b5-4bd5-8143-965ed78152d4,113,2025-05-11,111.77,5.0,111.77,5.0,-2.0,-1.82,-2.0,-1.82,,,True,True
5417b197-41b5-4bd5-8143-965ed78152d4,114,2025-05-12,111.77,4.0,111.77,4.0,-2.0,-1.82,-2.0,-1.82,,,True,True
5417b197-41b5-4bd5-8143-965ed78152d4,115,2025-05-13,111.77,3.0,111.77,3.0,-2.0,-1.82,-2.0,-1.82,,,True,True
5417b197-41b5-4bd5-8143-965ed78152d4,116,2025-05-14,111.77,2.0,111.77,2.0,-2.0,-1.82,-2.0,-1.82,,,True,True
5417b197-41b5-4bd5-8143-965ed78152d4,117,2025-05-15,111.77,1.0,111.77,1.0,-2.0,-1.82,-2.0,-1.82,,,True,True
5417b197-41b5-4bd5-8143-965ed78152d4,118,2025-05-16,111.77,0.0,111.77,0.0,-2.0,-1.82,-2.0,-1.82,,,True,True
5417b197-41b5-4bd5-8143-965ed78152d4,119,2025-05-17,112.02,0.0,112.02,0.0,-2.25,-2.05,-2.25,-2.05,,,True,True
5417b197-41b5-4bd5-8143-965ed78152d4,120,2025-05-18,112.02,-1.0,112.02,-1.0,-2.25,-2.05,-2.25,-2.05,,,True,True
5417b197-41b5-4bd5-8143-965ed78152d4,121,2025-05-19,109.77,1.0,109.77,1.0,0.0,0.0,0.0,0.0,,,True,True
5417b197-41b5-4bd5-8143-965ed78152d4,122,2025-05-20,109.77,0.0,109.77,0.0,0.0,0.0,0.0,0.0,,,True,True
5417b197-41b5-4bd5-8143-965ed78152d4,123,2025-05-21,109.77,-1.0,109.77,-1.0,0.0,0.0,0.0,0.0,,,True,True
5417b197-41b5-4bd5-8143-965ed78152d4,124,2025-05-22,109.77,-2.0,109.77,-2.0,0.0,0.0,0.0,0.0,,,True,True
5417b197-41b5-4bd5-8143-965ed78152d4,125,2025-05-23,109.77,-3.0,109.77,-3.0,0.0,0.0,0.0,0.0,,,True,True
5417b197-41b5-4bd5-8143-965ed78152d4,126,2025-05-24,109.77,-4.0,109.77,-4.0,0.0,0.0,0.0,0.0,,,True,True
5417b197-41b5-4bd5-8143-965ed78152d4,127,2025-05-25,109.77,-5.0,109.77,-5.0,0.0,0.0,0.0,0.0,,,True,True
5417b197-41b5-4bd5-8143-965ed78152d4,128,2025-05-26,109.77,-6.0,109.77,-6.0,0.0,0.0,0.0,0.0,,,True,True
5417b197-41b5-4bd5-8143-965ed78152d4,129,2025-05-27,109.77,-7.0,109.77,-7.0,0.0,0.0,0.0,0.0,,,True,True
5417b197-41b5-4bd5-8143-965ed78152d4,130,2025-05-28,109.77,-8.0,109.77,-8.0,0.0,0.0,0.0,0.0,,,True,True
5417b197-41b5-4bd5-8143-965ed78152d4,131,2025-05-29,109.77,-9.0,109.77,-9.0,0.0,0.0,0.0,0.0,,,True,True
5417b197-41b5-4bd5-8143-965ed78152d4,132,2025-05-30,109.77,-10.0,109.77,-10.0,0.0,0.0,0.0,0.0,,,True,True
5417b197-41b5-4bd5-8143-965ed78152d4,133,2025-05-31,109.77,-11.0,109.77,-11.0,0.0,0.0,0.0,0.0,,,True,True
5417b197-41b5-4bd5-8143-965ed78152d4,134,2025-06-01,109.77,-12.0,109.77,-12.0,0.0,0.0,0.0,0.0,,,True,True
5417b197-41b5-4bd5-8143-965ed78152d4,135,2025-06-02,109.77,-13.0,109.77,-13.0,0.0,0.0,0.0,0.0,,,True,True
5417b197-41b5-4bd5-8143-965ed78152d4,136,2025-06-03,109.77,-14.0,109.77,-14.0,0.0,0.0,0.0,0.0,,,True,True
5417b197-41b5-4bd5-8143-965ed78152d4,137,2025-06-04,109.77,-15.0,109.77,-15.0,0.0,0.0,0.0,0.0,,,True,True
5417b197-41b5-4bd5-8143-965ed78152d4,138,2025-06-05,109.77,-16.0,109.77,-16.0,0.0,0.0,0.0,0.0,,,True,True
5417b197-41b5-4bd5-8143-965ed78152d4,139,2025-06-06,109.77,-17.0,109.77,-17.0,0.0,0.0,0.0,0.0,,,True,True
5417b197-41b5-4bd5-8143-965ed78152d4,140,2025-06-07,109.77,-18.0,109.77,-18.0,0.0,0.0,0.0,0.0,,,True,True
5417b197-41b5-4bd5-8143-965ed78152d4,141,2025-06-08,109.77,-19.0,109.77,-19.0,0.0,0.0,0.0,0.0,,,True,True
5417b197-41b5-4bd5-8143-965ed78152d4,142,2025-06-09,109.77,-20.0,109.77,-20.0,0.0,0.0,0.0,0.0,,,True,True
5417b197-41b5-4bd5-8143-965ed78152d4,143,2025-06-10,,,,,,,,,,,False,False
5417b197-41b5-4bd5-8143-965ed78152d4,144,2025-06-11,,,,,,,,,,,False,False
5417b197-41b5-4bd5-8143-965ed78152d4,145,2025-06-12,,,,,,,,,,,False,False
5417b197-41b5-4bd5-8143-965ed78152d4,146,2025-06-13,,,,,,,,,,,False,False
5417b197-41b5-4bd5-8143-965ed78152d4,147,2025-06-14,,,,,,,,,,,False,False
5417b197-41b5-4bd5-8143-965ed78152d4,148,2025-06-15,,,,,,,,,,,False,False
5417b197-41b5-4bd5-8143-965ed78152d4,149,2025-06-16,,,,,,,,,,,False,False
5417b197-41b5-4bd5-8143-965ed78152d4,150,2025-06-17,,,,,,,,,,,False,False
5417b197-41b5-4bd5-8143-965ed78152d4,151,2025-06-18,,,,,,,,,,,False,False
5417b197-41b5-4bd5-8143-965ed78152d4,152,2025-06-19,,,,,,,,,,,False,False
5417b197-41b5-4bd5-8143-965ed78152d4,153,2025-06-20,,,,,,,,,,,False,False
5417b197-41b5-4bd5-8143-965ed78152d4,154,2025-06-21,,,,,,,,,,,False,False
5417b197-41b5-4bd5-8143-965ed78152d4,155,2025-06-22,,,,,,,,,,,False,False
5417b197-41b5-4bd5-8143-965ed78152d4,156,2025-06-23,,,,,,,,,,,False,False
5417b197-41b5-4bd5-8143-965ed78152d4,157,2025-06-24,,,,,,,,,,,False,False
5417b197-41b5-4bd5-8143-965ed78152d4,158,2025-06-25,,,,,,,,,,,False,False
5417b197-41b5-4bd5-8143-965ed78152d4,159,2025-06-26,,,,,,,,,,,False,False
5417b197-41b5-4bd5-8143-965ed78152d4,160,2025-06-27,,,,,,,,,,,False,False
5417b197-41b5-4bd5-8143-965ed78152d4,161,2025-06-28,,,,,,,,,,,False,False
5417b197-41b5-4bd5-8143-965ed78152d4,162,2025-06-29,,,,,,,,,,,False,False
5417b197-41b5-4bd5-8143-965ed78152d4,163,2025-06-30,,,,,,,,,,,False,False
5417b197-41b5-4bd5-8143-965ed78152d4,164,2025-07-01,,,,,,,,,,,False,False
5417b197-41b5-4bd5-8143-965ed78152d4,165,2025-07-02,,,,,,,,,,,False,False
5417b197-41b5-4bd5-8143-965ed78152d4,166,2025-07-03,,,,,,,,,,,False,False
5417b197-41b5-4bd5-8143-965ed78152d4,167,2025-07-04,,,,,,,,,,,False,False
5417b197-41b5-4bd5-8143-965ed78152d4,168,2025-07-05,,,,,,,,,,,False,False
5417b197-41b5-4bd5-8143-965ed78152d4,169,2025-07-06,,,,,,,,,,,False,False
5417b197-41b5-4bd5-8143-965ed78152d4,170,2025-07-07,,,,,,,,,,,False,False
5417b197-41b5-4bd5-8143-965ed78152d4,171,2025-07-08,,,,,,,,,,,False,False
5417b197-41b5-4bd5-8143-965ed78152d4,172,2025-07-09,,,,,,,,,,,False,False
5417b197-41b5-4bd5-8143-965ed78152d4,173,2025-07-10,,,,,,,,,,,False,False
5417b197-41b5-4bd5-8143-965ed78152d4,174,2025-07-11,,,,,,,,,,,False,False
5417b197-41b5-4bd5-8143-965ed78152d4,175,2025-07-12,,,,,,,,,,,False,False
5417b197-41b5-4bd5-8143-965ed78152d4,176,2025-07-13,,,,,,,,,,,False,False
5417b197-41b5-4bd5-8143-965ed78152d4,177,2025-07-14,,,,,,,,,,,False,False
5417b197-41b5-4bd5-8143-965ed78152d4,178,2025-07-15,,,,,,,,,,,False,False
5417b197-41b5-4bd5-8143-965ed78152d4,179,2025-07-16,,,,,,,,,,,False,False
5417b197-41b5-4bd5-8143-965ed78152d4,180,2025-07-17,,,,,,,,,,,False,False
be60a3cd-6e89-4a61-9de1-8163ce800497,0,2025-01-06,83.91,0.0,97.52,-1.0,,,,,13.61,,True,True
be60a3cd-6e89-4a61-9de1-8163ce800497,1,2025-01-07,83.91,0.0,83.91,0.0,,,13.61,13.95,,13.95,True,True
be60a3cd-6e89-4a61-9de1-8163ce800497,2,2025-01-08,83.91,0.0,83.91,-1.0,,,13.61,13.95,,13.95,True,True
be60a3cd-6e89-4a61-9de1-8163ce800497,3,2025-01-09,83.91,0.0,83.91,-2.0,,,13.61,13.95,,13.95,True,True
be60a3cd-6e89-4a61-9de1-8163ce800497,4,2025-01-10,83.91,-1.0,83.91,-3.0,,,13.61,13.95,,13.95,True,True
be60a3cd-6e89-4a61-9de1-8163ce800497,5,2025-01-11,83.91,-2.0,94.8,2.0,,,2.72,2.79,10.89,2.79,True,True
be60a3cd-6e89-4a61-9de1-8163ce800497,6,2025-01-12,94.8,1.0,94.8,1.0,-10.89,-12.97,2.72,2.79,,15.76,True,True
be60a3cd-6e89-4a61-9de1-8163ce800497,7,2025-01-13,94.8,0.0,94.8,0.0,-10.89,-12.97,2.72,2.79,,15.76,True,True
be60a3cd-6e89-4a61-9de1-8163ce800497,8,2025-01-14,94.8,-1.0,94.8,-1.0,-10.89,-12.97,2.72,2.79,,15.76,True,True
be60a3cd-6e89-4a61-9de1-8163ce800497,9,2025-01-15,94.8,-2.0,94.8,-2.0,-10.89,-12.97,2.72,2.79,,15.76,True,True
be60a3cd-6e89-4a61-9de1-8163ce800497,10,2025-01-16,94.8,-3.0,94.8,-3.0,-10.89,-12.97,2.72,2.79,,15.76,True,True
be60a3cd-6e89-4a61-9de1-8163ce800497,11,2025-01-17,94.8,-4.0,94.8,-4.0,-10.89,-12.97,2.72,2.79,,15.76,True,True
be60a3cd-6e89-4a61-9de1-8163ce800497,12,2025-01-18,94.8,-5.0,94.8,-5.0,-10.89,-12.97,2.72,2.79,,15.76,True,True
be60a3cd-6e89-4a61-9de1-8163ce800497,13,2025-01-19,94.8,-6.0,94.8,-6.0,-10.89,-12.97,2.72,2.79,,15.76,True,True
be60a3cd-6e89-4a61-9de1-8163ce800497,14,2025-01-20,94.8,-7.0,94.8,-7.0,-10.89,-12.97,2.72,2.79,,15.76,True,True
be60a3cd-6e89-4a61-9de1-8163ce800497,15,2025-01-21,94.8,-8.0,94.8,-8.0,-10.89,-12.97,2.72,2.79,,15.76,True,True
be60a3cd-6e89-4a61-9de1-8163ce800497,16,2025-01-22,94.8,8.0,94.8,8.0,-10.89,-12.97,2.72,2.79,,15.76,True,True
be60a3cd-6e89-4a61-9de1-8163ce800497,17,2025-01-23,94.8,7.0,94.8,7.0,-10.89,-12.97,2.72,2.79,,15.76,True,True
be60a3cd-6e89-4a61-9de1-8163ce800497,18,2025-01-24,94.8,6.0,94.8,6.0,-10.89,-12.97,2.72,2.79,,15.76,True,True
be60a3cd-6e89-4a61-9de1-8163ce800497,19,2025-01-25,94.8,5.0,94.8,5.0,-10.89,-12.97,2.72,2.79,,15.76,True,True
be60a3cd-6e89-4a61-9de1-8163ce800497,20,2025-01-26,94.8,4.0,94.8,4.0,-10.89,-12.97,2.72,2.79,,15.76,True,True
be60a3cd-6e89-4a61-9de1-8163ce800497,21,2025-01-27,94.8,3.0,94.8,3.0,-10.89,-12.97,2.72,2.79,,15.76,True,True
be60a3cd-6e89-4a61-9de1-8163ce800497,22,2025-01-28,94.8,2.0,94.8,2.0,-10.89,-12.97,2.72,2.79,,15.76,True,True
be60a3cd-6e89-4a61-9de1-8163ce800497,23,2025-01-29,94.8,1.0,94.8,1.0,-10.89,-12.97,2.72,2.79,,15.76,True,True
be60a3cd-6e89-4a61-9de1-8163ce800497,24,2025-01-30,94.8,0.0,94.8,0.0,-10.89,-12.97,2.72,2.79,,15.76,True,True
be60a3cd-6e89-4a61-9de1-8163ce800497,25,2025-01-31,94.8,-1.0,94.8,-1.0,-10.89,-12.97,2.72,2.79,,15.76,True,True
be60a3cd-6e89-4a61-9de1-8163ce800497,26,2025-02-01,93.89,0.0,93.89,0.0,-9.98,-11.89,3.63,3.72,,15.61,True,True
be60a3cd-6e89-4a61-9de1-8163ce800497,27,2025-02-02,93.89,-1.0,93.89,-1.0,-9.98,-11.89,3.63,3.72,,15.61,True,True
be60a3cd-6e89-4a61-9de1-8163ce800497,28,2025-02-03,93.89,-2.0,93.89,-2.0,-9.98,-11.89,3.63,3.72,,15.61,True,True
be60a3cd-6e89-4a61-9de1-8163ce800497,29,2025-02-04,93.89,-3.0,93.89,-3.0,-9.98,-11.89,3.63,3.72,,15.61,True,True
be60a3cd-6e89-4a61-9de1-8163ce800497,30,2025-02-05,92.53,2.0,92.53,2.0,-8.62,-10.27,4.99,5.12,,15.39,True,True
be60a3cd-6e89-4a61-9de1-8163ce800497,31,2025-02-06,92.53,1.0,92.53,1.0,-8.62,-10.27,4.99,5.12,,15.39,True,True
be60a3cd-6e89-4a61-9de1-8163ce800497,32,2025-02-07,92.53,0.0,92.53,0.0,-8.62,-10.27,4.99,5.12,,15.39,True,True
be60a3cd-6e89-4a61-9de1-8163ce800497,33,2025-02-08,92.53,-1.0,92.53,-1.0,-8.62,-10.27,4.99,5.12,,15.39,True,True
be60a3cd-6e89-4a61-9de1-8163ce800497,34,2025-02-09,92.53,0.0,92.53,0.0,-8.62,-10.27,4.99,5.12,,15.39,True,True
be60a3cd-6e89-4a61-9de1-8163ce800497,35,2025-02-10,94.8,0.0,94.8,0.0,-10.89,-12.97,2.72,2.79,,15.76,True,True
be60a3cd-6e89-4a61-9de1-8163ce800497,36,2025-02-11,92.08,0.0,92.08,0.0,-8.16,-9.73,5.44,5.58,,15.31,True,True
be60a3cd-6e89-4a61-9de1-8163ce800497,37,2025-02-12,92.08,-1.0,92.08,-1.0,-8.16,-9.73,5.44,5.58,,15.31,True,True
be60a3cd-6e89-4a61-9de1-8163ce800497,38,2025-02-13,92.08,-2.0,92.08,-2.0,-8.16,-9.73,5.44,5.58,,15.31,True,True
be60a3cd-6e89-4a61-9de1-8163ce800497,39,2025-02-14,92.08,-3.0,92.08,-3.0,-8.16,-9.73,5.44,5.58,,15.31,True,True
be60a3cd-6e89-4a61-9de1-8163ce800497,40,2025-02-15,92.08,-4.0,92.08,-4.0,-8.16,-9.73,5.44,5.58,,15.31,True,True
be60a3cd-6e89-4a61-9de1-8163ce800497,41,2025-02-16,92.08,-5.0,92.08,-5.0,-8.16,-9.73,5.44,5.58,,15.31,True,True
be60a3cd-6e89-4a61-9de1-8163ce800497,42,2025-02-17,92.08,-6.0,92.08,-6.0,-8.16,-9.73,5.44,5.58,,15.31,True,True
be60a3cd-6e89-4a61-9de1-8163ce800497,43,2025-02-18,92.08,-7.0,92.08,-7.0,-8.16,-9.73,5.44,5.58,,15.31,True,True
be60a3cd-6e89-4a61-9de1-8163ce800497,44,2025-02-19,92.08,6.0,92.08,6.0,-8.16,-9.73,5.44,5.58,,15.31,True,True
be60a3cd-6e89-4a61-9de1-8163ce800497,45,2025-02-20,92.08,5.0,92.08,5.0,-8.16,-9.73,5.44,5.58,,15.31,True,True
be60a3cd-6e89-4a61-9de1-8163ce800497,46,2025-02-21,92.08,4.0,92.08,4.0,-8.16,-9.73,5.44,5.58,,15.31,True,True
be60a3cd-6e89-4a61-9de1-8163ce800497,47,2025-02-22,92.08,3.0,92.08,3.0,-8.16,-9.73,5.44,5.58,,15.31,True,True
be60a3cd-6e89-4a61-9de1-8163ce800497,48,2025-02-23,92.08,2.0,92.08,2.0,-8.16,-9.73,5.44,5.58,,15.31,True,True
be60a3cd-6e89-4a61-9de1-8163ce800497,49,2025-02-24,92.08,1.0,92.08,1.0,-8.16,-9.73,5.44,5.58,,15.31,True,True
be60a3cd-6e89-4a61-9de1-8163ce800497,50,2025-02-25,92.08,0.0,92.08,0.0,-8.16,-9.73,5.44,5.58,,15.31,True,True
be60a3cd-6e89-4a61-9de1-8163ce800497,51,2025-02-26,92.08,-1.0,92.08,-1.0,-8.16,-9.73,5.44,5.58,,15.31,True,True
be60a3cd-6e89-4a61-9de1-8163ce800497,52,2025-02-27,92.99,0.0,92.99,0.0,-9.07,-10.81,4.54,4.65,,15.46,True,True
be60a3cd-6e89-4a61-9de1-8163ce800497,53,2025-02-28,92.99,-1.0,92.99,-1.0,-9.07,-10.81,4.54,4.65,,15.46,True,True
be60a3cd-6e89-4a61-9de1-8163ce800497,54,2025-03-01,92.99,-2.0,92.99,-2.0,-9.07,-10.81,4.54,4.65,,15.46,True,True
be60a3cd-6e89-4a61-9de1-8163ce800497,55,2025-03-02,92.99,-3.0,92.99,-3.0,-9.07,-10.81,4.54,4.65,,15.46,True,True
be60a3cd-6e89-4a61-9de1-8163ce800497,56,2025-03-03,92.49,2.0,92.49,2.0,-8.57,-10.22,5.03,5.16,,15.38,True,True
be60a3cd-6e89-4a61-9de1-8163ce800497,57,2025-03-04,92.49,1.0,92.49,1.0,-8.57,-10.22,5.03,5.16,,15.38,True,True
be60a3cd-6e89-4a61-9de1-8163ce800497,58,2025-03-05,92.49,0.0,92.49,0.0,-8.57,-10.22,5.03,5.16,,15.38,True,True
be60a3cd-6e89-4a61-9de1-8163ce800497,59,2025-03-06,92.49,-1.0,92.49,-1.0,-8.57,-10.22,5.03,5.16,,15.38,True,True
be60a3cd-6e89-4a61-9de1-8163ce800497,60,2025-03-07,92.49,-2.0,92.49,-2.0,-8.57,-10.22,5.03,5.16,,15.38,True,True
be60a3cd-6e89-4a61-9de1-8163ce800497,61,2025-03-08,92.49,-3.0,92.49,-3.0,-8.57,-10.22,5.03,5.16,,15.38,True,True
be60a3cd-6e89-4a61-9de1-8163ce800497,62,2025-03-09,92.49,-4.0,92.49,-4.0,-8.57,-10.22,5.03,5.16,,15.38,True,True
be60a3cd-6e89-4a61-9de1-8163ce800497,63,2025-03-10,91.72,3.0,91.72,3.0,-7.8,-9.3,5.81,5.95,,15.25,True,True
be60a3cd-6e89-4a61-9de1-8163ce800497,64,2025-03-11,91.72,2.0,91.72,2.0,-7.8,-9.3,5.81,5.95,,15.25,True,True
be60a3cd-6e89-4a61-9de1-8163ce800497,65,2025-03-12,91.72,1.0,91.72,1.0,-7.8,-9.3,5.81,5.95,,15.25,True,True
be60a3cd-6e89-4a61-9de1-8163ce800497,66,2025-03-13,91.72,0.0,91.72,0.0,-7.8,-9.3,5.81,5.95,,15.25,True,True
be60a3cd-6e89-4a61-9de1-8163ce800497,67,2025-03-14,91.72,-1.0,91.72,-1.0,-7.8,-9.3,5.81,5.95,,15.25,True,True
be60a3cd-6e89-4a61-9de1-8163ce800497,68,2025-03-15,91.72,-2.0,91.72,-2.0,-7.8,-9.3,5.81,5.95,,15.25,True,True
be60a3cd-6e89-4a61-9de1-8163ce800497,69,2025-03-16,91.72,-3.0,91.72,-3.0,-7.8,-9.3,5.81,5.95,,15.25,True,True
be60a3cd-6e89-4a61-9de1-8163ce800497,70,2025-03-17,91.72,-4.0,91.72,-4.0,-7.8,-9.3,5.81,5.95,,15.25,True,True
be60a3cd-6e89-4a61-9de1-8163ce800497,71,2025-03-18,91.72,-5.0,91.72,-5.0,-7.8,-9.3,5.81,5.95,,15.25,True,True
be60a3cd-6e89-4a61-9de1-8163ce800497,72,2025-03-19,91.72,-6.0,91.72,-6.0,-7.8,-9.3,5.81,5.95,,15.25,True,True
be60a3cd-6e89-4a61-9de1-8163ce800497,73,2025-03-20,91.72,-7.0,91.72,-7.0,-7.8,-9.3,5.81,5.95,,15.25,True,True
be60a3cd-6e89-4a61-9de1-8163ce800497,74,2025-03-21,91.72,-8.0,91.72,-8.0,-7.8,-9.3,5.81,5.95,,15.25,True,True
be60a3cd-6e89-4a61-9de1-8163ce800497,75,2025-03-22,91.72,-9.0,91.72,-9.0,-7.8,-9.3,5.81,5.95,,15.25,True,True
be60a3cd-6e89-4a61-9de1-8163ce800497,76,2025-03-23,91.72,-10.0,91.72,-10.0,-7.8,-9.3,5.81,5.95,,15.25,True,True
be60a3cd-6e89-4a61-9de1-8163ce800497,77,2025-03-24,91.72,-11.0,91.72,-11.0,-7.8,-9.3,5.81,5.95,,15.25,True,True
be60a3cd-6e89-4a61-9de1-8163ce800497,78,2025-03-25,91.72,-12.0,91.72,-12.0,-7.8,-9.3,5.81,5.95,,15.25,True,True
be60a3cd-6e89-4a61-9de1-8163ce800497,79,2025-03-26,91.72,-13.0,91.72,-13.0,-7.8,-9.3,5.81,5.95,,15.25,True,True
be60a3cd-6e89-4a61-9de1-8163ce800497,80,2025-03-27,91.72,-14.0,91.72,-14.0,-7.8,-9.3,5.81,5.95,,15.25,True,True
be60a3cd-6e89-4a61-9de1-8163ce800497,81,2025-03-28,91.72,-15.0,91.72,-15.0,-7.8,-9.3,5.81,5.95,,15.25,True,True
be60a3cd-6e89-4a61-9de1-8163ce800497,82,2025-03-29,91.72,-16.0,91.72,-16.0,-7.8,-9.3,5.81,5.95,,15.25,True,True
be60a3cd-6e89-4a61-9de1-8163ce800497,83,2025-03-30,91.72,-17.0,91.72,-17.0,-7.8,-9.3,5.81,5.95,,15.25,True,True
be60a3cd-6e89-4a61-9de1-8163ce800497,84,2025-03-31,91.49,17.0,91.49,17.0,-7.58,-9.03,6.03,6.18,,15.21,True,True
be60a3cd-6e89-4a61-9de1-8163ce800497,85,2025-04-01,91.49,16.0,91.49,16.0,-7.58,-9.03,6.03,6.18,,15.21,True,True
be60a3cd-6e89-4a61-9de1-8163ce800497,86,2025-04-02,91.49,15.0,91.49,15.0,-7.58,-9.03,6.03,6.18,,15.21,True,True
be60a3cd-6e89-4a61-9de1-8163ce800497,87,2025-04-03,91.49,14.0,91.49,14.0,-7.58,-9.03,6.03,6.18,,15.21,True,True
be60a3cd-6e89-4a61-9de1-8163ce800497,88,2025-04-04,91.49,13.0,91.49,13.0,-7.58,-9.03,6.03,6.18,,15.21,True,True
be60a3cd-6e89-4a61-9de1-8163ce800497,89,2025-04-05,91.49,12.0,91.49,12.0,-7.58,-9.03,6.03,6.18,,15.21,True,True
be60a3cd-6e89-4a61-9de1-8163ce800497,90,2025-04-06,91.49,11.0,91.49,11.0,-7.58,-9.03,6.03,6.18,,15.21,True,True
be60a3cd-6e89-4a61-9de1-8163ce800497,91,2025-04-07,91.49,10.0,91.49,10.0,-7.58,-9.03,6.03,6.18,,15.21,True,True
be60a3cd-6e89-4a61-9de1-8163ce800497,92,2025-04-08,91.49,9.0,91.49,9.0,-7.58,-9.03,6.03,6.18,,15.21,True,True
be60a3cd-6e89-4a61-9de1-8163ce800497,93,2025-04-09,91.49,8.0,91.49,8.0,-7.58,-9.03,6.03,6.18,,15.21,True,True
be60a3cd-6e89-4a61-9de1-8163ce800497,94,2025-04-10,91.49,7.0,91.49,7.0,-7.58,-9.03,6.03,6.18,,15.21,True,True
be60a3cd-6e89-4a61-9de1-8163ce800497,95,2025-04-11,91.49,6.0,91.49,6.0,-7.58,-9.03,6.03,6.18,,15.21,True,True
be60a3cd-6e89-4a61-9de1-8163ce800497,96,2025-04-12,91.49,5.0,91.49,5.0,-7.58,-9.03,6.03,6.18,,15.21,True,True
be60a3cd-6e89-4a61-9de1-8163ce800497,97,2025-04-13,91.49,4.0,91.49,4.0,-7.58,-9.03,6.03,6.18,,15.21,True,True
be60a3cd-6e89-4a61-9de1-8163ce800497,98,2025-04-14,91.49,3.0,91.49,3.0,-7.58,-9.03,6.03,6.18,,15.21,True,True
be60a3cd-6e89-4a61-9de1-8163ce800497,99,2025-04-15,91.49,2.0,91.49,2.0,-7.58,-9.03,6.03,6.18,,15.21,True,True
be60a3cd-6e89-4a61-9de1-8163ce800497,100,2025-04-16,91.49,1.0,91.49,1.0,-7.58,-9.03,6.03,6.18,,15.21,True,True
be60a3cd-6e89-4a61-9de1-8163ce800497,101,2025-04-17,91.49,0.0,91.49,0.0,-7.58,-9.03,6.03,6.18,,15.21,True,True
be60a3cd-6e89-4a61-9de1-8163ce800497,102,2025-04-18,90.49,0.0,90.49,0.0,-6.58,-7.84,7.03,7.21,,15.05,True,True
be60a3cd-6e89-4a61-9de1-8163ce800497,103,2025-04-19,90.49,-1.0,90.49,-1.0,-6.58,-7.84,7.03,7.21,,15.05,True,True
be60a3cd-6e89-4a61-9de1-8163ce800497,104,2025-04-20,90.49,-2.0,90.49,-2.0,-6.58,-7.84,7.03,7.21,,15.05,True,True
be60a3cd-6e89-4a61-9de1-8163ce800497,105,2025-04-21,90.26,2.0,90.26,2.0,-6.35,-7.57,7.26,7.44,,15.01,True,True
be60a3cd-6e89-4a61-9de1-8163ce800497,106,2025-04-22,90.26,1.0,90.26,1.0,-6.35,-7.57,7.26,7.44,,15.01,True,True
be60a3cd-6e89-4a61-9de1-8163ce800497,107,2025-04-23,90.26,0.0,90.26,0.0,-6.35,-7.57,7.26,7.44,,15.01,True,True
be60a3cd-6e89-4a61-9de1-8163ce800497,108,2025-04-24,90.26,-1.0,90.26,-1.0,-6.35,-7.57,7.26,7.44,,15.01,True,True
be60a3cd-6e89-4a61-9de1-8163ce800497,109,2025-04-25,90.26,-2.0,90.26,-2.0,-6.35,-7.57,7.26,7.44,,15.01,True,True
be60a3cd-6e89-4a61-9de1-8163ce800497,110,2025-04-26,90.26,1.0,90.26,1.0,-6.35,-7.57,7.26,7.44,,15.01,True,True
be60a3cd-6e89-4a61-9de1-8163ce800497,111,2025-04-27,90.26,0.0,90.26,0.0,-6.35,-7.57,7.26,7.44,,15.01,True,True
be60a3cd-6e89-4a61-9de1-8163ce800497,112,2025-04-28,90.26,-1.0,90.26,-1.0,-6.35,-7.57,7.26,7.44,,15.01,True,True
be60a3cd-6e89-4a61-9de1-8163ce800497,113,2025-04-29,90.26,-2.0,90.26,-2.0,-6.35,-7.57,7.26,7.44,,15.01,True,True
be60a3cd-6e89-4a61-9de1-8163ce800497,114,2025-04-30,88.86,1.0,88.86,1.0,-4.95,-5.89,8.66,8.88,,14.78,True,True
be60a3cd-6e89-4a61-9de1-8163ce800497,115,2025-05-01,88.86,0.0,88.86,0.0,-4.95,-5.89,8.66,8.88,,14.78,True,True
be60a3cd-6e89-4a61-9de1-8163ce800497,116,2025-05-02,89.22,0.0,89.22,0.0,-5.31,-6.33,8.3,8.51,,14.84,True,True
be60a3cd-6e89-4a61-9de1-8163ce800497,117,2025-05-03,89.22,-1.0,89.22,-1.0,-5.31,-6.33,8.3,8.51,,14.84,True,True
be60a3cd-6e89-4a61-9de1-8163ce800497,118,2025-05-04,89.22,-2.0,89.22,-2.0,-5.31,-6.33,8.3,8.51,,14.84,True,True
be60a3cd-6e89-4a61-9de1-8163ce800497,119,2025-05-05,89.22,-3.0,89.22,-3.0,-5.31,-6.33,8.3,8.51,,14.84,True,True
be60a3cd-6e89-4a61-9de1-8163ce800497,120,2025-05-06,89.22,-4.0,89.22,-4.0,-5.31,-6.33,8.3,8.51,,14.84,True,True
be60a3cd-6e89-4a61-9de1-8163ce800497,121,2025-05-07,89.22,-5.0,89.22,-5.0,-5.31,-6.33,8.3,8.51,,14.84,True,True
be60a3cd-6e89-4a61-9de1-8163ce800497,122,2025-05-08,89.22,-6.0,89.22,-6.0,-5.31,-6.33,8.3,8.51,,14.84,True,True
be60a3cd-6e89-4a61-9de1-8163ce800497,123,2025-05-09,88.45,5.0,88.45,5.0,-4.54,-5.41,9.07,9.3,,14.71,True,True
be60a3cd-6e89-4a61-9de1-8163ce800497,124,2025-05-10,88.45,4.0,88.45,4.0,-4.54,-5.41,9.07,9.3,,14.71,True,True
be60a3cd-6e89-4a61-9de1-8163ce800497,125,2025-05-11,88.45,3.0,88.45,3.0,-4.54,-5.41,9.07,9.3,,14.71,True,True
be60a3cd-6e89-4a61-9de1-8163ce800497,126,2025-05-12,88.45,2.0,88.45,2.0,-4.54,-5.41,9.07,9.3,,14.71,True,True
be60a3cd-6e89-4a61-9de1-8163ce800497,127,2025-05-13,88.45,1.0,88.45,1.0,-4.54,-5.41,9.07,9.3,,14.71,True,True
be60a3cd-6e89-4a61-9de1-8163ce800497,128,2025-05-14,88.45,0.0,88.45,0.0,-4.54,-5.41,9.07,9.3,,14.71,True,True
be60a3cd-6e89-4a61-9de1-8163ce800497,129,2025-05-15,88.45,-1.0,88.45,-1.0,-4.54,-5.41,9.07,9.3,,14.71,True,True
be60a3cd-6e89-4a61-9de1-8163ce800497,130,2025-05-16,88.45,-2.0,88.45,-2.0,-4.54,-5.41,9.07,9.3,,14.71,True,True
be60a3cd-6e89-4a61-9de1-8163ce800497,131,2025-05-17,88.45,-3.0,88.45,-3.0,-4.54,-5.41,9.07,9.3,,14.71,True,True
be60a3cd-6e89-4a61-9de1-8163ce800497,132,2025-05-18,88.45,-4.0,88.45,-4.0,-4.54,-5.41,9.07,9.3,,14.71,True,True
be60a3cd-6e89-4a61-9de1-8163ce800497,133,2025-05-19,88.45,-5.0,88.45,-5.0,-4.54,-5.41,9.07,9.3,,14.71,True,True
be60a3cd-6e89-4a61-9de1-8163ce800497,134,2025-05-20,88.45,-6.0,88.45,-6.0,-4.54,-5.41,9.07,9.3,,14.71,True,True
be60a3cd-6e89-4a61-9de1-8163ce800497,135,2025-05-21,88.45,-7.0,88.45,-7.0,-4.54,-5.41,9.07,9.3,,14.71,True,True
be60a3cd-6e89-4a61-9de1-8163ce800497,136,2025-05-22,88.45,-8.0,88.45,-8.0,-4.54,-5.41,9.07,9.3,,14.71,True,True
be60a3cd-6e89-4a61-9de1-8163ce800497,137,2025-05-23,88.45,-9.0,88.45,-9.0,-4.54,-5.41,9.07,9.3,,14.71,True,True
be60a3cd-6e89-4a61-9de1-8163ce800497,138,2025-05-24,88.45,-10.0,88.45,-10.0,-4.54,-5.41,9.07,9.3,,14.71,True,True
be60a3cd-6e89-4a61-9de1-8163ce800497,139,2025-05-25,88.45,-11.0,88.45,-11.0,-4.54,-5.41,9.07,9.3,,14.71,True,True
be60a3cd-6e89-4a61-9de1-8163ce800497,140,2025-05-26,88.45,-12.0,88.45,-12.0,-4.54,-5.41,9.07,9.3,,14.71,True,True
be60a3cd-6e89-4a61-9de1-8163ce800497,141,2025-05-27,88.45,-13.0,88.45,-13.0,-4.54,-5.41,9.07,9.3,,14.71,True,True
be60a3cd-6e89-4a61-9de1-8163ce800497,142,2025-05-28,88.9,12.0,88.9,12.0,-4.99,-5.95,8.62,8.84,,14.78,True,True
be60a3cd-6e89-4a61-9de1-8163ce800497,143,2025-05-29,88.9,11.0,88.9,11.0,-4.99,-5.95,8.62,8.84,,14.78,True,True
be60a3cd-6e89-4a61-9de1-8163ce800497,144,2025-05-30,88.9,10.0,88.9,10.0,-4.99,-5.95,8.62,8.84,,14.78,True,True
be60a3cd-6e89-4a61-9de1-8163ce800497,145,2025-05-31,88.9,9.0,88.9,9.0,-4.99,-5.95,8.62,8.84,,14.78,True,True
be60a3cd-6e89-4a61-9de1-8163ce800497,146,2025-06-01,88.9,8.0,88.9,8.0,-4.99,-5.95,8.62,8.84,,14.78,True,True
be60a3cd-6e89-4a61-9de1-8163ce800497,147,2025-06-02,88.9,7.0,88.9,7.0,-4.99,-5.95,8.62,8.84,,14.78,True,True
be60a3cd-6e89-4a61-9de1-8163ce800497,148,2025-06-03,88.9,6.0,88.9,6.0,-4.99,-5.95,8.62,8.84,,14.78,True,True
be60a3cd-6e89-4a61-9de1-8163ce800497,149,2025-06-04,88.9,5.0,88.9,5.0,-4.99,-5.95,8.62,8.84,,14.78,True,True
be60a3cd-6e89-4a61-9de1-8163ce800497,150,2025-06-05,88.9,4.0,88.9,4.0,-4.99,-5.95,8.62,8.84,,14.78,True,True
be60a3cd-6e89-4a61-9de1-8163ce800497,151,2025-06-06,88.9,3.0,88.9,3.0,-4.99,-5.95,8.62,8.84,,14.78,True,True
be60a3cd-6e89-4a61-9de1-8163ce800497,152,2025-06-07,88.9,2.0,88.9,2.0,-4.99,-5.95,8.62,8.84,,14.78,True,True
be60a3cd-6e89-4a61-9de1-8163ce800497,153,2025-06-08,88.9,1.0,88.9,1.0,-4.99,-5.95,8.62,8.84,,14.78,True,True
be60a3cd-6e89-4a61-9de1-8163ce800497,154,2025-06-09,88.9,0.0,88.9,0.0,-4.99,-5.95,8.62,8.84,,14.78,True,True
be60a3cd-6e89-4a61-9de1-8163ce800497,155,2025-06-10,88.9,-1.0,88.9,-1.0,-4.99,-5.95,8.62,8.84,,14.78,True,True
be60a3cd-6e89-4a61-9de1-8163ce800497,156,2025-06-11,89.0,0.0,89.0,0.0,-5.08,-6.06,8.53,8.74,,14.8,True,True
be60a3cd-6e89-4a61-9de1-8163ce800497,157,2025-06-12,89.0,-1.0,89.0,-1.0,-5.08,-6.06,8.53,8.74,,14.8,True,True
be60a3cd-6e89-4a61-9de1-8163ce800497,158,2025-06-13,88.22,0.0,88.22,0.0,-4.31,-5.14,9.3,9.53,,14.67,True,True
be60a3cd-6e89-4a61-9de1-8163ce800497,159,2025-06-14,88.22,-1.0,88.22,-1.0,-4.31,-5.14,9.3,9.53,,14.67,True,True
be60a3cd-6e89-4a61-9de1-8163ce800497,160,2025-06-15,88.22,-2.0,88.22,-2.0,-4.31,-5.14,9.3,9.53,,14.67,True,True
be60a3cd-6e89-4a61-9de1-8163ce800497,161,2025-06-16,88.22,-3.0,88.22,-3.0,-4.31,-5.14,9.3,9.53,,14.67,True,True
be60a3cd-6e89-4a61-9de1-8163ce800497,162,2025-06-17,88.22,-4.0,88.22,-4.0,-4.31,-5.14,9.3,9.53,,14.67,True,True
be60a3cd-6e89-4a61-9de1-8163ce800497,163,2025-06-18,88.22,-5.0,88.22,-5.0,-4.31,-5.14,9.3,9.53,,14.67,True,True
be60a3cd-6e89-4a61-9de1-8163ce800497,164,2025-06-19,88.22,-6.0,88.22,-6.0,-4.31,-5.14,9.3,9.53,,14.67,True,True
be60a3cd-6e89-4a61-9de1-8163ce800497,165,2025-06-20,87.54,5.0,87.54,5.0,-3.63,-4.33,9.98,10.23,,14.56,True,True
be60a3cd-6e89-4a61-9de1-8163ce800497,166,2025-06-21,87.54,4.0,87.54,4.0,-3.63,-4.33,9.98,10.23,,14.56,True,True
be60a3cd-6e89-4a61-9de1-8163ce800497,167,2025-06-22,87.54,3.0,87.54,3.0,-3.63,-4.33,9.98,10.23,,14.56,True,True
be60a3cd-6e89-4a61-9de1-8163ce800497,168,2025-06-23,87.54,2.0,87.54,2.0,-3.63,-4.33,9.98,10.23,,14.56,True,True
be60a3cd-6e89-4a61-9de1-8163ce800497,169,2025-06-24,87.54,1.0,87.54,1.0,-3.63,-4.33,9.98,10.23,,14.56,True,True
be60a3cd-6e89-4a61-9de1-8163ce800497,170,2025-06-25,87.54,0.0,87.54,0.0,-3.63,-4.33,9.98,10.23,,14.56,True,True
be60a3cd-6e89-4a61-9de1-8163ce800497,171,2025-06-26,87.54,-1.0,87.54,-1.0,-3.63,-4.33,9.98,10.23,,14.56,True,True
be60a3cd-6e89-4a61-9de1-8163ce800497,172,2025-06-27,87.54,-2.0,87.54,-2.0,-3.63,-4.33,9.98,10.23,,14.56,True,True
be60a3cd-6e89-4a61-9de1-8163ce800497,173,2025-06-28,87.54,-3.0,87.54,-3.0,-3.63,-4.33,9.98,10.23,,14.56,True,True
be60a3cd-6e89-4a61-9de1-8163ce800497,174,2025-06-29,87.54,-4.0,87.54,-4.0,-3.63,-4.33,9.98,10.23,,14.56,True,True
be60a3cd-6e89-4a61-9de1-8163ce800497,175,2025-06-30,87.54,-5.0,87.54,-5.0,-3.63,-4.33,9.98,10.23,,14.56,True,True
be60a3cd-6e89-4a61-9de1-8163ce800497,176,2025-07-01,87.54,-6.0,87.54,-6.0,-3.63,-4.33,9.98,10.23,,14.56,True,True
be60a3cd-6e89-4a61-9de1-8163ce800497,177,2025-07-02,87.54,-7.0,87.54,-7.0,-3.63,-4.33,9.98,10.23,,14.56,True,True
be60a3cd-6e89-4a61-9de1-8163ce800497,178,2025-07-03,87.09,7.0,87.09,7.0,-3.18,-3.78,10.43,10.7,,14.48,True,True
be60a3cd-6e89-4a61-9de1-8163ce800497,179,2025-07-04,87.09,6.0,87.09,6.0,-3.18,-3.78,10.43,10.7,,14.48,True,True
be60a3cd-6e89-4a61-9de1-8163ce800497,180,2025-07-05,87.09,5.0,87.09,5.0,-3.18,-3.78,10.43,10.7,,14.48,True,True
eb61194e-491f-40e4-9064-d3d096e0fe64,0,2025-01-23,124.74,-1.0,124.74,-1.0,,,,,,,True,True
eb61194e-491f-40e4-9064-d3d096e0fe64,1,2025-01-24,124.74,-2.0,124.74,-2.0,,,,,,,True,True
eb61194e-491f-40e4-9064-d3d096e0fe64,2,2025-01-25,124.74,-3.0,124.74,-3.0,,,,,,,True,True
eb61194e-491f-40e4-9064-d3d096e0fe64,3,2025-01-26,124.74,-4.0,124.74,-4.0,,,,,,,True,True
eb61194e-491f-40e4-9064-d3d096e0fe64,4,2025-01-27,124.74,-5.0,124.74,-5.0,,,,,,,True,True
eb61194e-491f-40e4-9064-d3d096e0fe64,5,2025-01-28,124.74,-6.0,124.74,-6.0,,,,,,,True,True
eb61194e-491f-40e4-9064-d3d096e0fe64,6,2025-01-29,124.74,-7.0,124.74,-7.0,,,,,,,True,True
eb61194e-491f-40e4-9064-d3d096e0fe64,7,2025-01-30,124.74,-8.0,124.74,-8.0,,,,,,,True,True
eb61194e-491f-40e4-9064-d3d096e0fe64,8,2025-01-31,124.74,-9.0,124.74,-9.0,,,,,,,True,True
eb61194e-491f-40e4-9064-d3d096e0fe64,9,2025-02-01,128.5,9.0,128.5,9.0,-3.76,-3.02,-3.76,-3.02,,,True,True
eb61194e-491f-40e4-9064-d3d096e0fe64,10,2025-02-02,128.5,8.0,128.5,8.0,-3.76,-3.02,-3.76,-3.02,,,True,True
eb61194e-491f-40e4-9064-d3d096e0fe64,11,2025-02-03,128.5,7.0,128.5,7.0,-3.76,-3.02,-3.76,-3.02,,,True,True
eb61194e-491f-40e4-9064-d3d096e0fe64,12,2025-02-04,128.5,6.0,128.5,6.0,-3.76,-3.02,-3.76,-3.02,,,True,True
eb61194e-491f-40e4-9064-d3d096e0fe64,13,2025-02-05,128.5,5.0,128.5,5.0,-3.76,-3.02,-3.76,-3.02,,,True,True
eb61194e-491f-40e4-9064-d3d096e0fe64,14,2025-02-06,128.5,4.0,128.5,4.0,-3.76,-3.02,-3.76,-3.02,,,True,True
eb61194e-491f-40e4-9064-d3d096e0fe64,15,2025-02-07,128.5,3.0,128.5,3.0,-3.76,-3.02,-3.76,-3.02,,,True,True
eb61194e-491f-40e4-9064-d3d096e0fe64,16,2025-02-08,128.5,2.0,128.5,2.0,-3.76,-3.02,-3.76,-3.02,,,True,True
eb61194e-491f-40e4-9064-d3d096e0fe64,17,2025-02-09,128.5,1.0,128.5,1.0,-3.76,-3.02,-3.76,-3.02,,,True,True
eb61194e-491f-40e4-9064-d3d096e0fe64,18,2025-02-10,128.5,0.0,128.5,0.0,-3.76,-3.02,-3.76,-3.02,,,True,True
eb61194e-491f-40e4-9064-d3d096e0fe64,19,2025-02-11,128.5,-1.0,128.5,-1.0,-3.76,-3.02,-3.76,-3.02,,,True,True
eb61194e-491f-40e4-9064-d3d096e0fe64,20,2025-02-12,125.8,0.0,125.8,0.0,-1.06,-0.85,-1.06,-0.85,,,True,True
eb61194e-491f-40e4-9064-d3d096e0fe64,21,2025-02-13,126.3,0.0,126.3,0.0,-1.56,-1.25,-1.56,-1.25,,,True,True
eb61194e-491f-40e4-9064-d3d096e0fe64,22,2025-02-14,126.3,-1.0,126.3,-1.0,-1.56,-1.25,-1.56,-1.25,,,True,True
eb61194e-491f-40e4-9064-d3d096e0fe64,23,2025-02-15,127.9,1.0,127.9,1.0,-3.16,-2.54,-3.16,-2.54,,,True,True
eb61194e-491f-40e4-9064-d3d096e0fe64,24,2025-02-16,127.9,0.0,127.9,0.0,-3.16,-2.54,-3.16,-2.54,,,True,True
eb61194e-491f-40e4-9064-d3d096e0fe64,25,2025-02-17,127.9,0.0,127.9,0.0,-3.16,-2.54,-3.16,-2.54,,,True,True
eb61194e-491f-40e4-9064-d3d096e0fe64,26,2025-02-18,126.5,0.0,126.5,0.0,-1.76,-1.41,-1.76,-1.41,,,True,True
eb61194e-491f-40e4-9064-d3d096e0fe64,27,2025-02-19,127.9,0.0,127.9,0.0,-3.16,-2.54,-3.16,-2.54,,,True,True
eb61194e-491f-40e4-9064-d3d096e0fe64,28,2025-02-20,127.7,0.0,127.7,0.0,-2.96,-2.37,-2.96,-2.37,,,True,True
eb61194e-491f-40e4-9064-d3d096e0fe64,29,2025-02-21,127.7,-1.0,127.7,-1.0,-2.96,-2.37,-2.96,-2.37,,,True,True
eb61194e-491f-40e4-9064-d3d096e0fe64,30,2025-02-22,123.0,1.0,123.0,1.0,1.74,1.39,1.74,1.39,,,True,True
eb61194e-491f-40e4-9064-d3d096e0fe64,31,2025-02-23,123.0,0.0,123.0,0.0,1.74,1.39,1.74,1.39,,,True,True
eb61194e-491f-40e4-9064-d3d096e0fe64,32,2025-02-24,127.4,0.0,127.4,0.0,-2.66,-2.13,-2.66,-2.13,,,True,True
eb61194e-491f-40e4-9064-d3d096e0fe64,33,2025-02-25,126.9,0.0,126.9,0.0,-2.16,-1.73,-2.16,-1.73,,,True,True
eb61194e-491f-40e4-9064-d3d096e0fe64,34,2025-02-26,127.5,0.0,127.5,0.0,-2.76,-2.21,-2.76,-2.21,,,True,True
eb61194e-491f-40e4-9064-d3d096e0fe64,35,2025-02-27,126.9,0.0,126.9,0.0,-2.16,-1.73,-2.16,-1.73,,,True,True
eb61194e-491f-40e4-9064-d3d096e0fe64,36,2025-02-28,125.9,0.0,125.9,0.0,-1.16,-0.93,-1.16,-0.93,,,True,True
eb61194e-491f-40e4-9064-d3d096e0fe64,37,2025-03-01,126.5,0.0,126.5,0.0,-1.76,-1.41,-1.76,-1.41,,,True,True
eb61194e-491f-40e4-9064-d3d096e0fe64,38,2025-03-02,127.5,0.0,127.5,0.0,-2.76,-2.21,-2.76,-2.21,,,True,True
eb61194e-491f-40e4-9064-d3d096e0fe64,39,2025-03-03,125.3,0.0,125.3,0.0,-0.56,-0.45,-0.56,-0.45,,,True,True
eb61194e-491f-40e4-9064-d3d096e0fe64,40,2025-03-04,124.0,0.0,124.0,0.0,0.74,0.59,0.74,0.59,,,True,True
eb61194e-491f-40e4-9064-d3d096e0fe64,41,2025-03-05,123.0,0.0,123.0,0.0,1.74,1.39,1.74,1.39,,,True,True
eb61194e-491f-40e4-9064-d3d096e0fe64,42,2025-03-06,122.4,0.0,122.4,0.0,2.34,1.87,2.34,1.87,,,True,True
eb61194e-491f-40e4-9064-d3d096e0fe64,43,2025-03-07,123.6,0.0,123.6,0.0,1.14,0.91,1.14,0.91,,,True,True
eb61194e-491f-40e4-9064-d3d096e0fe64,44,2025-03-08,122.0,0.0,122.0,0.0,2.74,2.19,2.74,2.19,,,True,True
eb61194e-491f-40e4-9064-d3d096e0fe64,45,2025-03-09,122.3,0.0,122.3,0.0,2.44,1.95,2.44,1.95,,,True,True
eb61194e-491f-40e4-9064-d3d096e0fe64,46,2025-03-10,121.8,0.0,121.8,0.0,2.94,2.36,2.94,2.36,,,True,True
eb61194e-491f-40e4-9064-d3d096e0fe64,47,2025-03-11,121.7,0.0,121.7,0.0,3.04,2.44,3.04,2.44,,,True,True
eb61194e-491f-40e4-9064-d3d096e0fe64,48,2025-03-12,122.4,0.0,122.4,0.0,2.34,1.87,2.34,1.87,,,True,True
eb61194e-491f-40e4-9064-d3d096e0fe64,49,2025-03-13,122.2,0.0,122.2,0.0,2.54,2.03,2.54,2.03,,,True,True
eb61194e-491f-40e4-9064-d3d096e0fe64,50,2025-03-14,122.2,-1.0,122.2,-1.0,2.54,2.03,2.54,2.03,,,True,True
eb61194e-491f-40e4-9064-d3d096e0fe64,51,2025-03-15,121.6,1.0,121.6,1.0,3.14,2.52,3.14,2.52,,,True,True
eb61194e-491f-40e4-9064-d3d096e0fe64,52,2025-03-16,121.6,0.0,121.6,0.0,3.14,2.52,3.14,2.52,,,True,True
eb61194e-491f-40e4-9064-d3d096e0fe64,53,2025-03-17,39.0,0.0,120.8,0.0,85.74,68.73,3.94,3.16,81.8,-65.58,True,True
eb61194e-491f-40e4-9064-d3d096e0fe64,54,2025-03-18,119.6,0.0,119.6,0.0,5.14,4.12,5.14,4.12,,,True,True
eb61194e-491f-40e4-9064-d3d096e0fe64,55,2025-03-19,119.0,0.0,119.0,0.0,5.74,4.6,5.74,4.6,,,True,True
eb61194e-491f-40e4-9064-d3d096e0fe64,56,2025-03-20,34.0,0.0,119.2,0.0,90.74,72.74,5.54,4.44,85.2,-68.3,True,True
eb61194e-491f-40e4-9064-d3d096e0fe64,57,2025-03-21,70.0,0.0,119.2,-1.0,54.74,43.88,5.54,4.44,49.2,-39.44,True,True
eb61194e-491f-40e4-9064-d3d096e0fe64,58,2025-03-22,38.0,0.0,120.8,0.0,86.74,69.54,3.94,3.16,82.8,-66.38,True,True
eb61194e-491f-40e4-9064-d3d096e0fe64,59,2025-03-23,120.7,0.0,120.7,0.0,4.04,3.24,4.04,3.24,,,True,True
eb61194e-491f-40e4-9064-d3d096e0fe64,60,2025-03-24,31.0,0.0,118.7,0.0,93.74,75.15,6.04,4.84,87.7,-70.31,True,True
eb61194e-491f-40e4-9064-d3d096e0fe64,61,2025-03-25,30.0,0.0,118.4,0.0,94.74,75.95,6.34,5.08,88.4,-70.87,True,True
eb61194e-491f-40e4-9064-d3d096e0fe64,62,2025-03-26,32.0,0.0,124.0,0.0,92.74,74.35,0.74,0.59,92.0,-73.75,True,True
eb61194e-491f-40e4-9064-d3d096e0fe64,63,2025-03-27,49.0,0.0,117.8,0.0,75.74,60.72,6.94,5.56,68.8,-55.16,True,True
eb61194e-491f-40e4-9064-d3d096e0fe64,64,2025-03-28,118.6,0.0,118.6,0.0,6.14,4.92,6.14,4.92,,,True,True
eb61194e-491f-40e4-9064-d3d096e0fe64,65,2025-03-29,100.0,0.0,118.6,-1.0,24.74,19.83,6.14,4.92,18.6,-14.91,True,True
eb61194e-491f-40e4-9064-d3d096e0fe64,66,2025-03-30,118.2,0.0,118.2,0.0,6.54,5.24,6.54,5.24,,,True,True
eb61194e-491f-40e4-9064-d3d096e0fe64,67,2025-03-31,118.2,-1.0,118.2,-1.0,6.54,5.24,6.54,5.24,,,True,True
eb61194e-491f-40e4-9064-d3d096e0fe64,68,2025-04-01,118.2,-2.0,118.2,-2.0,6.54,5.24,6.54,5.24,,,True,True
eb61194e-491f-40e4-9064-d3d096e0fe64,69,2025-04-02,117.3,2.0,117.3,2.0,7.44,5.96,7.44,5.96,,,True,True
eb61194e-491f-40e4-9064-d3d096e0fe64,70,2025-04-03,117.3,1.0,117.3,1.0,7.44,5.96,7.44,5.96,,,True,True
eb61194e-491f-40e4-9064-d3d096e0fe64,71,2025-04-04,117.3,0.0,117.3,0.0,7.44,5.96,7.44,5.96,,,True,True
eb61194e-491f-40e4-9064-d3d096e0fe64,72,2025-04-05,117.3,-1.0,117.3,-1.0,7.44,5.96,7.44,5.96,,,True,True
eb61194e-491f-40e4-9064-d3d096e0fe64,73,2025-04-06,117.3,-2.0,117.3,-2.0,7.44,5.96,7.44,5.96,,,True,True
eb61194e-491f-40e4-9064-d3d096e0fe64,74,2025-04-07,117.3,-3.0,117.3,-3.0,7.44,5.96,7.44,5.96,,,True,True
eb61194e-491f-40e4-9064-d3d096e0fe64,75,2025-04-08,117.3,-4.0,117.3,-4.0,7.44,5.96,7.44,5.96,,,True,True
eb61194e-491f-40e4-9064-d3d096e0fe64,76,2025-04-09,121.8,4.0,121.8,4.0,2.94,2.36,2.94,2.36,,,True,True
eb61194e-491f-40e4-9064-d3d096e0fe64,77,2025-04-10,121.8,3.0,121.8,3.0,2.94,2.36,2.94,2.36,,,True,True
eb61194e-491f-40e4-9064-d3d096e0fe64,78,2025-04-11,121.8,2.0,121.8,2.0,2.94,2.36,2.94,2.36,,,True,True
eb61194e-491f-40e4-9064-d3d096e0fe64,79,2025-04-12,121.8,1.0,121.8,1.0,2.94,2.36,2.94,2.36,,,True,True
eb61194e-491f-40e4-9064-d3d096e0fe64,80,2025-04-13,121.8,0.0,121.8,0.0,2.94,2.36,2.94,2.36,,,True,True
eb61194e-491f-40e4-9064-d3d096e0fe64,81,2025-04-14,121.4,0.0,121.4,0.0,3.34,2.68,3.34,2.68,,,True,True
eb61194e-491f-40e4-9064-d3d096e0fe64,82,2025-04-15,121.4,-1.0,121.4,-1.0,3.34,2.68,3.34,2.68,,,True,True
eb61194e-491f-40e4-9064-d3d096e0fe64,83,2025-04-16,121.1,0.0,121.1,0.0,3.64,2.92,3.64,2.92,,,True,True
eb61194e-491f-40e4-9064-d3d096e0fe64,84,2025-04-17,120.5,0.0,120.5,0.0,4.24,3.4,4.24,3.4,,,True,True
eb61194e-491f-40e4-9064-d3d096e0fe64,85,2025-04-18,120.5,-1.0,120.5,-1.0,4.24,3.4,4.24,3.4,,,True,True
eb61194e-491f-40e4-9064-d3d096e0fe64,86,2025-04-19,120.5,-2.0,120.5,-2.0,4.24,3.4,4.24,3.4,,,True,True
eb61194e-491f-40e4-9064-d3d096e0fe64,87,2025-04-20,120.5,-3.0,120.5,-3.0,4.24,3.4,4.24,3.4,,,True,True
eb61194e-491f-40e4-9064-d3d096e0fe64,88,2025-04-21,120.5,-4.0,120.5,-4.0,4.24,3.4,4.24,3.4,,,True,True
eb61194e-491f-40e4-9064-d3d096e0fe64,89,2025-04-22,120.5,-5.0,120.5,-5.0,4.24,3.4,4.24,3.4,,,True,True
eb61194e-491f-40e4-9064-d3d096e0fe64,90,2025-04-23,47.0,4.0,120.5,-6.0,77.74,62.32,4.24,3.4,73.5,-58.92,True,True
eb61194e-491f-40e4-9064-d3d096e0fe64,91,2025-04-24,47.0,3.0,112.0,6.0,77.74,62.32,12.74,10.21,65.0,-52.11,True,True
eb61194e-491f-40e4-9064-d3d096e0fe64,92,2025-04-25,47.0,2.0,112.0,5.0,77.74,62.32,12.74,10.21,65.0,-52.11,True,True
eb61194e-491f-40e4-9064-d3d096e0fe64,93,2025-04-26,47.0,1.0,112.0,4.0,77.74,62.32,12.74,10.21,65.0,-52.11,True,True
eb61194e-491f-40e4-9064-d3d096e0fe64,94,2025-04-27,47.0,0.0,112.0,3.0,77.74,62.32,12.74,10.21,65.0,-52.11,True,True
eb61194e-491f-40e4-9064-d3d096e0fe64,95,2025-04-28,37.0,0.0,112.0,2.0,87.74,70.34,12.74,10.21,75.0,-60.13,True,True
eb61194e-491f-40e4-9064-d3d096e0fe64,96,2025-04-29,37.0,-1.0,112.0,1.0,87.74,70.34,12.74,10.21,75.0,-60.13,True,True
eb61194e-491f-40e4-9064-d3d096e0fe64,97,2025-04-30,33.0,0.0,112.0,0.0,91.74,73.54,12.74,10.21,79.0,-63.33,True,True
eb61194e-491f-40e4-9064-d3d096e0fe64,98,2025-05-01,33.0,-1.0,112.0,-1.0,91.74,73.54,12.74,10.21,79.0,-63.33,True,True
eb61194e-491f-40e4-9064-d3d096e0fe64,99,2025-05-02,36.0,1.0,112.0,-2.0,88.74,71.14,12.74,10.21,76.0,-60.93,True,True
eb61194e-491f-40e4-9064-d3d096e0fe64,100,2025-05-03,36.0,0.0,112.0,-3.0,88.74,71.14,12.74,10.21,76.0,-60.93,True,True
eb61194e-491f-40e4-9064-d3d096e0fe64,101,2025-05-04,36.0,-1.0,108.0,3.0,88.74,71.14,16.74,13.42,72.0,-57.72,True,True
eb61194e-491f-40e4-9064-d3d096e0fe64,102,2025-05-05,36.0,-2.0,108.0,2.0,88.74,71.14,16.74,13.42,72.0,-57.72,True,True
eb61194e-491f-40e4-9064-d3d096e0fe64,103,2025-05-06,63.0,1.0,108.0,1.0,61.74,49.49,16.74,13.42,45.0,-36.08,True,True
eb61194e-491f-40e4-9064-d3d096e0fe64,104,2025-05-07,63.0,0.0,108.0,0.0,61.74,49.49,16.74,13.42,45.0,-36.08,True,True
eb61194e-491f-40e4-9064-d3d096e0fe64,105,2025-05-08,63.0,-1.0,108.0,-1.0,61.74,49.49,16.74,13.42,45.0,-36.08,True,True
eb61194e-491f-40e4-9064-d3d096e0fe64,106,2025-05-09,36.0,1.0,108.0,-2.0,88.74,71.14,16.74,13.42,72.0,-57.72,True,True
eb61194e-491f-40e4-9064-d3d096e0fe64,107,2025-05-10,36.0,0.0,108.0,-3.0,88.74,71.14,16.74,13.42,72.0,-57.72,True,True
eb61194e-491f-40e4-9064-d3d096e0fe64,108,2025-05-11,36.0,-1.0,108.0,-4.0,88.74,71.14,16.74,13.42,72.0,-57.72,True,True
eb61194e-491f-40e4-9064-d3d096e0fe64,109,2025-05-12,36.0,-2.0,104.0,3.0,88.74,71.14,20.74,16.63,68.0,-54.51,True,True
eb61194e-491f-40e4-9064-d3d096e0fe64,110,2025-05-13,118.0,2.0,104.0,2.0,6.74,5.4,20.74,16.63,-14.0,11.22,True,True
eb61194e-491f-40e4-9064-d3d096e0fe64,111,2025-05-14,118.0,1.0,104.0,1.0,6.74,5.4,20.74,16.63,-14.0,11.22,True,True
eb61194e-491f-40e4-9064-d3d096e0fe64,112,2025-05-15,118.0,0.0,104.0,0.0,6.74,5.4,20.74,16.63,-14.0,11.22,True,True
eb61194e-491f-40e4-9064-d3d096e0fe64,113,2025-05-16,118.0,-1.0,104.0,-1.0,6.74,5.4,20.74,16.63,-14.0,11.22,True,True
eb61194e-491f-40e4-9064-d3d096e0fe64,114,2025-05-17,118.0,-2.0,104.0,-2.0,6.74,5.4,20.74,16.63,-14.0,11.22,True,True
eb61194e-491f-40e4-9064-d3d096e0fe64,115,2025-05-18,118.0,-3.0,104.0,-3.0,6.74,5.4,20.74,16.63,-14.0,11.22,True,True
eb61194e-491f-40e4-9064-d3d096e0fe64,116,2025-05-19,118.0,-4.0,104.0,-4.0,6.74,5.4,20.74,16.63,-14.0,11.22,True,True
eb61194e-491f-40e4-9064-d3d096e0fe64,117,2025-05-20,118.0,-5.0,104.0,-5.0,6.74,5.4,20.74,16.63,-14.0,11.22,True,True
eb61194e-491f-40e4-9064-d3d096e0fe64,118,2025-05-21,118.0,-6.0,104.0,-6.0,6.74,5.4,20.74,16.63,-14.0,11.22,True,True
eb61194e-491f-40e4-9064-d3d096e0fe64,119,2025-05-22,118.0,-7.0,104.0,-7.0,6.74,5.4,20.74,16.63,-14.0,11.22,True,True
eb61194e-491f-40e4-9064-d3d096e0fe64,120,2025-05-23,118.0,-8.0,104.0,-8.0,6.74,5.4,20.74,16.63,-14.0,11.22,True,True
eb61194e-491f-40e4-9064-d3d096e0fe64,121,2025-05-24,118.0,-9.0,104.0,-9.0,6.74,5.4,20.74,16.63,-14.0,11.22,True,True
eb61194e-491f-40e4-9064-d3d096e0fe64,122,2025-05-25,118.0,-10.0,104.0,-10.0,6.74,5.4,20.74,16.63,-14.0,11.22,True,True
eb61194e-491f-40e4-9064-d3d096e0fe64,123,2025-05-26,118.0,-11.0,104.0,-11.0,6.74,5.4,20.74,16.63,-14.0,11.22,True,True
eb61194e-491f-40e4-9064-d3d096e0fe64,124,2025-05-27,118.0,-12.0,104.0,-12.0,6.74,5.4,20.74,16.63,-14.0,11.22,True,True
eb61194e-491f-40e4-9064-d3d096e0fe64,125,2025-05-28,118.0,-13.0,104.0,-13.0,6.74,5.4,20.74,16.63,-14.0,11.22,True,True
eb61194e-491f-40e4-9064-d3d096e0fe64,126,2025-05-29,118.0,-14.0,104.0,-14.0,6.74,5.4,20.74,16.63,-14.0,11.22,True,True
eb61194e-491f-40e4-9064-d3d096e0fe64,127,2025-05-30,118.0,-15.0,104.0,-15.0,6.74,5.4,20.74,16.63,-14.0,11.22,True,True
eb61194e-491f-40e4-9064-d3d096e0fe64,128,2025-05-31,118.0,-16.0,104.0,-16.0,6.74,5.4,20.74,16.63,-14.0,11.22,True,True
eb61194e-491f-40e4-9064-d3d096e0fe64,129,2025-06-01,118.0,-17.0,104.0,-17.0,6.74,5.4,20.74,16.63,-14.0,11.22,True,True
eb61194e-491f-40e4-9064-d3d096e0fe64,130,2025-06-02,118.0,-18.0,104.0,-18.0,6.74,5.4,20.74,16.63,-14.0,11.22,True,True
eb61194e-491f-40e4-9064-d3d096e0fe64,131,2025-06-03,118.0,-19.0,104.0,-19.0,6.74,5.4,20.74,16.63,-14.0,11.22,True,True
eb61194e-491f-40e4-9064-d3d096e0fe64,132,2025-06-04,118.0,-20.0,104.0,-20.0,6.74,5.4,20.74,16.63,-14.0,11.22,True,True
eb61194e-491f-40e4-9064-d3d096e0fe64,133,2025-06-05,,,,,,,,,,,False,False
eb61194e-491f-40e4-9064-d3d096e0fe64,134,2025-06-06,,,,,,,,,,,False,False
eb61194e-491f-40e4-9064-d3d096e0fe64,135,2025-06-07,,,,,,,,,,,False,False
eb61194e-491f-40e4-9064-d3d096e0fe64,136,2025-06-08,,,,,,,,,,,False,False
eb61194e-491f-40e4-9064-d3d096e0fe64,137,2025-06-09,,,,,,,,,,,False,False
eb61194e-491f-40e4-9064-d3d096e0fe64,138,2025-06-10,,,,,,,,,,,False,False
eb61194e-491f-40e4-9064-d3d096e0fe64,139,2025-06-11,,,,,,,,,,,False,False
eb61194e-491f-40e4-9064-d3d096e0fe64,140,2025-06-12,,,,,,,,,,,False,False
eb61194e-491f-40e4-9064-d3d096e0fe64,141,2025-06-13,,,,,,,,,,,False,False
eb61194e-491f-40e4-9064-d3d096e0fe64,142,2025-06-14,,,,,,,,,,,False,False
eb61194e-491f-40e4-9064-d3d096e0fe64,143,2025-06-15,,,,,,,,,,,False,False
eb61194e-491f-40e4-9064-d3d096e0fe64,144,2025-06-16,,,,,,,,,,,False,False
eb61194e-491f-40e4-9064-d3d096e0fe64,145,2025-06-17,,,,,,,,,,,False,False
eb61194e-491f-40e4-9064-d3d096e0fe64,146,2025-06-18,,,,,,,,,,,False,False
eb61194e-491f-40e4-9064-d3d096e0fe64,147,2025-06-19,,,,,,,,,,,False,False
eb61194e-491f-40e4-9064-d3d096e0fe64,148,2025-06-20,,,,,,,,,,,False,False
eb61194e-491f-40e4-9064-d3d096e0fe64,149,2025-06-21,,,,,,,,,,,False,False
eb61194e-491f-40e4-9064-d3d096e0fe64,150,2025-06-22,,,,,,,,,,,False,False
eb61194e-491f-40e4-9064-d3d096e0fe64,151,2025-06-23,,,,,,,,,,,False,False
eb61194e-491f-40e4-9064-d3d096e0fe64,152,2025-06-24,,,,,,,,,,,False,False
eb61194e-491f-40e4-9064-d3d096e0fe64,153,2025-06-25,,,,,,,,,,,False,False
eb61194e-491f-40e4-9064-d3d096e0fe64,154,2025-06-26,,,,,,,,,,,False,False
eb61194e-491f-40e4-9064-d3d096e0fe64,155,2025-06-27,,,,,,,,,,,False,False
eb61194e-491f-40e4-9064-d3d096e0fe64,156,2025-06-28,46.3,20.0,,,78.44,62.88,,,,,True,False
eb61194e-491f-40e4-9064-d3d096e0fe64,157,2025-06-29,46.3,19.0,,,78.44,62.88,,,,,True,False
eb61194e-491f-40e4-9064-d3d096e0fe64,158,2025-06-30,46.3,18.0,,,78.44,62.88,,,,,True,False
eb61194e-491f-40e4-9064-d3d096e0fe64,159,2025-07-01,46.3,17.0,,,78.44,62.88,,,,,True,False
eb61194e-491f-40e4-9064-d3d096e0fe64,160,2025-07-02,46.3,16.0,,,78.44,62.88,,,,,True,False
eb61194e-491f-40e4-9064-d3d096e0fe64,161,2025-07-03,46.3,15.0,,,78.44,62.88,,,,,True,False
eb61194e-491f-40e4-9064-d3d096e0fe64,162,2025-07-04,46.3,14.0,,,78.44,62.88,,,,,True,False
eb61194e-491f-40e4-9064-d3d096e0fe64,163,2025-07-05,46.3,13.0,,,78.44,62.88,,,,,True,False
eb61194e-491f-40e4-9064-d3d096e0fe64,164,2025-07-06,46.3,12.0,,,78.44,62.88,,,,,True,False
eb61194e-491f-40e4-9064-d3d096e0fe64,165,2025-07-07,46.3,11.0,,,78.44,62.88,,,,,True,False
eb61194e-491f-40e4-9064-d3d096e0fe64,166,2025-07-08,46.3,10.0,,,78.44,62.88,,,,,True,False
eb61194e-491f-40e4-9064-d3d096e0fe64,167,2025-07-09,46.3,9.0,,,78.44,62.88,,,,,True,False
eb61194e-491f-40e4-9064-d3d096e0fe64,168,2025-07-10,46.3,8.0,,,78.44,62.88,,,,,True,False
eb61194e-491f-40e4-9064-d3d096e0fe64,169,2025-07-11,46.3,7.0,,,78.44,62.88,,,,,True,False
eb61194e-491f-40e4-9064-d3d096e0fe64,170,2025-07-12,46.3,6.0,,,78.44,62.88,,,,,True,False
eb61194e-491f-40e4-9064-d3d096e0fe64,171,2025-07-13,46.3,5.0,,,78.44,62.88,,,,,True,False
eb61194e-491f-40e4-9064-d3d096e0fe64,172,2025-07-14,46.3,4.0,,,78.44,62.88,,,,,True,False
eb61194e-491f-40e4-9064-d3d096e0fe64,173,2025-07-15,46.3,3.0,,,78.44,62.88,,,,,True,False
eb61194e-491f-40e4-9064-d3d096e0fe64,174,2025-07-16,46.3,2.0,,,78.44,62.88,,,,,True,False
eb61194e-491f-40e4-9064-d3d096e0fe64,175,2025-07-17,46.3,1.0,,,78.44,62.88,,,,,True,False
eb61194e-491f-40e4-9064-d3d096e0fe64,176,2025-07-18,46.3,0.0,,,78.44,62.88,,,,,True,False
eb61194e-491f-40e4-9064-d3d096e0fe64,177,2025-07-19,46.3,-1.0,,,78.44,62.88,,,,,True,False
eb61194e-491f-40e4-9064-d3d096e0fe64,178,2025-07-20,46.3,-2.0,,,78.44,62.88,,,,,True,False
eb61194e-491f-40e4-9064-d3d096e0fe64,179,2025-07-21,46.3,-3.0,,,78.44,62.88,,,,,True,False
eb61194e-491f-40e4-9064-d3d096e0fe64,180,2025-07-22,46.3,-4.0,,,78.44,62.88,,,,,True,False
262e084b-6d5c-490c-af3a-d926d6c44966,0,2025-01-29,91.17,0.0,91.17,0.0,,,,,,,True,True
262e084b-6d5c-490c-af3a-d926d6c44966,1,2025-01-30,91.17,-1.0,91.17,-1.0,,,,,,,True,True
262e084b-6d5c-490c-af3a-d926d6c44966,2,2025-01-31,91.17,0.0,91.17,0.0,,,,,,,True,True
262e084b-6d5c-490c-af3a-d926d6c44966,3,2025-02-01,91.17,-1.0,91.17,-1.0,,,,,,,True,True
262e084b-6d5c-490c-af3a-d926d6c44966,4,2025-02-02,91.17,-2.0,91.17,-2.0,,,,,,,True,True
262e084b-6d5c-490c-af3a-d926d6c44966,5,2025-02-03,91.17,-3.0,91.17,-3.0,,,,,,,True,True
262e084b-6d5c-490c-af3a-d926d6c44966,6,2025-02-04,91.17,-4.0,91.17,-4.0,,,,,,,True,True
262e084b-6d5c-490c-af3a-d926d6c44966,7,2025-02-05,91.17,-5.0,91.17,-5.0,,,,,,,True,True
262e084b-6d5c-490c-af3a-d926d6c44966,8,2025-02-06,91.17,-6.0,91.17,-6.0,,,,,,,True,True
262e084b-6d5c-490c-af3a-d926d6c44966,9,2025-02-07,91.17,-7.0,91.17,-7.0,,,,,,,True,True
262e084b-6d5c-490c-af3a-d926d6c44966,10,2025-02-08,91.17,-8.0,91.17,-8.0,,,,,,,True,True
262e084b-6d5c-490c-af3a-d926d6c44966,11,2025-02-09,91.17,-9.0,91.17,-9.0,,,,,,,True,True
262e084b-6d5c-490c-af3a-d926d6c44966,12,2025-02-10,91.17,-10.0,91.17,-10.0,,,,,,,True,True
262e084b-6d5c-490c-af3a-d926d6c44966,13,2025-02-11,91.17,-11.0,91.17,-11.0,,,,,,,True,True
262e084b-6d5c-490c-af3a-d926d6c44966,14,2025-02-12,91.17,-12.0,91.17,-12.0,,,,,,,True,True
262e084b-6d5c-490c-af3a-d926d6c44966,15,2025-02-13,91.17,-13.0,91.17,-13.0,,,,,,,True,True
262e084b-6d5c-490c-af3a-d926d6c44966,16,2025-02-14,91.17,-14.0,91.17,-14.0,,,,,,,True,True
262e084b-6d5c-490c-af3a-d926d6c44966,17,2025-02-15,91.17,-15.0,91.17,-15.0,,,,,,,True,True
262e084b-6d5c-490c-af3a-d926d6c44966,18,2025-02-16,91.17,-16.0,91.17,-16.0,,,,,,,True,True
262e084b-6d5c-490c-af3a-d926d6c44966,19,2025-02-17,91.17,-17.0,91.17,-17.0,,,,,,,True,True
262e084b-6d5c-490c-af3a-d926d6c44966,20,2025-02-18,91.17,-18.0,91.17,-18.0,,,,,,,True,True
262e084b-6d5c-490c-af3a-d926d6c44966,21,2025-02-19,91.17,-19.0,91.17,-19.0,,,,,,,True,True
262e084b-6d5c-490c-af3a-d926d6c44966,22,2025-02-20,91.17,-20.0,91.17,-20.0,,,,,,,True,True
262e084b-6d5c-490c-af3a-d926d6c44966,23,2025-02-21,,,,,,,,,,,False,False
262e084b-6d5c-490c-af3a-d926d6c44966,24,2025-02-22,,,,,,,,,,,False,False
262e084b-6d5c-490c-af3a-d926d6c44966,25,2025-02-23,,,,,,,,,,,False,False
262e084b-6d5c-490c-af3a-d926d6c44966,26,2025-02-24,,,,,,,,,,,False,False
262e084b-6d5c-490c-af3a-d926d6c44966,27,2025-02-25,,,,,,,,,,,False,False
262e084b-6d5c-490c-af3a-d926d6c44966,28,2025-02-26,,,,,,,,,,,False,False
262e084b-6d5c-490c-af3a-d926d6c44966,29,2025-02-27,,,,,,,,,,,False,False
262e084b-6d5c-490c-af3a-d926d6c44966,30,2025-02-28,,,,,,,,,,,False,False
262e084b-6d5c-490c-af3a-d926d6c44966,31,2025-03-01,,,,,,,,,,,False,False
262e084b-6d5c-490c-af3a-d926d6c44966,32,2025-03-02,,,,,,,,,,,False,False
262e084b-6d5c-490c-af3a-d926d6c44966,33,2025-03-03,,,,,,,,,,,False,False
262e084b-6d5c-490c-af3a-d926d6c44966,34,2025-03-04,,,,,,,,,,,False,False
262e084b-6d5c-490c-af3a-d926d6c44966,35,2025-03-05,,,,,,,,,,,False,False
262e084b-6d5c-490c-af3a-d926d6c44966,36,2025-03-06,,,,,,,,,,,False,False
262e084b-6d5c-490c-af3a-d926d6c44966,37,2025-03-07,,,,,,,,,,,False,False
262e084b-6d5c-490c-af3a-d926d6c44966,38,2025-03-08,,,,,,,,,,,False,False
262e084b-6d5c-490c-af3a-d926d6c44966,39,2025-03-09,,,,,,,,,,,False,False
262e084b-6d5c-490c-af3a-d926d6c44966,40,2025-03-10,,,,,,,,,,,False,False
262e084b-6d5c-490c-af3a-d926d6c44966,41,2025-03-11,,,,,,,,,,,False,False
262e084b-6d5c-490c-af3a-d926d6c44966,42,2025-03-12,,,,,,,,,,,False,False
262e084b-6d5c-490c-af3a-d926d6c44966,43,2025-03-13,,,,,,,,,,,False,False
262e084b-6d5c-490c-af3a-d926d6c44966,44,2025-03-14,,,,,,,,,,,False,False
262e084b-6d5c-490c-af3a-d926d6c44966,45,2025-03-15,,,,,,,,,,,False,False
262e084b-6d5c-490c-af3a-d926d6c44966,46,2025-03-16,,,,,,,,,,,False,False
262e084b-6d5c-490c-af3a-d926d6c44966,47,2025-03-17,,,,,,,,,,,False,False
262e084b-6d5c-490c-af3a-d926d6c44966,48,2025-03-18,,,,,,,,,,,False,False
262e084b-6d5c-490c-af3a-d926d6c44966,49,2025-03-19,,,,,,,,,,,False,False
262e084b-6d5c-490c-af3a-d926d6c44966,50,2025-03-20,,,,,,,,,,,False,False
262e084b-6d5c-490c-af3a-d926d6c44966,51,2025-03-21,,,,,,,,,,,False,False
262e084b-6d5c-490c-af3a-d926d6c44966,52,2025-03-22,,,,,,,,,,,False,False
262e084b-6d5c-490c-af3a-d926d6c44966,53,2025-03-23,,,,,,,,,,,False,False
262e084b-6d5c-490c-af3a-d926d6c44966,54,2025-03-24,,,,,,,,,,,False,False
262e084b-6d5c-490c-af3a-d926d6c44966,55,2025-03-25,90.72,20.0,90.72,20.0,0.45,0.5,0.45,0.5,,,True,True
262e084b-6d5c-490c-af3a-d926d6c44966,56,2025-03-26,90.72,19.0,90.72,19.0,0.45,0.5,0.45,0.5,,,True,True
262e084b-6d5c-490c-af3a-d926d6c44966,57,2025-03-27,90.72,18.0,90.72,18.0,0.45,0.5,0.45,0.5,,,True,True
262e084b-6d5c-490c-af3a-d926d6c44966,58,2025-03-28,90.72,17.0,90.72,17.0,0.45,0.5,0.45,0.5,,,True,True
262e084b-6d5c-490c-af3a-d926d6c44966,59,2025-03-29,90.72,16.0,90.72,16.0,0.45,0.5,0.45,0.5,,,True,True
262e084b-6d5c-490c-af3a-d926d6c44966,60,2025-03-30,90.72,15.0,90.72,15.0,0.45,0.5,0.45,0.5,,,True,True
262e084b-6d5c-490c-af3a-d926d6c44966,61,2025-03-31,90.72,14.0,90.72,14.0,0.45,0.5,0.45,0.5,,,True,True
262e084b-6d5c-490c-af3a-d926d6c44966,62,2025-04-01,90.72,13.0,90.72,13.0,0.45,0.5,0.45,0.5,,,True,True
262e084b-6d5c-490c-af3a-d926d6c44966,63,2025-04-02,90.72,12.0,90.72,12.0,0.45,0.5,0.45,0.5,,,True,True
262e084b-6d5c-490c-af3a-d926d6c44966,64,2025-04-03,90.72,11.0,90.72,11.0,0.45,0.5,0.45,0.5,,,True,True
262e084b-6d5c-490c-af3a-d926d6c44966,65,2025-04-04,90.72,10.0,90.72,10.0,0.45,0.5,0.45,0.5,,,True,True
262e084b-6d5c-490c-af3a-d926d6c44966,66,2025-04-05,90.72,9.0,90.72,9.0,0.45,0.5,0.45,0.5,,,True,True
262e084b-6d5c-490c-af3a-d926d6c44966,67,2025-04-06,90.72,8.0,90.72,8.0,0.45,0.5,0.45,0.5,,,True,True
262e084b-6d5c-490c-af3a-d926d6c44966,68,2025-04-07,90.72,7.0,90.72,7.0,0.45,0.5,0.45,0.5,,,True,True
262e084b-6d5c-490c-af3a-d926d6c44966,69,2025-04-08,90.72,6.0,90.72,6.0,0.45,0.5,0.45,0.5,,,True,True
262e084b-6d5c-490c-af3a-d926d6c44966,70,2025-04-09,90.72,5.0,90.72,5.0,0.45,0.5,0.45,0.5,,,True,True
262e084b-6d5c-490c-af3a-d926d6c44966,71,2025-04-10,90.72,4.0,90.72,4.0,0.45,0.5,0.45,0.5,,,True,True
262e084b-6d5c-490c-af3a-d926d6c44966,72,2025-04-11,90.72,3.0,90.72,3.0,0.45,0.5,0.45,0.5,,,True,True
262e084b-6d5c-490c-af3a-d926d6c44966,73,2025-04-12,90.72,2.0,90.72,2.0,0.45,0.5,0.45,0.5,,,True,True
262e084b-6d5c-490c-af3a-d926d6c44966,74,2025-04-13,90.72,1.0,90.72,1.0,0.45,0.5,0.45,0.5,,,True,True
262e084b-6d5c-490c-af3a-d926d6c44966,75,2025-04-14,90.72,0.0,90.72,0.0,0.45,0.5,0.45,0.5,,,True,True
262e084b-6d5c-490c-af3a-d926d6c44966,76,2025-04-15,90.72,-1.0,90.72,-1.0,0.45,0.5,0.45,0.5,,,True,True
262e084b-6d5c-490c-af3a-d926d6c44966,77,2025-04-16,90.72,-2.0,90.72,-2.0,0.45,0.5,0.45,0.5,,,True,True
262e084b-6d5c-490c-af3a-d926d6c44966,78,2025-04-17,90.72,-3.0,90.72,-3.0,0.45,0.5,0.45,0.5,,,True,True
262e084b-6d5c-490c-af3a-d926d6c44966,79,2025-04-18,90.72,-4.0,90.72,-4.0,0.45,0.5,0.45,0.5,,,True,True
262e084b-6d5c-490c-af3a-d926d6c44966,80,2025-04-19,90.72,-5.0,90.72,-5.0,0.45,0.5,0.45,0.5,,,True,True
262e084b-6d5c-490c-af3a-d926d6c44966,81,2025-04-20,90.72,-6.0,90.72,-6.0,0.45,0.5,0.45,0.5,,,True,True
262e084b-6d5c-490c-af3a-d926d6c44966,82,2025-04-21,90.72,-7.0,90.72,-7.0,0.45,0.5,0.45,0.5,,,True,True
262e084b-6d5c-490c-af3a-d926d6c44966,83,2025-04-22,41.15,6.0,89.58,6.0,50.02,54.87,1.59,1.74,48.44,-53.13,True,True
262e084b-6d5c-490c-af3a-d926d6c44966,84,2025-04-23,41.15,5.0,89.58,5.0,50.02,54.87,1.59,1.74,48.44,-53.13,True,True
262e084b-6d5c-490c-af3a-d926d6c44966,85,2025-04-24,41.15,4.0,89.58,4.0,50.02,54.87,1.59,1.74,48.44,-53.13,True,True
262e084b-6d5c-490c-af3a-d926d6c44966,86,2025-04-25,41.15,3.0,89.58,3.0,50.02,54.87,1.59,1.74,48.44,-53.13,True,True
262e084b-6d5c-490c-af3a-d926d6c44966,87,2025-04-26,41.15,2.0,89.58,2.0,50.02,54.87,1.59,1.74,48.44,-53.13,True,True
262e084b-6d5c-490c-af3a-d926d6c44966,88,2025-04-27,41.15,1.0,89.58,1.0,50.02,54.87,1.59,1.74,48.44,-53.13,True,True
262e084b-6d5c-490c-af3a-d926d6c44966,89,2025-04-28,41.15,0.0,89.58,0.0,50.02,54.87,1.59,1.74,48.44,-53.13,True,True
262e084b-6d5c-490c-af3a-d926d6c44966,90,2025-04-29,41.15,-1.0,89.58,-1.0,50.02,54.87,1.59,1.74,48.44,-53.13,True,True
262e084b-6d5c-490c-af3a-d926d6c44966,91,2025-04-30,41.15,-2.0,89.58,-2.0,50.02,54.87,1.59,1.74,48.44,-53.13,True,True
262e084b-6d5c-490c-af3a-d926d6c44966,92,2025-05-01,88.08,2.0,88.08,2.0,3.09,3.39,3.09,3.39,,,True,True
262e084b-6d5c-490c-af3a-d926d6c44966,93,2025-05-02,88.08,1.0,88.08,1.0,3.09,3.39,3.09,3.39,,,True,True
262e084b-6d5c-490c-af3a-d926d6c44966,94,2025-05-03,88.08,0.0,88.08,0.0,3.09,3.39,3.09,3.39,,,True,True
262e084b-6d5c-490c-af3a-d926d6c44966,95,2025-05-04,88.7,0.0,88.7,0.0,2.47,2.71,2.47,2.71,,,True,True
262e084b-6d5c-490c-af3a-d926d6c44966,96,2025-05-05,88.7,-1.0,88.7,-1.0,2.47,2.71,2.47,2.71,,,True,True
262e084b-6d5c-490c-af3a-d926d6c44966,97,2025-05-06,88.53,0.0,88.53,0.0,2.65,2.9,2.65,2.9,,,True,True
262e084b-6d5c-490c-af3a-d926d6c44966,98,2025-05-07,88.74,0.0,88.74,0.0,2.43,2.67,2.43,2.67,,,True,True
262e084b-6d5c-490c-af3a-d926d6c44966,99,2025-05-08,88.08,0.0,88.08,0.0,3.09,3.39,3.09,3.39,,,True,True
262e084b-6d5c-490c-af3a-d926d6c44966,100,2025-05-09,89.91,0.0,89.91,0.0,1.27,1.39,1.27,1.39,,,True,True
262e084b-6d5c-490c-af3a-d926d6c44966,101,2025-05-10,88.4,0.0,88.4,0.0,2.77,3.04,2.77,3.04,,,True,True
262e084b-6d5c-490c-af3a-d926d6c44966,102,2025-05-11,89.24,0.0,89.24,0.0,1.94,2.12,1.94,2.12,,,True,True
262e084b-6d5c-490c-af3a-d926d6c44966,103,2025-05-12,88.67,0.0,88.67,0.0,2.51,2.75,2.51,2.75,,,True,True
262e084b-6d5c-490c-af3a-d926d6c44966,104,2025-05-13,90.92,0.0,90.92,0.0,0.25,0.28,0.25,0.28,,,True,True
262e084b-6d5c-490c-af3a-d926d6c44966,105,2025-05-14,90.92,-1.0,90.92,-1.0,0.25,0.28,0.25,0.28,,,True,True
262e084b-6d5c-490c-af3a-d926d6c44966,106,2025-05-15,89.92,0.0,89.92,0.0,1.25,1.38,1.25,1.38,,,True,True
262e084b-6d5c-490c-af3a-d926d6c44966,107,2025-05-16,89.78,0.0,89.78,0.0,1.39,1.53,1.39,1.53,,,True,True
262e084b-6d5c-490c-af3a-d926d6c44966,108,2025-05-17,89.78,-1.0,89.78,-1.0,1.39,1.53,1.39,1.53,,,True,True
262e084b-6d5c-490c-af3a-d926d6c44966,109,2025-05-18,89.78,-2.0,89.78,-2.0,1.39,1.53,1.39,1.53,,,True,True
262e084b-6d5c-490c-af3a-d926d6c44966,110,2025-05-19,89.78,-3.0,89.78,-3.0,1.39,1.53,1.39,1.53,,,True,True
262e084b-6d5c-490c-af3a-d926d6c44966,111,2025-05-20,89.78,-4.0,89.78,-4.0,1.39,1.53,1.39,1.53,,,True,True
262e084b-6d5c-490c-af3a-d926d6c44966,112,2025-05-21,89.78,-5.0,89.78,-5.0,1.39,1.53,1.39,1.53,,,True,True
262e084b-6d5c-490c-af3a-d926d6c44966,113,2025-05-22,89.78,-6.0,89.78,-6.0,1.39,1.53,1.39,1.53,,,True,True
262e084b-6d5c-490c-af3a-d926d6c44966,114,2025-05-23,89.78,-7.0,89.78,-7.0,1.39,1.53,1.39,1.53,,,True,True
262e084b-6d5c-490c-af3a-d926d6c44966,115,2025-05-24,89.78,-8.0,89.78,-8.0,1.39,1.53,1.39,1.53,,,True,True
262e084b-6d5c-490c-af3a-d926d6c44966,116,2025-05-25,89.78,-9.0,89.78,-9.0,1.39,1.53,1.39,1.53,,,True,True
262e084b-6d5c-490c-af3a-d926d6c44966,117,2025-05-26,89.78,-10.0,89.78,-10.0,1.39,1.53,1.39,1.53,,,True,True
262e084b-6d5c-490c-af3a-d926d6c44966,118,2025-05-27,89.78,-11.0,89.78,-11.0,1.39,1.53,1.39,1.53,,,True,True
262e084b-6d5c-490c-af3a-d926d6c44966,119,2025-05-28,89.78,-12.0,89.78,-12.0,1.39,1.53,1.39,1.53,,,True,True
262e084b-6d5c-490c-af3a-d926d6c44966,120,2025-05-29,89.78,-13.0,89.78,-13.0,1.39,1.53,1.39,1.53,,,True,True
262e084b-6d5c-490c-af3a-d926d6c44966,121,2025-05-30,89.78,-14.0,89.78,-14.0,1.39,1.53,1.39,1.53,,,True,True
262e084b-6d5c-490c-af3a-d926d6c44966,122,2025-05-31,89.78,-15.0,89.78,-15.0,1.39,1.53,1.39,1.53,,,True,True
262e084b-6d5c-490c-af3a-d926d6c44966,123,2025-06-01,89.78,-16.0,89.78,-16.0,1.39,1.53,1.39,1.53,,,True,True
262e084b-6d5c-490c-af3a-d926d6c44966,124,2025-06-02,89.78,-17.0,89.78,-17.0,1.39,1.53,1.39,1.53,,,True,True
262e084b-6d5c-490c-af3a-d926d6c44966,125,2025-06-03,89.78,-18.0,89.78,-18.0,1.39,1.53,1.39,1.53,,,True,True
262e084b-6d5c-490c-af3a-d926d6c44966,126,2025-06-04,89.78,-19.0,89.78,-19.0,1.39,1.53,1.39,1.53,,,True,True
262e084b-6d5c-490c-af3a-d926d6c44966,127,2025-06-05,89.78,-20.0,89.78,-20.0,1.39,1.53,1.39,1.53,,,True,True
262e084b-6d5c-490c-af3a-d926d6c44966,128,2025-06-06,,,,,,,,,,,False,False
262e084b-6d5c-490c-af3a-d926d6c44966,129,2025-06-07,,,,,,,,,,,False,False
262e084b-6d5c-490c-af3a-d926d6c44966,130,2025-06-08,,,,,,,,,,,False,False
262e084b-6d5c-490c-af3a-d926d6c44966,131,2025-06-09,,,,,,,,,,,False,False
262e084b-6d5c-490c-af3a-d926d6c44966,132,2025-06-10,,,,,,,,,,,False,False
262e084b-6d5c-490c-af3a-d926d6c44966,133,2025-06-11,,,,,,,,,,,False,False
262e084b-6d5c-490c-af3a-d926d6c44966,134,2025-06-12,,,,,,,,,,,False,False
262e084b-6d5c-490c-af3a-d926d6c44966,135,2025-06-13,,,,,,,,,,,False,False
262e084b-6d5c-490c-af3a-d926d6c44966,136,2025-06-14,,,,,,,,,,,False,False
262e084b-6d5c-490c-af3a-d926d6c44966,137,2025-06-15,,,,,,,,,,,False,False
262e084b-6d5c-490c-af3a-d926d6c44966,138,2025-06-16,,,,,,,,,,,False,False
262e084b-6d5c-490c-af3a-d926d6c44966,139,2025-06-17,,,,,,,,,,,False,False
262e084b-6d5c-490c-af3a-d926d6c44966,140,2025-06-18,,,,,,,,,,,False,False
262e084b-6d5c-490c-af3a-d926d6c44966,141,2025-06-19,,,,,,,,,,,False,False
262e084b-6d5c-490c-af3a-d926d6c44966,142,2025-06-20,,,,,,,,,,,False,False
262e084b-6d5c-490c-af3a-d926d6c44966,143,2025-06-21,,,,,,,,,,,False,False
262e084b-6d5c-490c-af3a-d926d6c44966,144,2025-06-22,,,,,,,,,,,False,False
262e084b-6d5c-490c-af3a-d926d6c44966,145,2025-06-23,,,,,,,,,,,False,False
262e084b-6d5c-490c-af3a-d926d6c44966,146,2025-06-24,,,,,,,,,,,False,False
262e084b-6d5c-490c-af3a-d926d6c44966,147,2025-06-25,,,,,,,,,,,False,False
262e084b-6d5c-490c-af3a-d926d6c44966,148,2025-06-26,,,,,,,,,,,False,False
262e084b-6d5c-490c-af3a-d926d6c44966,149,2025-06-27,,,,,,,,,,,False,False
262e084b-6d5c-490c-af3a-d926d6c44966,150,2025-06-28,,,,,,,,,,,False,False
262e084b-6d5c-490c-af3a-d926d6c44966,151,2025-06-29,,,,,,,,,,,False,False
262e084b-6d5c-490c-af3a-d926d6c44966,152,2025-06-30,,,,,,,,,,,False,False
262e084b-6d5c-490c-af3a-d926d6c44966,153,2025-07-01,,,,,,,,,,,False,False
262e084b-6d5c-490c-af3a-d926d6c44966,154,2025-07-02,,,,,,,,,,,False,False
262e084b-6d5c-490c-af3a-d926d6c44966,155,2025-07-03,,,,,,,,,,,False,False
262e084b-6d5c-490c-af3a-d926d6c44966,156,2025-07-04,88.79,20.0,88.79,20.0,2.38,2.61,2.38,2.61,,,True,True
262e084b-6d5c-490c-af3a-d926d6c44966,157,2025-07-05,88.79,19.0,88.79,19.0,2.38,2.61,2.38,2.61,,,True,True
262e084b-6d5c-490c-af3a-d926d6c44966,158,2025-07-06,88.79,18.0,88.79,18.0,2.38,2.61,2.38,2.61,,,True,True
262e084b-6d5c-490c-af3a-d926d6c44966,159,2025-07-07,88.79,17.0,88.79,17.0,2.38,2.61,2.38,2.61,,,True,True
262e084b-6d5c-490c-af3a-d926d6c44966,160,2025-07-08,88.79,16.0,88.79,16.0,2.38,2.61,2.38,2.61,,,True,True
262e084b-6d5c-490c-af3a-d926d6c44966,161,2025-07-09,88.79,15.0,88.79,15.0,2.38,2.61,2.38,2.61,,,True,True
262e084b-6d5c-490c-af3a-d926d6c44966,162,2025-07-10,88.79,14.0,88.79,14.0,2.38,2.61,2.38,2.61,,,True,True
262e084b-6d5c-490c-af3a-d926d6c44966,163,2025-07-11,88.79,13.0,88.79,13.0,2.38,2.61,2.38,2.61,,,True,True
262e084b-6d5c-490c-af3a-d926d6c44966,164,2025-07-12,88.79,12.0,88.79,12.0,2.38,2.61,2.38,2.61,,,True,True
262e084b-6d5c-490c-af3a-d926d6c44966,165,2025-07-13,88.79,11.0,88.79,11.0,2.38,2.61,2.38,2.61,,,True,True
262e084b-6d5c-490c-af3a-d926d6c44966,166,2025-07-14,88.79,10.0,88.79,10.0,2.38,2.61,2.38,2.61,,,True,True
262e084b-6d5c-490c-af3a-d926d6c44966,167,2025-07-15,88.79,9.0,88.79,9.0,2.38,2.61,2.38,2.61,,,True,True
262e084b-6d5c-490c-af3a-d926d6c44966,168,2025-07-16,88.79,8.0,88.79,8.0,2.38,2.61,2.38,2.61,,,True,True
262e084b-6d5c-490c-af3a-d926d6c44966,169,2025-07-17,88.79,7.0,88.79,7.0,2.38,2.61,2.38,2.61,,,True,True
262e084b-6d5c-490c-af3a-d926d6c44966,170,2025-07-18,88.79,6.0,88.79,6.0,2.38,2.61,2.38,2.61,,,True,True
262e084b-6d5c-490c-af3a-d926d6c44966,171,2025-07-19,88.79,5.0,88.79,5.0,2.38,2.61,2.38,2.61,,,True,True
262e084b-6d5c-490c-af3a-d926d6c44966,172,2025-07-20,88.79,4.0,88.79,4.0,2.38,2.61,2.38,2.61,,,True,True
262e084b-6d5c-490c-af3a-d926d6c44966,173,2025-07-21,88.79,3.0,88.79,3.0,2.38,2.61,2.38,2.61,,,True,True
262e084b-6d5c-490c-af3a-d926d6c44966,174,2025-07-22,88.79,2.0,88.79,2.0,2.38,2.61,2.38,2.61,,,True,True
262e084b-6d5c-490c-af3a-d926d6c44966,175,2025-07-23,88.79,1.0,88.79,1.0,2.38,2.61,2.38,2.61,,,True,True
262e084b-6d5c-490c-af3a-d926d6c44966,176,2025-07-24,88.79,0.0,88.79,0.0,2.38,2.61,2.38,2.61,,,True,True
262e084b-6d5c-490c-af3a-d926d6c44966,177,2025-07-25,88.79,-1.0,88.79,-1.0,2.38,2.61,2.38,2.61,,,True,True
262e084b-6d5c-490c-af3a-d926d6c44966,178,2025-07-26,88.79,-2.0,88.79,-2.0,2.38,2.61,2.38,2.61,,,True,True
262e084b-6d5c-490c-af3a-d926d6c44966,179,2025-07-27,88.79,-3.0,88.79,-3.0,2.38,2.61,2.38,2.61,,,True,True
262e084b-6d5c-490c-af3a-d926d6c44966,180,2025-07-28,88.79,-4.0,88.79,-4.0,2.38,2.61,2.38,2.61,,,True,True
9575e299-bef6-4c76-9f27-aecc5fdf13a4,0,2025-01-03,81.42,-1.0,116.57,-4.0,-0.23,-0.28,,,35.15,0.28,True,True
9575e299-bef6-4c76-9f27-aecc5fdf13a4,1,2025-01-04,81.63,1.0,116.57,-5.0,-0.44,-0.54,,,34.95,0.54,True,True
9575e299-bef6-4c76-9f27-aecc5fdf13a4,2,2025-01-05,81.63,0.0,116.57,-6.0,-0.44,-0.54,,,34.95,0.54,True,True
9575e299-bef6-4c76-9f27-aecc5fdf13a4,3,2025-01-06,81.63,-1.0,116.57,-7.0,-0.44,-0.54,,,34.95,0.54,True,True
9575e299-bef6-4c76-9f27-aecc5fdf13a4,4,2025-01-07,81.7,0.0,116.57,-8.0,-0.51,-0.63,,,34.87,0.63,True,True
9575e299-bef6-4c76-9f27-aecc5fdf13a4,5,2025-01-08,81.36,0.0,116.57,-9.0,-0.17,-0.21,,,35.21,0.21,True,True
9575e299-bef6-4c76-9f27-aecc5fdf13a4,6,2025-01-09,81.29,0.0,116.57,-10.0,-0.1,-0.12,,,35.28,0.12,True,True
9575e299-bef6-4c76-9f27-aecc5fdf13a4,7,2025-01-10,80.97,0.0,116.57,-11.0,0.23,0.28,,,35.61,-0.28,True,True
9575e299-bef6-4c76-9f27-aecc5fdf13a4,8,2025-01-11,81.1,0.0,116.57,-12.0,0.09,0.11,,,35.47,-0.11,True,True
9575e299-bef6-4c76-9f27-aecc5fdf13a4,9,2025-01-12,80.9,0.0,116.57,-13.0,0.3,0.37,,,35.68,-0.37,True,True
9575e299-bef6-4c76-9f27-aecc5fdf13a4,10,2025-01-13,80.82,0.0,116.57,-14.0,0.37,0.46,,,35.75,-0.46,True,True
9575e299-bef6-4c76-9f27-aecc5fdf13a4,11,2025-01-14,80.64,0.0,116.57,-15.0,0.55,0.68,,,35.93,-0.68,True,True
9575e299-bef6-4c76-9f27-aecc5fdf13a4,12,2025-01-15,80.64,-1.0,116.57,-16.0,0.55,0.68,,,35.93,-0.68,True,True
9575e299-bef6-4c76-9f27-aecc5fdf13a4,13,2025-01-16,80.63,0.0,116.57,-17.0,0.56,0.69,,,35.94,-0.69,True,True
9575e299-bef6-4c76-9f27-aecc5fdf13a4,14,2025-01-17,80.63,-1.0,116.57,-18.0,0.56,0.69,,,35.94,-0.69,True,True
9575e299-bef6-4c76-9f27-aecc5fdf13a4,15,2025-01-18,80.33,1.0,116.57,-19.0,0.86,1.06,,,36.24,-1.06,True,True
9575e299-bef6-4c76-9f27-aecc5fdf13a4,16,2025-01-19,80.33,0.0,116.57,-20.0,0.86,1.06,,,36.24,-1.06,True,True
9575e299-bef6-4c76-9f27-aecc5fdf13a4,17,2025-01-20,80.33,-1.0,,,0.86,1.06,,,,,True,False
9575e299-bef6-4c76-9f27-aecc5fdf13a4,18,2025-01-21,80.29,0.0,,,0.9,1.11,,,,,True,False
9575e299-bef6-4c76-9f27-aecc5fdf13a4,19,2025-01-22,79.89,0.0,,,1.31,1.61,,,,,True,False
9575e299-bef6-4c76-9f27-aecc5fdf13a4,20,2025-01-23,79.89,-1.0,,,1.31,1.61,,,,,True,False
9575e299-bef6-4c76-9f27-aecc5fdf13a4,21,2025-01-24,79.65,0.0,78.32,20.0,1.55,1.91,38.25,32.81,-1.32,30.91,True,True
9575e299-bef6-4c76-9f27-aecc5fdf13a4,22,2025-01-25,79.65,-1.0,78.32,19.0,1.55,1.91,38.25,32.81,-1.32,30.91,True,True
9575e299-bef6-4c76-9f27-aecc5fdf13a4,23,2025-01-26,79.65,-2.0,78.32,18.0,1.55,1.91,38.25,32.81,-1.32,30.91,True,True
9575e299-bef6-4c76-9f27-aecc5fdf13a4,24,2025-01-27,79.78,1.0,78.32,17.0,1.41,1.74,38.25,32.81,-1.46,31.07,True,True
9575e299-bef6-4c76-9f27-aecc5fdf13a4,25,2025-01-28,79.78,0.0,78.32,16.0,1.41,1.74,38.25,32.81,-1.46,31.07,True,True
9575e299-bef6-4c76-9f27-aecc5fdf13a4,26,2025-01-29,79.03,0.0,78.32,15.0,2.16,2.66,38.25,32.81,-0.71,30.15,True,True
9575e299-bef6-4c76-9f27-aecc5fdf13a4,27,2025-01-30,79.15,0.0,78.32,14.0,2.04,2.51,38.25,32.81,-0.83,30.3,True,True
9575e299-bef6-4c76-9f27-aecc5fdf13a4,28,2025-01-31,78.98,0.0,78.32,13.0,2.21,2.72,38.25,32.81,-0.66,30.09,True,True
9575e299-bef6-4c76-9f27-aecc5fdf13a4,29,2025-02-01,78.98,-1.0,78.32,12.0,2.21,2.72,38.25,32.81,-0.66,30.09,True,True
9575e299-bef6-4c76-9f27-aecc5fdf13a4,30,2025-02-02,78.98,-2.0,78.32,11.0,2.21,2.72,38.25,32.81,-0.66,30.09,True,True
9575e299-bef6-4c76-9f27-aecc5fdf13a4,31,2025-02-03,78.85,2.0,78.32,10.0,2.34,2.88,38.25,32.81,-0.53,29.93,True,True
9575e299-bef6-4c76-9f27-aecc5fdf13a4,32,2025-02-04,78.85,1.0,78.32,9.0,2.34,2.88,38.25,32.81,-0.53,29.93,True,True
9575e299-bef6-4c76-9f27-aecc5fdf13a4,33,2025-02-05,78.85,0.0,78.32,8.0,2.34,2.88,38.25,32.81,-0.53,29.93,True,True
9575e299-bef6-4c76-9f27-aecc5fdf13a4,34,2025-02-06,78.3,0.0,78.32,7.0,2.89,3.56,38.25,32.81,0.02,29.25,True,True
9575e299-bef6-4c76-9f27-aecc5fdf13a4,35,2025-02-07,78.3,-1.0,78.32,6.0,2.89,3.56,38.25,32.81,0.02,29.25,True,True
9575e299-bef6-4c76-9f27-aecc5fdf13a4,36,2025-02-08,78.3,-2.0,78.32,5.0,2.89,3.56,38.25,32.81,0.02,29.25,True,True
9575e299-bef6-4c76-9f27-aecc5fdf13a4,37,2025-02-09,78.3,-3.0,78.32,4.0,2.89,3.56,38.25,32.81,0.02,29.25,True,True
9575e299-bef6-4c76-9f27-aecc5fdf13a4,38,2025-02-10,78.32,3.0,78.32,3.0,2.87,3.53,38.25,32.81,,29.28,True,True
9575e299-bef6-4c76-9f27-aecc5fdf13a4,39,2025-02-11,78.32,2.0,78.32,2.0,2.87,3.53,38.25,32.81,,29.28,True,True
9575e299-bef6-4c76-9f27-aecc5fdf13a4,40,2025-02-12,78.32,1.0,78.32,1.0,2.87,3.53,38.25,32.81,,29.28,True,True
9575e299-bef6-4c76-9f27-aecc5fdf13a4,41,2025-02-13,78.32,0.0,78.32,0.0,2.87,3.53,38.25,32.81,,29.28,True,True
9575e299-bef6-4c76-9f27-aecc5fdf13a4,42,2025-02-14,78.32,-1.0,78.32,-1.0,2.87,3.53,38.25,32.81,,29.28,True,True
9575e299-bef6-4c76-9f27-aecc5fdf13a4,43,2025-02-15,78.29,0.0,78.29,0.0,2.91,3.58,38.29,32.84,,29.26,True,True
9575e299-bef6-4c76-9f27-aecc5fdf13a4,44,2025-02-16,78.29,-1.0,78.29,-1.0,2.91,3.58,38.29,32.84,,29.26,True,True
9575e299-bef6-4c76-9f27-aecc5fdf13a4,45,2025-02-17,77.95,1.0,77.95,1.0,3.24,3.99,38.62,33.13,,29.14,True,True
9575e299-bef6-4c76-9f27-aecc5fdf13a4,46,2025-02-18,77.95,0.0,77.95,0.0,3.24,3.99,38.62,33.13,,29.14,True,True
9575e299-bef6-4c76-9f27-aecc5fdf13a4,47,2025-02-19,77.46,0.0,77.46,0.0,3.73,4.6,39.12,33.55,,28.95,True,True
9575e299-bef6-4c76-9f27-aecc5fdf13a4,48,2025-02-20,77.92,0.0,77.92,0.0,3.28,4.04,38.66,33.16,,29.12,True,True
9575e299-bef6-4c76-9f27-aecc5fdf13a4,49,2025-02-21,77.92,-1.0,77.92,-1.0,3.28,4.04,38.66,33.16,,29.12,True,True
9575e299-bef6-4c76-9f27-aecc5fdf13a4,50,2025-02-22,77.92,-2.0,77.92,-2.0,3.28,4.04,38.66,33.16,,29.12,True,True
9575e299-bef6-4c76-9f27-aecc5fdf13a4,51,2025-02-23,77.74,2.0,77.74,2.0,3.46,4.26,38.84,33.32,,29.06,True,True
9575e299-bef6-4c76-9f27-aecc5fdf13a4,52,2025-02-24,77.74,1.0,77.74,1.0,3.46,4.26,38.84,33.32,,29.06,True,True
9575e299-bef6-4c76-9f27-aecc5fdf13a4,53,2025-02-25,77.74,0.0,77.74,0.0,3.46,4.26,38.84,33.32,,29.06,True,True
9575e299-bef6-4c76-9f27-aecc5fdf13a4,54,2025-02-26,77.39,0.0,77.39,0.0,3.81,4.69,39.19,33.62,,28.93,True,True
9575e299-bef6-4c76-9f27-aecc5fdf13a4,55,2025-02-27,77.39,-1.0,77.39,-1.0,3.81,4.69,39.19,33.62,,28.93,True,True
9575e299-bef6-4c76-9f27-aecc5fdf13a4,56,2025-02-28,77.39,-2.0,77.39,-2.0,3.81,4.69,39.19,33.62,,28.93,True,True
9575e299-bef6-4c76-9f27-aecc5fdf13a4,57,2025-03-01,77.19,2.0,77.19,2.0,4.0,4.93,39.38,33.78,,28.86,True,True
9575e299-bef6-4c76-9f27-aecc5fdf13a4,58,2025-03-02,77.19,1.0,77.19,1.0,4.0,4.93,39.38,33.78,,28.86,True,True
9575e299-bef6-4c76-9f27-aecc5fdf13a4,59,2025-03-03,77.19,0.0,77.19,0.0,4.0,4.93,39.38,33.78,,28.86,True,True
9575e299-bef6-4c76-9f27-aecc5fdf13a4,60,2025-03-04,76.64,0.0,76.64,0.0,4.55,5.61,39.93,34.26,,28.65,True,True
9575e299-bef6-4c76-9f27-aecc5fdf13a4,61,2025-03-05,76.12,0.0,76.12,0.0,5.07,6.24,40.45,34.7,,28.46,True,True
9575e299-bef6-4c76-9f27-aecc5fdf13a4,62,2025-03-06,76.12,-1.0,76.12,-1.0,5.07,6.24,40.45,34.7,,28.46,True,True
9575e299-bef6-4c76-9f27-aecc5fdf13a4,63,2025-03-07,76.12,-2.0,76.12,-2.0,5.07,6.24,40.45,34.7,,28.46,True,True
9575e299-bef6-4c76-9f27-aecc5fdf13a4,64,2025-03-08,76.12,-3.0,76.12,-3.0,5.07,6.24,40.45,34.7,,28.46,True,True
9575e299-bef6-4c76-9f27-aecc5fdf13a4,65,2025-03-09,77.53,2.0,77.53,2.0,3.66,4.51,39.04,33.49,,28.98,True,True
9575e299-bef6-4c76-9f27-aecc5fdf13a4,66,2025-03-10,77.53,1.0,77.53,1.0,3.66,4.51,39.04,33.49,,28.98,True,True
9575e299-bef6-4c76-9f27-aecc5fdf13a4,67,2025-03-11,77.53,0.0,77.53,0.0,3.66,4.51,39.04,33.49,,28.98,True,True
9575e299-bef6-4c76-9f27-aecc5fdf13a4,68,2025-03-12,76.67,0.0,76.67,0.0,4.53,5.58,39.91,34.23,,28.66,True,True
9575e299-bef6-4c76-9f27-aecc5fdf13a4,69,2025-03-13,76.05,0.0,76.05,0.0,5.14,6.33,40.52,34.76,,28.43,True,True
9575e299-bef6-4c76-9f27-aecc5fdf13a4,70,2025-03-14,76.05,-1.0,76.05,-1.0,5.14,6.33,40.52,34.76,,28.43,True,True
9575e299-bef6-4c76-9f27-aecc5fdf13a4,71,2025-03-15,76.05,-2.0,76.05,-2.0,5.14,6.33,40.52,34.76,,28.43,True,True
9575e299-bef6-4c76-9f27-aecc5fdf13a4,72,2025-03-16,76.05,-3.0,76.05,-3.0,5.14,6.33,40.52,34.76,,28.43,True,True
9575e299-bef6-4c76-9f27-aecc5fdf13a4,73,2025-03-17,76.52,3.0,76.52,3.0,4.67,5.75,40.05,34.36,,28.6,True,True
9575e299-bef6-4c76-9f27-aecc5fdf13a4,74,2025-03-18,76.52,2.0,76.52,2.0,4.67,5.75,40.05,34.36,,28.6,True,True
9575e299-bef6-4c76-9f27-aecc5fdf13a4,75,2025-03-19,76.52,1.0,76.52,1.0,4.67,5.75,40.05,34.36,,28.6,True,True
9575e299-bef6-4c76-9f27-aecc5fdf13a4,76,2025-03-20,76.52,0.0,76.52,0.0,4.67,5.75,40.05,34.36,,28.6,True,True
9575e299-bef6-4c76-9f27-aecc5fdf13a4,77,2025-03-21,76.51,0.0,76.51,0.0,4.68,5.77,40.06,34.37,,28.6,True,True
9575e299-bef6-4c76-9f27-aecc5fdf13a4,78,2025-03-22,76.51,-1.0,76.51,-1.0,4.68,5.77,40.06,34.37,,28.6,True,True
9575e299-bef6-4c76-9f27-aecc5fdf13a4,79,2025-03-23,76.81,1.0,76.81,1.0,4.38,5.4,39.76,34.11,,28.71,True,True
9575e299-bef6-4c76-9f27-aecc5fdf13a4,80,2025-03-24,76.81,0.0,76.81,0.0,4.38,5.4,39.76,34.11,,28.71,True,True
9575e299-bef6-4c76-9f27-aecc5fdf13a4,81,2025-03-25,75.9,0.0,75.9,0.0,5.3,6.52,40.68,34.89,,28.37,True,True
9575e299-bef6-4c76-9f27-aecc5fdf13a4,82,2025-03-26,75.73,0.0,75.73,0.0,5.47,6.73,40.85,35.04,,28.31,True,True
9575e299-bef6-4c76-9f27-aecc5fdf13a4,83,2025-03-27,75.73,-1.0,75.73,-1.0,5.47,6.73,40.85,35.04,,28.31,True,True
9575e299-bef6-4c76-9f27-aecc5fdf13a4,84,2025-03-28,75.73,-2.0,75.73,-2.0,5.47,6.73,40.85,35.04,,28.31,True,True
9575e299-bef6-4c76-9f27-aecc5fdf13a4,85,2025-03-29,75.73,-3.0,75.73,-3.0,5.47,6.73,40.85,35.04,,28.31,True,True
9575e299-bef6-4c76-9f27-aecc5fdf13a4,86,2025-03-30,75.73,-4.0,75.73,-4.0,5.47,6.73,40.85,35.04,,28.31,True,True
9575e299-bef6-4c76-9f27-aecc5fdf13a4,87,2025-03-31,76.24,4.0,76.24,4.0,4.95,6.1,40.33,34.6,,28.5,True,True
9575e299-bef6-4c76-9f27-aecc5fdf13a4,88,2025-04-01,76.24,3.0,76.24,3.0,4.95,6.1,40.33,34.6,,28.5,True,True
9575e299-bef6-4c76-9f27-aecc5fdf13a4,89,2025-04-02,76.24,2.0,76.24,2.0,4.95,6.1,40.33,34.6,,28.5,True,True
9575e299-bef6-4c76-9f27-aecc5fdf13a4,90,2025-04-03,76.24,1.0,76.24,1.0,4.95,6.1,40.33,34.6,,28.5,True,True
9575e299-bef6-4c76-9f27-aecc5fdf13a4,91,2025-04-04,76.24,0.0,76.24,0.0,4.95,6.1,40.33,34.6,,28.5,True,True
9575e299-bef6-4c76-9f27-aecc5fdf13a4,92,2025-04-05,76.24,-1.0,76.24,-1.0,4.95,6.1,40.33,34.6,,28.5,True,True
9575e299-bef6-4c76-9f27-aecc5fdf13a4,93,2025-04-06,76.24,-2.0,76.24,-2.0,4.95,6.1,40.33,34.6,,28.5,True,True
9575e299-bef6-4c76-9f27-aecc5fdf13a4,94,2025-04-07,76.71,1.0,76.71,1.0,4.48,5.52,39.86,34.19,,28.68,True,True
9575e299-bef6-4c76-9f27-aecc5fdf13a4,95,2025-04-08,76.71,0.0,76.71,0.0,4.48,5.52,39.86,34.19,,28.68,True,True
9575e299-bef6-4c76-9f27-aecc5fdf13a4,96,2025-04-09,76.71,-1.0,76.71,-1.0,4.48,5.52,39.86,34.19,,28.68,True,True
9575e299-bef6-4c76-9f27-aecc5fdf13a4,97,2025-04-10,77.03,0.0,77.03,0.0,4.17,5.13,39.55,33.93,,28.79,True,True
9575e299-bef6-4c76-9f27-aecc5fdf13a4,98,2025-04-11,77.03,-1.0,77.03,-1.0,4.17,5.13,39.55,33.93,,28.79,True,True
9575e299-bef6-4c76-9f27-aecc5fdf13a4,99,2025-04-12,77.03,-2.0,77.03,-2.0,4.17,5.13,39.55,33.93,,28.79,True,True
9575e299-bef6-4c76-9f27-aecc5fdf13a4,100,2025-04-13,77.03,-3.0,77.03,-3.0,4.17,5.13,39.55,33.93,,28.79,True,True
9575e299-bef6-4c76-9f27-aecc5fdf13a4,101,2025-04-14,77.03,-4.0,77.03,-4.0,4.17,5.13,39.55,33.93,,28.79,True,True
9575e299-bef6-4c76-9f27-aecc5fdf13a4,102,2025-04-15,77.03,-5.0,77.03,-5.0,4.17,5.13,39.55,33.93,,28.79,True,True
9575e299-bef6-4c76-9f27-aecc5fdf13a4,103,2025-04-16,77.03,-6.0,77.03,-6.0,4.17,5.13,39.55,33.93,,28.79,True,True
9575e299-bef6-4c76-9f27-aecc5fdf13a4,104,2025-04-17,77.03,-7.0,77.03,-7.0,4.17,5.13,39.55,33.93,,28.79,True,True
9575e299-bef6-4c76-9f27-aecc5fdf13a4,105,2025-04-18,77.23,6.0,77.23,6.0,3.96,4.88,39.34,33.75,,28.87,True,True
9575e299-bef6-4c76-9f27-aecc5fdf13a4,106,2025-04-19,77.23,5.0,77.23,5.0,3.96,4.88,39.34,33.75,,28.87,True,True
9575e299-bef6-4c76-9f27-aecc5fdf13a4,107,2025-04-20,77.23,4.0,77.23,4.0,3.96,4.88,39.34,33.75,,28.87,True,True
9575e299-bef6-4c76-9f27-aecc5fdf13a4,108,2025-04-21,77.23,3.0,77.23,3.0,3.96,4.88,39.34,33.75,,28.87,True,True
9575e299-bef6-4c76-9f27-aecc5fdf13a4,109,2025-04-22,77.23,2.0,77.23,2.0,3.96,4.88,39.34,33.75,,28.87,True,True
9575e299-bef6-4c76-9f27-aecc5fdf13a4,110,2025-04-23,77.23,1.0,77.23,1.0,3.96,4.88,39.34,33.75,,28.87,True,True
9575e299-bef6-4c76-9f27-aecc5fdf13a4,111,2025-04-24,77.23,0.0,77.23,0.0,3.96,4.88,39.34,33.75,,28.87,True,True
9575e299-bef6-4c76-9f27-aecc5fdf13a4,112,2025-04-25,77.23,-1.0,77.23,-1.0,3.96,4.88,39.34,33.75,,28.87,True,True
9575e299-bef6-4c76-9f27-aecc5fdf13a4,113,2025-04-26,77.23,-2.0,77.23,-2.0,3.96,4.88,39.34,33.75,,28.87,True,True
9575e299-bef6-4c76-9f27-aecc5fdf13a4,114,2025-04-27,77.23,-3.0,77.23,-3.0,3.96,4.88,39.34,33.75,,28.87,True,True
9575e299-bef6-4c76-9f27-aecc5fdf13a4,115,2025-04-28,77.23,-4.0,77.23,-4.0,3.96,4.88,39.34,33.75,,28.87,True,True
9575e299-bef6-4c76-9f27-aecc5fdf13a4,116,2025-04-29,77.23,-5.0,77.23,-5.0,3.96,4.88,39.34,33.75,,28.87,True,True
9575e299-bef6-4c76-9f27-aecc5fdf13a4,117,2025-04-30,77.23,-6.0,77.23,-6.0,3.96,4.88,39.34,33.75,,28.87,True,True
9575e299-bef6-4c76-9f27-aecc5fdf13a4,118,2025-05-01,77.23,-7.0,77.23,-7.0,3.96,4.88,39.34,33.75,,28.87,True,True
9575e299-bef6-4c76-9f27-aecc5fdf13a4,119,2025-05-02,77.23,-8.0,77.23,-8.0,3.96,4.88,39.34,33.75,,28.87,True,True
9575e299-bef6-4c76-9f27-aecc5fdf13a4,120,2025-05-03,77.23,-9.0,77.23,-9.0,3.96,4.88,39.34,33.75,,28.87,True,True
9575e299-bef6-4c76-9f27-aecc5fdf13a4,121,2025-05-04,77.23,-10.0,77.23,-10.0,3.96,4.88,39.34,33.75,,28.87,True,True
9575e299-bef6-4c76-9f27-aecc5fdf13a4,122,2025-05-05,77.23,-11.0,77.23,-11.0,3.96,4.88,39.34,33.75,,28.87,True,True
9575e299-bef6-4c76-9f27-aecc5fdf13a4,123,2025-05-06,77.23,-12.0,77.23,-12.0,3.96,4.88,39.34,33.75,,28.87,True,True
9575e299-bef6-4c76-9f27-aecc5fdf13a4,124,2025-05-07,77.23,-13.0,77.23,-13.0,3.96,4.88,39.34,33.75,,28.87,True,True
9575e299-bef6-4c76-9f27-aecc5fdf13a4,125,2025-05-08,77.23,-14.0,77.23,-14.0,3.96,4.88,39.34,33.75,,28.87,True,True
9575e299-bef6-4c76-9f27-aecc5fdf13a4,126,2025-05-09,77.23,-15.0,77.23,-15.0,3.96,4.88,39.34,33.75,,28.87,True,True
9575e299-bef6-4c76-9f27-aecc5fdf13a4,127,2025-05-10,77.23,-16.0,77.23,-16.0,3.96,4.88,39.34,33.75,,28.87,True,True
9575e299-bef6-4c76-9f27-aecc5fdf13a4,128,2025-05-11,77.23,-17.0,77.23,-17.0,3.96,4.88,39.34,33.75,,28.87,True,True
9575e299-bef6-4c76-9f27-aecc5fdf13a4,129,2025-05-12,77.23,-18.0,77.23,-18.0,3.96,4.88,39.34,33.75,,28.87,True,True
9575e299-bef6-4c76-9f27-aecc5fdf13a4,130,2025-05-13,77.23,-19.0,77.23,-19.0,3.96,4.88,39.34,33.75,,28.87,True,True
9575e299-bef6-4c76-9f27-aecc5fdf13a4,131,2025-05-14,77.23,-20.0,77.23,-20.0,3.96,4.88,39.34,33.75,,28.87,True,True
9575e299-bef6-4c76-9f27-aecc5fdf13a4,132,2025-05-15,,,,,,,,,,,False,False
9575e299-bef6-4c76-9f27-aecc5fdf13a4,133,2025-05-16,,,,,,,,,,,False,False
9575e299-bef6-4c76-9f27-aecc5fdf13a4,134,2025-05-17,,,,,,,,,,,False,False
9575e299-bef6-4c76-9f27-aecc5fdf13a4,135,2025-05-18,,,,,,,,,,,False,False
9575e299-bef6-4c76-9f27-aecc5fdf13a4,136,2025-05-19,,,,,,,,,,,False,False
9575e299-bef6-4c76-9f27-aecc5fdf13a4,137,2025-05-20,,,,,,,,,,,False,False
9575e299-bef6-4c76-9f27-aecc5fdf13a4,138,2025-05-21,,,,,,,,,,,False,False
9575e299-bef6-4c76-9f27-aecc5fdf13a4,139,2025-05-22,,,,,,,,,,,False,False
9575e299-bef6-4c76-9f27-aecc5fdf13a4,140,2025-05-23,,,,,,,,,,,False,False
9575e299-bef6-4c76-9f27-aecc5fdf13a4,141,2025-05-24,,,,,,,,,,,False,False
9575e299-bef6-4c76-9f27-aecc5fdf13a4,142,2025-05-25,,,,,,,,,,,False,False
9575e299-bef6-4c76-9f27-aecc5fdf13a4,143,2025-05-26,,,,,,,,,,,False,False
9575e299-bef6-4c76-9f27-aecc5fdf13a4,144,2025-05-27,,,,,,,,,,,False,False
9575e299-bef6-4c76-9f27-aecc5fdf13a4,145,2025-05-28,,,,,,,,,,,False,False
9575e299-bef6-4c76-9f27-aecc5fdf13a4,146,2025-05-29,,,,,,,,,,,False,False
9575e299-bef6-4c76-9f27-aecc5fdf13a4,147,2025-05-30,,,,,,,,,,,False,False
9575e299-bef6-4c76-9f27-aecc5fdf13a4,148,2025-05-31,,,,,,,,,,,False,False
9575e299-bef6-4c76-9f27-aecc5fdf13a4,149,2025-06-01,,,,,,,,,,,False,False
9575e299-bef6-4c76-9f27-aecc5fdf13a4,150,2025-06-02,,,,,,,,,,,False,False
9575e299-bef6-4c76-9f27-aecc5fdf13a4,151,2025-06-03,,,,,,,,,,,False,False
9575e299-bef6-4c76-9f27-aecc5fdf13a4,152,2025-06-04,,,,,,,,,,,False,False
9575e299-bef6-4c76-9f27-aecc5fdf13a4,153,2025-06-05,,,,,,,,,,,False,False
9575e299-bef6-4c76-9f27-aecc5fdf13a4,154,2025-06-06,,,,,,,,,,,False,False
9575e299-bef6-4c76-9f27-aecc5fdf13a4,155,2025-06-07,,,,,,,,,,,False,False
9575e299-bef6-4c76-9f27-aecc5fdf13a4,156,2025-06-08,,,,,,,,,,,False,False
9575e299-bef6-4c76-9f27-aecc5fdf13a4,157,2025-06-09,,,,,,,,,,,False,False
9575e299-bef6-4c76-9f27-aecc5fdf13a4,158,2025-06-10,,,,,,,,,,,False,False
9575e299-bef6-4c76-9f27-aecc5fdf13a4,159,2025-06-11,,,,,,,,,,,False,False
9575e299-bef6-4c76-9f27-aecc5fdf13a4,160,2025-06-12,,,,,,,,,,,False,False
9575e299-bef6-4c76-9f27-aecc5fdf13a4,161,2025-06-13,,,,,,,,,,,False,False
9575e299-bef6-4c76-9f27-aecc5fdf13a4,162,2025-06-14,,,,,,,,,,,False,False
9575e299-bef6-4c76-9f27-aecc5fdf13a4,163,2025-06-15,,,,,,,,,,,False,False
9575e299-bef6-4c76-9f27-aecc5fdf13a4,164,2025-06-16,,,,,,,,,,,False,False
9575e299-bef6-4c76-9f27-aecc5fdf13a4,165,2025-06-17,,,,,,,,,,,False,False
9575e299-bef6-4c76-9f27-aecc5fdf13a4,166,2025-06-18,,,,,,,,,,,False,False
9575e299-bef6-4c76-9f27-aecc5fdf13a4,167,2025-06-19,,,,,,,,,,,False,False
9575e299-bef6-4c76-9f27-aecc5fdf13a4,168,2025-06-20,,,,,,,,,,,False,False
9575e299-bef6-4c76-9f27-aecc5fdf13a4,169,2025-06-21,,,,,,,,,,,False,False
9575e299-bef6-4c76-9f27-aecc5fdf13a4,170,2025-06-22,,,,,,,,,,,False,False
9575e299-bef6-4c76-9f27-aecc5fdf13a4,171,2025-06-23,,,,,,,,,,,False,False
9575e299-bef6-4c76-9f27-aecc5fdf13a4,172,2025-06-24,,,,,,,,,,,False,False
9575e299-bef6-4c76-9f27-aecc5fdf13a4,173,2025-06-25,,,,,,,,,,,False,False
9575e299-bef6-4c76-9f27-aecc5fdf13a4,174,2025-06-26,,,,,,,,,,,False,False
9575e299-bef6-4c76-9f27-aecc5fdf13a4,175,2025-06-27,,,,,,,,,,,False,False
9575e299-bef6-4c76-9f27-aecc5fdf13a4,176,2025-06-28,,,,,,,,,,,False,False
9575e299-bef6-4c76-9f27-aecc5fdf13a4,177,2025-06-29,,,,,,,,,,,False,False
9575e299-bef6-4c76-9f27-aecc5fdf13a4,178,2025-06-30,,,,,,,,,,,False,False
9575e299-bef6-4c76-9f27-aecc5fdf13a4,179,2025-07-01,,,,,,,,,,,False,False
9575e299-bef6-4c76-9f27-aecc5fdf13a4,180,2025-07-02,,,,,,,,,,,False,False
e751ebe4-3e13-423d-bf50-88a9dd13f132,0,2025-01-10,81.65,-1.0,81.65,-1.0,,,,,,,True,True
e751ebe4-3e13-423d-bf50-88a9dd13f132,1,2025-01-11,81.65,-2.0,81.65,-2.0,,,,,,,True,True
e751ebe4-3e13-423d-bf50-88a9dd13f132,2,2025-01-12,81.65,-3.0,81.65,-3.0,,,,,,,True,True
e751ebe4-3e13-423d-bf50-88a9dd13f132,3,2025-01-13,81.65,-4.0,81.65,-4.0,,,,,,,True,True
e751ebe4-3e13-423d-bf50-88a9dd13f132,4,2025-01-14,81.65,-5.0,81.65,-5.0,,,,,,,True,True
e751ebe4-3e13-423d-bf50-88a9dd13f132,5,2025-01-15,81.65,-6.0,81.65,-6.0,,,,,,,True,True
e751ebe4-3e13-423d-bf50-88a9dd13f132,6,2025-01-16,81.65,-7.0,81.65,-7.0,,,,,,,True,True
e751ebe4-3e13-423d-bf50-88a9dd13f132,7,2025-01-17,81.65,-8.0,81.65,-8.0,,,,,,,True,True
e751ebe4-3e13-423d-bf50-88a9dd13f132,8,2025-01-18,81.65,-9.0,81.65,-9.0,,,,,,,True,True
e751ebe4-3e13-423d-bf50-88a9dd13f132,9,2025-01-19,81.65,-10.0,81.65,-10.0,,,,,,,True,True
e751ebe4-3e13-423d-bf50-88a9dd13f132,10,2025-01-20,81.65,-11.0,81.65,-11.0,,,,,,,True,True
e751ebe4-3e13-423d-bf50-88a9dd13f132,11,2025-01-21,81.65,-12.0,81.65,-12.0,,,,,,,True,True
e751ebe4-3e13-423d-bf50-88a9dd13f132,12,2025-01-22,81.65,-13.0,81.65,-13.0,,,,,,,True,True
e751ebe4-3e13-423d-bf50-88a9dd13f132,13,2025-01-23,81.65,-14.0,81.65,-14.0,,,,,,,True,True
e751ebe4-3e13-423d-bf50-88a9dd13f132,14,2025-01-24,81.65,-15.0,81.65,-15.0,,,,,,,True,True
e751ebe4-3e13-423d-bf50-88a9dd13f132,15,2025-01-25,81.65,-16.0,81.65,-16.0,,,,,,,True,True
e751ebe4-3e13-423d-bf50-88a9dd13f132,16,2025-01-26,81.65,-17.0,81.65,-17.0,,,,,,,True,True
e751ebe4-3e13-423d-bf50-88a9dd13f132,17,2025-01-27,81.65,-18.0,81.65,-18.0,,,,,,,True,True
e751ebe4-3e13-423d-bf50-88a9dd13f132,18,2025-01-28,81.65,-19.0,81.65,-19.0,,,,,,,True,True
e751ebe4-3e13-423d-bf50-88a9dd13f132,19,2025-01-29,81.65,-20.0,81.65,-20.0,,,,,,,True,True
e751ebe4-3e13-423d-bf50-88a9dd13f132,20,2025-01-30,,,,,,,,,,,False,False
e751ebe4-3e13-423d-bf50-88a9dd13f132,21,2025-01-31,,,,,,,,,,,False,False
e751ebe4-3e13-423d-bf50-88a9dd13f132,22,2025-02-01,,,,,,,,,,,False,False
e751ebe4-3e13-423d-bf50-88a9dd13f132,23,2025-02-02,,,,,,,,,,,False,False
e751ebe4-3e13-423d-bf50-88a9dd13f132,24,2025-02-03,,,,,,,,,,,False,False
e751ebe4-3e13-423d-bf50-88a9dd13f132,25,2025-02-04,,,,,,,,,,,False,False
e751ebe4-3e13-423d-bf50-88a9dd13f132,26,2025-02-05,,,,,,,,,,,False,False
e751ebe4-3e13-423d-bf50-88a9dd13f132,27,2025-02-06,,,,,,,,,,,False,False
e751ebe4-3e13-423d-bf50-88a9dd13f132,28,2025-02-07,,,,,,,,,,,False,False
e751ebe4-3e13-423d-bf50-88a9dd13f132,29,2025-02-08,,,,,,,,,,,False,False
e751ebe4-3e13-423d-bf50-88a9dd13f132,30,2025-02-09,,,,,,,,,,,False,False
e751ebe4-3e13-423d-bf50-88a9dd13f132,31,2025-02-10,,,,,,,,,,,False,False
e751ebe4-3e13-423d-bf50-88a9dd13f132,32,2025-02-11,,,,,,,,,,,False,False
e751ebe4-3e13-423d-bf50-88a9dd13f132,33,2025-02-12,,,,,,,,,,,False,False
e751ebe4-3e13-423d-bf50-88a9dd13f132,34,2025-02-13,,,,,,,,,,,False,False
e751ebe4-3e13-423d-bf50-88a9dd13f132,35,2025-02-14,,,,,,,,,,,False,False
e751ebe4-3e13-423d-bf50-88a9dd13f132,36,2025-02-15,,,,,,,,,,,False,False
e751ebe4-3e13-423d-bf50-88a9dd13f132,37,2025-02-16,,,,,,,,,,,False,False
e751ebe4-3e13-423d-bf50-88a9dd13f132,38,2025-02-17,,,,,,,,,,,False,False
e751ebe4-3e13-423d-bf50-88a9dd13f132,39,2025-02-18,,,,,,,,,,,False,False
e751ebe4-3e13-423d-bf50-88a9dd13f132,40,2025-02-19,,,,,,,,,,,False,False
e751ebe4-3e13-423d-bf50-88a9dd13f132,41,2025-02-20,,,,,,,,,,,False,False
e751ebe4-3e13-423d-bf50-88a9dd13f132,42,2025-02-21,,,,,,,,,,,False,False
e751ebe4-3e13-423d-bf50-88a9dd13f132,43,2025-02-22,,,,,,,,,,,False,False
e751ebe4-3e13-423d-bf50-88a9dd13f132,44,2025-02-23,,,,,,,,,,,False,False
e751ebe4-3e13-423d-bf50-88a9dd13f132,45,2025-02-24,,,,,,,,,,,False,False
e751ebe4-3e13-423d-bf50-88a9dd13f132,46,2025-02-25,,,,,,,,,,,False,False
e751ebe4-3e13-423d-bf50-88a9dd13f132,47,2025-02-26,,,,,,,,,,,False,False
e751ebe4-3e13-423d-bf50-88a9dd13f132,48,2025-02-27,,,,,,,,,,,False,False
e751ebe4-3e13-423d-bf50-88a9dd13f132,49,2025-02-28,,,,,,,,,,,False,False
e751ebe4-3e13-423d-bf50-88a9dd13f132,50,2025-03-01,,,,,,,,,,,False,False
e751ebe4-3e13-423d-bf50-88a9dd13f132,51,2025-03-02,,,,,,,,,,,False,False
e751ebe4-3e13-423d-bf50-88a9dd13f132,52,2025-03-03,,,,,,,,,,,False,False
e751ebe4-3e13-423d-bf50-88a9dd13f132,53,2025-03-04,,,,,,,,,,,False,False
e751ebe4-3e13-423d-bf50-88a9dd13f132,54,2025-03-05,,,,,,,,,,,False,False
e751ebe4-3e13-423d-bf50-88a9dd13f132,55,2025-03-06,,,,,,,,,,,False,False
e751ebe4-3e13-423d-bf50-88a9dd13f132,56,2025-03-07,,,,,,,,,,,False,False
e751ebe4-3e13-423d-bf50-88a9dd13f132,57,2025-03-08,,,,,,,,,,,False,False
e751ebe4-3e13-423d-bf50-88a9dd13f132,58,2025-03-09,,,,,,,,,,,False,False
e751ebe4-3e13-423d-bf50-88a9dd13f132,59,2025-03-10,,,,,,,,,,,False,False
e751ebe4-3e13-423d-bf50-88a9dd13f132,60,2025-03-11,,,,,,,,,,,False,False
e751ebe4-3e13-423d-bf50-88a9dd13f132,61,2025-03-12,,,,,,,,,,,False,False
e751ebe4-3e13-423d-bf50-88a9dd13f132,62,2025-03-13,,,,,,,,,,,False,False
e751ebe4-3e13-423d-bf50-88a9dd13f132,63,2025-03-14,,,,,,,,,,,False,False
e751ebe4-3e13-423d-bf50-88a9dd13f132,64,2025-03-15,,,,,,,,,,,False,False
e751ebe4-3e13-423d-bf50-88a9dd13f132,65,2025-03-16,,,,,,,,,,,False,False
e751ebe4-3e13-423d-bf50-88a9dd13f132,66,2025-03-17,,,,,,,,,,,False,False
e751ebe4-3e13-423d-bf50-88a9dd13f132,67,2025-03-18,,,,,,,,,,,False,False
e751ebe4-3e13-423d-bf50-88a9dd13f132,68,2025-03-19,,,,,,,,,,,False,False
e751ebe4-3e13-423d-bf50-88a9dd13f132,69,2025-03-20,34.57,20.0,79.64,20.0,47.08,57.67,2.01,2.46,45.07,-55.2,True,True
e751ebe4-3e13-423d-bf50-88a9dd13f132,70,2025-03-21,34.57,19.0,79.64,19.0,47.08,57.67,2.01,2.46,45.07,-55.2,True,True
e751ebe4-3e13-423d-bf50-88a9dd13f132,71,2025-03-22,34.57,18.0,79.64,18.0,47.08,57.67,2.01,2.46,45.07,-55.2,True,True
e751ebe4-3e13-423d-bf50-88a9dd13f132,72,2025-03-23,34.57,17.0,79.64,17.0,47.08,57.67,2.01,2.46,45.07,-55.2,True,True
e751ebe4-3e13-423d-bf50-88a9dd13f132,73,2025-03-24,34.57,16.0,79.64,16.0,47.08,57.67,2.01,2.46,45.07,-55.2,True,True
e751ebe4-3e13-423d-bf50-88a9dd13f132,74,2025-03-25,34.57,15.0,79.64,15.0,47.08,57.67,2.01,2.46,45.07,-55.2,True,True
e751ebe4-3e13-423d-bf50-88a9dd13f132,75,2025-03-26,34.57,14.0,79.64,14.0,47.08,57.67,2.01,2.46,45.07,-55.2,True,True
e751ebe4-3e13-423d-bf50-88a9dd13f132,76,2025-03-27,34.57,13.0,79.64,13.0,47.08,57.67,2.01,2.46,45.07,-55.2,True,True
e751ebe4-3e13-423d-bf50-88a9dd13f132,77,2025-03-28,34.57,12.0,79.64,12.0,47.08,57.67,2.01,2.46,45.07,-55.2,True,True
e751ebe4-3e13-423d-bf50-88a9dd13f132,78,2025-03-29,34.57,11.0,79.64,11.0,47.08,57.67,2.01,2.46,45.07,-55.2,True,True
e751ebe4-3e13-423d-bf50-88a9dd13f132,79,2025-03-30,34.57,10.0,79.64,10.0,47.08,57.67,2.01,2.46,45.07,-55.2,True,True
e751ebe4-3e13-423d-bf50-88a9dd13f132,80,2025-03-31,34.57,9.0,79.64,9.0,47.08,57.67,2.01,2.46,45.07,-55.2,True,True
e751ebe4-3e13-423d-bf50-88a9dd13f132,81,2025-04-01,34.57,8.0,79.64,8.0,47.08,57.67,2.01,2.46,45.07,-55.2,True,True
e751ebe4-3e13-423d-bf50-88a9dd13f132,82,2025-04-02,34.57,7.0,79.64,7.0,47.08,57.67,2.01,2.46,45.07,-55.2,True,True
e751ebe4-3e13-423d-bf50-88a9dd13f132,83,2025-04-03,34.57,6.0,79.64,6.0,47.08,57.67,2.01,2.46,45.07,-55.2,True,True
e751ebe4-3e13-423d-bf50-88a9dd13f132,84,2025-04-04,34.57,5.0,79.64,5.0,47.08,57.67,2.01,2.46,45.07,-55.2,True,True
e751ebe4-3e13-423d-bf50-88a9dd13f132,85,2025-04-05,34.57,4.0,79.64,4.0,47.08,57.67,2.01,2.46,45.07,-55.2,True,True
e751ebe4-3e13-423d-bf50-88a9dd13f132,86,2025-04-06,34.57,3.0,79.64,3.0,47.08,57.67,2.01,2.46,45.07,-55.2,True,True
e751ebe4-3e13-423d-bf50-88a9dd13f132,87,2025-04-07,34.57,2.0,79.64,2.0,47.08,57.67,2.01,2.46,45.07,-55.2,True,True
e751ebe4-3e13-423d-bf50-88a9dd13f132,88,2025-04-08,34.57,1.0,79.64,1.0,47.08,57.67,2.01,2.46,45.07,-55.2,True,True
e751ebe4-3e13-423d-bf50-88a9dd13f132,89,2025-04-09,34.57,0.0,79.64,0.0,47.08,57.67,2.01,2.46,45.07,-55.2,True,True
e751ebe4-3e13-423d-bf50-88a9dd13f132,90,2025-04-10,79.45,0.0,79.45,0.0,2.2,2.69,2.2,2.69,,,True,True
e751ebe4-3e13-423d-bf50-88a9dd13f132,91,2025-04-11,79.17,0.0,79.17,0.0,2.48,3.04,2.48,3.04,,,True,True
e751ebe4-3e13-423d-bf50-88a9dd13f132,92,2025-04-12,80.68,0.0,80.68,0.0,0.96,1.18,0.96,1.18,,,True,True
e751ebe4-3e13-423d-bf50-88a9dd13f132,93,2025-04-13,78.98,0.0,78.98,0.0,2.67,3.27,2.67,3.27,,,True,True
e751ebe4-3e13-423d-bf50-88a9dd13f132,94,2025-04-14,78.98,-1.0,78.98,-1.0,2.67,3.27,2.67,3.27,,,True,True
e751ebe4-3e13-423d-bf50-88a9dd13f132,95,2025-04-15,79.54,0.0,79.54,0.0,2.1,2.58,2.1,2.58,,,True,True
e751ebe4-3e13-423d-bf50-88a9dd13f132,96,2025-04-16,77.84,0.0,77.84,0.0,3.81,4.66,3.81,4.66,,,True,True
e751ebe4-3e13-423d-bf50-88a9dd13f132,97,2025-04-17,77.83,0.0,77.83,0.0,3.82,4.68,3.82,4.68,,,True,True
e751ebe4-3e13-423d-bf50-88a9dd13f132,98,2025-04-18,77.85,0.0,77.85,0.0,3.79,4.65,3.79,4.65,,,True,True
e751ebe4-3e13-423d-bf50-88a9dd13f132,99,2025-04-19,77.97,0.0,77.97,0.0,3.67,4.5,3.67,4.5,,,True,True
e751ebe4-3e13-423d-bf50-88a9dd13f132,100,2025-04-20,76.9,0.0,76.9,0.0,4.75,5.81,4.75,5.81,,,True,True
e751ebe4-3e13-423d-bf50-88a9dd13f132,101,2025-04-21,77.12,0.0,77.12,0.0,4.53,5.55,4.53,5.55,,,True,True
e751ebe4-3e13-423d-bf50-88a9dd13f132,102,2025-04-22,77.52,0.0,77.52,0.0,4.13,5.06,4.13,5.06,,,True,True
e751ebe4-3e13-423d-bf50-88a9dd13f132,103,2025-04-23,78.48,0.0,78.48,0.0,3.16,3.87,3.16,3.87,,,True,True
e751ebe4-3e13-423d-bf50-88a9dd13f132,104,2025-04-24,78.35,0.0,78.35,0.0,3.3,4.04,3.3,4.04,,,True,True
e751ebe4-3e13-423d-bf50-88a9dd13f132,105,2025-04-25,77.88,0.0,77.88,0.0,3.77,4.61,3.77,4.61,,,True,True
e751ebe4-3e13-423d-bf50-88a9dd13f132,106,2025-04-26,77.88,-1.0,77.88,-1.0,3.77,4.61,3.77,4.61,,,True,True
e751ebe4-3e13-423d-bf50-88a9dd13f132,107,2025-04-27,79.26,0.0,79.26,0.0,2.38,2.92,2.38,2.92,,,True,True
e751ebe4-3e13-423d-bf50-88a9dd13f132,108,2025-04-28,78.44,0.0,78.44,0.0,3.2,3.92,3.2,3.92,,,True,True
e751ebe4-3e13-423d-bf50-88a9dd13f132,109,2025-04-29,78.44,-1.0,78.44,-1.0,3.2,3.92,3.2,3.92,,,True,True
e751ebe4-3e13-423d-bf50-88a9dd13f132,110,2025-04-30,77.87,0.0,77.87,0.0,3.78,4.63,3.78,4.63,,,True,True
e751ebe4-3e13-423d-bf50-88a9dd13f132,111,2025-05-01,77.32,0.0,77.32,0.0,4.33,5.3,4.33,5.3,,,True,True
e751ebe4-3e13-423d-bf50-88a9dd13f132,112,2025-05-02,77.48,0.0,77.48,0.0,4.17,5.11,4.17,5.11,,,True,True
e751ebe4-3e13-423d-bf50-88a9dd13f132,113,2025-05-03,77.32,0.0,77.32,0.0,4.33,5.3,4.33,5.3,,,True,True
e751ebe4-3e13-423d-bf50-88a9dd13f132,114,2025-05-04,77.09,0.0,77.09,0.0,4.56,5.58,4.56,5.58,,,True,True
e751ebe4-3e13-423d-bf50-88a9dd13f132,115,2025-05-05,77.42,0.0,77.42,0.0,4.22,5.17,4.22,5.17,,,True,True
e751ebe4-3e13-423d-bf50-88a9dd13f132,116,2025-05-06,77.17,0.0,77.17,0.0,4.48,5.48,4.48,5.48,,,True,True
e751ebe4-3e13-423d-bf50-88a9dd13f132,117,2025-05-07,77.17,-1.0,77.17,-1.0,4.48,5.48,4.48,5.48,,,True,True
e751ebe4-3e13-423d-bf50-88a9dd13f132,118,2025-05-08,77.38,0.0,77.38,0.0,4.26,5.22,4.26,5.22,,,True,True
e751ebe4-3e13-423d-bf50-88a9dd13f132,119,2025-05-09,77.52,0.0,77.52,0.0,4.13,5.06,4.13,5.06,,,True,True
e751ebe4-3e13-423d-bf50-88a9dd13f132,120,2025-05-10,77.52,-1.0,77.52,-1.0,4.13,5.06,4.13,5.06,,,True,True
e751ebe4-3e13-423d-bf50-88a9dd13f132,121,2025-05-11,78.56,0.0,78.56,0.0,3.08,3.78,3.08,3.78,,,True,True
e751ebe4-3e13-423d-bf50-88a9dd13f132,122,2025-05-12,77.96,0.0,77.96,0.0,3.69,4.52,3.69,4.52,,,True,True
e751ebe4-3e13-423d-bf50-88a9dd13f132,123,2025-05-13,77.96,-1.0,77.96,-1.0,3.69,4.52,3.69,4.52,,,True,True
e751ebe4-3e13-423d-bf50-88a9dd13f132,124,2025-05-14,77.12,0.0,77.12,0.0,4.53,5.55,4.53,5.55,,,True,True
e751ebe4-3e13-423d-bf50-88a9dd13f132,125,2025-05-15,77.12,-1.0,77.12,-1.0,4.53,5.55,4.53,5.55,,,True,True
e751ebe4-3e13-423d-bf50-88a9dd13f132,126,2025-05-16,76.89,0.0,76.89,0.0,4.76,5.83,4.76,5.83,,,True,True
e751ebe4-3e13-423d-bf50-88a9dd13f132,127,2025-05-17,76.89,-1.0,76.89,-1.0,4.76,5.83,4.76,5.83,,,True,True
e751ebe4-3e13-423d-bf50-88a9dd13f132,128,2025-05-18,76.93,1.0,76.93,1.0,4.72,5.78,4.72,5.78,,,True,True
e751ebe4-3e13-423d-bf50-88a9dd13f132,129,2025-05-19,76.93,0.0,76.93,0.0,4.72,5.78,4.72,5.78,,,True,True
e751ebe4-3e13-423d-bf50-88a9dd13f132,130,2025-05-20,76.66,0.0,76.66,0.0,4.99,6.11,4.99,6.11,,,True,True
e751ebe4-3e13-423d-bf50-88a9dd13f132,131,2025-05-21,76.54,0.0,76.54,0.0,5.11,6.26,5.11,6.26,,,True,True
e751ebe4-3e13-423d-bf50-88a9dd13f132,132,2025-05-22,76.4,0.0,76.4,0.0,5.24,6.42,5.24,6.42,,,True,True
e751ebe4-3e13-423d-bf50-88a9dd13f132,133,2025-05-23,75.75,0.0,75.75,0.0,5.9,7.23,5.9,7.23,,,True,True
e751ebe4-3e13-423d-bf50-88a9dd13f132,134,2025-05-24,74.82,0.0,74.82,0.0,6.83,8.36,6.83,8.36,,,True,True
e751ebe4-3e13-423d-bf50-88a9dd13f132,135,2025-05-25,75.72,0.0,75.72,0.0,5.93,7.26,5.93,7.26,,,True,True
e751ebe4-3e13-423d-bf50-88a9dd13f132,136,2025-05-26,75.72,-1.0,75.72,-1.0,5.93,7.26,5.93,7.26,,,True,True
e751ebe4-3e13-423d-bf50-88a9dd13f132,137,2025-05-27,76.03,0.0,76.03,0.0,5.62,6.88,5.62,6.88,,,True,True
e751ebe4-3e13-423d-bf50-88a9dd13f132,138,2025-05-28,76.03,-1.0,76.03,-1.0,5.62,6.88,5.62,6.88,,,True,True
e751ebe4-3e13-423d-bf50-88a9dd13f132,139,2025-05-29,76.46,0.0,76.46,0.0,5.19,6.35,5.19,6.35,,,True,True
e751ebe4-3e13-423d-bf50-88a9dd13f132,140,2025-05-30,76.51,0.0,76.51,0.0,5.14,6.29,5.14,6.29,,,True,True
e751ebe4-3e13-423d-bf50-88a9dd13f132,141,2025-05-31,76.51,-1.0,76.51,-1.0,5.14,6.29,5.14,6.29,,,True,True
e751ebe4-3e13-423d-bf50-88a9dd13f132,142,2025-06-01,76.57,1.0,76.57,1.0,5.08,6.22,5.08,6.22,,,True,True
e751ebe4-3e13-423d-bf50-88a9dd13f132,143,2025-06-02,76.57,0.0,76.57,0.0,5.08,6.22,5.08,6.22,,,True,True
e751ebe4-3e13-423d-bf50-88a9dd13f132,144,2025-06-03,76.57,-1.0,76.57,-1.0,5.08,6.22,5.08,6.22,,,True,True
e751ebe4-3e13-423d-bf50-88a9dd13f132,145,2025-06-04,76.35,0.0,76.35,0.0,5.3,6.49,5.3,6.49,,,True,True
e751ebe4-3e13-423d-bf50-88a9dd13f132,146,2025-06-05,76.35,-1.0,76.35,-1.0,5.3,6.49,5.3,6.49,,,True,True
e751ebe4-3e13-423d-bf50-88a9dd13f132,147,2025-06-06,76.35,-2.0,76.35,-2.0,5.3,6.49,5.3,6.49,,,True,True
e751ebe4-3e13-423d-bf50-88a9dd13f132,148,2025-06-07,76.85,1.0,76.85,1.0,4.8,5.88,4.8,5.88,,,True,True
e751ebe4-3e13-423d-bf50-88a9dd13f132,149,2025-06-08,76.85,0.0,76.85,0.0,4.8,5.88,4.8,5.88,,,True,True
e751ebe4-3e13-423d-bf50-88a9dd13f132,150,2025-06-09,76.85,-1.0,76.85,-1.0,4.8,5.88,4.8,5.88,,,True,True
e751ebe4-3e13-423d-bf50-88a9dd13f132,151,2025-06-10,77.95,0.0,77.95,0.0,3.7,4.53,3.7,4.53,,,True,True
e751ebe4-3e13-423d-bf50-88a9dd13f132,152,2025-06-11,78.36,0.0,78.36,0.0,3.28,4.02,3.28,4.02,,,True,True
e751ebe4-3e13-423d-bf50-88a9dd13f132,153,2025-06-12,78.36,-1.0,78.36,-1.0,3.28,4.02,3.28,4.02,,,True,True
e751ebe4-3e13-423d-bf50-88a9dd13f132,154,2025-06-13,77.53,1.0,77.53,1.0,4.12,5.04,4.12,5.04,,,True,True
e751ebe4-3e13-423d-bf50-88a9dd13f132,155,2025-06-14,77.53,0.0,77.53,0.0,4.12,5.04,4.12,5.04,,,True,True
e751ebe4-3e13-423d-bf50-88a9dd13f132,156,2025-06-15,77.53,-1.0,77.53,-1.0,4.12,5.04,4.12,5.04,,,True,True
e751ebe4-3e13-423d-bf50-88a9dd13f132,157,2025-06-16,78.12,1.0,78.12,1.0,3.53,4.32,3.53,4.32,,,True,True
e751ebe4-3e13-423d-bf50-88a9dd13f132,158,2025-06-17,78.12,0.0,78.12,0.0,3.53,4.32,3.53,4.32,,,True,True
e751ebe4-3e13-423d-bf50-88a9dd13f132,159,2025-06-18,78.12,-1.0,78.12,-1.0,3.53,4.32,3.53,4.32,,,True,True
e751ebe4-3e13-423d-bf50-88a9dd13f132,160,2025-06-19,76.97,0.0,76.97,0.0,4.68,5.73,4.68,5.73,,,True,True
e751ebe4-3e13-423d-bf50-88a9dd13f132,161,2025-06-20,76.77,0.0,76.77,0.0,4.88,5.98,4.88,5.98,,,True,True
e751ebe4-3e13-423d-bf50-88a9dd13f132,162,2025-06-21,76.91,0.0,76.91,0.0,4.73,5.8,4.73,5.8,,,True,True
e751ebe4-3e13-423d-bf50-88a9dd13f132,163,2025-06-22,76.91,-1.0,76.91,-1.0,4.73,5.8,4.73,5.8,,,True,True
e751ebe4-3e13-423d-bf50-88a9dd13f132,164,2025-06-23,75.88,0.0,75.88,0.0,5.77,7.06,5.77,7.06,,,True,True
e751ebe4-3e13-423d-bf50-88a9dd13f132,165,2025-06-24,75.83,0.0,75.83,0.0,5.82,7.13,5.82,7.13,,,True,True
e751ebe4-3e13-423d-bf50-88a9dd13f132,166,2025-06-25,75.83,-1.0,75.83,-1.0,5.82,7.13,5.82,7.13,,,True,True
e751ebe4-3e13-423d-bf50-88a9dd13f132,167,2025-06-26,75.83,-2.0,75.83,-2.0,5.82,7.13,5.82,7.13,,,True,True
e751ebe4-3e13-423d-bf50-88a9dd13f132,168,2025-06-27,76.16,2.0,76.16,2.0,5.48,6.72,5.48,6.72,,,True,True
e751ebe4-3e13-423d-bf50-88a9dd13f132,169,2025-06-28,76.16,1.0,76.16,1.0,5.48,6.72,5.48,6.72,,,True,True
e751ebe4-3e13-423d-bf50-88a9dd13f132,170,2025-06-29,76.16,0.0,76.16,0.0,5.48,6.72,5.48,6.72,,,True,True
e751ebe4-3e13-423d-bf50-88a9dd13f132,171,2025-06-30,76.16,-1.0,76.16,-1.0,5.48,6.72,5.48,6.72,,,True,True
e751ebe4-3e13-423d-bf50-88a9dd13f132,172,2025-07-01,76.59,1.0,76.59,1.0,5.05,6.19,5.05,6.19,,,True,True
e751ebe4-3e13-423d-bf50-88a9dd13f132,173,2025-07-02,76.59,0.0,76.59,0.0,5.05,6.19,5.05,6.19,,,True,True
e751ebe4-3e13-423d-bf50-88a9dd13f132,174,2025-07-03,76.59,-1.0,76.59,-1.0,5.05,6.19,5.05,6.19,,,True,True
e751ebe4-3e13-423d-bf50-88a9dd13f132,175,2025-07-04,76.63,0.0,76.63,0.0,5.01,6.14,5.01,6.14,,,True,True
e751ebe4-3e13-423d-bf50-88a9dd13f132,176,2025-07-05,76.63,-1.0,76.63,-1.0,5.01,6.14,5.01,6.14,,,True,True
e751ebe4-3e13-423d-bf50-88a9dd13f132,177,2025-07-06,76.15,1.0,76.15,1.0,5.5,6.73,5.5,6.73,,,True,True
e751ebe4-3e13-423d-bf50-88a9dd13f132,178,2025-07-07,76.15,0.0,76.15,0.0,5.5,6.73,5.5,6.73,,,True,True
e751ebe4-3e13-423d-bf50-88a9dd13f132,179,2025-07-08,76.15,-1.0,76.15,-1.0,5.5,6.73,5.5,6.73,,,True,True
e751ebe4-3e13-423d-bf50-88a9dd13f132,180,2025-07-09,75.24,1.0,75.24,1.0,6.41,7.85,6.41,7.85,,,True,True
76f01a11-1119-4d1a-bd3f-2cb8a1203d6e,0,2025-01-01,90.72,-1.0,90.72,-1.0,,,,,,,True,True
76f01a11-1119-4d1a-bd3f-2cb8a1203d6e,1,2025-01-02,90.72,-2.0,90.72,-2.0,,,,,,,True,True
76f01a11-1119-4d1a-bd3f-2cb8a1203d6e,2,2025-01-03,90.72,-3.0,90.72,-3.0,,,,,,,True,True
76f01a11-1119-4d1a-bd3f-2cb8a1203d6e,3,2025-01-04,90.72,-4.0,90.72,-4.0,,,,,,,True,True
76f01a11-1119-4d1a-bd3f-2cb8a1203d6e,4,2025-01-05,90.72,-5.0,90.72,-5.0,,,,,,,True,True
76f01a11-1119-4d1a-bd3f-2cb8a1203d6e,5,2025-01-06,90.72,-6.0,90.72,-6.0,,,,,,,True,True
76f01a11-1119-4d1a-bd3f-2cb8a1203d6e,6,2025-01-07,92.65,6.0,92.65,6.0,-1.93,-2.13,-1.93,-2.13,,,True,True
76f01a11-1119-4d1a-bd3f-2cb8a1203d6e,7,2025-01-08,92.65,5.0,92.65,5.0,-1.93,-2.13,-1.93,-2.13,,,True,True
76f01a11-1119-4d1a-bd3f-2cb8a1203d6e,8,2025-01-09,92.65,4.0,92.65,4.0,-1.93,-2.13,-1.93,-2.13,,,True,True
76f01a11-1119-4d1a-bd3f-2cb8a1203d6e,9,2025-01-10,92.65,3.0,92.65,3.0,-1.93,-2.13,-1.93,-2.13,,,True,True
76f01a11-1119-4d1a-bd3f-2cb8a1203d6e,10,2025-01-11,92.65,2.0,92.65,2.0,-1.93,-2.13,-1.93,-2.13,,,True,True
76f01a11-1119-4d1a-bd3f-2cb8a1203d6e,11,2025-01-12,92.65,1.0,92.65,1.0,-1.93,-2.13,-1.93,-2.13,,,True,True
76f01a11-1119-4d1a-bd3f-2cb8a1203d6e,12,2025-01-13,92.65,0.0,92.65,0.0,-1.93,-2.13,-1.93,-2.13,,,True,True
76f01a11-1119-4d1a-bd3f-2cb8a1203d6e,13,2025-01-14,92.08,0.0,92.08,0.0,-1.36,-1.5,-1.36,-1.5,,,True,True
76f01a11-1119-4d1a-bd3f-2cb8a1203d6e,14,2025-01-15,90.54,0.0,90.54,0.0,0.18,0.19,0.18,0.19,,,True,True
76f01a11-1119-4d1a-bd3f-2cb8a1203d6e,15,2025-01-16,90.34,0.0,90.34,0.0,0.38,0.41,0.38,0.41,,,True,True
76f01a11-1119-4d1a-bd3f-2cb8a1203d6e,16,2025-01-17,90.34,-1.0,90.34,-1.0,0.38,0.41,0.38,0.41,,,True,True
76f01a11-1119-4d1a-bd3f-2cb8a1203d6e,17,2025-01-18,90.42,0.0,90.42,0.0,0.3,0.33,0.3,0.33,,,True,True
76f01a11-1119-4d1a-bd3f-2cb8a1203d6e,18,2025-01-19,90.57,0.0,90.57,0.0,0.15,0.17,0.15,0.17,,,True,True
76f01a11-1119-4d1a-bd3f-2cb8a1203d6e,19,2025-01-20,90.61,0.0,90.61,0.0,0.11,0.12,0.11,0.12,,,True,True
76f01a11-1119-4d1a-bd3f-2cb8a1203d6e,20,2025-01-21,89.77,0.0,89.77,0.0,0.95,1.05,0.95,1.05,,,True,True
76f01a11-1119-4d1a-bd3f-2cb8a1203d6e,21,2025-01-22,89.5,0.0,89.5,0.0,1.22,1.34,1.22,1.34,,,True,True
76f01a11-1119-4d1a-bd3f-2cb8a1203d6e,22,2025-01-23,89.55,0.0,89.55,0.0,1.17,1.29,1.17,1.29,,,True,True
76f01a11-1119-4d1a-bd3f-2cb8a1203d6e,23,2025-01-24,89.55,-1.0,89.55,-1.0,1.17,1.29,1.17,1.29,,,True,True
76f01a11-1119-4d1a-bd3f-2cb8a1203d6e,24,2025-01-25,89.55,-2.0,89.55,-2.0,1.17,1.29,1.17,1.29,,,True,True
76f01a11-1119-4d1a-bd3f-2cb8a1203d6e,25,2025-01-26,89.51,1.0,89.51,1.0,1.2,1.33,1.2,1.33,,,True,True
76f01a11-1119-4d1a-bd3f-2cb8a1203d6e,26,2025-01-27,89.51,0.0,89.51,0.0,1.2,1.33,1.2,1.33,,,True,True
76f01a11-1119-4d1a-bd3f-2cb8a1203d6e,27,2025-01-28,89.25,0.0,89.25,0.0,1.47,1.62,1.47,1.62,,,True,True
76f01a11-1119-4d1a-bd3f-2cb8a1203d6e,28,2025-01-29,89.01,0.0,89.01,0.0,1.71,1.88,1.71,1.88,,,True,True
76f01a11-1119-4d1a-bd3f-2cb8a1203d6e,29,2025-01-30,89.01,-1.0,89.01,-1.0,1.71,1.88,1.71,1.88,,,True,True
76f01a11-1119-4d1a-bd3f-2cb8a1203d6e,30,2025-01-31,89.01,-2.0,89.01,-2.0,1.71,1.88,1.71,1.88,,,True,True
76f01a11-1119-4d1a-bd3f-2cb8a1203d6e,31,2025-02-01,90.1,1.0,90.1,1.0,0.61,0.68,0.61,0.68,,,True,True
76f01a11-1119-4d1a-bd3f-2cb8a1203d6e,32,2025-02-02,90.1,0.0,90.1,0.0,0.61,0.68,0.61,0.68,,,True,True
76f01a11-1119-4d1a-bd3f-2cb8a1203d6e,33,2025-02-03,89.79,0.0,89.79,0.0,0.93,1.02,0.93,1.02,,,True,True
76f01a11-1119-4d1a-bd3f-2cb8a1203d6e,34,2025-02-04,89.25,0.0,89.25,0.0,1.47,1.62,1.47,1.62,,,True,True
76f01a11-1119-4d1a-bd3f-2cb8a1203d6e,35,2025-02-05,88.17,0.0,88.17,0.0,2.55,2.81,2.55,2.81,,,True,True
76f01a11-1119-4d1a-bd3f-2cb8a1203d6e,36,2025-02-06,88.17,-1.0,88.17,-1.0,2.55,2.81,2.55,2.81,,,True,True
76f01a11-1119-4d1a-bd3f-2cb8a1203d6e,37,2025-02-07,88.17,-2.0,88.17,-2.0,2.55,2.81,2.55,2.81,,,True,True
76f01a11-1119-4d1a-bd3f-2cb8a1203d6e,38,2025-02-08,88.17,-3.0,88.17,-3.0,2.55,2.81,2.55,2.81,,,True,True
76f01a11-1119-4d1a-bd3f-2cb8a1203d6e,39,2025-02-09,89.24,3.0,89.24,3.0,1.48,1.63,1.48,1.63,,,True,True
76f01a11-1119-4d1a-bd3f-2cb8a1203d6e,40,2025-02-10,89.24,2.0,89.24,2.0,1.48,1.63,1.48,1.63,,,True,True
76f01a11-1119-4d1a-bd3f-2cb8a1203d6e,41,2025-02-11,89.24,1.0,89.24,1.0,1.48,1.63,1.48,1.63,,,True,True
76f01a11-1119-4d1a-bd3f-2cb8a1203d6e,42,2025-02-12,89.24,0.0,89.24,0.0,1.48,1.63,1.48,1.63,,,True,True
76f01a11-1119-4d1a-bd3f-2cb8a1203d6e,43,2025-02-13,89.24,-1.0,89.24,-1.0,1.48,1.63,1.48,1.63,,,True,True
76f01a11-1119-4d1a-bd3f-2cb8a1203d6e,44,2025-02-14,89.24,-2.0,89.24,-2.0,1.48,1.63,1.48,1.63,,,True,True
76f01a11-1119-4d1a-bd3f-2cb8a1203d6e,45,2025-02-15,89.24,-3.0,89.24,-3.0,1.48,1.63,1.48,1.63,,,True,True
76f01a11-1119-4d1a-bd3f-2cb8a1203d6e,46,2025-02-16,89.24,-4.0,89.24,-4.0,1.48,1.63,1.48,1.63,,,True,True
76f01a11-1119-4d1a-bd3f-2cb8a1203d6e,47,2025-02-17,89.24,-5.0,89.24,-5.0,1.48,1.63,1.48,1.63,,,True,True
76f01a11-1119-4d1a-bd3f-2cb8a1203d6e,48,2025-02-18,89.24,-6.0,89.24,-6.0,1.48,1.63,1.48,1.63,,,True,True
76f01a11-1119-4d1a-bd3f-2cb8a1203d6e,49,2025-02-19,89.24,-7.0,89.24,-7.0,1.48,1.63,1.48,1.63,,,True,True
76f01a11-1119-4d1a-bd3f-2cb8a1203d6e,50,2025-02-20,89.24,-8.0,89.24,-8.0,1.48,1.63,1.48,1.63,,,True,True
76f01a11-1119-4d1a-bd3f-2cb8a1203d6e,51,2025-02-21,89.24,-9.0,89.24,-9.0,1.48,1.63,1.48,1.63,,,True,True
76f01a11-1119-4d1a-bd3f-2cb8a1203d6e,52,2025-02-22,89.24,-10.0,89.24,-10.0,1.48,1.63,1.48,1.63,,,True,True
76f01a11-1119-4d1a-bd3f-2cb8a1203d6e,53,2025-02-23,89.24,-11.0,89.24,-11.0,1.48,1.63,1.48,1.63,,,True,True
76f01a11-1119-4d1a-bd3f-2cb8a1203d6e,54,2025-02-24,89.24,-12.0,89.24,-12.0,1.48,1.63,1.48,1.63,,,True,True
76f01a11-1119-4d1a-bd3f-2cb8a1203d6e,55,2025-02-25,89.24,-13.0,89.24,-13.0,1.48,1.63,1.48,1.63,,,True,True
76f01a11-1119-4d1a-bd3f-2cb8a1203d6e,56,2025-02-26,89.24,-14.0,89.24,-14.0,1.48,1.63,1.48,1.63,,,True,True
76f01a11-1119-4d1a-bd3f-2cb8a1203d6e,57,2025-02-27,89.24,-15.0,89.24,-15.0,1.48,1.63,1.48,1.63,,,True,True
76f01a11-1119-4d1a-bd3f-2cb8a1203d6e,58,2025-02-28,47.78,15.0,89.24,-16.0,42.94,47.33,1.48,1.63,41.46,-45.7,True,True
76f01a11-1119-4d1a-bd3f-2cb8a1203d6e,59,2025-03-01,47.78,14.0,89.24,-17.0,42.94,47.33,1.48,1.63,41.46,-45.7,True,True
76f01a11-1119-4d1a-bd3f-2cb8a1203d6e,60,2025-03-02,47.78,13.0,88.97,17.0,42.94,47.33,1.74,1.92,41.2,-45.41,True,True
76f01a11-1119-4d1a-bd3f-2cb8a1203d6e,61,2025-03-03,47.78,12.0,88.97,16.0,42.94,47.33,1.74,1.92,41.2,-45.41,True,True
76f01a11-1119-4d1a-bd3f-2cb8a1203d6e,62,2025-03-04,47.78,11.0,88.97,15.0,42.94,47.33,1.74,1.92,41.2,-45.41,True,True
76f01a11-1119-4d1a-bd3f-2cb8a1203d6e,63,2025-03-05,47.78,10.0,88.97,14.0,42.94,47.33,1.74,1.92,41.2,-45.41,True,True
76f01a11-1119-4d1a-bd3f-2cb8a1203d6e,64,2025-03-06,47.78,9.0,88.97,13.0,42.94,47.33,1.74,1.92,41.2,-45.41,True,True
76f01a11-1119-4d1a-bd3f-2cb8a1203d6e,65,2025-03-07,47.78,8.0,88.97,12.0,42.94,47.33,1.74,1.92,41.2,-45.41,True,True
76f01a11-1119-4d1a-bd3f-2cb8a1203d6e,66,2025-03-08,47.78,7.0,88.97,11.0,42.94,47.33,1.74,1.92,41.2,-45.41,True,True
76f01a11-1119-4d1a-bd3f-2cb8a1203d6e,67,2025-03-09,47.78,6.0,88.97,10.0,42.94,47.33,1.74,1.92,41.2,-45.41,True,True
76f01a11-1119-4d1a-bd3f-2cb8a1203d6e,68,2025-03-10,47.78,5.0,88.97,9.0,42.94,47.33,1.74,1.92,41.2,-45.41,True,True
76f01a11-1119-4d1a-bd3f-2cb8a1203d6e,69,2025-03-11,47.78,4.0,88.97,8.0,42.94,47.33,1.74,1.92,41.2,-45.41,True,True
76f01a11-1119-4d1a-bd3f-2cb8a1203d6e,70,2025-03-12,47.78,3.0,88.97,7.0,42.94,47.33,1.74,1.92,41.2,-45.41,True,True
76f01a11-1119-4d1a-bd3f-2cb8a1203d6e,71,2025-03-13,47.78,2.0,88.97,6.0,42.94,47.33,1.74,1.92,41.2,-45.41,True,True
76f01a11-1119-4d1a-bd3f-2cb8a1203d6e,72,2025-03-14,47.78,1.0,88.97,5.0,42.94,47.33,1.74,1.92,41.2,-45.41,True,True
76f01a11-1119-4d1a-bd3f-2cb8a1203d6e,73,2025-03-15,47.78,0.0,88.97,4.0,42.94,47.33,1.74,1.92,41.2,-45.41,True,True
76f01a11-1119-4d1a-bd3f-2cb8a1203d6e,74,2025-03-16,47.78,-1.0,88.97,3.0,42.94,47.33,1.74,1.92,41.2,-45.41,True,True
76f01a11-1119-4d1a-bd3f-2cb8a1203d6e,75,2025-03-17,47.78,-2.0,88.97,2.0,42.94,47.33,1.74,1.92,41.2,-45.41,True,True
76f01a11-1119-4d1a-bd3f-2cb8a1203d6e,76,2025-03-18,88.97,1.0,88.97,1.0,1.74,1.92,1.74,1.92,,,True,True
76f01a11-1119-4d1a-bd3f-2cb8a1203d6e,77,2025-03-19,88.97,0.0,88.97,0.0,1.74,1.92,1.74,1.92,,,True,True
76f01a11-1119-4d1a-bd3f-2cb8a1203d6e,78,2025-03-20,88.97,-1.0,88.97,-1.0,1.74,1.92,1.74,1.92,,,True,True
76f01a11-1119-4d1a-bd3f-2cb8a1203d6e,79,2025-03-21,88.97,-2.0,88.97,-2.0,1.74,1.92,1.74,1.92,,,True,True
76f01a11-1119-4d1a-bd3f-2cb8a1203d6e,80,2025-03-22,88.97,-3.0,88.97,-3.0,1.74,1.92,1.74,1.92,,,True,True
76f01a11-1119-4d1a-bd3f-2cb8a1203d6e,81,2025-03-23,88.97,-4.0,88.97,-4.0,1.74,1.92,1.74,1.92,,,True,True
76f01a11-1119-4d1a-bd3f-2cb8a1203d6e,82,2025-03-24,88.97,-5.0,88.97,-5.0,1.74,1.92,1.74,1.92,,,True,True
76f01a11-1119-4d1a-bd3f-2cb8a1203d6e,83,2025-03-25,88.97,-6.0,88.97,-6.0,1.74,1.92,1.74,1.92,,,True,True
76f01a11-1119-4d1a-bd3f-2cb8a1203d6e,84,2025-03-26,89.06,6.0,89.06,6.0,1.66,1.83,1.66,1.83,,,True,True
76f01a11-1119-4d1a-bd3f-2cb8a1203d6e,85,2025-03-27,89.06,5.0,89.06,5.0,1.66,1.83,1.66,1.83,,,True,True
76f01a11-1119-4d1a-bd3f-2cb8a1203d6e,86,2025-03-28,89.06,4.0,89.06,4.0,1.66,1.83,1.66,1.83,,,True,True
76f01a11-1119-4d1a-bd3f-2cb8a1203d6e,87,2025-03-29,89.06,3.0,89.06,3.0,1.66,1.83,1.66,1.83,,,True,True
76f01a11-1119-4d1a-bd3f-2cb8a1203d6e,88,2025-03-30,89.06,2.0,89.06,2.0,1.66,1.83,1.66,1.83,,,True,True
76f01a11-1119-4d1a-bd3f-2cb8a1203d6e,89,2025-03-31,89.06,1.0,89.06,1.0,1.66,1.83,1.66,1.83,,,True,True
76f01a11-1119-4d1a-bd3f-2cb8a1203d6e,90,2025-04-01,89.06,0.0,89.06,0.0,1.66,1.83,1.66,1.83,,,True,True
76f01a11-1119-4d1a-bd3f-2cb8a1203d6e,91,2025-04-02,89.06,-1.0,89.06,-1.0,1.66,1.83,1.66,1.83,,,True,True
76f01a11-1119-4d1a-bd3f-2cb8a1203d6e,92,2025-04-03,89.06,-2.0,89.06,-2.0,1.66,1.83,1.66,1.83,,,True,True
76f01a11-1119-4d1a-bd3f-2cb8a1203d6e,93,2025-04-04,89.06,-3.0,89.06,-3.0,1.66,1.83,1.66,1.83,,,True,True
76f01a11-1119-4d1a-bd3f-2cb8a1203d6e,94,2025-04-05,89.06,-4.0,89.06,-4.0,1.66,1.83,1.66,1.83,,,True,True
76f01a11-1119-4d1a-bd3f-2cb8a1203d6e,95,2025-04-06,89.06,-5.0,89.06,-5.0,1.66,1.83,1.66,1.83,,,True,True
76f01a11-1119-4d1a-bd3f-2cb8a1203d6e,96,2025-04-07,89.06,-6.0,89.06,-6.0,1.66,1.83,1.66,1.83,,,True,True
76f01a11-1119-4d1a-bd3f-2cb8a1203d6e,97,2025-04-08,89.06,-7.0,89.06,-7.0,1.66,1.83,1.66,1.83,,,True,True
76f01a11-1119-4d1a-bd3f-2cb8a1203d6e,98,2025-04-09,89.06,-8.0,89.06,-8.0,1.66,1.83,1.66,1.83,,,True,True
76f01a11-1119-4d1a-bd3f-2cb8a1203d6e,99,2025-04-10,87.81,8.0,87.81,8.0,2.91,3.21,2.91,3.21,,,True,True
76f01a11-1119-4d1a-bd3f-2cb8a1203d6e,100,2025-04-11,87.81,7.0,87.81,7.0,2.91,3.21,2.91,3.21,,,True,True
76f01a11-1119-4d1a-bd3f-2cb8a1203d6e,101,2025-04-12,87.81,6.0,87.81,6.0,2.91,3.21,2.91,3.21,,,True,True
76f01a11-1119-4d1a-bd3f-2cb8a1203d6e,102,2025-04-13,87.81,5.0,87.81,5.0,2.91,3.21,2.91,3.21,,,True,True
76f01a11-1119-4d1a-bd3f-2cb8a1203d6e,103,2025-04-14,87.81,4.0,87.81,4.0,2.91,3.21,2.91,3.21,,,True,True
76f01a11-1119-4d1a-bd3f-2cb8a1203d6e,104,2025-04-15,87.81,3.0,87.81,3.0,2.91,3.21,2.91,3.21,,,True,True
76f01a11-1119-4d1a-bd3f-2cb8a1203d6e,105,2025-04-16,87.81,2.0,87.81,2.0,2.91,3.21,2.91,3.21,,,True,True
76f01a11-1119-4d1a-bd3f-2cb8a1203d6e,106,2025-04-17,87.81,1.0,87.81,1.0,2.91,3.21,2.91,3.21,,,True,True
76f01a11-1119-4d1a-bd3f-2cb8a1203d6e,107,2025-04-18,87.81,0.0,87.81,0.0,2.91,3.21,2.91,3.21,,,True,True
76f01a11-1119-4d1a-bd3f-2cb8a1203d6e,108,2025-04-19,87.81,-1.0,87.81,-1.0,2.91,3.21,2.91,3.21,,,True,True
76f01a11-1119-4d1a-bd3f-2cb8a1203d6e,109,2025-04-20,87.81,-2.0,87.81,-2.0,2.91,3.21,2.91,3.21,,,True,True
76f01a11-1119-4d1a-bd3f-2cb8a1203d6e,110,2025-04-21,87.81,-3.0,87.81,-3.0,2.91,3.21,2.91,3.21,,,True,True
76f01a11-1119-4d1a-bd3f-2cb8a1203d6e,111,2025-04-22,87.81,-4.0,87.81,-4.0,2.91,3.21,2.91,3.21,,,True,True
76f01a11-1119-4d1a-bd3f-2cb8a1203d6e,112,2025-04-23,87.81,-5.0,87.81,-5.0,2.91,3.21,2.91,3.21,,,True,True
76f01a11-1119-4d1a-bd3f-2cb8a1203d6e,113,2025-04-24,87.81,-6.0,87.81,-6.0,2.91,3.21,2.91,3.21,,,True,True
76f01a11-1119-4d1a-bd3f-2cb8a1203d6e,114,2025-04-25,87.81,-7.0,87.81,-7.0,2.91,3.21,2.91,3.21,,,True,True
76f01a11-1119-4d1a-bd3f-2cb8a1203d6e,115,2025-04-26,87.81,-8.0,87.81,-8.0,2.91,3.21,2.91,3.21,,,True,True
76f01a11-1119-4d1a-bd3f-2cb8a1203d6e,116,2025-04-27,87.81,-9.0,87.81,-9.0,2.91,3.21,2.91,3.21,,,True,True
76f01a11-1119-4d1a-bd3f-2cb8a1203d6e,117,2025-04-28,87.81,-10.0,87.81,-10.0,2.91,3.21,2.91,3.21,,,True,True
76f01a11-1119-4d1a-bd3f-2cb8a1203d6e,118,2025-04-29,87.81,-11.0,87.81,-11.0,2.91,3.21,2.91,3.21,,,True,True
76f01a11-1119-4d1a-bd3f-2cb8a1203d6e,119,2025-04-30,87.81,-12.0,87.81,-12.0,2.91,3.21,2.91,3.21,,,True,True
76f01a11-1119-4d1a-bd3f-2cb8a1203d6e,120,2025-05-01,87.81,-13.0,87.81,-13.0,2.91,3.21,2.91,3.21,,,True,True
76f01a11-1119-4d1a-bd3f-2cb8a1203d6e,121,2025-05-02,87.81,-14.0,87.81,-14.0,2.91,3.21,2.91,3.21,,,True,True
76f01a11-1119-4d1a-bd3f-2cb8a1203d6e,122,2025-05-03,87.81,-15.0,87.81,-15.0,2.91,3.21,2.91,3.21,,,True,True
76f01a11-1119-4d1a-bd3f-2cb8a1203d6e,123,2025-05-04,87.81,-16.0,87.81,-16.0,2.91,3.21,2.91,3.21,,,True,True
76f01a11-1119-4d1a-bd3f-2cb8a1203d6e,124,2025-05-05,87.81,-17.0,87.81,-17.0,2.91,3.21,2.91,3.21,,,True,True
76f01a11-1119-4d1a-bd3f-2cb8a1203d6e,125,2025-05-06,87.23,16.0,87.23,16.0,3.49,3.85,3.49,3.85,,,True,True
76f01a11-1119-4d1a-bd3f-2cb8a1203d6e,126,2025-05-07,87.23,15.0,87.23,15.0,3.49,3.85,3.49,3.85,,,True,True
76f01a11-1119-4d1a-bd3f-2cb8a1203d6e,127,2025-05-08,87.23,14.0,87.23,14.0,3.49,3.85,3.49,3.85,,,True,True
76f01a11-1119-4d1a-bd3f-2cb8a1203d6e,128,2025-05-09,87.23,13.0,87.23,13.0,3.49,3.85,3.49,3.85,,,True,True
76f01a11-1119-4d1a-bd3f-2cb8a1203d6e,129,2025-05-10,87.23,12.0,87.23,12.0,3.49,3.85,3.49,3.85,,,True,True
76f01a11-1119-4d1a-bd3f-2cb8a1203d6e,130,2025-05-11,87.23,11.0,87.23,11.0,3.49,3.85,3.49,3.85,,,True,True
76f01a11-1119-4d1a-bd3f-2cb8a1203d6e,131,2025-05-12,87.23,10.0,87.23,10.0,3.49,3.85,3.49,3.85,,,True,True
76f01a11-1119-4d1a-bd3f-2cb8a1203d6e,132,2025-05-13,87.23,9.0,87.23,9.0,3.49,3.85,3.49,3.85,,,True,True
76f01a11-1119-4d1a-bd3f-2cb8a1203d6e,133,2025-05-14,87.23,8.0,87.23,8.0,3.49,3.85,3.49,3.85,,,True,True
76f01a11-1119-4d1a-bd3f-2cb8a1203d6e,134,2025-05-15,87.23,7.0,87.23,7.0,3.49,3.85,3.49,3.85,,,True,True
76f01a11-1119-4d1a-bd3f-2cb8a1203d6e,135,2025-05-16,87.23,6.0,87.23,6.0,3.49,3.85,3.49,3.85,,,True,True
76f01a11-1119-4d1a-bd3f-2cb8a1203d6e,136,2025-05-17,87.23,5.0,87.23,5.0,3.49,3.85,3.49,3.85,,,True,True
76f01a11-1119-4d1a-bd3f-2cb8a1203d6e,137,2025-05-18,87.23,4.0,87.23,4.0,3.49,3.85,3.49,3.85,,,True,True
76f01a11-1119-4d1a-bd3f-2cb8a1203d6e,138,2025-05-19,87.23,3.0,87.23,3.0,3.49,3.85,3.49,3.85,,,True,True
76f01a11-1119-4d1a-bd3f-2cb8a1203d6e,139,2025-05-20,87.23,2.0,87.23,2.0,3.49,3.85,3.49,3.85,,,True,True
76f01a11-1119-4d1a-bd3f-2cb8a1203d6e,140,2025-05-21,87.23,1.0,87.23,1.0,3.49,3.85,3.49,3.85,,,True,True
76f01a11-1119-4d1a-bd3f-2cb8a1203d6e,141,2025-05-22,87.23,0.0,87.23,0.0,3.49,3.85,3.49,3.85,,,True,True
76f01a11-1119-4d1a-bd3f-2cb8a1203d6e,142,2025-05-23,87.23,-1.0,87.23,-1.0,3.49,3.85,3.49,3.85,,,True,True
76f01a11-1119-4d1a-bd3f-2cb8a1203d6e,143,2025-05-24,87.23,-2.0,87.23,-2.0,3.49,3.85,3.49,3.85,,,True,True
76f01a11-1119-4d1a-bd3f-2cb8a1203d6e,144,2025-05-25,87.23,-3.0,87.23,-3.0,3.49,3.85,3.49,3.85,,,True,True
76f01a11-1119-4d1a-bd3f-2cb8a1203d6e,145,2025-05-26,87.23,-4.0,87.23,-4.0,3.49,3.85,3.49,3.85,,,True,True
76f01a11-1119-4d1a-bd3f-2cb8a1203d6e,146,2025-05-27,87.23,-5.0,87.23,-5.0,3.49,3.85,3.49,3.85,,,True,True
76f01a11-1119-4d1a-bd3f-2cb8a1203d6e,147,2025-05-28,87.23,-6.0,87.23,-6.0,3.49,3.85,3.49,3.85,,,True,True
76f01a11-1119-4d1a-bd3f-2cb8a1203d6e,148,2025-05-29,87.23,-7.0,87.23,-7.0,3.49,3.85,3.49,3.85,,,True,True
76f01a11-1119-4d1a-bd3f-2cb8a1203d6e,149,2025-05-30,87.23,-8.0,87.23,-8.0,3.49,3.85,3.49,3.85,,,True,True
76f01a11-1119-4d1a-bd3f-2cb8a1203d6e,150,2025-05-31,87.23,-9.0,87.23,-9.0,3.49,3.85,3.49,3.85,,,True,True
76f01a11-1119-4d1a-bd3f-2cb8a1203d6e,151,2025-06-01,87.23,-10.0,87.23,-10.0,3.49,3.85,3.49,3.85,,,True,True
76f01a11-1119-4d1a-bd3f-2cb8a1203d6e,152,2025-06-02,87.23,-11.0,87.23,-11.0,3.49,3.85,3.49,3.85,,,True,True
76f01a11-1119-4d1a-bd3f-2cb8a1203d6e,153,2025-06-03,87.23,-12.0,87.23,-12.0,3.49,3.85,3.49,3.85,,,True,True
76f01a11-1119-4d1a-bd3f-2cb8a1203d6e,154,2025-06-04,87.23,-13.0,87.23,-13.0,3.49,3.85,3.49,3.85,,,True,True
76f01a11-1119-4d1a-bd3f-2cb8a1203d6e,155,2025-06-05,87.23,-14.0,87.23,-14.0,3.49,3.85,3.49,3.85,,,True,True
76f01a11-1119-4d1a-bd3f-2cb8a1203d6e,156,2025-06-06,87.23,-15.0,87.23,-15.0,3.49,3.85,3.49,3.85,,,True,True
76f01a11-1119-4d1a-bd3f-2cb8a1203d6e,157,2025-06-07,86.94,15.0,86.94,15.0,3.78,4.16,3.78,4.16,,,True,True
76f01a11-1119-4d1a-bd3f-2cb8a1203d6e,158,2025-06-08,86.94,14.0,86.94,14.0,3.78,4.16,3.78,4.16,,,True,True
76f01a11-1119-4d1a-bd3f-2cb8a1203d6e,159,2025-06-09,86.94,13.0,86.94,13.0,3.78,4.16,3.78,4.16,,,True,True
76f01a11-1119-4d1a-bd3f-2cb8a1203d6e,160,2025-06-10,86.94,12.0,86.94,12.0,3.78,4.16,3.78,4.16,,,True,True
76f01a11-1119-4d1a-bd3f-2cb8a1203d6e,161,2025-06-11,86.94,11.0,86.94,11.0,3.78,4.16,3.78,4.16,,,True,True
76f01a11-1119-4d1a-bd3f-2cb8a1203d6e,162,2025-06-12,86.94,10.0,86.94,10.0,3.78,4.16,3.78,4.16,,,True,True
76f01a11-1119-4d1a-bd3f-2cb8a1203d6e,163,2025-06-13,86.94,9.0,86.94,9.0,3.78,4.16,3.78,4.16,,,True,True
76f01a11-1119-4d1a-bd3f-2cb8a1203d6e,164,2025-06-14,86.94,8.0,86.94,8.0,3.78,4.16,3.78,4.16,,,True,True
76f01a11-1119-4d1a-bd3f-2cb8a1203d6e,165,2025-06-15,86.94,7.0,86.94,7.0,3.78,4.16,3.78,4.16,,,True,True
76f01a11-1119-4d1a-bd3f-2cb8a1203d6e,166,2025-06-16,86.94,6.0,86.94,6.0,3.78,4.16,3.78,4.16,,,True,True
76f01a11-1119-4d1a-bd3f-2cb8a1203d6e,167,2025-06-17,86.94,5.0,86.94,5.0,3.78,4.16,3.78,4.16,,,True,True
76f01a11-1119-4d1a-bd3f-2cb8a1203d6e,168,2025-06-18,86.94,4.0,86.94,4.0,3.78,4.16,3.78,4.16,,,True,True
76f01a11-1119-4d1a-bd3f-2cb8a1203d6e,169,2025-06-19,86.94,3.0,86.94,3.0,3.78,4.16,3.78,4.16,,,True,True
76f01a11-1119-4d1a-bd3f-2cb8a1203d6e,170,2025-06-20,86.94,2.0,86.94,2.0,3.78,4.16,3.78,4.16,,,True,True
76f01a11-1119-4d1a-bd3f-2cb8a1203d6e,171,2025-06-21,86.94,1.0,86.94,1.0,3.78,4.16,3.78,4.16,,,True,True
76f01a11-1119-4d1a-bd3f-2cb8a1203d6e,172,2025-06-22,86.94,0.0,86.94,0.0,3.78,4.16,3.78,4.16,,,True,True
76f01a11-1119-4d1a-bd3f-2cb8a1203d6e,173,2025-06-23,86.94,-1.0,86.94,-1.0,3.78,4.16,3.78,4.16,,,True,True
76f01a11-1119-4d1a-bd3f-2cb8a1203d6e,174,2025-06-24,86.94,-2.0,86.94,-2.0,3.78,4.16,3.78,4.16,,,True,True
76f01a11-1119-4d1a-bd3f-2cb8a1203d6e,175,2025-06-25,86.94,-3.0,86.94,-3.0,3.78,4.16,3.78,4.16,,,True,True
76f01a11-1119-4d1a-bd3f-2cb8a1203d6e,176,2025-06-26,86.94,-4.0,86.94,-4.0,3.78,4.16,3.78,4.16,,,True,True
76f01a11-1119-4d1a-bd3f-2cb8a1203d6e,177,2025-06-27,86.94,-5.0,86.94,-5.0,3.78,4.16,3.78,4.16,,,True,True
76f01a11-1119-4d1a-bd3f-2cb8a1203d6e,178,2025-06-28,86.94,-6.0,86.94,-6.0,3.78,4.16,3.78,4.16,,,True,True
76f01a11-1119-4d1a-bd3f-2cb8a1203d6e,179,2025-06-29,86.94,-7.0,86.94,-7.0,3.78,4.16,3.78,4.16,,,True,True
76f01a11-1119-4d1a-bd3f-2cb8a1203d6e,180,2025-06-30,86.94,-8.0,86.94,-8.0,3.78,4.16,3.78,4.16,,,True,True
df27331b-d031-44a0-8f31-50436a516870,0,2025-02-17,61.5,0.0,61.5,0.0,,,,,,,True,True
df27331b-d031-44a0-8f31-50436a516870,1,2025-02-18,62.7,0.0,62.7,0.0,-1.2,-1.95,-1.2,-1.95,,,True,True
df27331b-d031-44a0-8f31-50436a516870,2,2025-02-19,62.25,0.0,62.25,0.0,-0.75,-1.22,-0.75,-1.22,,,True,True
df27331b-d031-44a0-8f31-50436a516870,3,2025-02-20,61.95,0.0,61.95,0.0,-0.45,-0.73,-0.45,-0.73,,,True,True
df27331b-d031-44a0-8f31-50436a516870,4,2025-02-21,61.95,-1.0,61.95,-1.0,-0.45,-0.73,-0.45,-0.73,,,True,True
df27331b-d031-44a0-8f31-50436a516870,5,2025-02-22,62.35,1.0,62.35,1.0,-0.85,-1.38,-0.85,-1.38,,,True,True
df27331b-d031-44a0-8f31-50436a516870,6,2025-02-23,62.35,0.0,62.35,0.0,-0.85,-1.38,-0.85,-1.38,,,True,True
df27331b-d031-44a0-8f31-50436a516870,7,2025-02-24,62.0,0.0,62.0,0.0,-0.5,-0.81,-0.5,-0.81,,,True,True
df27331b-d031-44a0-8f31-50436a516870,8,2025-02-25,61.35,0.0,61.35,0.0,0.15,0.24,0.15,0.24,,,True,True
df27331b-d031-44a0-8f31-50436a516870,9,2025-02-26,61.55,0.0,61.55,0.0,-0.05,-0.08,-0.05,-0.08,,,True,True
df27331b-d031-44a0-8f31-50436a516870,10,2025-02-27,62.0,0.0,62.0,0.0,-0.5,-0.81,-0.5,-0.81,,,True,True
df27331b-d031-44a0-8f31-50436a516870,11,2025-02-28,62.0,-1.0,62.0,-1.0,-0.5,-0.81,-0.5,-0.81,,,True,True
df27331b-d031-44a0-8f31-50436a516870,12,2025-03-01,62.15,1.0,62.15,1.0,-0.65,-1.06,-0.65,-1.06,,,True,True
df27331b-d031-44a0-8f31-50436a516870,13,2025-03-02,62.15,0.0,62.15,0.0,-0.65,-1.06,-0.65,-1.06,,,True,True
df27331b-d031-44a0-8f31-50436a516870,14,2025-03-03,62.15,-1.0,62.15,-1.0,-0.65,-1.06,-0.65,-1.06,,,True,True
df27331b-d031-44a0-8f31-50436a516870,15,2025-03-04,62.15,-2.0,62.15,-2.0,-0.65,-1.06,-0.65,-1.06,,,True,True
df27331b-d031-44a0-8f31-50436a516870,16,2025-03-05,61.8,1.0,61.8,1.0,-0.3,-0.49,-0.3,-0.49,,,True,True
df27331b-d031-44a0-8f31-50436a516870,17,2025-03-06,61.8,0.0,61.8,0.0,-0.3,-0.49,-0.3,-0.49,,,True,True
df27331b-d031-44a0-8f31-50436a516870,18,2025-03-07,61.8,-1.0,61.8,-1.0,-0.3,-0.49,-0.3,-0.49,,,True,True
df27331b-d031-44a0-8f31-50436a516870,19,2025-03-08,61.9,0.0,61.9,0.0,-0.4,-0.65,-0.4,-0.65,,,True,True
df27331b-d031-44a0-8f31-50436a516870,20,2025-03-09,61.9,-1.0,61.9,-1.0,-0.4,-0.65,-0.4,-0.65,,,True,True
df27331b-d031-44a0-8f31-50436a516870,21,2025-03-10,61.9,-2.0,61.9,-2.0,-0.4,-0.65,-0.4,-0.65,,,True,True
df27331b-d031-44a0-8f31-50436a516870,22,2025-03-11,61.25,1.0,61.25,1.0,0.25,0.41,0.25,0.41,,,True,True
df27331b-d031-44a0-8f31-50436a516870,23,2025-03-12,61.25,0.0,61.25,0.0,0.25,0.41,0.25,0.41,,,True,True
df27331b-d031-44a0-8f31-50436a516870,24,2025-03-13,61.15,0.0,61.15,0.0,0.35,0.57,0.35,0.57,,,True,True
df27331b-d031-44a0-8f31-50436a516870,25,2025-03-14,61.15,-1.0,61.15,-1.0,0.35,0.57,0.35,0.57,,,True,True
df27331b-d031-44a0-8f31-50436a516870,26,2025-03-15,61.15,-2.0,61.15,-2.0,0.35,0.57,0.35,0.57,,,True,True
df27331b-d031-44a0-8f31-50436a516870,27,2025-03-16,61.15,-3.0,61.15,-3.0,0.35,0.57,0.35,0.57,,,True,True
df27331b-d031-44a0-8f31-50436a516870,28,2025-03-17,60.75,2.0,60.75,2.0,0.75,1.22,0.75,1.22,,,True,True
df27331b-d031-44a0-8f31-50436a516870,29,2025-03-18,60.75,1.0,60.75,1.0,0.75,1.22,0.75,1.22,,,True,True
df27331b-d031-44a0-8f31-50436a516870,30,2025-03-19,60.75,0.0,60.75,0.0,0.75,1.22,0.75,1.22,,,True,True
df27331b-d031-44a0-8f31-50436a516870,31,2025-03-20,60.55,0.0,60.55,0.0,0.95,1.54,0.95,1.54,,,True,True
df27331b-d031-44a0-8f31-50436a516870,32,2025-03-21,60.55,-1.0,60.55,-1.0,0.95,1.54,0.95,1.54,,,True,True
df27331b-d031-44a0-8f31-50436a516870,33,2025-03-22,60.55,-2.0,60.55,-2.0,0.95,1.54,0.95,1.54,,,True,True
df27331b-d031-44a0-8f31-50436a516870,34,2025-03-23,61.25,1.0,61.25,1.0,0.25,0.41,0.25,0.41,,,True,True
df27331b-d031-44a0-8f31-50436a516870,35,2025-03-24,61.25,0.0,61.25,0.0,0.25,0.41,0.25,0.41,,,True,True
df27331b-d031-44a0-8f31-50436a516870,36,2025-03-25,61.25,-1.0,61.25,-1.0,0.25,0.41,0.25,0.41,,,True,True
df27331b-d031-44a0-8f31-50436a516870,37,2025-03-26,61.3,1.0,61.3,1.0,0.2,0.33,0.2,0.33,,,True,True
df27331b-d031-44a0-8f31-50436a516870,38,2025-03-27,61.3,0.0,61.3,0.0,0.2,0.33,0.2,0.33,,,True,True
df27331b-d031-44a0-8f31-50436a516870,39,2025-03-28,61.3,-1.0,61.3,-1.0,0.2,0.33,0.2,0.33,,,True,True
df27331b-d031-44a0-8f31-50436a516870,40,2025-03-29,60.9,1.0,60.9,1.0,0.6,0.98,0.6,0.98,,,True,True
df27331b-d031-44a0-8f31-50436a516870,41,2025-03-30,60.9,0.0,60.9,0.0,0.6,0.98,0.6,0.98,,,True,True
df27331b-d031-44a0-8f31-50436a516870,42,2025-03-31,60.9,-1.0,60.9,-1.0,0.6,0.98,0.6,0.98,,,True,True
df27331b-d031-44a0-8f31-50436a516870,43,2025-04-01,60.9,-2.0,60.9,-2.0,0.6,0.98,0.6,0.98,,,True,True
df27331b-d031-44a0-8f31-50436a516870,44,2025-04-02,60.75,2.0,60.75,2.0,0.75,1.22,0.75,1.22,,,True,True
df27331b-d031-44a0-8f31-50436a516870,45,2025-04-03,60.75,1.0,60.75,1.0,0.75,1.22,0.75,1.22,,,True,True
df27331b-d031-44a0-8f31-50436a516870,46,2025-04-04,60.75,0.0,60.75,0.0,0.75,1.22,0.75,1.22,,,True,True
df27331b-d031-44a0-8f31-50436a516870,47,2025-04-05,60.75,-1.0,60.75,-1.0,0.75,1.22,0.75,1.22,,,True,True
df27331b-d031-44a0-8f31-50436a516870,48,2025-04-06,60.75,-2.0,60.75,-2.0,0.75,1.22,0.75,1.22,,,True,True
df27331b-d031-44a0-8f31-50436a516870,49,2025-04-07,60.75,-3.0,60.75,-3.0,0.75,1.22,0.75,1.22,,,True,True
df27331b-d031-44a0-8f31-50436a516870,50,2025-04-08,60.6,2.0,60.6,2.0,0.9,1.46,0.9,1.46,,,True,True
df27331b-d031-44a0-8f31-50436a516870,51,2025-04-09,60.6,1.0,60.6,1.0,0.9,1.46,0.9,1.46,,,True,True
df27331b-d031-44a0-8f31-50436a516870,52,2025-04-10,60.6,0.0,60.6,0.0,0.9,1.46,0.9,1.46,,,True,True
df27331b-d031-44a0-8f31-50436a516870,53,2025-04-11,60.6,-1.0,60.6,-1.0,0.9,1.46,0.9,1.46,,,True,True
df27331b-d031-44a0-8f31-50436a516870,54,2025-04-12,60.6,-2.0,60.6,-2.0,0.9,1.46,0.9,1.46,,,True,True
df27331b-d031-44a0-8f31-50436a516870,55,2025-04-13,59.85,2.0,59.85,2.0,1.65,2.68,1.65,2.68,,,True,True
df27331b-d031-44a0-8f31-50436a516870,56,2025-04-14,59.85,1.0,59.85,1.0,1.65,2.68,1.65,2.68,,,True,True
df27331b-d031-44a0-8f31-50436a516870,57,2025-04-15,59.85,0.0,59.85,0.0,1.65,2.68,1.65,2.68,,,True,True
df27331b-d031-44a0-8f31-50436a516870,58,2025-04-16,59.85,-1.0,59.85,-1.0,1.65,2.68,1.65,2.68,,,True,True
df27331b-d031-44a0-8f31-50436a516870,59,2025-04-17,60.6,0.0,60.6,0.0,0.9,1.46,0.9,1.46,,,True,True
df27331b-d031-44a0-8f31-50436a516870,60,2025-04-18,60.6,-1.0,60.6,-1.0,0.9,1.46,0.9,1.46,,,True,True
df27331b-d031-44a0-8f31-50436a516870,61,2025-04-19,60.6,-2.0,60.6,-2.0,0.9,1.46,0.9,1.46,,,True,True
df27331b-d031-44a0-8f31-50436a516870,62,2025-04-20,60.6,-3.0,60.6,-3.0,0.9,1.46,0.9,1.46,,,True,True
df27331b-d031-44a0-8f31-50436a516870,63,2025-04-21,60.8,3.0,60.8,3.0,0.7,1.14,0.7,1.14,,,True,True
df27331b-d031-44a0-8f31-50436a516870,64,2025-04-22,60.8,2.0,60.8,2.0,0.7,1.14,0.7,1.14,,,True,True
df27331b-d031-44a0-8f31-50436a516870,65,2025-04-23,60.8,1.0,60.8,1.0,0.7,1.14,0.7,1.14,,,True,True
df27331b-d031-44a0-8f31-50436a516870,66,2025-04-24,60.8,0.0,60.8,0.0,0.7,1.14,0.7,1.14,,,True,True
df27331b-d031-44a0-8f31-50436a516870,67,2025-04-25,60.8,-1.0,60.8,-1.0,0.7,1.14,0.7,1.14,,,True,True
df27331b-d031-44a0-8f31-50436a516870,68,2025-04-26,60.8,-2.0,60.8,-2.0,0.7,1.14,0.7,1.14,,,True,True
df27331b-d031-44a0-8f31-50436a516870,69,2025-04-27,59.75,1.0,59.75,1.0,1.75,2.85,1.75,2.85,,,True,True
df27331b-d031-44a0-8f31-50436a516870,70,2025-04-28,59.75,0.0,59.75,0.0,1.75,2.85,1.75,2.85,,,True,True
df27331b-d031-44a0-8f31-50436a516870,71,2025-04-29,59.75,-1.0,59.75,-1.0,1.75,2.85,1.75,2.85,,,True,True
df27331b-d031-44a0-8f31-50436a516870,72,2025-04-30,59.75,-2.0,59.75,-2.0,1.75,2.85,1.75,2.85,,,True,True
df27331b-d031-44a0-8f31-50436a516870,73,2025-05-01,59.75,-3.0,59.75,-3.0,1.75,2.85,1.75,2.85,,,True,True
df27331b-d031-44a0-8f31-50436a516870,74,2025-05-02,59.75,-4.0,59.75,-4.0,1.75,2.85,1.75,2.85,,,True,True
df27331b-d031-44a0-8f31-50436a516870,75,2025-05-03,59.75,-5.0,59.75,-5.0,1.75,2.85,1.75,2.85,,,True,True
df27331b-d031-44a0-8f31-50436a516870,76,2025-05-04,59.75,-6.0,59.75,-6.0,1.75,2.85,1.75,2.85,,,True,True
df27331b-d031-44a0-8f31-50436a516870,77,2025-05-05,59.75,-7.0,59.75,-7.0,1.75,2.85,1.75,2.85,,,True,True
df27331b-d031-44a0-8f31-50436a516870,78,2025-05-06,59.75,-8.0,59.75,-8.0,1.75,2.85,1.75,2.85,,,True,True
df27331b-d031-44a0-8f31-50436a516870,79,2025-05-07,59.75,-9.0,59.75,-9.0,1.75,2.85,1.75,2.85,,,True,True
df27331b-d031-44a0-8f31-50436a516870,80,2025-05-08,63.3,9.0,59.75,-10.0,-1.8,-2.93,1.75,2.85,-3.55,5.77,True,True
df27331b-d031-44a0-8f31-50436a516870,81,2025-05-09,63.3,8.0,59.75,-11.0,-1.8,-2.93,1.75,2.85,-3.55,5.77,True,True
df27331b-d031-44a0-8f31-50436a516870,82,2025-05-10,63.3,7.0,62.25,11.0,-1.8,-2.93,-0.75,-1.22,-1.05,1.71,True,True
df27331b-d031-44a0-8f31-50436a516870,83,2025-05-11,63.3,6.0,62.25,10.0,-1.8,-2.93,-0.75,-1.22,-1.05,1.71,True,True
df27331b-d031-44a0-8f31-50436a516870,84,2025-05-12,63.3,5.0,62.25,9.0,-1.8,-2.93,-0.75,-1.22,-1.05,1.71,True,True
df27331b-d031-44a0-8f31-50436a516870,85,2025-05-13,63.3,4.0,62.25,8.0,-1.8,-2.93,-0.75,-1.22,-1.05,1.71,True,True
df27331b-d031-44a0-8f31-50436a516870,86,2025-05-14,63.3,3.0,62.25,7.0,-1.8,-2.93,-0.75,-1.22,-1.05,1.71,True,True
df27331b-d031-44a0-8f31-50436a516870,87,2025-05-15,63.3,2.0,62.25,6.0,-1.8,-2.93,-0.75,-1.22,-1.05,1.71,True,True
df27331b-d031-44a0-8f31-50436a516870,88,2025-05-16,63.3,1.0,62.25,5.0,-1.8,-2.93,-0.75,-1.22,-1.05,1.71,True,True
df27331b-d031-44a0-8f31-50436a516870,89,2025-05-17,63.3,0.0,62.25,4.0,-1.8,-2.93,-0.75,-1.22,-1.05,1.71,True,True
df27331b-d031-44a0-8f31-50436a516870,90,2025-05-18,63.3,-1.0,62.25,3.0,-1.8,-2.93,-0.75,-1.22,-1.05,1.71,True,True
df27331b-d031-44a0-8f31-50436a516870,91,2025-05-19,63.3,-2.0,62.25,2.0,-1.8,-2.93,-0.75,-1.22,-1.05,1.71,True,True
df27331b-d031-44a0-8f31-50436a516870,92,2025-05-20,62.25,1.0,62.25,1.0,-0.75,-1.22,-0.75,-1.22,,,True,True
df27331b-d031-44a0-8f31-50436a516870,93,2025-05-21,62.25,0.0,62.25,0.0,-0.75,-1.22,-0.75,-1.22,,,True,True
df27331b-d031-44a0-8f31-50436a516870,94,2025-05-22,62.25,-1.0,62.25,-1.0,-0.75,-1.22,-0.75,-1.22,,,True,True
df27331b-d031-44a0-8f31-50436a516870,95,2025-05-23,61.6,1.0,61.6,1.0,-0.1,-0.16,-0.1,-0.16,,,True,True
df27331b-d031-44a0-8f31-50436a516870,96,2025-05-24,61.6,0.0,61.6,0.0,-0.1,-0.16,-0.1,-0.16,,,True,True
df27331b-d031-44a0-8f31-50436a516870,97,2025-05-25,61.6,-1.0,61.6,-1.0,-0.1,-0.16,-0.1,-0.16,,,True,True
df27331b-d031-44a0-8f31-50436a516870,98,2025-05-26,61.6,-2.0,61.6,-2.0,-0.1,-0.16,-0.1,-0.16,,,True,True
df27331b-d031-44a0-8f31-50436a516870,99,2025-05-27,62.05,1.0,62.05,1.0,-0.55,-0.89,-0.55,-0.89,,,True,True
df27331b-d031-44a0-8f31-50436a516870,100,2025-05-28,62.05,0.0,62.05,0.0,-0.55,-0.89,-0.55,-0.89,,,True,True
df27331b-d031-44a0-8f31-50436a516870,101,2025-05-29,62.05,-1.0,62.05,-1.0,-0.55,-0.89,-0.55,-0.89,,,True,True
df27331b-d031-44a0-8f31-50436a516870,102,2025-05-30,61.5,0.0,61.5,0.0,,,,,,,True,True
df27331b-d031-44a0-8f31-50436a516870,103,2025-05-31,61.5,-1.0,61.5,-1.0,,,,,,,True,True
df27331b-d031-44a0-8f31-50436a516870,104,2025-06-01,61.95,0.0,61.95,0.0,-0.45,-0.73,-0.45,-0.73,,,True,True
df27331b-d031-44a0-8f31-50436a516870,105,2025-06-02,61.95,-1.0,61.95,-1.0,-0.45,-0.73,-0.45,-0.73,,,True,True
df27331b-d031-44a0-8f31-50436a516870,106,2025-06-03,61.45,1.0,61.45,1.0,0.05,0.08,0.05,0.08,,,True,True
df27331b-d031-44a0-8f31-50436a516870,107,2025-06-04,61.45,0.0,61.45,0.0,0.05,0.08,0.05,0.08,,,True,True
df27331b-d031-44a0-8f31-50436a516870,108,2025-06-05,61.45,-1.0,61.45,-1.0,0.05,0.08,0.05,0.08,,,True,True
df27331b-d031-44a0-8f31-50436a516870,109,2025-06-06,61.45,-2.0,61.45,-2.0,0.05,0.08,0.05,0.08,,,True,True
df27331b-d031-44a0-8f31-50436a516870,110,2025-06-07,61.0,1.0,61.0,1.0,0.5,0.81,0.5,0.81,,,True,True
df27331b-d031-44a0-8f31-50436a516870,111,2025-06-08,61.0,0.0,61.0,0.0,0.5,0.81,0.5,0.81,,,True,True
df27331b-d031-44a0-8f31-50436a516870,112,2025-06-09,61.0,-1.0,61.0,-1.0,0.5,0.81,0.5,0.81,,,True,True
df27331b-d031-44a0-8f31-50436a516870,113,2025-06-10,60.7,0.0,60.7,0.0,0.8,1.3,0.8,1.3,,,True,True
df27331b-d031-44a0-8f31-50436a516870,114,2025-06-11,60.7,-1.0,60.7,-1.0,0.8,1.3,0.8,1.3,,,True,True
df27331b-d031-44a0-8f31-50436a516870,115,2025-06-12,61.35,1.0,61.35,1.0,0.15,0.24,0.15,0.24,,,True,True
df27331b-d031-44a0-8f31-50436a516870,116,2025-06-13,61.35,0.0,61.35,0.0,0.15,0.24,0.15,0.24,,,True,True
df27331b-d031-44a0-8f31-50436a516870,117,2025-06-14,61.35,-1.0,61.35,-1.0,0.15,0.24,0.15,0.24,,,True,True
df27331b-d031-44a0-8f31-50436a516870,118,2025-06-15,61.35,-2.0,61.35,-2.0,0.15,0.24,0.15,0.24,,,True,True
df27331b-d031-44a0-8f31-50436a516870,119,2025-06-16,61.35,-3.0,61.35,-3.0,0.15,0.24,0.15,0.24,,,True,True
df27331b-d031-44a0-8f31-50436a516870,120,2025-06-17,60.7,2.0,60.7,2.0,0.8,1.3,0.8,1.3,,,True,True
df27331b-d031-44a0-8f31-50436a516870,121,2025-06-18,60.7,1.0,60.7,1.0,0.8,1.3,0.8,1.3,,,True,True
df27331b-d031-44a0-8f31-50436a516870,122,2025-06-19,60.7,0.0,60.7,0.0,0.8,1.3,0.8,1.3,,,True,True
df27331b-d031-44a0-8f31-50436a516870,123,2025-06-20,60.7,-1.0,60.7,-1.0,0.8,1.3,0.8,1.3,,,True,True
df27331b-d031-44a0-8f31-50436a516870,124,2025-06-21,60.7,-2.0,60.7,-2.0,0.8,1.3,0.8,1.3,,,True,True
df27331b-d031-44a0-8f31-50436a516870,125,2025-06-22,60.7,-3.0,60.7,-3.0,0.8,1.3,0.8,1.3,,,True,True
df27331b-d031-44a0-8f31-50436a516870,126,2025-06-23,60.85,3.0,60.85,3.0,0.65,1.06,0.65,1.06,,,True,True
df27331b-d031-44a0-8f31-50436a516870,127,2025-06-24,60.85,2.0,60.85,2.0,0.65,1.06,0.65,1.06,,,True,True
df27331b-d031-44a0-8f31-50436a516870,128,2025-06-25,60.85,1.0,60.85,1.0,0.65,1.06,0.65,1.06,,,True,True
df27331b-d031-44a0-8f31-50436a516870,129,2025-06-26,60.85,0.0,60.85,0.0,0.65,1.06,0.65,1.06,,,True,True
df27331b-d031-44a0-8f31-50436a516870,130,2025-06-27,60.85,-1.0,60.85,-1.0,0.65,1.06,0.65,1.06,,,True,True
df27331b-d031-44a0-8f31-50436a516870,131,2025-06-28,60.85,-2.0,60.85,-2.0,0.65,1.06,0.65,1.06,,,True,True
df27331b-d031-44a0-8f31-50436a516870,132,2025-06-29,61.15,1.0,61.15,1.0,0.35,0.57,0.35,0.57,,,True,True
df27331b-d031-44a0-8f31-50436a516870,133,2025-06-30,61.15,0.0,61.15,0.0,0.35,0.57,0.35,0.57,,,True,True
df27331b-d031-44a0-8f31-50436a516870,134,2025-07-01,61.15,-1.0,61.15,-1.0,0.35,0.57,0.35,0.57,,,True,True
df27331b-d031-44a0-8f31-50436a516870,135,2025-07-02,61.5,1.0,61.5,1.0,,,,,,,True,True
df27331b-d031-44a0-8f31-50436a516870,136,2025-07-03,61.5,0.0,61.5,0.0,,,,,,,True,True
df27331b-d031-44a0-8f31-50436a516870,137,2025-07-04,61.5,-1.0,61.5,-1.0,,,,,,,True,True
df27331b-d031-44a0-8f31-50436a516870,138,2025-07-05,61.5,-2.0,61.5,-2.0,,,,,,,True,True
df27331b-d031-44a0-8f31-50436a516870,139,2025-07-06,61.0,2.0,61.0,2.0,0.5,0.81,0.5,0.81,,,True,True
df27331b-d031-44a0-8f31-50436a516870,140,2025-07-07,61.0,1.0,61.0,1.0,0.5,0.81,0.5,0.81,,,True,True
df27331b-d031-44a0-8f31-50436a516870,141,2025-07-08,61.0,0.0,61.0,0.0,0.5,0.81,0.5,0.81,,,True,True
df27331b-d031-44a0-8f31-50436a516870,142,2025-07-09,61.0,-1.0,61.0,-1.0,0.5,0.81,0.5,0.81,,,True,True
df27331b-d031-44a0-8f31-50436a516870,143,2025-07-10,61.0,-2.0,61.0,-2.0,0.5,0.81,0.5,0.81,,,True,True
df27331b-d031-44a0-8f31-50436a516870,144,2025-07-11,61.0,-3.0,61.0,-3.0,0.5,0.81,0.5,0.81,,,True,True
df27331b-d031-44a0-8f31-50436a516870,145,2025-07-12,61.0,-4.0,61.0,-4.0,0.5,0.81,0.5,0.81,,,True,True
df27331b-d031-44a0-8f31-50436a516870,146,2025-07-13,62.6,4.0,62.6,4.0,-1.1,-1.79,-1.1,-1.79,,,True,True
df27331b-d031-44a0-8f31-50436a516870,147,2025-07-14,62.6,3.0,62.6,3.0,-1.1,-1.79,-1.1,-1.79,,,True,True
df27331b-d031-44a0-8f31-50436a516870,148,2025-07-15,62.6,2.0,62.6,2.0,-1.1,-1.79,-1.1,-1.79,,,True,True
df27331b-d031-44a0-8f31-50436a516870,149,2025-07-16,62.6,1.0,62.6,1.0,-1.1,-1.79,-1.1,-1.79,,,True,True
df27331b-d031-44a0-8f31-50436a516870,150,2025-07-17,62.6,0.0,62.6,0.0,-1.1,-1.79,-1.1,-1.79,,,True,True
df27331b-d031-44a0-8f31-50436a516870,151,2025-07-18,62.6,-1.0,62.6,-1.0,-1.1,-1.79,-1.1,-1.79,,,True,True
df27331b-d031-44a0-8f31-50436a516870,152,2025-07-19,62.6,-2.0,62.6,-2.0,-1.1,-1.79,-1.1,-1.79,,,True,True
df27331b-d031-44a0-8f31-50436a516870,153,2025-07-20,60.3,2.0,60.3,2.0,1.2,1.95,1.2,1.95,,,True,True
df27331b-d031-44a0-8f31-50436a516870,154,2025-07-21,60.3,1.0,60.3,1.0,1.2,1.95,1.2,1.95,,,True,True
df27331b-d031-44a0-8f31-50436a516870,155,2025-07-22,60.3,0.0,60.3,0.0,1.2,1.95,1.2,1.95,,,True,True
df27331b-d031-44a0-8f31-50436a516870,156,2025-07-23,60.3,-1.0,60.3,-1.0,1.2,1.95,1.2,1.95,,,True,True
df27331b-d031-44a0-8f31-50436a516870,157,2025-07-24,60.2,0.0,60.2,0.0,1.3,2.11,1.3,2.11,,,True,True
df27331b-d031-44a0-8f31-50436a516870,158,2025-07-25,60.2,-1.0,60.2,-1.0,1.3,2.11,1.3,2.11,,,True,True
df27331b-d031-44a0-8f31-50436a516870,159,2025-07-26,60.2,-2.0,60.2,-2.0,1.3,2.11,1.3,2.11,,,True,True
df27331b-d031-44a0-8f31-50436a516870,160,2025-07-27,59.85,2.0,59.85,2.0,1.65,2.68,1.65,2.68,,,True,True
df27331b-d031-44a0-8f31-50436a516870,161,2025-07-28,59.85,1.0,59.85,1.0,1.65,2.68,1.65,2.68,,,True,True
df27331b-d031-44a0-8f31-50436a516870,162,2025-07-29,59.85,0.0,59.85,0.0,1.65,2.68,1.65,2.68,,,True,True
df27331b-d031-44a0-8f31-50436a516870,163,2025-07-30,59.85,-1.0,59.85,-1.0,1.65,2.68,1.65,2.68,,,True,True
df27331b-d031-44a0-8f31-50436a516870,164,2025-07-31,59.85,-2.0,59.85,-2.0,1.65,2.68,1.65,2.68,,,True,True
df27331b-d031-44a0-8f31-50436a516870,165,2025-08-01,59.85,-3.0,59.85,-3.0,1.65,2.68,1.65,2.68,,,True,True
df27331b-d031-44a0-8f31-50436a516870,166,2025-08-02,58.45,3.0,58.45,3.0,3.05,4.96,3.05,4.96,,,True,True
df27331b-d031-44a0-8f31-50436a516870,167,2025-08-03,58.45,2.0,58.45,2.0,3.05,4.96,3.05,4.96,,,True,True
df27331b-d031-44a0-8f31-50436a516870,168,2025-08-04,58.45,1.0,58.45,1.0,3.05,4.96,3.05,4.96,,,True,True
df27331b-d031-44a0-8f31-50436a516870,169,2025-08-05,58.45,0.0,58.45,0.0,3.05,4.96,3.05,4.96,,,True,True
df27331b-d031-44a0-8f31-50436a516870,170,2025-08-06,58.45,-1.0,58.45,-1.0,3.05,4.96,3.05,4.96,,,True,True
df27331b-d031-44a0-8f31-50436a516870,171,2025-08-07,59.95,1.0,59.95,1.0,1.55,2.52,1.55,2.52,,,True,True
df27331b-d031-44a0-8f31-50436a516870,172,2025-08-08,59.95,0.0,59.95,0.0,1.55,2.52,1.55,2.52,,,True,True
df27331b-d031-44a0-8f31-50436a516870,173,2025-08-09,59.95,-1.0,59.95,-1.0,1.55,2.52,1.55,2.52,,,True,True
df27331b-d031-44a0-8f31-50436a516870,174,2025-08-10,59.95,-2.0,59.95,-2.0,1.55,2.52,1.55,2.52,,,True,True
df27331b-d031-44a0-8f31-50436a516870,175,2025-08-11,59.45,2.0,59.45,2.0,2.05,3.33,2.05,3.33,,,True,True
df27331b-d031-44a0-8f31-50436a516870,176,2025-08-12,59.45,1.0,59.45,1.0,2.05,3.33,2.05,3.33,,,True,True
df27331b-d031-44a0-8f31-50436a516870,177,2025-08-13,59.45,0.0,59.45,0.0,2.05,3.33,2.05,3.33,,,True,True
df27331b-d031-44a0-8f31-50436a516870,178,2025-08-14,59.45,-1.0,59.45,-1.0,2.05,3.33,2.05,3.33,,,True,True
df27331b-d031-44a0-8f31-50436a516870,179,2025-08-15,59.45,-2.0,59.45,-2.0,2.05,3.33,2.05,3.33,,,True,True
df27331b-d031-44a0-8f31-50436a516870,180,2025-08-16,59.45,-3.0,59.45,-3.0,2.05,3.33,2.05,3.33,,,True,True
