user_id,baseline_date,baseline_weight,day_0,day_5,day_10,day_15,day_20,day_25,day_30,day_35,day_40,day_45,day_50,day_55,day_60,day_65,day_70,day_75,day_80,day_85,day_90,day_95,day_100,day_105,day_110,day_115,day_120,day_125,day_130,day_135,day_140,day_145,day_150,day_155,day_160,day_165,day_170,day_175,day_180,day_185,day_190,day_195,day_200,day_205,day_210,day_215,day_220,day_225,day_230,day_235,day_240,day_245,day_250,day_255,day_260,day_265,day_270,day_275,day_280,day_285,day_290,day_295,day_300,day_305,day_310,day_315,day_320,day_325,day_330,day_335,day_340,day_345,day_350,day_355,day_360,final_weight,total_change,percent_change,num_measurements
312121e1-cc83-4733-9f85-1ead9d1efac8,2025-01-14 18:50:01.343,114.758776,114.758776,,,109.5,107.5,107.9,107.4,107.1,107.2,106.7,107.1,107.1,107.0,107.3,106.2,,105.3,,105.9,106.2,105.3,104.7,104.6,103.3282576,103.6,102.9,102.4,100.9,,100.6,99.6,100.0,98.8,97.9,98.6109008,98.5,97.2,97.0,96.8,94.9,,95.4,95.2,95.4,,97.1,96.8,,,,,,,,,,,,,,,,,,,,,,,,,,,96.8,-17.96,-15.65,39
3c7f414e-7d74-4f45-ab16-9076d77cbe0b,2025-01-21 20:26:27.394,92.98636,92.98636,,,,,,,,,,95.5,,,95.6,,,94.3,93.8,92.4,92.4,92.4,91.9,90.0,89.4,89.1,90.6,89.0,87.6,,87.7,86.6,88.5,87.4,,86.7,,85.6,,84.6,,85.5,,84.1,,,,,,,,,,,,,,,,,,,,,,,,,,,,,,,84.1,-8.89,-9.56,23
4b64c36d-7362-4a12-aaf4-ded307c5084a,2025-01-08 19:22:00.668,91.625584,91.625584,,,,,,,,,,,,,,,,,,93.6,91.0,89.3,89.5,91.5,91.2,91.3,90.8,90.2,90.7,88.8,88.3,89.4,89.2,,,,85.9,73.7,,,,86.4,,,,,85.4,86.2,,,,,,,,,,,,,,,,,,,,,,,,,,,86.2,-5.43,-5.92,19
675393d8-8b6f-4bd0-ba6e-3ab005d36d84,2025-05-12 12:53:53.897,115.66596,115.66596,,112.5,,,,112.5,112.3,111.6,111.4,112.1,109.7,109.5,,109.1,108.8,,,107.7,106.5,,105.9,103.3,,,,,,,,,,,,,,,,,,,,,,,,,,,,,,,,,,,,,,,,,,,,,,,,,,,103.3,-12.37,-10.69,14
9217be7e-7ded-46e9-a66c-1820762d0046,2025-02-20 19:17:10.209,121.562656,121.562656,,118.7,116.6,117.6,119.1,116.7,118.3,116.3,114.4,113.1,114.0,114.8,114.7,,115.3,113.6,114.0,,113.6,112.5,112.6,113.6,,112.0,113.0,,114.7,,113.4,112.9,41.2,112.7,112.9,112.7,111.4929136,114.3,,,40.1,,,,,,,,,,,,,,,,,,,,,,,,,,,,,,,,,,40.1,-81.46,-67.01,31
c0254171-f8d6-47a5-9ad4-9f8d1376966a,2025-02-21 16:52:04.921,112.037224,112.037224,,109.6,109.6,106.5,106.7,104.5,106.1,105.1,102.1,,100.8,100.4,97.3,,98.9,100.3,94.8,,95.5,93.9,,92.8,91.6,90.7,,89.5,89.6,89.9,88.7,88.0,87.4,87.3,87.1,,86.5,,85.3,86.7,,,,,,,,,,,,,,,,,,,,,,,,,,,,,,,,,,,86.7,-25.34,-22.62,30
a897ef7a-96cd-4925-be3f-4d44901dcbca,2025-01-28 20:16:20.463,104.32616,104.32616,,102.6,101.8,103.0,102.0,102.2,102.3,101.6,101.8,102.3,102.9,102.3,102.1,101.4,100.5,100.2,100.0,100.6,100.6,100.3,100.5,101.3,99.8,100.7,99.7,100.1,99.6,99.5,99.5,,98.6,100.4,98.4,99.0,,99.4,99.7,99.6,,96.4,95.7,95.9,,,,,,,,,,,,,,,,,,,,,,,,,,,,,,,95.9,-8.43,-8.08,38
5864bb4e-d2fe-4e01-97c9-f2ac93083698,2025-02-06 15:37:27.250,82.553744,82.553744,,80.7,80.1,80.9,79.8,80.3,78.6,79.0,78.2,79.0,77.7,78.5,78.4,79.0,78.6,78.5,79.4,78.7,78.5,79.0,78.6,77.8,78.0,78.3,78.0,78.2,77.7,77.0,78.1,76.3,77.8,77.3,77.5,75.5,75.8,77.1,75.1,76.8,77.1,75.9,76.5,76.2,,,,,,,,,,,,,,,,,,,,,,,,,,,,,,,76.2,-6.35,-7.7,41
6b74b6aa-8eb1-4de2-b508-bd0b1d4a20b4,2025-01-08 23:53:02.431,106.59412,106.59412,,,104.2,101.9,,101.6,101.8,,101.9,101.1,102.3,101.1,,100.7,103.1,,102.9,103.4,,,103.1,,101.4,102.5,103.1,,103.6,,103.3,103.4,103.9,,,101.9,101.6,101.1,100.1,99.7,,,98.4,97.4,,97.8,,97.0,,,,,,,,,,,,,,,,,,,,,,,,,,,97.0,-9.59,-9.0,29
e2f9f45c-b3b0-41a8-b0aa-29550294fd1f,2025-02-12 17:26:54.584,137.891968,137.891968,137.891968,135.624008,,135.3,135.9,134.6,135.0,134.3,137.5,135.8,135.5,136.6,134.7,135.2,136.7,136.0,136.5,136.1,134.3,136.1,136.9,,,,,,,,,,141.3,,,139.6,,139.8,,140.8,141.1,,139.8,,,,,,,,,,,,,,,,,,,,,,,,,,,,,,,,139.8,1.91,1.38,26
84546e04-d925-47c1-868b-f650dd14650b,2025-02-13 16:42:28.286,112.490816,112.490816,,112.037224,110.3,114.2,110.5,112.4,113.4,112.9,112.5,112.2,112.2,112.1,111.5,112.1,112.8,111.7,,110.4,112.3,111.6,,112.9,,,,,111.8,,112.1,,112.7,,,,,,,,,,,,,,,,,,,,,,,,,,,,,,,,,,,,,,,,,,112.7,0.21,0.19,22
c35109e3-8bbb-4353-8483-21c361c4df1d,2025-03-24 21:42:56.661,133.80964,133.80964,131.088088,129.27372,126.8,125.2,124.5,125.4,124.2,122.2,122.5,120.5,118.7,118.2,117.7,115.1,114.9,117.4,,115.2,111.2,111.9,110.2,108.2,106.8,109.0,108.2,108.3,108.7,106.4,106.4,103.6,104.2,102.5,,,,,,,,,,,,,,,,,,,,,,,,,,,,,,,,,,,,,,,,,102.5,-31.31,-23.4,31
724ed6bc-713a-4b93-a695-2c3cfe6ac4ab,2025-01-27 21:24:53.643,129.27372,129.27372,,136.0776,,,135.4,,,,,,,133.9,,132.9,131.9,,,133.4,,131.4,127.2,126.5,125.9,,122.8,122.2,,,,123.830616,122.5,,,118.841104,,,,,120.3,,,120.20188,,,,,,,,,,,,,,,,,,,,,,,,,,,,,,,120.20188,-9.07,-7.02,17
172f371d-86b6-495b-8c1f-b4a1df4497b2,2025-06-20 18:09:36.417,150.592544,150.592544,,,,,,,155.6,155.6,152.4,150.1,149.9,148.7,146.7,148.5,148.7,,,,,,,,,,,,,,,,,,,,,,,,,,,,,,,,,,,,,,,,,,,,,,,,,,,,,,,,,,148.7,-1.89,-1.26,9
6dd47bca-1e64-4a30-b810-c7b41252fba4,2025-01-03 18:16:38.200,113.851592,113.851592,,,,,,,112.8,111.8,111.6,113.6,113.6,113.2,,113.2,112.1,113.2,112.9,114.0,,113.1,111.9,113.2,,113.1,110.2,109.5,109.0,109.7,109.5,108.2,108.6,108.8,107.7,107.6,107.7,107.2,105.9,104.6,104.779752,104.2,102.3,103.7,101.9,101.7,101.9,99.3,98.8,96.9,98.1,,,,,,,,,,,,,,,,,,,,,,,,98.1,-15.75,-13.84,40
6dc6b235-c58b-4e90-81e8-793993e597cb,2025-01-14 19:01:35.356,79.83219199999999,79.83219199999999,,,,,75.1,74.2,76.5,75.9,74.9,61.0,75.7,74.5,75.9,76.1,74.7,60.5,76.3,76.8,75.4,75.9,75.3,73.8,60.4,73.5,60.4,73.8,71.3,73.3,72.4,60.6,72.6,73.8,70.7,71.8,72.5,71.3,71.8,59.1,73.1,72.8,71.5,72.1,72.3,73.2,74.0,73.9,72.8,,,,,,,,,,,,,,,,,,,,,,,,,,72.8,-7.03,-8.81,43
4487b32c-1fc1-4fd7-bd26-15b9bf5cbb9b,2025-07-29 14:46:40.970,158.7572,158.7572,,156.7,155.1,153.4,150.9,151.4,150.1,,,,,,,,,,,,,,,,,,,,,,,,,,,,,,,,,,,,,,,,,,,,,,,,,,,,,,,,,,,,,,,,,,150.1,-8.66,-5.45,6
f2871edf-1585-4ccf-9b57-91f073a86c83,2025-02-14 19:58:20.292,100.697424,100.697424,,,99.8,,99.1,99.8,99.3,99.0,99.9,,100.7,100.5,101.0,,101.2,101.7,100.9,,,100.1,100.7,,,,,104.1,104.2,101.7,101.1,100.7,102.6,98.1,97.9,100.1,97.8,98.5,98.8,98.6,97.0,94.9,,,,,,,,,,,,,,,,,,,,,,,,,,,,,,,,,94.9,-5.8,-5.76,29
347444f6-51d6-4ed7-b23d-b11b8371574d,2025-01-06 18:12:34.549,120.20188,120.20188,,,,,,,,,,119.2,,119.4,120.7,117.5,120.7,122.2,,119.4,120.6,120.4,118.6,120.2,118.7,,,,118.0,,120.0,,,117.93392,,,,,,118.841104,,121.109064,,118.841104,117.93392,,,,,,,,,,,,,,,,,,,,,,,,,,,,,,117.93392,-2.27,-1.89,19
407168f2-43dd-4d85-830e-43289a0e1214,2025-01-07 18:50:57.005,86.18248,86.18248,86.18248,,,,,86.2,87.8,,88.1,87.4,87.0,86.8,85.8,85.3,85.3,,86.1,86.4,86.4,,86.6,,86.2,,86.3,,84.2,85.4,85.2,85.7,86.2,,,86.1,85.6,,,,,,85.3,87.2,,86.9,,,86.6,,,,,,,,,,,,,,,,,,,,,,,,,,86.6,0.42,0.48,27
b69a36c0-d79b-4ccc-b49d-a189d7ce3a7c,2025-02-22 20:37:21.901,199.58048,199.58048,,201.3,,200.4,200.1,200.9,199.2,201.7,200.9,203.4,201.2,199.6,,200.7,200.1,200.0,201.7,201.394848,201.0,196.3,,,,192.7766,,,,188.24068,196.5,,193.7,,190.3,190.1,192.4,,192.0,,,,,,,,,,,,,,,,,,,,,,,,,,,,,,,,,,,,192.0,-7.58,-3.8,25
e8d23105-1d4d-446e-96e1-b3ca1cc0b8b4,2025-07-07 19:25:53.581,89.811216,89.811216,,,,88.9,88.1,87.8,88.4,87.2,86.9,85.9,87.2,86.2,,,,,,,,,,,,,,,,,,,,,,,,,,,,,,,,,,,,,,,,,,,,,,,,,,,,,,,,,,,,,86.2,-3.61,-4.02,9
0b7182de-68b5-48c6-954d-a534c1aeb0c4,2025-02-24 17:57:35.931,94.800728,94.800728,,94.347136,,93.9,91.9,91.9,91.8,92.0,91.0,91.8,90.4,90.6,90.2,90.4,89.0,90.4,89.7,,90.8,89.3,89.4,88.3,94.8,89.4,90.9,91.9,91.6,91.8,91.7,92.2,92.8,92.4,93.1,92.3,91.9,46.8,92.7,93.5,,,,,,,,,,,,,,,,,,,,,,,,,,,,,,,,,,,93.5,-1.3,-1.37,35
ee79f5f9-ca2b-4e97-a9d0-9e423cb24a47,2025-05-13 19:51:03.889,118.841104,118.841104,,,,,120.2,116.5,115.8,113.8,114.3,111.8,112.2,111.8,111.5,110.1,108.7,106.9,,105.2,105.0,107.5,107.3,105.8,,,,,,,,,,,,,,,,,,,,,,,,,,,,,,,,,,,,,,,,,,,,,,,,,,,105.8,-13.04,-10.97,17
ed2e517c-4cbb-494c-8c81-410adf11beed,2025-03-28 15:16:30.255,188.24068,188.24068,,,,,,,,181.5,113.3,,,,,,,151.5,,,186.2,186.2,149.8,113.1,153.3,186.5,,152.5,,185.0,156.0,,,,,,,,,,,,,,,,,,,,,,,,,,,,,,,,,,,,,,,,,,,,156.0,-32.24,-17.13,12
b703ddf9-64fc-43c7-a1a3-2756e59cff5c,2025-03-08 07:17:12.187,124.7378,124.7378,,,123.4,121.1,119.7,119.5,118.9,116.9,118.1,116.0,116.9,115.7,115.5072028,112.5,111.3,112.2,112.9,112.9,109.8,108.5,110.4,109.0,108.5,107.3,107.8,107.1,108.1,106.8,107.1,107.0,106.4,103.4,103.3,101.9,103.0,102.1,,,,,,,,,,,,,,,,,,,,,,,,,,,,,,,,,,,,,102.1,-22.64,-18.15,34
bd51eecd-faa0-46d9-8628-6a168c209ec3,2025-06-11 05:44:55.309,108.408488,108.408488,,,,104.3,,106.1,105.2,,103.9,105.3,104.2,103.9,103.2,101.9,103.1,101.8,103.1,,,,,,,,,,,,,,,,,,,,,,,,,,,,,,,,,,,,,,,,,,,,,,,,,,,,,,,,103.1,-5.31,-4.9,12
618a0d64-0be0-4e1d-99cd-9d671da5fdb5,2025-02-04 16:21:01.274,72.57472,72.57472,,,,,,,72.6,,,71.8,71.3,71.2,70.9,69.9,69.8,69.853168,,69.4,69.1,68.945984,68.5,,68.1,,67.7,67.5,,,67.7,,66.678024,,,,66.6,,65.77083999999999,,,65.2,,66.7,,,,,,,,,,,,,,,,,,,,,,,,,,,,,,,66.7,-5.87,-8.09,21
843a1473-477f-4b4f-be00-9751fb304365,2025-03-12 19:12:33.204,136.531192,136.531192,,,,,,142.4,138.799152,137.891968,,136.531192,136.531192,135.170416,,134.263232,132.448864,131.54168,,131.088088,,,128.820128,127.459352,,,125.191392,123.377024,,,,,120.655472,119.294696,,,,,,,,,,,,,,,,,,,,,,,,,,,,,,,,,,,,,,,,,119.294696,-17.24,-12.62,16
8230fa85-2548-4f85-a2c4-2bfda68315ec,2025-04-21 22:58:32.116,158.303608,158.303608,,157.2,155.5,,153.4,148.9,146.8,,147.3,146.2,,145.0,142.1,,140.4,137.1,134.7,,133.2,132.8,133.1,,132.2,131.4,,129.4,129.3,,,,,,,,,,,,,,,,,,,,,,,,,,,,,,,,,,,,,,,,,,,,,,129.3,-29.0,-18.32,19
d8aebcfd-7472-4d7e-ace5-fec8d5ef8489,2025-04-13 21:02:24.480,106.59412,106.59412,,,,,,,,111.8,110.4,,110.4,110.5,108.1,110.3,107.4,107.3,108.2,106.9,104.8,104.3,,,104.2,104.0,103.8,101.7,101.9,101.4,100.6,,,,,,,,,,,,,,,,,,,,,,,,,,,,,,,,,,,,,,,,,,,,100.6,-5.99,-5.62,19
1e8f3cb3-4285-410f-80e0-e013718167b4,2025-03-22 17:41:35.521,149.68536,149.68536,147.4174,146.056624,,148.3,146.6,144.1,142.8,142.8,,142.5,142.0,141.0,139.1,140.0,138.8,137.6,,136.0776,137.2,,140.7,137.0,134.8,,136.1,,,,134.3539504,,,,,,,,,,,,,,,,,,,,,,,,,,,,,,,,,,,,,,,,,,,,134.3539504,-15.33,-10.24,21
6b63ae34-774e-4481-a539-2482655c4bbe,2025-03-25 20:15:07.598,114.305184,114.305184,,,,,,112.8,111.9,112.1,112.1,111.5,111.5,110.4,,111.4,112.1,,110.7,111.2,110.0,109.9,109.7,,110.2,111.3,109.4,109.9,111.1,110.7,112.2,111.7,111.2,111.2,,,,,,,,,,,,,,,,,,,,,,,,,,,,,,,,,,,,,,,,,111.2,-3.11,-2.72,24
af98d5f2-4544-480a-859e-aa28b2accf8a,2025-04-14 22:13:29.346,136.0776,136.0776,137.891968,,134.8,133.4,131.6,130.6,129.6,128.2,127.1,126.6,125.191392,124.6,121.9,,121.1,,121.7,117.3,,117.0,,,114.8,114.7,113.0,112.8,112.7,111.9,,,,,,,,,,,,,,,,,,,,,,,,,,,,,,,,,,,,,,,,,,,,,111.9,-24.18,-17.77,22
eed24342-98b7-484a-a667-6c950af054fa,2025-06-22 12:32:40.173,126.098576,126.098576,,,,,,124.7378,121.9,125.8,123.0,121.9,119.7,120.1,119.3,119.1,119.7,,,,,,,,,,,,,,,,,,,,,,,,,,,,,,,,,,,,,,,,,,,,,,,,,,,,,,,,,,119.7,-6.4,-5.07,10
6630a066-f9fa-49c6-b4a6-61179d0def93,2025-01-11 15:13:07.747,129.27372,129.27372,,,,,128.3,128.6,127.7,128.9,127.7,128.0,127.6,126.0,126.5,125.1,124.7,124.2,122.8,123.2,122.9,123.6,122.2,121.5,121.0,121.4,,119.9,119.9,119.5,119.2,,,118.2,,118.5,117.7,116.7,,115.7,107.1,115.1,113.3,111.6,110.2,,109.0,108.4,,,,,,,,,,,,,,,,,,,,,,,,,,,108.4,-20.87,-16.15,36
a014592f-e107-4e2d-9430-0b23604aed79,2025-02-12 15:42:58.088,140.61352,140.61352,,,137.438376,135.8,134.5,135.6,134.2,135.3,133.9,,134.5,134.7,135.6,135.8,135.2,134.1,134.1,134.9,135.2,134.1,134.263232,133.6,132.0,132.2,103.6,132.6,132.5,131.9,131.8,131.0,130.5,131.4,131.1,130.8,130.4,130.0,130.0,130.4,133.80964,130.9,131.2,,,,,,,,,,,,,,,,,,,,,,,,,,,,,,,,131.2,-9.41,-6.69,38
b67e2547-45d8-4e00-a0ac-0536df6c35fe,2025-01-31 21:29:42.496,135.170416,135.170416,,135.170416,135.170416,133.356048,133.9,134.6,132.7,132.0,132.4,133.7,133.6,132.9,134.2,131.4,132.2,134.0,133.8,133.7,135.5,133.3,133.9,134.2,135.5,135.3,135.4,134.8,133.9,136.9,137.5,137.4,136.2,136.2,135.6,135.0,134.8,132.0,132.9,134.3,133.9,134.3,133.5,132.3,133.7,,,,,,,,,,,,,,,,,,,,,,,,,,,,,,133.7,-1.47,-1.09,42
3188dc72-7cc2-4780-85f3-51e45c6252da,2025-03-31 22:17:22.001,115.212368,115.212368,,,,,,113.398,,114.9,115.0,94.2,82.4,113.2,113.7,,114.0,,,,,,113.1,111.0,113.0,111.3,110.9,,,111.1,109.3,,,,,,,,,,,,,,,,,,,,,,,,,,,,,,,,,,,,,,,,,,,,109.3,-5.91,-5.13,15
4ab45315-5b7b-4c1c-83ae-a4292e5d6c3c,2025-03-01 00:56:04.797,64.863656,64.863656,,,,,,,,,,,,,,,,,,56.5175632,,57.4,,,55.791816,,,,94.7,,,60.8,,100.8,57.1,97.5,56.5,98.5,99.8,,,,,,,,,,,,,,,,,,,,,,,,,,,,,,,,,,,,99.8,34.94,53.86,11
8cf9d0d7-b446-481c-bb97-487f76cee23e,2025-04-08 21:47:23.331,106.140528,106.140528,,,,105.0,104.1,105.8,106.5,106.6,106.8,104.5,106.2,105.2,104.5,105.0,105.8,108.3,105.4,107.2,105.4,105.9,105.8,106.0,105.2,105.0,105.5,104.8,106.1,105.7,104.6,103.1,,,,,,,,,,,,,,,,,,,,,,,,,,,,,,,,,,,,,,,,,,,103.1,-3.04,-2.86,27
ae79bcca-f187-4cbf-aae2-135b1f4ede4b,2025-04-16 16:34:26.455,86.18248,86.18248,,81.5,83.5,84.0,81.4,83.2,79.5,81.3,81.2,79.7,78.9,79.2,76.8,76.5,76.7,75.2,73.6,76.2,74.4,76.3,73.4,72.6,73.6,73.8,73.3,72.3,72.0,,,,,,,,,,,,,,,,,,,,,,,,,,,,,,,,,,,,,,,,,,,,,,72.0,-14.18,-16.46,26
4c5a5e5f-4747-4d45-916a-325731ca27c8,2025-05-24 18:26:48.682,137.891968,137.891968,,,,,,138.1,138.5,138.1,136.8,135.5,,,135.170416,,,131.9,,131.6,131.088088,,,,,,,,,,,,,,,,,,,,,,,,,,,,,,,,,,,,,,,,,,,,,,,,,,,,,,131.088088,-6.8,-4.93,9
5da8246b-d1b1-4bb0-afa2-f02d4678cc63,2025-02-14 11:23:53.955,95.707912,95.707912,93.893544,,,91.625584,,,,,,,,89.5,90.4,89.8,90.3,88.9,89.5,89.3,90.7,42.6,90.6,90.6,91.1,,,90.0,,,,,,,,,45.7,,,91.4,,,,,,,,,,,,,,,,,,,,,,,,,,,,,,,,,,,91.4,-4.31,-4.5,17
80891f45-3ac1-4119-8f8a-6f7f6a0fac62,2025-01-16 02:55:25.428,289.391696,289.391696,,,,283.948592,281.680632,,281.680632,278.95908,275.783936,,273.062384,272.608792,,270.794424,268.980056,270.340832,,269.88724,266.258504,,269.433648,265.804912,263.990544,,262.629768,262.629768,,260.8154,263.08335999999997,262.176176,,261.722584,261.268992,,260.361808,257.186664,258.54744,,258.54744,257.186664,,255.825888,258.093848,255.825888,,255.825888,,,,,,,,,,,,,,,,,,,,,,,,,,,255.825888,-33.57,-11.6,31
1fc67c45-25a7-4ca5-a412-62152e1a6fa8,2025-01-15 19:56:32.109,90.7184,90.7184,,,,,,,,,,,,,,,,,,,,,,,94.800728,,94.1,93.8,93.4,92.5,92.2,,,,,,,,,97.1,97.5,,96.5,96.7,,,,99.4,,,,,,,,,,,,,,,,,,,,,,,,,,,99.4,8.68,9.57,11
54091267-bf2e-49ca-8d55-eba94a66179e,2025-05-19 17:27:27.749,108.408488,108.408488,,,,,,,,108.1,115.4,106.9,107.8,106.5,,,105.5,,105.7,105.5,105.4,104.5,,,,,,,,,,,,,,,,,,,,,,,,,,,,,,,,,,,,,,,,,,,,,,,,,,,,,104.5,-3.91,-3.61,10
80979574-d5b3-4c57-8921-adf551d93661,2025-04-03 14:34:19.393,115.66596,115.66596,112.037224,110.676448,109.769264,,,,,,,,,,,,,,,,,,,,,,111.583632,,,116.119552,113.398,115.0,116.8,,,,,,,,,,,,,,,,,,,,,,,,,,,,,,,,,,,,,,,,,,116.8,1.13,0.98,8
1f41124c-6c26-4b64-a618-b5e47b920374,2025-07-13 23:24:17.262,123.830616,123.830616,,,,120.3,120.0,119.0,118.7,118.8,118.2,118.1,117.8,,,,,,,,,,,,,,,,,,,,,,,,,,,,,,,,,,,,,,,,,,,,,,,,,,,,,,,,,,,,,,117.8,-6.03,-4.87,8
7160709a-5106-4faf-aef6-495a919f3c56,2025-01-30 05:32:37.087,,,,,141.974296,142.1,141.0,140.3,138.8,139.6,138.7,137.7,136.8,137.5,135.2,136.1,137.0,136.2,134.8,134.1,133.6,133.2,133.7,133.6,133.6,129.7,131.0,131.5,130.0,130.2,130.1,129.0,130.3,129.9,130.4,131.2,130.6,,130.5,131.4,132.4,132.4,132.2,131.6,131.7,,,,,,,,,,,,,,,,,,,,,,,,,,,,,,131.7,,,40
ae83f090-11d6-43ef-a4c4-b1d4f2e3a4f6,2025-01-17 23:39:23.017,159.66438399999998,159.66438399999998,,,,,,,,158.6,,,157.1,158.7,158.3,158.8,158.4,156.9,158.2,156.3,158.6,156.6,,,156.6,157.1,155.4,154.8,156.035648,155.3,154.7,,,158.3,156.3,155.5,156.7,154.6,155.4,156.5,156.7,156.7,158.3,158.7,157.2,158.7,154.8,156.6,,,,,,,,,,,,,,,,,,,,,,,,,,,156.6,-3.06,-1.92,33
a3baca6a-59f2-4301-96fb-581204df23c4,2025-02-19 19:14:32.732,107.954896,107.954896,,,,99.2,96.9,96.9,95.9,96.0,,95.2,95.4,93.8,93.5,92.5,92.4,91.9,91.7,91.3,91.6,90.1,90.3,89.2,88.3,88.4,88.9,88.45044,87.9,87.2,86.9,85.6,84.9,84.821704,85.4,85.6,84.7,84.3,82.7,82.9,82.9,,,,,,,,,,,,,,,,,,,,,,,,,,,,,,,,,,82.9,-25.05,-23.21,35
b98ffb50-7978-442a-8ab8-60873e232fd6,2025-03-18 22:12:42.854,93.893544,93.893544,93.439952,83.1,93.1,92.7,92.5,94.0,93.5,95.5,92.1,91.1,91.6,92.2,91.8,130.9,93.8,92.7,91.5,92.2,94.4,93.6,93.8,91.2,90.6,88.0,88.4,88.2,88.5,88.0,87.0,86.0,85.3,84.2,84.7,97.9,,,,,,,,,,,,,,,,,,,,,,,,,,,,,,,,,,,,,,,97.9,4.01,4.27,34
5352e522-7202-40a2-b5f5-809a759ff722,2025-06-27 15:26:05.592,172.36496,172.36496,,,,169.6,168.6,169.4,167.9,164.5,163.3,162.3,162.2,161.2,160.0,159.2,,,,,,,,,,,,,,,,,,,,,,,,,,,,,,,,,,,,,,,,,,,,,,,,,,,,,,,,,,,159.2,-13.16,-7.64,11
11a482a8-3cba-4123-b9cd-2ad5be15fdb9,2025-01-04 20:34:08.252,122.46984,122.46984,,,,,,,119.748288,119.748288,121.1,119.5,,,118.4,117.5,115.8,,114.9,,113.6,109.3,,108.1,,,105.2,,104.779752,103.7,,,101.2,100.697424,,,,,97.2,97.52228,,,,,,94.8,,,93.4,,,,,,,,,,,,,,,,,,,,,,,,,,93.4,-29.07,-23.74,20
f6a1531e-df83-476c-9206-7c523057ab2d,2025-01-09 00:52:10.306,123.377024,123.377024,,121.789452,,,,,,122.0,121.6,,121.0,121.0,120.6,,,,121.5,,,120.7,,120.20188,,120.0,,119.9,119.294696,,119.6,,,118.841104,118.841104,,118.6,,,118.387512,,,,,,117.480328,117.2,,,,,,,,,,,,,,,,,,,,,,,,,,,,117.2,-6.18,-5.01,19
45e75883-aeab-420f-8dab-1c8904d955cf,2025-02-04 00:58:10.856,115.212368,115.212368,,,,,,115.0,114.9,113.5,113.7,114.2,113.2,113.6,112.9,113.1,113.5,113.5,113.1,113.2,113.6,113.9,112.9,113.2,113.2,113.4,113.2,112.8,113.5,113.5,114.0,115.1,114.1,113.7,112.5,111.7,110.6,110.9,110.0,109.8,109.2,108.3,107.9,107.5,107.3,,,,,,,,,,,,,,,,,,,,,,,,,,,,,,107.3,-7.91,-6.87,38
4f5d7e59-266e-46bf-969e-e3dbd7551edc,2025-01-03 03:13:00.123,103.418976,103.418976,,106.5,106.3,105.5,,105.3,106.7,,,110.5,,,111.1,112.3,,113.0,113.6,,,,,112.9,111.0,112.0,111.7,111.7,112.8,113.4,,,,,114.4,,114.6,114.1,,114.3,,,,,,,114.9,,,113.5,,,,,,,,,,,,,,,,,,,,,,,,,113.5,10.08,9.75,23
c14b8a88-0be4-40d8-9533-d9a671dfbadf,2025-04-10 11:17:49.258,113.851592,113.851592,,,,,,,,113.3,114.8,115.2,113.4,115.4,112.9,119.1,115.9,115.7,114.3,114.3,,,,112.2,112.1,112.8,113.0,112.5,,111.8,112.1,,,,,,,,,,,,,,,,,,,,,,,,,,,,,,,,,,,,,,,,,,,,112.1,-1.75,-1.54,18
cd44c7d9-6e20-4af2-8698-b01dd237fb03,2025-02-03 20:01:52.304,104.32616,104.32616,,100.9,99.8,98.9,98.6,99.3,98.5,98.6,97.6,96.7,97.1,96.1,96.4,95.8,95.8,95.3,96.3,93.1,94.3,93.7,93.893544,91.6,93.5,93.6,91.1,93.1,91.6,91.7,90.5,89.8,89.0,89.7,88.5,89.5,,88.8,88.6,88.3,87.9,87.6,87.8,,87.9,,,,,,,,,,,,,,,,,,,,,,,,,,,,,,87.9,-16.43,-15.75,40
4b90f145-a0a2-4673-a1c4-c09714e1beef,2025-02-18 18:38:28.376,117.480328,117.480328,,,,,,,118.5,120.5,118.3,118.3,118.3,120.3,119.4,120.0,121.8,119.1,,,,,,,,,,,,123.1,,121.7,,,,,,,,,,,,,,,,,,,,,,,,,,,,,,,,,,,,,,,,,,,121.7,4.22,3.59,12
2b3875f0-7d2a-4faa-afb0-eecdcace8f37,2025-05-12 15:14:55.737,127.459352,127.459352,,,65.6,128.6,126.6,127.3,126.2,,125.4,124.8,,124.3,124.0,93.5,,125.5,125.5,95.4,125.0,124.5,123.9,123.8,123.5,,,,,,,,,,,,,,,,,,,,,,,,,,,,,,,,,,,,,,,,,,,,,,,,,,123.5,-3.96,-3.11,18
8543da16-cfe2-431a-9ca0-1f4c567bab49,2025-01-14 17:22:20.529,136.531192,136.531192,,,,134.2,133.8,132.2,130.8,131.7,131.0,131.7,130.3,131.2,132.3,131.0,130.8,130.2,131.3,129.2,130.7,129.0,130.5,128.1,129.9,129.2,128.8,127.5,127.8,127.9,131.8,132.8,131.9,131.3,132.8,130.3,131.9,132.9,,132.4,131.2,128.7,128.9,127.2,126.8,125.4,124.6,124.4,,,,,,,,,,,,,,,,,,,,,,,,,,,124.4,-12.13,-8.89,42
7fb3c414-86f5-4e2a-809a-34a6b7577453,2025-07-15 14:37:25.270,117.93392,117.93392,,,,,116.3,115.3,114.9,114.6,113.6,113.6,,,,,,,,,,,,,,,,,,,,,,,,,,,,,,,,,,,,,,,,,,,,,,,,,,,,,,,,,,,,,,,113.6,-4.33,-3.67,6
41e36b2d-61db-4d98-815c-4d6c6d6f1fc1,2025-05-14 15:23:44.382,140.61352,140.61352,,,,142.0,139.9,138.8,138.5,139.4,136.7,136.3,137.3,138.4,134.6,,136.6,,135.8,136.7,,136.7,136.4,140.0,,,,,,,,,,,,,,,,,,,,,,,,,,,,,,,,,,,,,,,,,,,,,,,,,,,140.0,-0.61,-0.44,16
2d6b032a-5c34-4e96-8e46-8bc6184b6ca0,2025-02-07 20:01:17.152,101.151016,101.151016,,,,,103.7,48.0,103.3,101.9,102.8,100.5,102.2,101.6,102.2,100.3,100.2,100.9,98.7,99.2,99.7,,100.7,98.6,98.9,51.3,97.6,98.4,98.4,96.8,97.2,97.9,95.0,95.0,64.7,97.3,93.9,94.6,95.6,93.1,94.2,93.2,93.2,91.7,,,,,,,,,,,,,,,,,,,,,,,,,,,,,,,91.7,-9.45,-9.34,37
1d0ff858-30b8-4c72-8039-23454ed09369,2025-06-20 16:48:09.761,99.79024,99.79024,,,94.7,93.3,92.9,92.5,91.5,91.3,90.3,90.8,89.6,90.1,88.9,89.2,88.6,,,,,,,,,,,,,,,,,,,,,,,,,,,,,,,,,,,,,,,,,,,,,,,,,,,,,,,,,,88.6,-11.19,-11.21,13
2eea466b-9ea9-4ee9-a4aa-481cff1e38e3,2025-01-31 14:58:03.280,131.54168,131.54168,,,,,,128.2,,128.9,128.2,128.4,,127.8,126.7,,126.8,126.0,126.2,,124.3,,124.3,123.4,123.3,124.4,,122.7,122.4,,124.3,121.6,,120.6,120.5,,120.2,119.7,120.2,,,,,,119.7,,,,,,,,,,,,,,,,,,,,,,,,,,,,,,119.7,-11.84,-9.0,24
9df7908a-d70c-4207-8c10-1df644caf668,2025-05-02 15:35:16.037,120.20188,120.20188,,,121.3,119.0,120.1,46.7,118.0,,119.1,120.6,,119.5,118.3,119.2,116.3,120.3,120.0,120.0,121.1,,,,119.0,119.1,,,,,,,,,,,,,,,,,,,,,,,,,,,,,,,,,,,,,,,,,,,,,,,,,119.1,-1.1,-0.92,17
aae7e8fa-ca66-437b-a4d3-3448ddf62e26,2025-01-29 16:03:45.488,,,,,,,,,,96.0,96.5,95.7,94.7,93.8,93.5,92.4,93.4,91.6,90.8,90.5,89.8,88.9,88.7,87.6,106.0,86.7,86.2,85.8,84.7,84.1,83.4,83.4,,83.4,81.9,81.9,81.3,80.1,79.3,79.2,78.8,78.2,78.0,77.8,76.7,,,,,,,,,,,,,,,,,,,,,,,,,,,,,,76.7,,,35
e0d8fa9f-575b-469f-a1e6-c4162b6ce6f6,2025-01-06 21:42:11.793,143.335072,143.335072,136.0776,136.531192,134.716824,133.80964,,131.54168,131.088088,131.4,128.4,127.1,127.00576,125.6,125.0,125.8,126.2,123.9,123.7,124.0,124.2,122.5,122.0,120.9,119.7,119.0,118.9,118.1,116.7,117.1,114.4,114.8,113.8,112.8,113.8,112.3,113.3,114.3,,,113.6,112.3,112.4,,,,113.3,,111.6,111.4,,,,,,,,,,,,,,,,,,,,,,,,,111.4,-31.94,-22.28,41
a37c1990-9b03-490d-bc4e-0f6974e02eef,2025-06-06 15:38:53.654,159.210792,159.210792,,,,,,,124.5,154.9,155.5,152.7,152.9,149.4,150.1,151.2,149.2,153.0,148.7,146.9,,,,,,,,,,,,,,,,,,,,,,,,,,,,,,,,,,,,,,,,,,,,,,,,,,,,,,,146.9,-12.31,-7.73,12
cdd7f9f7-ac90-40dc-b60e-4b04b0510f0a,2025-05-13 18:53:22.608,125.644984,125.644984,,125.69034320000002,126.1,124.7,,125.1,124.1,123.2,122.9,122.0,122.3,122.2,120.9,119.2,119.5,119.1,118.2,116.8,116.2,117.6,116.6,116.8,,,,,,,,,,,,,,,,,,,,,,,,,,,,,,,,,,,,,,,,,,,,,,,,,,,116.8,-8.84,-7.04,20
b4fff509-af7e-4523-93da-24442c6cecd2,2025-02-20 05:07:14.130,127.00576,127.00576,,,,,,,,,,,,,129.2,126.6,127.1,126.9,125.4,126.3,,,125.7,125.6,124.9,124.2,124.0,124.9,124.8,124.7,124.8,122.9,122.6,119.3,122.1,121.0,120.7,67.0,120.8,120.4,,,,,,,,,,,,,,,,,,,,,,,,,,,,,,,,,,,120.4,-6.61,-5.2,24
ba0c3f95-3f73-4624-9350-4a4475c50016,2025-01-21 06:45:53.839,151.499728,151.499728,,148.7,148.3,145.7,144.1,143.9,141.7,144.2,145.3,146.0,146.0,144.1,,141.3,140.5,141.7,143.9,,142.6,144.6,,146.4,143.6,144.0,143.9,143.7,143.6,141.9,142.2,139.7,140.6,141.0,,140.3,139.7,139.8,140.4,,,,,,145.6,143.0,,,,,,,,,,,,,,,,,,,,,,,,,,,,,143.0,-8.5,-5.61,34
7596257d-c226-4ddd-9b50-2c946709c066,2025-02-28 15:01:50.051,105.233344,105.233344,,,,,,102.965384,103.6,102.9,102.7,,,102.7,101.5,102.3,,102.2,100.7,100.1,99.7,99.0,99.5,,98.6,98.6,98.3,,98.0,97.8,96.7,96.5,96.615096,,97.5,96.2,,95.6,,95.5,,,,,,,,,,,,,,,,,,,,,,,,,,,,,,,,,,,95.5,-9.73,-9.25,25
8a889ab9-3c90-4b93-8f28-70991152e74c,2025-02-06 23:29:05.143,152.406912,152.406912,,150.3,148.6,150.6,149.0,148.0,147.1,143.9,143.1,141.3,139.9,139.3,136.1,136.6,137.2,134.6,132.1,132.1,131.1,131.8,128.9,131.6,129.9,129.5,127.9,126.5,126.9,126.2,126.4,126.4,125.1,123.2,123.7,124.3,121.5,121.3,124.2,123.2,120.8,122.2,122.2,121.2,,,,,,,,,,,,,,,,,,,,,,,,,,,,,,,121.2,-31.21,-20.48,41
5f5e67a2-4219-4fa8-8b6a-354a75c7bd6f,2025-05-03 14:16:42.184,113.398,113.398,,,,,,113.7,112.1,,113.9,114.1,82.1,,,116.2,,,114.4,115.4,,116.4,,,,116.4,,,,,,,,,,,,,,,,,,,,,,,,,,,,,,,,,,,,,,,,,,,,,,,,,116.4,3.0,2.65,10
ab9df2f3-9e74-4030-8282-1eebf1f35eb7,2025-01-02 02:50:44.156,122.923432,122.923432,120.655472,,121.1,119.8,120.4,120.3,119.6,120.0,120.2,119.1,118.9,118.1,117.8,117.6,117.3,116.5,117.2,116.0,115.8,114.5,114.9,114.5,114.2,114.4,114.1,113.3,114.5,113.1,112.9,112.7,112.5,112.0,111.8,111.0,109.6,108.8,109.4,108.7,108.9,108.5,108.3,107.9,106.5,107.3,106.2,107.9,106.4,106.6,105.4,,,,,,,,,,,,,,,,,,,,,,,,105.4,-17.52,-14.26,48
409bfb63-9e79-4f33-a6f6-f24230245ccf,2025-03-17 16:56:15.370,122.46984,122.46984,,,,119.9,118.1,122.4,,121.8,122.8,,,,,,,123.2,,,116.9,125.3,123.9,121.2,120.8,,,123.3,122.0,123.3,,121.7,,121.6,120.1,118.387512,,,,,,,,,,,,,,,,,,,,,,,,,,,,,,,,,,,,,,,118.387512,-4.08,-3.33,18
34dca7d7-3c1a-4f88-91cd-486edd3f5afa,2025-03-31 15:19:51.660,116.573144,116.573144,,,110.9,110.7,109.3,110.3,108.9,110.2,109.9,109.6,107.1,,108.8,,105.5,,105.5,,,,107.6,106.5,107.1,,105.6,104.7,104.7,105.0,102.4,,,,,,,,,,,,,,,,,,,,,,,,,,,,,,,,,,,,,,,,,,,,102.4,-14.17,-12.16,20
e78f99f8-69e1-414c-8bb2-e5a09566ebbd,2025-01-22 00:35:37.615,112.490816,112.490816,,,,,112.037224,,114.4,114.4,114.5,115.9,114.8,115.0,114.2,115.4,117.6,115.8,115.6,116.4,116.6,116.8,117.4,115.9,116.0,116.7,116.1,115.5,114.5,113.5,112.1,113.5,114.3,118.3,114.6,116.4,114.7,112.9,113.7,108.9,112.490816,,111.0393216,110.7218072,158.9,111.8,111.3,,,,,,,,,,,,,,,,,,,,,,,,,,,,111.3,-1.19,-1.06,39
84e0a76b-79c0-4b52-8f86-63d2c126a699,2025-03-19 13:16:12.089,104.32616,104.32616,,,104.1,,104.1,,,91.5,89.3,90.6,88.0,87.8,103.8,104.3,103.9,56.4,102.7,84.7,102.4,102.8,82.0,80.5,102.9,103.4,77.3,77.4,76.3,75.8,104.8,103.4,75.8,75.8,104.7,104.6,,,,,,,,,,,,,,,,,,,,,,,,,,,,,,,,,,,,,,,104.6,0.27,0.26,29
4c59b2f6-857a-426e-87fc-1aefa99a1c8f,2025-01-12 16:00:03.850,148.778176,148.778176,148.324584,147.4174,146.8,148.2,146.056624,145.14944,144.695848,143.788664,143.788664,144.242256,144.695848,143.788664,144.242256,142.88148,142.88148,141.520704,141.974296,141.974296,139.7,139.7,139.5,138.34556,,138.1,137.7,136.8,136.1,136.0,,135.9,135.4,134.4,134.2,133.9,133.6,,,132.9,132.9,133.3,131.7,130.7,130.0,129.0,128.6,128.6,128.4,,,,,,,,,,,,,,,,,,,,,,,,,,128.4,-20.38,-13.7,43
61239bd0-b793-4cc0-9407-4ffccde9eeec,2025-05-12 03:42:23.980,131.54168,131.54168,,,132.1,131.0,,,129.5,,129.4,128.6,128.3,,128.0,126.9,126.5,126.1,125.3,125.6,124.6,124.7,124.6,125.5,,,,,,,,,,,,,,,,,,,,,,,,,,,,,,,,,,,,,,,,,,,,,,,,,,,125.5,-6.04,-4.59,16
fd1c84e9-f7be-4d88-bd58-05ec4aa97159,2025-05-28 20:12:43.474,170.550592,170.550592,,,,,,,,,,,178.3,178.0,174.3,175.1,176.0,175.6,173.8,172.7,173.5,172.6,,,,,,,,,,,,,,,,,,,,,,,,,,,,,,,,,,,,,,,,,,,,,,,,,,,,,172.6,2.05,1.2,10
eda564eb-b4d1-4a15-82a7-e1f49a19646d,2025-04-24 16:35:52.692,133.80964,133.80964,,131.088088,128.3,131.2,127.9,129.4,126.8,128.2,128.8,127.8,128.4,127.6,127.7,126.8,125.6,125.0,124.8,122.4,124.1,122.5,122.5,121.4,121.5,121.3,120.5,120.5,119.4,,,,,,,,,,,,,,,,,,,,,,,,,,,,,,,,,,,,,,,,,,,,,,119.4,-14.41,-10.77,26
0ab0e934-4cb1-4b5e-8069-84629be9858d,2025-01-03 21:50:26.809,95.25432,95.25432,,,,98.3,,95.3,96.8,95.5,,,94.5,,92.2,93.7,94.2,,94.9,92.0,,93.1,92.9,93.5,92.079176,,90.3,,,90.264808,,,,86.6,88.45044,,,89.5,,,,,89.9,,90.4,,,,,,,,,,,,,,,,,,,,,,,,,,,,,,90.4,-4.85,-5.1,21
7a631410-39e7-4971-9a2c-9a399b8eb4e9,2025-03-27 21:39:11.641,94.347136,94.347136,,,,,,92.6,92.7,93.8,92.9,93.8,93.0,93.7,94.2,93.0,93.7,94.0,94.0,94.3,93.3,92.9,,94.800728,,,93.6,92.6,93.0,92.1,91.6,90.9,91.0,89.8,,,,,,,,,,,,,,,,,,,,,,,,,,,,,,,,,,,,,,,,,89.8,-4.55,-4.82,24
8229155d-0606-415b-9121-be36737cdafd,2025-03-29 13:43:27.224,129.27372,129.27372,,126.552168,125.644984,124.7,127.5,125.3,124.7,123.3,,123.9,122.1,,123.5,123.5,122.6,,121.1,119.9,,119.6,119.2,117.0,,114.2,114.3,,110.8,112.9,113.4,,111.3,,,,,,,,,,,,,,,,,,,,,,,,,,,,,,,,,,,,,,,,,,111.3,-17.97,-13.9,23
ff846c3c-90c4-4c68-af2e-58a4bca46bc3,2025-01-27 22:11:52.949,133.80964,133.80964,,,130.634496,132.8,133.7,133.5,130.8,131.0,130.4,129.1,125.9,125.7,123.8,122.0,121.8,124.1,121.4,118.9,120.3,120.0,118.6,117.0,116.9,116.1,115.3,117.0,115.2,113.5,111.6,113.1,111.4,112.5,112.7,111.5,109.3,109.8,109.0,107.5,107.1,108.0,106.4,106.3,108.4,107.6,,,,,,,,,,,,,,,,,,,,,,,,,,,,,107.6,-26.21,-19.59,42
98971393-ed5b-455f-8ac4-c07d051d5fb3,2025-04-01 18:26:25.246,108.408488,108.408488,,107.9,107.6,107.7,,,108.5,105.9,104.5,104.3,105.4,103.6,103.3,103.6,102.5,101.2,101.5,100.9,99.4,99.2,100.6,99.8,98.7,100.1,98.8,98.8,98.1,99.0,97.4,97.1,97.8,,,,,,,,,,,,,,,,,,,,,,,,,,,,,,,,,,,,,,,,,,97.8,-10.61,-9.79,28
577d4031-716e-480e-9121-3f3077d24103,2025-02-16 16:27:20.989,,,,,102.965384,,101.604608,,,100.243832,99.79024,99.336648,98.883056,99.6,98.5,98.3,97.2,97.5,96.3,96.4,95.6,95.1,95.1,93.9,94.5,94.2,94.1,93.6,92.9,92.6,92.6,92.1,91.7,91.7,91.5,91.9,90.7,90.8,90.4,90.3,90.4,90.6,,,,,,,,,,,,,,,,,,,,,,,,,,,,,,,,,90.6,,,35
89f6cecf-9e35-45b9-ac45-b40808ea098b,2025-01-02 17:50:47.384,148.324584,148.324584,,147.0,143.9,145.4,144.8,144.3,144.7,143.3,144.1,,143.1,144.0,144.7,,,143.7,142.6,142.1,142.3,143.5,143.2,143.2,142.7,143.5,143.1,42.1,,143.7,144.1,,,,,143.8,140.3,139.0,143.1,37.4,31.1,45.0,35.1,,,,,,,,,,,,,,,,,,,,,,,,,,,,,,,,35.1,-113.22,-76.34,32
ca60e1c7-fc71-41e9-a5f6-2c750dfb0f06,2025-05-13 17:34:37.564,106.59412,106.59412,,,,,,,,,,,,109.8,106.4,105.2,105.0,103.3,101.6,100.3,99.2,98.5,99.3,97.8,97.2,,,,,,,,,,,,,,,,,,,,,,,,,,,,,,,,,,,,,,,,,,,,,,,,,,97.2,-9.39,-8.81,12
f0e6f98c-3278-45b4-9068-014da3db1e79,2025-06-23 14:50:41.193,96.161504,96.161504,,,,97.8,96.3,94.6,95.1,96.1,95.4,95.7,97.2,,95.9,97.4,95.9,,,,,,,,,,,,,,,,,,,,,,,,,,,,,,,,,,,,,,,,,,,,,,,,,,,,,,,,,,95.9,-0.26,-0.27,11
e7481a5c-a078-4c9a-88b2-f63e4a969999,2025-01-02 03:28:59.110,124.7378,124.7378,,,121.8,122.4,124.1,123.2,120.1,118.9,117.0,118.8,118.2,118.5,121.2,118.4,115.1,115.9,112.2,111.2,109.3,108.9,110.6,107.9,107.2,107.1,104.8,104.1,104.1,104.1,102.0,101.9,99.4,97.9,98.2,98.4,97.4,95.0,,95.5,94.0,93.8,89.9,89.6,89.0,88.6,,,86.8,,,,,,,,,,,,,,,,,,,,,,,,,,86.8,-37.94,-30.41,42
f2e03fda-6403-49e9-bacd-b422a9952804,2025-07-14 15:08:59.556,141.974296,141.974296,,,139.7,138.3,136.4,136.6,137.1,135.8,135.9,137.9,,,,,,,,,,,,,,,,,,,,,,,,,,,,,,,,,,,,,,,,,,,,,,,,,,,,,,,,,,,,,,,137.9,-4.07,-2.87,8
88cee786-2828-4864-87d7-4cf100ba7148,2025-03-25 19:01:01.909,109.769264,109.769264,109.769264,109.315672,110.3,109.5,109.0,108.5,108.4,108.2,108.2,109.1,108.3,108.2,108.1,108.1,,108.1,107.8,107.8,106.6,105.8,105.2,105.1,104.7,103.5,103.7,103.0,102.9,102.9,102.7,102.6,101.6,100.7,101.3,,,,,,,,,,,,,,,,,,,,,,,,,,,,,,,,,,,,,,,,101.3,-8.47,-7.72,32
05959d92-1732-4a43-933d-cfcb69fb4597,2025-02-03 18:26:28.394,89.811216,89.811216,,,92.0,91.6,90.8,,90.1,89.9,,89.7,,89.0,,88.0,87.1,,,,,85.3,,,84.3,,83.460928,,,,82.5,,81.192968,,,,,,78.471416,,,,,,77.11064,,,,,,,,,,,,,,,,,,,,,,,,,,,,,,77.11064,-12.7,-14.14,16
3935b73f-7ea6-4752-8565-2287107bf5bd,2025-02-11 19:07:50.980,101.604608,101.604608,,,,,,,100.4,101.2,100.5,101.1,101.1,99.5,100.4,101.2,101.2,102.3,,102.3,101.9,102.6,104.7,102.8,102.7,,101.7,,102.5,,103.2,89.9,102.8,,100.9,93.8,,,,100.2,89.5,,90.0,,,,,,,,,,,,,,,,,,,,,,,,,,,,,,,,90.0,-11.6,-11.42,26
f833edb8-0f07-46e3-93cd-762720f288eb,2025-03-20 10:07:29.527,107.954896,107.954896,,,,106.9,106.0,107.0,106.7,104.9,,,103.8,103.1,103.1,103.7,102.511792,104.6,104.4,103.6,103.6,103.6,103.5,103.3,102.8,102.5,,,,101.4,100.3,,,,,,,,,,,,,,,,,,,,,,,,,,,,,,,,,,,,,,,,,,,,100.3,-7.65,-7.09,21
200b2252-964e-439a-9f0c-3272ab3c9e0b,2025-08-07 15:51:16.130,89.811216,89.811216,,,89.2,86.8,85.7,85.1,,,,,,,,,,,,,,,,,,,,,,,,,,,,,,,,,,,,,,,,,,,,,,,,,,,,,,,,,,,,,,,,,,,85.1,-4.71,-5.25,4
9523651c-e52d-46ad-ad04-8b915c1e88bf,2025-04-13 17:07:26.618,108.408488,108.408488,,,,,,,,,,,,,,,,,,,,,112.944408,112.944408,,,113.8,112.2,112.3,111.6,111.7,,,,,,,,,,,,,,,,,,,,,,,,,,,,,,,,,,,,,,,,,,,,111.7,3.29,3.04,7
c7b8e31c-abc7-4943-9a83-1668e038648b,2025-02-08 02:51:13.910,140.61352,140.61352,137.438376,,,138.34556,136.531192,135.7,134.6,133.3,132.5,134.1,135.7,131.1,130.5,131.2,130.3,129.2,130.6,128.7,126.8,127.8,125.5,126.1,128.8,126.0,124.4,124.5,124.7,125.5,123.9,122.4,122.8,120.8,120.2,120.5,117.8,120.1,120.8,119.9,122.3,118.9,119.8,,,,,,,,,,,,,,,,,,,,,,,,,,,,,,,,119.8,-20.81,-14.8,39
7d8f5a11-1a11-4b88-b295-911e3f4941df,2025-04-07 23:43:22.351,151.95332,151.95332,,,154.3,154.5,155.0,157.6,,154.8,157.1,155.6,155.6,154.7,152.9,152.0,152.0,151.3,150.2,150.6,149.5,147.7,147.0,145.4,144.4,144.6,142.4,141.4,141.1,141.2,140.0,140.5,,,,,,,,,,,,,,,,,,,,,,,,,,,,,,,,,,,,,,,,,,,140.5,-11.45,-7.54,27
439ca9a9-fc34-403c-a7de-6e5cd27d69d0,2025-02-04 00:00:42.510,129.27372,129.27372,,,,,,,,,,,125.3,123.8,123.0,122.5,122.4,119.3,120.3,119.3,118.2,118.5,117.1,114.1,117.1,113.2,113.7,,113.6,112.6,113.3,,112.7,110.3,110.1,108.4,108.3,107.5,,,,104.779752,,,,,,,,,,,,,,,,,,,,,,,,,,,,,,,,,104.779752,-24.49,-18.95,25
6eb3f774-9b37-4f55-b4bd-fe95030868e0,2025-03-23 00:39:08.833,127.00576,127.00576,,125.191392,122.923432,121.8,122.5,120.9,122.1,125.6,122.5,121.3,121.3,119.8,117.8,117.4,116.3,116.0,115.5,114.0,113.6,114.7,112.3,112.1,110.1,112.0,111.7,109.4,108.2,108.4,106.5,106.8,108.3,109.4,109.5,,,,,,,,,,,,,,,,,,,,,,,,,,,,,,,,,,,,,,,,109.5,-17.51,-13.78,32
94ef5995-77eb-4772-b0ee-4c386fc62668,2025-01-15 02:04:28.014,,,,,,,,,,,,109.769264,110.222856,110.8,110.9,111.6,111.5,110.8,111.2,,,,111.5,,,111.9,110.676448,,,113.398,112.7,113.398,111.8,,110.676448,110.0,109.8,,109.315672,108.86208,,107.501304,108.408488,,,107.047712,106.140528,,,,,,,,,,,,,,,,,,,,,,,,,,,,106.140528,,,24
8724a7f1-b79a-4885-b354-0c3505525432,2025-06-02 07:15:01.987,175.540104,175.540104,,,,173.725736,,174.6,172.1,171.1,32.1,172.9,172.4,168.5,169.2,,168.9,170.2,114.7,166.7,,,,,,,,,,,,,,,,,,,,,,,,,,,,,,,,,,,,,,,,,,,,,,,,,,,,,,,166.7,-8.84,-5.04,13
5321511a-f7e9-422b-aedd-8e5c0841dc78,2025-01-14 21:25:57.973,129.27372,129.27372,,,124.2,125.0,121.9,122.9,123.4,124.5,122.8,124.7,125.5,124.0,124.2,124.9,125.3,124.6,125.9,125.5,125.4,125.0,127.2,125.9,125.2,125.3,125.8,126.2,125.3,124.5,124.0,125.9,123.7,124.0,123.4,,124.2,122.5,122.5,121.3,120.9,120.4,118.2,119.5,120.1,119.6,119.5,119.7,,,,,,,,,,,,,,,,,,,,,,,,,,,119.7,-9.57,-7.41,43
75f1ff4a-40c4-4b1b-b968-49d90ad9034a,2025-01-30 17:17:00.236,111.13004,111.13004,115.66596,117.4,114.1,114.4,115.1,30.6,30.7,116.1,91.8,92.1,94.8,94.5,112.9,94.5,,,,,118.7,,,,,,,,101.6,,,,,,,,,,,,,92.4,,,,,,,,,,,,,,,,,,,,,,,,,,,,,,,,,92.4,-18.73,-16.85,17
0661641c-f8cb-468a-a37f-c32351e07a75,2025-02-20 13:28:33.717,106.59412,106.59412,,,,,,,,107.3,104.6,104.9,,106.2,107.0,105.4,,108.1,,108.3,106.4,106.0,73.9,105.5,105.7,104.1,104.8,104.5,105.2,104.2,104.1,105.6,,105.6,,,104.9,105.4,105.2,104.6,103.5,,,,,,,,,,,,,,,,,,,,,,,,,,,,,,,,,,103.5,-3.09,-2.9,26
11dd4779-843c-44d0-82e2-fa7760ca8245,2025-01-04 16:49:48.642,119.748288,119.748288,,,,,,120.9,,119.0,115.3,114.0,113.5,116.0,116.3,115.6,112.5,110.6,108.5,109.5,115.3,109.3,108.5,107.4,105.6,110.4,109.8,109.1,108.0,108.1,,104.3715192,,,106.7,100.9,,104.1,102.6,101.4,,101.4,,,101.1,,98.9,97.1,97.2,96.615096,94.9,,,,,,,,,,,,,,,,,,,,,,,,94.9,-24.85,-20.75,35
37a458d8-15db-47ba-ba87-653b025266e9,2025-05-13 21:20:23.413,117.93392,117.93392,,,,,,,,,,,,120.5,121.7,122.2,122.2,122.3,120.8,121.4,120.5,119.5,,80.5,119.6,,,,,,,,,,,,,,,,,,,,,,,,,,,,,,,,,,,,,,,,,,,,,,,,,,119.6,1.67,1.41,11
63895e64-7852-4226-9f44-314909d11e67,2025-01-09 21:43:36.118,147.4174,147.4174,,149.4,147.1,147.3,149.4,145.8,147.9,148.3,145.1,146.5,148.1,146.1,148.6,147.9,148.3,,146.5,149.3,149.4,145.1,144.6,144.6,142.1,142.1,141.6,141.9,138.5,138.1,137.4,136.1,,135.1,136.2,132.7,132.9,131.8,129.7,129.1,130.2,129.6,126.8,126.0,,126.6,125.0,123.9,122.2,122.8,,,,,,,,,,,,,,,,,,,,,,,,,122.8,-24.62,-16.7,44
e8d7748c-a38c-46fa-9667-eaedb11e2d2d,2025-01-02 14:46:53.185,127.912944,127.912944,,,129.7,129.5,129.9,,,131.3,,,,132.2,130.4,132.1,,,132.4,132.7,,132.3,,,,,,,131.5,,,,,,,,131.0,,132.3,,132.8,,130.9,,,,130.2,,132.3,,,,,,,,,,,,,,,,,,,,,,,,,,132.3,4.39,3.43,17
0f6be7b1-b05f-475c-a8fb-75e5352a7e31,2025-01-24 22:02:00.883,116.119552,116.119552,,,118.6,116.6,117.3,117.6,116.6,116.0,115.5,117.0,116.0,115.9,115.8,115.6,117.5,,119.0,117.6,118.5,,118.3,118.8,118.1,117.2,116.5,116.0,116.2,113.5,113.1,113.1,81.5,111.2,111.4,111.0,110.6,110.5,110.0,110.6,85.0,108.8,,106.8,106.0,106.1,,,,,,,,,,,,,,,,,,,,,,,,,,,,,106.1,-10.02,-8.63,39
01a5bbbe-0eee-422b-886c-1625bc032652,2025-02-15 02:50:18.994,105.686936,105.686936,,,,,,106.9,106.140528,106.1,,109.1,106.7,,,,107.2,,,109.3,,,109.7,,,,107.7,,107.4,,,107.9,108.1,107.9,,,,,,106.9,107.0,,,,,,,,,,,,,,,,,,,,,,,,,,,,,,,,,,107.0,1.31,1.24,15
5cde4cbb-fa17-475d-87f7-94259ed52dd6,2025-03-20 18:36:22.472,126.552168,126.552168,125.191392,,122.4,123.3,121.7,120.9,119.7,120.4,119.6,120.0,117.2,,127.2,,119.3,114.1,114.2,114.6,113.2,112.8,113.1,110.2,110.6,110.5,109.7,110.3,109.8,109.8,108.7,108.1,110.2,108.4,107.2,107.1,,,,,,,,,,,,,,,,,,,,,,,,,,,,,,,,,,,,,,,107.1,-19.45,-15.37,31
c88d6bd6-010e-4fc9-9710-c93a4e6aa53d,2025-01-30 02:55:10.155,108.86208,108.86208,,,,106.7,106.3,106.7,105.8,105.4,105.2,104.9,105.2,105.0,104.6,104.7,105.6,104.8,103.6,103.7,103.6,103.5,103.5,103.1,103.1,102.7,102.4,101.8,101.8,101.7,101.5,101.4,101.7,101.1,100.7,100.3,100.4,100.7,100.8,101.8,,,98.4,98.5,98.4,,,,,,,,,,,,,,,,,,,,,,,,,,,,,,98.4,-10.46,-9.61,38
bfbda56d-98b0-41a9-9a52-7e2b792422ba,2025-02-28 20:12:13.855,182.343984,182.343984,,,,,,,,,187.5,187.6,185.9,185.3,189.7,185.2,183.4,190.5,188.3,187.6,184.8,184.9,189.2,186.5,183.8,182.1,181.1,179.4,177.1,180.0,178.8,179.9,180.8,180.5,180.4,177.5,174.7,174.0,177.3,176.8,,,,,,,,,,,,,,,,,,,,,,,,,,,,,,,,,,,176.8,-5.54,-3.04,30
322cfd5f-5211-45ae-a068-5f2857d5430f,2025-01-13 23:45:28.457,106.59412,106.59412,,,,,,,,,106.59412,106.140528,107.047712,104.779752,104.779752,104.32616,103.872568,,103.872568,,,,,,104.32616,,,,,,,104.779752,,,,,,,,105.3240624,103.418976,102.511792,103.2,102.7,101.9,100.3,,100.9,,,,,,,,,,,,,,,,,,,,,,,,,,,100.9,-5.69,-5.34,18
40c9ee5f-798c-4f6f-8d82-0fb5275efe95,2025-05-20 22:42:48.336,124.7378,124.7378,,,125.191392,,,,,126.1,37.8,120.9,121.5,119.5,118.5,117.3,116.2,116.2,115.7,115.1,114.8,114.1,114.0,,,,,,,,,,,,,,,,,,,,,,,,,,,,,,,,,,,,,,,,,,,,,,,,,,,,114.0,-10.74,-8.61,15
ecf63a85-17fc-4e41-a5cb-2487da025937,2025-05-09 17:39:17.603,122.016248,122.016248,122.016248,122.46984,,122.7,,123.7,,124.9,,121.9,,123.5,122.3,120.7,118.4,118.2,118.1,118.1,117.9,,116.5,114.8,,,,,,,,,,,,,,,,,,,,,,,,,,,,,,,,,,,,,,,,,,,,,,,,,,,114.8,-7.22,-5.91,16
0a30bb85-5019-4b6c-aa24-d969f054e070,2025-04-25 03:07:11.628,99.79024,99.79024,,,100.7,101.9,,100.5,99.9,99.4,99.7,99.7,97.7,97.7,98.3,99.1,,99.7,,99.9,,100.8,,101.7,,99.3,96.9,,,,,,,,,,,,,,,,,,,,,,,,,,,,,,,,,,,,,,,,,,,,,,,,96.9,-2.89,-2.9,17
dcaa9693-6634-4992-be34-7986d0054437,2025-05-22 17:34:10.392,123.830616,123.830616,,,,,,127.2,,,124.7,126.1,125.3,123.6,124.1,124.8,122.6,122.5,122.7,121.5,120.6,120.5,121.1,,,,,,,,,,,,,,,,,,,,,,,,,,,,,,,,,,,,,,,,,,,,,,,,,,,,121.1,-2.73,-2.21,14
3ba62d7d-2299-418a-a006-0f0ba689416b,2025-07-18 15:06:26.829,139.252744,139.252744,137.891968,136.984784,136.1,137.5,136.9,136.9,134.8,136.0,134.0,,,,,,,,,,,,,,,,,,,,,,,,,,,,,,,,,,,,,,,,,,,,,,,,,,,,,,,,,,,,,,,,134.0,-5.25,-3.77,9
74b3ff4e-26f4-4f5a-9bc5-3c9a87472a53,2025-01-03 20:01:17.937,102.0582,102.0582,,,,,,,,93.6,93.6,94.5,94.2,94.1,93.8,93.9,93.5,93.6,93.8,93.2,92.8,93.3,93.7,92.9,91.8,92.4,92.2,92.2,91.7,,90.2,91.6,,,92.4,,89.2,89.4,89.4,89.2,,88.8,90.0,,,,,86.18248,,,,,,,,,,,,,,,,,,,,,,,,,,,86.18248,-15.88,-15.56,30
bf592de7-6290-4063-8681-dbcc1488cab7,2025-05-16 16:15:00.741,83.91452,83.91452,,,81.192968,83.5,80.1,,,83.5,81.4,81.9,81.5,,82.3,,84.2,,,,,85.2,83.7,,,,,,,,,,,,,,,,,,,,,,,,,,,,,,,,,,,,,,,,,,,,,,,,,,,,83.7,-0.21,-0.26,11
0d54f62a-3f86-4129-b7a9-9b8646ce66fd,2025-01-14 17:33:08.468,158.7572,158.7572,,,,,153.9,156.8,154.1,150.0,149.3,149.9,149.9,150.4,147.0,145.3,146.9,146.4,145.9,144.8,143.8,142.2,141.1,139.5,139.6,137.1,137.2,137.1,135.2,134.1,135.9,135.4,134.7,,134.3,134.4,133.8,,135.5,,,,,,,,,,,,,,,,,,,,,,,,,,,,,,,,,,,,135.5,-23.26,-14.65,31
29543cd7-73bf-4fa0-96de-1c7b4e1cc910,2025-04-01 04:04:37.600,107.047712,107.047712,,,,,,,,,,,,,109.769264,111.9465056,,,,,,112.0,111.5,,111.9,108.6,110.6,,108.0,,,108.3,108.0,,,,,,,,,,,,,,,,,,,,,,,,,,,,,,,,,,,,,,,,,,108.0,0.95,0.89,10
1baeebaf-d232-4097-a24a-a09d7470aae5,2025-03-31 17:43:20.725,117.026736,117.026736,,,,,,118.5,119.1,119.8,117.9,117.1,116.3,116.9,115.8,115.5,116.0,116.2,115.8,116.2,115.7,115.1,114.9,115.6,114.7,115.2,114.4,114.7,113.9,113.8,114.0,114.1,,,,,,,,,,,,,,,,,,,,,,,,,,,,,,,,,,,,,,,,,,,114.1,-2.93,-2.5,25
cea5e5cf-47e1-41aa-8fa8-bce249f46b6f,2025-02-07 20:25:06.709,,,,,107.3,,107.4,,,110.1,110.2,,,,,,,,,,,112.4,,,111.0,,107.4,111.6,108.0,107.3,106.3,105.1,105.8,104.7,104.7,105.4,,103.9,,104.6,,104.0,104.6,,,,,,,,,,,,,,,,,,,,,,,,,,,,,,,,104.6,,,20
135e054b-4f07-4441-8d16-90cb53a5dd5f,2025-02-14 19:13:42.590,99.79024,99.79024,,,,95.0,,,,100.4,,97.8,,,,,,,,98.5,,97.4,95.0,95.5,94.2,93.8,92.9,,92.4,92.1,90.8,,90.8,89.1,,88.8,88.8,88.7,87.1,86.2,85.6,84.1,,,,,,,,,,,,,,,,,,,,,,,,,,,,,,,,,84.1,-15.69,-15.72,22
6176bac0-e509-4596-8ef1-3f3bdc752e62,2025-01-05 04:13:58.030,124.7378,124.7378,,,,,,,,122.3,121.7,122.3,,122.8,122.7,122.5,123.1,122.9,122.3,,123.4,123.3,122.6,,,,123.7,125.1,124.1,123.3,123.2,,125.5,123.5,122.9,123.4,122.8,121.8,121.3,121.0,121.7,121.3,123.1,121.9,121.2,122.8,121.6,122.6,122.4,123.0,,,,,,,,,,,,,,,,,,,,,,,,,123.0,-1.74,-1.39,35
4c12a377-587a-428f-b1b4-9005d0d70d20,2025-03-11 03:40:15.957,142.88148,142.88148,,,,,,,,,147.1,147.1,146.9,148.3,,,144.6,144.7,,143.8,141.9,141.2,141.6,141.9,138.4,139.3,139.8,139.8,137.1,138.8,137.3,137.3,137.1,,136.7,,134.7,,,,,,,,,,,,,,,,,,,,,,,,,,,,,,,,,,,,,,134.7,-8.18,-5.73,22
3927df9d-0ec3-43c0-bd7b-603e4fea0e47,2025-02-16 06:57:59.694,117.480328,117.480328,,,,,,,117.7,117.7,117.1,117.1,117.4,117.3,118.1,117.5,118.5,117.5,117.9,117.4,117.7,117.9,,117.6,116.5,115.8,116.5,116.3,116.5,115.9,115.5,115.5,116.4,116.0,116.1,117.0,116.5,115.3,115.3,115.7,115.6,116.0,,,,,,,,,,,,,,,,,,,,,,,,,,,,,,,,,116.0,-1.48,-1.26,33
53f36e08-f085-4698-83d8-398a67623b8f,2025-03-31 15:27:46.155,140.61352,140.61352,,136.0776,135.4,134.7,133.3,132.8,133.0,133.4,133.8,133.9,135.6,,136.7,,,,,137.3,137.3,,136.9,,,,,,,,138.0,138.7,,,,,,,,,,,,,,,,,,,,,,,,,,,,,,,,,,,,,,,,,,,138.7,-1.91,-1.36,16
42bdeb09-e6e4-4df6-8c34-9826bccb26b9,2025-02-26 04:56:37.404,123.830616,123.830616,,,,123.0,122.4,125.1,,123.9,122.1,,123.1,,,,,120.5,,119.5,,,,119.3,,,,,113.3,117.1,,,,114.7,,114.1,114.1,,114.9,,,,,,,,,,,,,,,,,,,,,,,,,,,,,,,,,,,,114.9,-8.93,-7.21,15
4f9a1aef-f005-4cb2-9b85-f414497a5ec7,2025-01-05 18:39:20.062,99.79024,99.79024,,,,,,,103.3,103.7,103.7,102.9,99.8,,,105.3,105.6,105.2,,,,,,,,,,101.0,,,,99.2,,,,,,95.9,,,,,,94.347136,,,,,,90.264808,,,,,,,,,,,,,,,,,,,,,,,,,90.264808,-9.53,-9.55,13
0dafe6cb-3a06-47fb-8ef0-5f343e2804c9,2025-01-27 22:15:30.524,113.398,113.398,,,,,,,,,,,,,,38.9,107.4,107.6,,90.0,108.8,108.9,101.7,108.5,107.4,107.6,43.7,,108.4,,,,,,87.7,,,107.7,,,,109.6,,,,,,,,,,,,,,,,,,,,,,,,,,,,,,,,,109.6,-3.8,-3.35,15
6d783e22-b8d0-4810-a9ae-9849f59d900a,2025-05-13 20:42:19.304,112.944408,112.944408,,,110.9,111.0,110.6,110.7,,110.0,109.7,108.4,,109.7,107.7,,,,,,108.8,,,108.3,108.0,,,,,,,,,,,,,,,,,,,,,,,,,,,,,,,,,,,,,,,,,,,,,,,,,,108.0,-4.94,-4.38,12
b9a5b5c8-b8d9-4333-a646-0ce4617a9d6c,2025-02-18 18:58:40.657,147.870992,147.870992,,148.9,146.0,145.9,144.695848,,143.8,144.1,141.8,,143.3,141.7,,141.7,,142.4,140.6,141.4,,140.2,140.2,138.7,,138.2,,,,138.9,138.4,137.8,137.9,,137.891968,,,,,138.5,,,,,,,,,,,,,,,,,,,,,,,,,,,,,,,,,,,138.5,-9.37,-6.34,23
7aecda2d-c6b6-4be8-8fe5-78aa592cb635,2025-01-09 17:01:32.168,116.573144,116.573144,,,,,118.9,117.0,118.4,118.5,117.8,116.3,,117.1,117.1,,115.6,116.1,114.7,114.2,,115.6,,114.6,,,113.18934768,,,,115.4,113.851592,,,,115.6,113.1,114.5,,,,,,113.851592,,,,,113.398,,,,,,,,,,,,,,,,,,,,,,,,,,113.398,-3.18,-2.72,22
c426df66-ae51-4969-a932-6b1db4a7b619,2025-04-07 20:57:15.188,122.46984,122.46984,,,,,,,,,,,,,,,127.459352,126.9,129.6,126.9,,127.5,126.5,125.7,,127.3,125.2,124.2,,123.4,128.5,,,,,,,,,,,,,,,,,,,,,,,,,,,,,,,,,,,,,,,,,,,,128.5,6.03,4.92,12
3d5cf4a5-e0fd-4bc5-9f0a-a6b16ba3cac2,2025-05-14 02:46:10.274,145.14944,145.14944,145.60303199999998,145.60303199999998,146.6,144.8,145.6,146.4,144.9,144.3,143.2,141.5,131.6,141.7,141.8,144.3,141.9,140.8,140.0,142.3,137.9,138.5,137.8,136.8,137.7,,,,,,,,,,,,,,,,,,,,,,,,,,,,,,,,,,,,,,,,,,,,,,,,,,137.7,-7.45,-5.13,23
5604bd1c-8d2e-445f-bab7-6efd8676dfc7,2025-03-19 20:26:55.794,137.891968,137.891968,,,,,,,,136.9,137.4,137.7,137.1,139.1,138.1,137.4,135.6,136.6,135.6,135.9,,136.8,134.9,135.0,,,,,,,,,,136.8,,,,,,,,,,,,,,,,,,,,,,,,,,,,,,,,,,,,,,,,,136.8,-1.09,-0.79,15
24d07f28-c5fb-4d78-9d99-ac5b56f69e5d,2025-02-12 16:51:33.753,146.056624,146.056624,,,144.4,,146.4,147.0,146.3,,148.1,,,152.4,,147.5,,153.6,,,,,,,153.9,,,,155.1,,153.9,,,154.9,149.4,,147.7,147.5,146.1,,145.3,147.5,,,,,,,,,,,,,,,,,,,,,,,,,,,,,,,,,147.5,1.44,0.99,18
3318b37d-1617-464b-a851-eb7d0c55134a,2025-02-24 18:35:57.411,106.59412,106.59412,,106.1,107.9,107.3,107.6,107.6,108.5,108.0,107.8,107.8,108.8,108.2,109.2,108.7,109.8,109.7,110.3,107.3,106.5,105.6,105.2,103.3,85.6,100.7,99.8,100.7,100.9,99.7,98.0,,97.975872,97.3,96.7,97.0,95.6,95.0,93.6,93.3,,,,,,,,,,,,,,,,,,,,,,,,,,,,,,,,,,,93.3,-13.29,-12.47,36
2d815283-5240-4776-9c75-a8c7cddaa320,2025-01-07 22:14:36.380,115.66596,115.66596,,,,116.1,114.1,116.1,113.4,114.7,114.5,114.0,114.4,115.4,114.8,116.5,115.9,,116.0,118.7,118.3,118.3,71.6,115.6,117.0,119.7,117.4,118.4,118.4,117.3,115.3,117.2,117.4,119.1,116.2,,116.1,113.5,115.4,115.4,96.5,115.0,114.2,115.5,115.3,114.5,113.9,112.1,112.5,112.4,,,,,,,,,,,,,,,,,,,,,,,,,112.4,-3.27,-2.82,43
b6f84f62-496b-401f-8a18-9536c6d40a5c,2025-05-14 02:36:10.753,181.4368,181.4368,,,,179.3,178.8,179.5,179.0,180.7,179.4,179.6,181.9,180.2,180.2,178.0,179.4,181.3,,,180.5,,,175.6,,,,,,,,,,,,,,,,,,,,,,,,,,,,,,,,,,,,,,,,,,,,,,,,,,,175.6,-5.84,-3.22,15
0a99526a-bdaa-4a82-9fd3-5c59b5a2162d,2025-01-06 16:29:08.551,75.296272,75.296272,72.121128,74.7,73.481904,73.9,75.6,74.5,74.6,72.7,75.0,74.7,,74.2,73.481904,75.0,74.3,74.9,,,,,74.0,,74.6,73.0,73.2,,73.5,,,,,73.1,73.9,73.5,,,,,,,,,,,,71.3,,,,,,,,,,,,,,,,,,,,,,,,,,,71.3,-4.0,-5.31,24
4e022787-0189-429f-9d2b-e200dd7bb9bb,2025-01-18 23:59:58.058,181.4368,181.4368,,,179.16884,178.9,176.6,177.1,170.2,,177.9,180.1,178.9,179.8,179.6,176.9915984,177.0,,177.15942744,,176.1,175.086512,174.0,173.9,,172.6,,174.7,,170.4,172.7,,,,169.0,169.5,,169.189816,,,165.107488,165.8,164.2,165.7,,,,,,,,,,,,,,,,,,,,,,,,,,,,,,,165.7,-15.74,-8.67,28
e411992f-dc01-44a7-8df3-46b1fafb852a,2025-01-06 17:48:19.367,156.035648,156.035648,,,157.396424,158.4,157.4,155.5,156.8,154.9,153.5,153.2,153.1,153.3,151.7,152.0,151.8,150.4,149.2,150.0,148.1,149.1,147.7,147.6,147.7,147.4,144.3,144.3,142.1,145.1,145.2,141.6,142.4,143.6,144.5,145.6,146.4,145.8,145.6,146.056624,,,146.7,,,148.2,148.5060208,,,,,,,,,,,,,,,,,,,,,,,,,,,,148.5060208,-7.53,-4.83,39
a8c19d90-3795-4af9-a7ed-30e19cdaa077,2025-01-19 14:16:14.243,136.531192,136.531192,,137.6,135.6,134.0,132.0,131.7,132.2,132.0,132.7,130.1,131.2,130.5,129.0,129.7,,129.5,128.2,128.9,127.6,128.8,128.8,126.5,126.2,128.4,63.7,125.9,126.1,126.2,124.6,,125.7,,124.0,123.0,126.1,124.3,122.4,119.5,121.2,120.2,121.6,,,122.0,,,,,,,,,,,,,,,,,,,,,,,,,,,,,122.0,-14.53,-10.64,38
6f0745db-a4c1-4832-ab6c-db2f612796f9,2025-03-28 15:27:06.545,86.18248,86.18248,,,,,,85.8,87.9,86.4,,,,,,65.1,,66.6,,68.0,67.5,70.2,,,66.8,,,86.2,85.2,83.6,82.2,81.7,80.9,80.4,,,,,,,,,,,,,,,,,,,,,,,,,,,,,,,,,,,,,,,,,80.4,-5.78,-6.71,16
49fa9a97-3af4-4b6c-8394-2f8170b99512,2025-05-13 19:03:55.652,102.965384,102.965384,,,,102.0582,104.1,101.9,101.7,102.5,102.1,102.3,103.2,102.7,102.1,102.1,102.3,102.3,102.8,102.5,100.9,101.6,100.7,100.3,100.5,,,,,,,,,,,,,,,,,,,,,,,,,,,,,,,,,,,,,,,,,,,,,,,,,,100.5,-2.47,-2.39,20
c35a6534-f7de-4d2d-9523-cea3ddbb757a,2025-05-15 04:14:23.668,95.25432,95.25432,,,,99.4,95.2,94.4,95.1,95.5,95.1,95.4,95.8,95.9,96.0,96.0,97.0,96.7,97.1,97.4,96.3,97.1,95.4,96.5,,,,,,,,,,,,,,,,,,,,,,,,,,,,,,,,,,,,,,,,,,,,,,,,,,,96.5,1.25,1.31,19
f70fec98-31cc-4c12-a618-a49b5babc57a,2025-04-22 01:01:29.295,95.707912,95.707912,,,,,,,95.6,94.9,95.4,95.3,94.5,94.7,94.9,94.4,93.9,93.0,93.7,92.4,93.5,92.5,93.1,93.1,93.8,92.3,93.1,92.8,92.1,,,,,,,,,,,,,,,,,,,,,,,,,,,,,,,,,,,,,,,,,,,,,,92.1,-3.61,-3.77,21
5e805f1c-0588-4ae6-adff-023d3745dc58,2025-04-03 19:10:40.385,111.13004,111.13004,,110.222856,108.408488,109.315672,108.408488,108.86208,109.315672,108.86208,107.047712,107.047712,106.59412,,108.408488,107.954896,106.59412,106.140528,104.779752,104.779752,,105.686936,,104.32616,103.872568,103.418976,102.965384,101.604608,101.604608,100.697424,101.6,99.1,97.9,,,,,,,,,,,,,,,,,,,,,,,,,,,,,,,,,,,,,,,,,,97.9,-13.23,-11.91,27
2121ab6d-15e3-478b-809c-f28b73ffacd5,2025-06-10 21:57:30.733,107.954896,107.954896,,,,,,,110.0,108.1,108.8,68.8,106.2,106.7,106.1,105.2,106.4,106.0,105.2,,,,,,,,,,,,,,,,,,,,,,,,,,,,,,,,,,,,,,,,,,,,,,,,,,,,,,,,105.2,-2.75,-2.55,11
bf0dd3bf-ee10-4051-ba46-c8e50a88b38b,2025-01-25 20:03:50.234,115.66596,115.66596,,115.66596,115.66596,116.9,116.5,116.4,115.0,114.7,115.0,114.9,,114.6,,113.2,112.5,113.1,,112.6,112.4,112.2,112.4,110.8,112.0,,110.8,,,,109.6,,109.769264,110.4,109.4,,107.6,109.4,,,,,,106.9,106.2,103.4,,,,,,,,,,,,,,,,,,,,,,,,,,,,,103.4,-12.27,-10.6,29
139c1b97-fc03-4806-b5e3-1786a03ac30f,2025-01-17 19:52:17.479,120.20188,120.20188,,,119.1,117.7,,118.5,118.2,,119.0,120.0,,122.0,120.7,121.6,,121.1,,,122.2,,,123.0,,120.4,,,119.2,,119.4,118.6,117.5,117.0,116.1,115.9,115.1,114.2,113.6,113.8,,113.2,,111.2,111.13004,110.3,109.5,,,,,,,,,,,,,,,,,,,,,,,,,,,,109.5,-10.7,-8.9,29
de0cbe4e-6019-4b7f-b436-63bf19fe1049,2025-01-09 20:17:27.075,147.4174,147.4174,,,,,,,,,,,,,,,,155.9,158.3,155.1,153.3,149.6,150.5,148.2,149.7,147.5,148.0,146.8,147.4,145.9,147.1,147.0,145.1,144.3,146.6,143.7,141.6,143.4,144.1,144.8,143.8,142.3,141.2,141.5,143.1,143.6,143.5,140.6,142.9,,,,,,,,,,,,,,,,,,,,,,,,,,142.9,-4.52,-3.06,32
ca82295b-b1ad-4037-9403-a920cb2f482e,2025-01-29 14:15:06.035,128.366536,128.366536,,,,,132.6,130.7,,134.6,135.4,,,132.9,133.2,,,136.5,,,,137.1,141.0,137.3,,136.6,137.8,137.7,136.9,137.6,135.4,132.1,133.0,39.4,132.3,131.995272,131.6,131.0,129.1,128.1,123.9,,,127.3,127.2,,,,,,,,,,,,,,,,,,,,,,,,,,,,,,127.2,-1.17,-0.91,28
5d0f8b73-def5-4b49-86db-9ec2024d4d3e,2025-01-11 19:07:48.385,83.007336,83.007336,,,,81.6,80.9,81.0,80.5,80.3,81.6,80.5,79.7,79.4,79.5,79.7,79.6,79.2,78.9,79.0,79.1,79.0,78.7,78.8,78.0,78.7,79.0,77.8,78.7,78.3,78.0,77.8,77.7,78.0,78.0,78.5,78.1,78.2,79.0,78.2,78.7,78.7,78.4,78.7,79.2,79.5,78.8,78.7,78.6,,,,,,,,,,,,,,,,,,,,,,,,,,78.6,-4.41,-5.31,44
e991c159-2965-479d-895d-4bb673a6bf9b,2025-01-23 19:56:56.208,113.398,113.398,115.66596,,114.4,,112.8,112.2,,111.4,110.1,108.8,,,106.9,,,104.4,,,103.0,102.511792,,,,,100.697424,,,,,89.58442,90.8,,,,,91.3,90.7,,,,,,89.9,,,,,,,,,,,,,,,,,,,,,,,,,,,,,,89.9,-23.5,-20.72,17
479be2e1-ac86-4f57-998d-a46ad72f85e3,2025-05-27 21:03:58.626,170.097,170.097,,,173.7,174.1,174.0,171.7,172.4,171.8,170.5,170.9,170.6,169.5,169.8,169.6,169.8,,171.0,170.9,169.7,167.3,,,,,,,,,,,,,,,,,,,,,,,,,,,,,,,,,,,,,,,,,,,,,,,,,,,,,167.3,-2.8,-1.64,17
a8c127fd-65d5-4fe9-ab0a-96e9141351e9,2025-02-03 21:12:52.412,152.860504,152.860504,152.406912,150.592544,150.592544,151.499728,150.138952,149.68536,148.778176,148.778176,148.778176,147.870992,147.870992,148.778176,148.324584,147.870992,146.510216,146.510216,146.056624,146.056624,143.335072,144.5,142.7,141.5,141.4,141.067112,137.6,136.4,136.9,135.3,135.6,134.4,134.2,134.1,133.4,132.0,131.0,132.1,131.3,126.1,129.7,127.9,126.8,125.5,,,,,,,,,,,,,,,,,,,,,,,,,,,,,,,125.5,-27.36,-17.9,42
4310d401-90e0-4172-8161-4ec71aad41b5,2025-04-09 20:29:26.132,123.377024,123.377024,,,,126.0,123.6,120.4,117.9,121.5,,122.5,122.0,,122.8,,,,123.7,,,,,,,,,,123.7,,66.8,,,,,,,,,,,,,,,,,,,,,,,,,,,,,,,,,,,,,,,,,,,,66.8,-56.58,-45.86,11
97beed83-daa4-4ec6-9e2f-89de50178290,2025-01-06 17:11:13.003,141.520704,141.520704,,,,,,,,146.9,144.9,145.9,146.6,145.8,146.3,144.9,146.0,145.9,144.7,143.7,145.1,143.2,142.9,142.1,142.0,142.0,140.3,140.2,140.7,139.7,138.0,137.6,137.1,136.7,136.7,135.9,135.9,,,,,,135.170416,,,,,,,134.263232,,,,,,,,,,,,,,,,,,,,,,,,,134.263232,-7.26,-5.13,30
caec6054-c7a9-41cd-b511-68a5e050befe,2025-01-04 11:59:35.899,113.398,113.398,,,,,,,,,,,112.0,,113.7,112.3,,,,112.7,,,,,112.1,,,,,,,112.7,,,,115.8,115.6,,,115.7,,116.3,117.7,117.1,115.3,,113.6,112.2,108.7,111.583632,,,,,,,,,,,,,,,,,,,,,,,,,111.583632,-1.81,-1.6,17
83c7cc8c-1a90-41a7-8a9b-f7fab9be7f6f,2025-03-31 18:11:48.602,238.589392,238.589392,,,,,,,,,,,,,,,,,,,,,,228.6,227.3,225.6,225.8,224.5,222.4,219.5,219.6,219.9,217.9,,,,,,,,,,,,,,,,,,,,,,,,,,,,,,,,,,,,,,,,,,217.9,-20.69,-8.67,10
26040ede-18cc-4ced-b6da-be269f3dab8d,2025-02-16 03:44:27.384,131.54168,131.54168,,,133.3,129.3,129.8,130.0,129.9,129.7,131.2,130.6,128.8,126.9,126.9,126.4,123.3,124.8,124.3,124.0,124.6,125.3,,125.5,,,,,,,,,,,,,,,,,127.6,,,,,,,,,,,,,,,,,,,,,,,,,,,,,,,,,,127.6,-3.94,-3.0,20
9473cfa9-dbd3-4229-9bb5-55388e31f68e,2025-03-27 07:59:03.073,142.88148,142.88148,,,143.788664,,147.2,145.4,144.8,145.4,144.0,144.2,147.3,147.4,146.9,,147.6,148.1,147.2,146.9,147.8,147.6,148.0,,150.1,150.4,146.3,147.0,146.1,146.3,147.4,147.1,144.8,145.3,,,,,,,,,,,,,,,,,,,,,,,,,,,,,,,,,,,,,,,,,145.3,2.42,1.69,27
c16745c9-5d66-4e28-a0f8-6fdcf7c0ed7c,2025-01-31 16:44:48.403,70.30676,70.30676,,,,,,,,66.6,65.8,64.8,64.2,64.2,63.9,64.3,63.0,62.5,63.0,62.4,62.7,62.0,61.2,61.2,60.6,61.7,60.1,59.8,59.2,59.6,60.2,58.8,58.8,58.2,58.2,58.2,59.3,58.3,57.8,56.9,57.8,57.1,57.8,,,,,,,,,,,,,,,,,,,,,,,,,,,,,,,,57.8,-12.51,-17.79,34
edf1fdd6-43b6-419e-81f2-0d6515b909cd,2025-01-06 00:12:05.474,97.068688,97.068688,,,,,,97.4,98.6,94.1,95.3,94.5,93.0,95.3,94.5,93.6,94.3,96.5,91.6,93.0,91.1,90.8,93.4,93.1,92.1,90.9,91.0,92.6,91.4,90.9,93.1,93.1,93.9,91.4,92.1,91.8,91.4,,94.1,92.8,90.3,91.8,90.3,91.9,92.9,92.2,89.8,91.3,,,,,,,,,,,,,,,,,,,,,,,,,,,91.3,-5.77,-5.94,40
a64b8cf2-5160-4339-be82-d1780d2feb76,2025-05-14 20:07:57.637,138.34556,138.34556,,,,140.70423839999998,143.9,142.8,140.1,138.7,135.4,134.3,135.2,134.1,133.0,132.7,134.0,132.0,131.2,129.8,128.1,128.1,128.1,128.0,,,,,,,,,,,,,,,,,,,,,,,,,,,,,,,,,,,,,,,,,,,,,,,,,,,128.0,-10.35,-7.48,19
35e1f673-627f-4b3d-98f2-a37a8a99cfd7,2025-01-07 22:40:28.413,129.27372,129.27372,,130.8,131.8,131.1,130.7,130.5,,,,130.5,,,,,132.2,131.6,131.3,,131.2,,,,,131.0,,132.4,133.1,,130.8,,132.0,132.9,,,,132.7,131.6,129.5,128.6,127.4,127.6,126.1,125.7,,123.1,122.7,,121.6,,,,,,,,,,,,,,,,,,,,,,,,,121.6,-7.67,-5.94,27
5d51f11a-5e6e-4ee2-9a6b-c97f9246aaff,2025-02-21 05:30:35.118,119.294696,119.294696,,,123.0,125.1,121.3,120.7,119.8,118.8,117.1,117.8,118.3,119.9,118.7,120.1,118.1,118.4,118.6,118.4,118.9,117.9,118.0,118.4,119.4,116.9,116.2,117.0,117.0,115.5,116.0,115.0,113.8,113.2,113.5,114.0,113.3,112.8,112.3,109.769264,,,,,,,,,,,,,,,,,,,,,,,,,,,,,,,,,,,109.769264,-9.53,-7.98,36
29970eac-60f7-4aa7-989a-98aa50a6411e,2025-02-17 07:55:53.269,,,,109.3,110.1,108.8,110.6,,110.0,,,107.6,109.4,,110.7,111.3,,108.4,110.0,109.3,,112.5,110.7,109.7,109.4,,,109.5,108.6,107.9,107.6,106.4,,105.3,104.0,102.0,,102.8,102.2,101.7,100.5,,,,,,,,,,,,,,,,,,,,,,,,,,,,,,,,,,100.5,,,28
327a9371-4978-410c-9914-d8408d757948,2025-03-30 18:19:38.826,111.13004,111.13004,,,,,,,,,,108.6,,108.2,106.2,104.4,107.9,,104.3,104.5,,104.6,98.883056,,99.0,98.8,97.7,,96.615096,,97.2,,96.3,,,,,,,,,,,,,,,,,,,,,,,,,,,,,,,,,,,,,,,,,,96.3,-14.83,-13.34,15
692163ce-b6a0-4904-b7d6-e7c27ceef17e,2025-05-13 16:10:04.143,214.095424,214.095424,,,,,,,217.4,216.1,213.3,213.4,210.3,213.0,209.9,208.6,208.1,207.9,207.2,208.0,207.2,206.2,207.4,205.8,206.0,,,,,,,,,,,,,,,,,,,,,,,,,,,,,,,,,,,,,,,,,,,,,,,,,,206.0,-8.1,-3.78,17
5c9e61c0-66c3-48b8-8ead-758687b338b4,2025-02-03 19:11:47.025,179.622432,179.622432,,,176.5,,173.7,174.5,,173.8,172.818552,171.7,,170.6,169.9,170.3,,169.2,170.0,,168.6,168.0,166.8,167.8,166.4,167.2,,166.2,,,,164.1,,165.6,163.7,163.1,163.9,,163.0,,163.1,,,,,,,,,,,,,,,,,,,,,,,,,,,,,,,,,,163.1,-16.52,-9.2,25
84016337-36eb-478b-adad-ebfa311e28c6,2025-01-03 20:21:01.095,101.151016,101.151016,100.697424,,100.5,100.3,100.8,100.7,98.9,98.6,99.3,98.0,98.4,97.9,97.9,98.6,97.9,98.8,98.9,98.2,98.0,98.1,97.8,,98.3,99.2,99.4,,101.9,,,,,,,,,,,,,106.7,,,,,,,,,,,,,,,,,,,,,,,,,,,,,,,,,106.7,5.55,5.49,25
a2318c73-d025-4ac9-942a-29fddae41c72,2025-05-10 12:59:37.885,99.79024,99.79024,,,,,,,,,96.1,96.7,97.2,96.7,96.3,,96.7,94.3,94.6,94.8,94.9,93.7,93.8,,92.6,,,,,,,,,,,,,,,,,,,,,,,,,,,,,,,,,,,,,,,,,,,,,,,,,,92.6,-7.19,-7.21,13
0a2f84f9-b444-4543-965f-10fc31bb00be,2025-05-15 21:50:38.242,101.604608,101.604608,,,102.6,,101.6,102.9,101.1,,100.4,100.8,,98.6,99.0,96.6,96.615096,,,,95.7,94.0,91.9,,,,,,,,,,,,,,,,,,,,,,,,,,,,,,,,,,,,,,,,,,,,,,,,,,,,91.9,-9.7,-9.55,13
8756c8df-9610-439b-9237-bdd44e8c73c5,2025-01-03 12:06:00.086,124.7378,124.7378,,129.5,127.6,126.4,125.8,124.7,124.1,122.7,120.9,124.3,124.5,123.0,123.4,122.8,121.4,121.2,125.1,125.4,119.6,119.5,123.2,114.7,105.9,112.5,111.5,109.5,108.6,110.2,113.2,,,,,,109.4,,106.3,105.2,,104.3,106.9,48.7,105.3,,,,,,,,,,,,,,,,,,,,,,,,,,,,,,105.3,-19.44,-15.58,35
28db7f50-9581-4141-a02b-6175e6a41e56,2025-03-04 19:51:13.500,163.29312,163.29312,,,,,,,,,,,,160.4,158.9,156.0,156.0,156.2,,156.0,,153.3,85.8,139.2,152.4,151.9,152.6,,151.2,150.7,150.5,149.6,149.1,,,149.1,149.5,,,,,,,,,,,,,,,,,,,,,,,,,,,,,,,,,,,,,,149.5,-13.79,-8.45,19
b0dc9831-29ed-4880-b65d-6ad37593dbd4,2025-05-13 19:20:01.664,83.460928,83.460928,,,,81.8,80.2,,82.9,81.3,61.9,80.8,83.6,82.0,80.9,82.1,83.6,83.7,83.8,82.8,82.3,82.4,83.3,82.3,,,,,,,,,,,,,,,,,,,,,,,,,,,,,,,,,,,,,,,,,,,,,,,,,,,82.3,-1.16,-1.39,18
6ce659b3-e57c-4113-8f77-815f6b48aec8,2025-01-20 22:01:15.596,145.60303199999998,145.60303199999998,,,,146.6,146.8,147.5,145.4,145.2,144.7,145.2,143.3,139.0,138.7,138.5,140.2,139.9,139.7,140.1,139.3,139.4,138.6,138.5,139.6,137.3,137.9,,136.4,137.5,138.1,139.5,136.8,137.9,139.4,137.9,138.7,140.0,139.6,,139.8,139.5,138.3,138.4,139.0,138.2,137.4,,,,,,,,,,,,,,,,,,,,,,,,,,,,137.4,-8.2,-5.63,40
7de0166e-8bfd-4cb1-ba17-3f83b54d2a3f,2025-03-11 18:25:29.723,124.284208,124.284208,,121.6,120.6,120.7,121.1,119.7,119.2,118.7,118.8,118.9,118.0,116.9,115.7,115.8,114.6,114.2,113.2,112.9,113.0,112.3,111.5,111.0,110.7,109.9,110.1,,109.2,108.9,,,107.5,,107.9,,106.5,,,,,,,,,,,,,,,,,,,,,,,,,,,,,,,,,,,,,,106.5,-17.78,-14.31,29
29245b9b-02f0-42aa-bfb4-4a20f60535da,2025-01-24 22:18:57.426,106.59412,106.59412,102.965384,104.32616,,102.965384,102.511792,101.7,101.5,101.5,100.5,100.0,100.3,99.9,99.6,98.7,99.5,99.5,,97.6,97.5,97.8,98.0,97.1,97.0,98.0,96.5,95.7,96.5,97.1,98.2,98.6,97.8,98.3,98.8,98.3,97.2,97.4,97.2,96.9,96.6,,,96.2,97.7,96.4,95.9,,,,,,,,,,,,,,,,,,,,,,,,,,,,95.9,-10.69,-10.03,41
a5742f8e-7b7f-4768-9576-4827fa8ecc90,2025-01-17 06:08:31.933,174.63291999999998,174.63291999999998,,,,,171.911368,,,,,,174.8,,,,75.6,,77.2,,,,73.3,,,,,,170.8,75.2,,75.2,174.6,,176.8,,76.9,174.7,,74.9,,,,175.3,75.3,,,76.0,,,,,,,,,,,,,,,,,,,,,,,,,,,76.0,-98.63,-56.48,16
33653d72-c99f-44c9-a0cd-b0bdb6a751f0,2025-01-03 22:27:09.256,109.769264,109.769264,,,,108.6,108.1,108.0,107.0,108.3,,,107.1,105.8,105.2,104.8,,104.7,103.4,,,101.7,101.3,,,100.5,,,,,,,,,,,102.4,,101.7,,,99.7,,,97.9,95.7,95.7,94.5,94.4,,,,,,,,,,,,,,,,,,,,,,,,,,94.4,-15.37,-14.0,22
aba796ec-50b5-499b-84c6-34d84078304a,2025-03-04 21:06:52.604,90.7184,90.7184,,,,,91.5,90.9,90.2,90.6,89.1,,,,89.811216,,,,,,85.7,85.4,,84.5,,85.8,,84.3,83.91452,,,84.9,84.6,,,85.2,,,,,,,,,,,,,,,,,,,,,,,,,,,,,,,,,,,,,,,85.2,-5.52,-6.08,15
3a5f3c38-ef05-490a-86ca-d0478cd4fec3,2025-05-22 23:05:23.861,99.79024,99.79024,,,,,,,98.1,97.0,96.8,96.5,97.8,95.6,95.2,95.4,97.6,94.7,92.0,94.7,95.0,91.1,,,,,,,,,,,,,,,,,,,,,,,,,,,,,,,,,,,,,,,,,,,,,,,,,,,,,91.1,-8.69,-8.71,14
62cfa3a2-9d3b-44f1-b8d2-e5c306901255,2025-02-01 22:50:19.848,103.872568,103.872568,,,,,,107.5,,105.5,,,,,,,,110.5,114.5,,110.3,,,,,,,,,,,115.7,114.7,,112.3,111.7,111.0,111.5,111.1,109.8,112.0,109.7,109.6,109.8,109.1,,,,,,,,,,,,,,,,,,,,,,,,,,,,,,109.1,5.23,5.03,18
d15492b7-908a-4778-98a0-ac2f715dad91,2025-03-17 21:26:06.392,127.459352,127.459352,,,126.6,,126.0,,126.6,121.7,,119.7,120.0,119.7,118.4,,117.4,117.1,117.2,115.8,115.4,,,116.4,112.9,112.6,113.9,110.7,,111.2,111.0,,,109.3,106.9,,,,,,,,,,,,,,,,,,,,,,,,,,,,,,,,,,,,,,,,106.9,-20.56,-16.13,22
5158935d-2d7a-454e-a19a-99ab6e1bbea3,2025-04-09 14:30:00.791,147.870992,147.870992,,149.4,146.4,144.2,142.8,144.2,145.4,147.1,144.2,145.9,145.2,,148.8,,,145.6,,146.3,146.7,,148.1,143.4,141.7,139.9,141.1,140.8,140.6,140.7,138.6,138.0,,,,,,,,,,,,,,,,,,,,,,,,,,,,,,,,,,,,,,,,,,,138.0,-9.87,-6.68,24
c405c9b5-b2ec-47a8-a5a1-ed47ab6f20af,2025-05-02 20:09:32.229,134.716824,134.716824,,,,,,135.7,135.6,135.1,135.8,134.3,134.8,135.3,135.1,135.5,135.7,135.7,93.6,92.4,89.2,132.7,132.4,135.1,135.5,134.1,134.2,,,,,,,,,,,,,,,,,,,,,,,,,,,,,,,,,,,,,,,,,,,,,,,,134.2,-0.52,-0.38,20
3ed827d0-ff26-4a89-b0a2-a52a0fa17724,2025-03-06 15:45:16.368,138.34556,138.34556,,,140.0,138.1,,139.3,139.3,140.7,141.3,,,,138.8,,141.8,,,142.0,,,,,,,143.3,,,,,143.3,,,140.8,139.7,137.9,136.2,,,,,,,,,,,,,,,,,,,,,,,,,,,,,,,,,,,,,136.2,-2.15,-1.55,15
6592ed88-7053-4cdc-9ef4-1596d52188cf,2025-01-06 23:13:26.352,124.7378,124.7378,,,,,127.3,127.7,125.8,126.0,125.7,124.0,124.3,123.3,122.9,122.7,122.6,122.3,120.7,121.2,120.8,118.8,118.2,118.0,117.6,117.0,116.0,115.7,115.0,114.6,113.3,112.7,112.4,112.1,111.9,109.3,109.1,108.8,106.9,107.0,107.1,106.3,105.2,105.0,107.6,106.0,105.2,104.3,102.3,102.0,,,,,,,,,,,,,,,,,,,,,,,,,102.0,-22.74,-18.23,44
61680dc9-dd39-41d4-b42d-ef6fd943d46b,2025-02-05 00:50:08.850,108.86208,108.86208,,107.6,106.5,106.1,105.5,105.6,,105.5,62.7,,104.4,105.5,104.8,105.2,105.6,105.8,105.9,105.9,104.2,,103.1,,102.4,,102.3,101.0,,,102.0,99.4,,,,99.0,,97.9,,,,96.4,96.3,94.5,,,,,,,,,,,,,,,,,,,,,,,,,,,,,,,94.5,-14.36,-13.19,27
ea95f197-8953-4789-a473-99f6ebec2122,2025-01-05 03:40:40.366,96.615096,96.615096,,,,94.2,94.3,95.1,,93.6,94.3,,94.2,92.7,92.5,,91.2,91.3,,91.0,89.9,,,91.0,88.3,,88.0,88.3,87.8,86.1,86.5,87.5,,85.6,85.1,,85.2,83.0,82.7,,81.6,81.0,,81.0,80.4,79.9,,80.0,79.2,,,,,,,,,,,,,,,,,,,,,,,,,,79.2,-17.42,-18.03,32
2d78c3b9-22bb-4109-9d62-a1b6fb703e4a,2025-05-27 23:12:23.598,124.7378,124.7378,,,,,,,,120.6,120.3,118.8,118.1,118.2,117.5,116.5,115.5,115.4,114.6,114.3,114.1,113.1,,,,,,,,,,,,,,,,,,,,,,,,,,,,,,,,,,,,,,,,,,,,,,,,,,,,,113.1,-11.64,-9.33,13
75e08996-6b9d-4343-96af-9d0a5c0e72ef,2025-01-01 18:36:09.251,71.213944,71.213944,74.389088,,,,,76.1127376,,75.0,74.2,73.6,,74.4,,72.7,,,73.9,,,,74.6,72.3,75.7,75.9,78.1,73.2,,73.9,,,,,,,,,,74.6,,,74.389088,,75.7,,,73.481904,75.3,76.5,,,,,,,,,,,,,,,,,,,,,,,,,76.5,5.29,7.42,21
02d802e1-cea0-4422-9bfa-58acc9311687,2025-01-09 20:49:48.807,128.820128,128.820128,,,128.1,126.9,126.5,124.9,123.8,123.8,122.5,121.9,121.5,122.2,121.6,121.0,120.8,118.3,118.0,116.7,117.1,114.6,114.3,115.3,113.4,111.9,111.7,111.6,110.0,111.4,,,111.4,108.8,110.6,109.5,108.9,109.3,108.3,106.6,106.6,106.9,104.6,104.5,104.9,103.9,102.8,102.9,102.6,101.7,,,,,,,,,,,,,,,,,,,,,,,,,101.7,-27.12,-21.05,44
6fb989bc-59ad-4edd-83d4-a6477e43accd,2025-01-08 18:08:10.658,140.61352,140.61352,,,137.891968,136.4,136.2,135.3,134.9,134.6,133.8,134.0,132.6,132.5,131.6,132.4,132.5,132.8,129.4,129.9,129.8,129.2,,131.1,130.7,129.3,129.8,129.6,129.6,130.3,130.0,129.8,129.7,128.9,129.7,129.1,128.7,128.6,127.9,126.3,126.2,127.5,127.1,125.3,123.6,124.7,125.5,122.7,124.9,123.4,,,,,,,,,,,,,,,,,,,,,,,,,123.4,-17.21,-12.24,45
9f48b55c-897b-4a70-ae32-442a745755e3,2025-04-09 01:56:05.676,112.490816,112.490816,,108.5,107.9,106.8,104.7,103.0,101.7,105.3,103.3,102.9,102.4,101.6,101.1,101.7,102.0,100.8,99.9,100.3,98.2,98.1,97.9,97.7,96.2,95.0,97.975872,97.5,97.4,92.0,94.9,95.1,,,,,,,,,,,,,,,,,,,,,,,,,,,,,,,,,,,,,,,,,,,95.1,-17.39,-15.46,29
36e045ab-423e-4887-b6e9-3f739133fae1,2025-02-19 17:23:35.328,111.13004,111.13004,,,109.6,108.0,108.1,,107.8,110.4,,109.6,107.9,,109.9,,,,110.6,,,,,,,113.6,,,,112.6,,,110.2,,,110.3,,111.2,110.0,,,,,,,,,,,,,,,,,,,,,,,,,,,,,,,,,,,,110.0,-1.13,-1.02,15
c2746833-fbb0-47ef-8d23-f4e7813164d1,2025-03-28 14:57:21.558,154.22128,154.22128,,,,,157.1,153.2,152.8,153.4,156.6,154.4,153.8,154.2,153.5,154.9,156.2,155.7,153.3,,153.8,151.9,151.5,148.1,146.3,148.9,147.5,146.8,,147.2,,141.974296,140.5,,,,,,,,,,,,,,,,,,,,,,,,,,,,,,,,,,,,,,,,,,140.5,-13.72,-8.9,24
4342e434-5fb2-4ef9-a354-a8e3743bb92f,2025-01-22 01:07:43.309,123.377024,123.377024,,,,,,,,,,,,,,,,,,,122.923432,,,,,122.1,119.6,119.8,119.4,118.8,118.4,117.5,117.2,117.1,117.7,116.3,115.6,,114.8,114.7,113.9,114.0,113.5,113.1,111.8,112.4,111.4,,,,,,,,,,,,,,,,,,,,,,,,,,,,111.4,-11.98,-9.71,22
43e022b1-5fff-4a77-9ffa-c29d772688da,2025-01-06 16:15:31.146,95.25432,95.25432,,,,,,,,100.1,99.4,,98.2,97.2,,97.5,96.6,94.9,,93.6,93.2,,93.0,92.8,92.079176,,,92.2,91.1,,,,91.0,,88.45044,87.0,,,,86.4,,,85.3,,85.1,85.0,,85.0,84.2,,,,,,,,,,,,,,,,,,,,,,,,,,84.2,-11.05,-11.61,23
5fb81ea8-8d55-4c4f-8d12-f80a4de67235,2025-01-01 22:43:12.224,154.22128,154.22128,,,,,147.4174,146.963808,146.8,145.9,145.1,145.6,145.6,144.1,141.9,142.3,141.9,140.8,140.5,140.5,139.9,138.4,137.7,,137.2,135.1,133.8,133.5,135.0,135.9,134.2,134.3,133.3,134.2,133.8,133.4,133.2,132.1,132.9,131.0,130.0,129.0,128.9,128.4,126.7,125.9,125.9,,126.8,125.7,125.7,,,,,,,,,,,,,,,,,,,,,,,,125.7,-28.52,-18.49,43
b4b8bf0c-c890-4f7f-b864-9c6e7bb21bc7,2025-05-14 20:12:11.604,141.520704,141.520704,,,130.4,119.7,,,133.7,,,131.1,,,70.9,,,71.9,,,,,71.5,,,,,,,,,,,,,,,,,,,,,,,,,,,,,,,,,,,,,,,,,,,,,,,,,,,,71.5,-70.02,-49.48,7
aba10b3b-2c5b-4e2a-9f20-601c5ead6565,2025-03-03 03:51:48.076,117.93392,117.93392,117.93392,118.6,117.2,116.0,115.3,115.2,115.6,115.7,115.6,116.8,115.9,114.9,116.0,116.4,117.0,116.7,118.3,118.4,118.4,117.1,118.8,,119.6,118.7,117.6,116.8,115.7,,114.0,113.4,112.3,113.0,112.0,112.0,111.7,109.8,109.9,,,,,,,,,,,,,,,,,,,,,,,,,,,,,,,,,,,,109.9,-8.03,-6.81,35
f98bc873-84e5-4df3-904c-781214913e33,2025-03-17 19:41:59.292,169.643408,169.643408,,,,,,,,,,,,,,,166.7,162.7,161.9,161.0,158.8,158.1,157.5,156.5,155.6,155.582056,154.0,151.9,151.8,,149.5,148.5,148.3,,144.2,144.2,,,,,,,,,,,,,,,,,,,,,,,,,,,,,,,,,,,,,,,144.2,-25.44,-15.0,18
262a29a1-ac59-4f15-8e9a-2695b388d204,2025-02-02 14:22:59.311,138.34556,138.34556,,,,139.0,139.7,138.8,,,140.3,,,139.7,140.1,140.2,140.3,,139.0,139.4,139.2,,139.8,138.7,137.6,,137.8,135.7,,136.6,136.4,135.5,,135.2,133.3,,132.6,133.0,133.0,,132.1,133.2,,132.2,,,,,,,,,,,,,,,,,,,,,,,,,,,,,,,132.2,-6.15,-4.44,27
33ac9bf1-8732-442f-9f5a-14e7a36a95bc,2025-04-14 19:38:00.452,127.00576,127.00576,,124.7,,,122.4,117.7,115.8,,113.0,113.2,63.1,,112.4,111.2,,112.0,111.8,110.7,,108.3,107.9,,106.3,107.5,103.8,,104.8,,,,,,,,,,,,,,,,,,,,,,,,,,,,,,,,,,,,,,,,,,,,,,104.8,-22.21,-17.48,18
3a23fc68-036b-4423-9c1c-4cca23d6c075,2025-06-19 21:35:13.274,145.60303199999998,145.60303199999998,144.695848,143.788664,,142.8,141.6,144.0,139.7,142.3,142.7,143.5,,145.8,143.5,141.8,,,,,,,,,,,,,,,,,,,,,,,,,,,,,,,,,,,,,,,,,,,,,,,,,,,,,,,,,,,141.8,-3.8,-2.61,12
66a543f7-7b96-4c1d-8fec-5c235110fb86,2025-02-05 22:40:02.390,89.357624,89.357624,,88.904032,87.996848,85.0,84.8,84.5,82.6,82.3,81.9,80.1,79.7,80.3,79.0,77.8,79.1,78.5,77.8,76.7,77.8,75.9,76.2,74.5,74.7,74.3,74.7,71.9,73.4,73.2,70.6,70.3,70.9,70.6,70.0,70.6,70.0,68.4,71.0,70.9,70.8,71.0,72.8,72.4,,,,,,,,,,,,,,,,,,,,,,,,,,,,,,,72.4,-16.96,-18.98,41
dd022236-8be3-4201-8c18-35d8e5fba50c,2025-01-05 02:33:20.154,99.79024,99.79024,,,,,,61.23492,61.1,61.8,61.0,61.4,62.1,60.6,61.4,61.8,60.6,,62.5,62.5,,63.3,,,,61.23492,,63.0,61.2,,,63.5,,63.3,61.7,,,,,62.1,62.3,,61.23492,,,62.2,,61.5,,,,,,,,,,,,,,,,,,,,,,,,,,,61.5,-38.29,-38.37,24
24afb0ba-93a5-4938-8aa3-31bc9cf17342,2025-01-03 07:20:00.450,167.82904,167.82904,,164.4,163.9,161.5,164.3,160.6,164.1,162.6,162.2,161.7,,,68.8,163.8,,70.4,164.6,,48.6,48.2,164.2,47.2,164.1,162.6,59.1,161.6,161.3,48.9,161.6,159.1,34.9,49.3,,,158.9,48.6,158.4,,,73.8,,155.7,156.8,,,,,157.0,,,,,,,,,,,,,,,,,,,,,,,,,157.0,-10.83,-6.45,34
e7b66c79-c092-418a-9381-0cd5fb5f2916,2025-02-25 22:48:06.838,118.841104,118.841104,,116.573144,115.66596,,112.5,,111.0,108.2,,107.5,106.4,105.4,,104.2,103.8,103.872568,103.4,101.9,,101.1,100.5,99.6,98.8,98.5,97.9,95.8,95.707912,95.2,94.6,,92.4,,93.439952,,92.5,,,91.0,,,,,,,,,,,,,,,,,,,,,,,,,,,,,,,,,,,91.0,-27.84,-23.43,27
9db9ebd0-d277-4369-8468-ea84c1bd9712,2025-01-30 23:11:38.837,115.66596,115.66596,,,,,111.6,110.4,107.4,106.4,104.8,104.1,102.0,100.8,99.8,98.8,97.7,96.1,95.6,94.3,93.0,92.7,91.5,90.2,88.6,87.8,86.1,85.4,85.2,84.1,82.4,82.4,82.1,80.8,78.8,78.8,78.0,76.7,77.3,76.5,74.5,73.8,68.1,68.0,67.6,,,,,,,,,,,,,,,,,,,,,,,,,,,,,,67.6,-48.07,-41.56,39
f8f700f6-c5c3-4236-9db7-6c3ea338bde7,2025-08-04 18:00:35.147,113.398,113.398,,106.9,108.0,107.6,107.9,107.4,,,,,,,,,,,,,,,,,,,,,,,,,,,,,,,,,,,,,,,,,,,,,,,,,,,,,,,,,,,,,,,,,,,107.4,-6.0,-5.29,5
af4b8be9-dc70-4b48-9c04-b9a9eda958f0,2025-01-23 22:59:45.300,115.212368,115.212368,,,,,115.8,117.9,116.8,117.3,,115.9,115.8,,,113.3,112.8,109.6,,109.1,107.1,107.7,108.6,109.1,107.5,106.9,106.7,105.2,,104.2,102.5,,103.8,102.7,102.5,102.3,,,100.7,,99.8,97.5,,96.3,96.7,96.3,,,,,,,,,,,,,,,,,,,,,,,,,,,,,96.3,-18.91,-16.42,30
6386c685-ad65-40d0-984a-a259c85f18d7,2025-03-28 22:42:28.691,154.22128,154.22128,,,155.0,154.6,155.0,151.5,,152.9,153.9,152.2,154.1,154.0,152.9,,153.4,152.2,151.7,,,,151.1,,152.0,151.3,147.3,148.6,148.0,,148.8,,145.9,145.1,,,,,,,,,,,,,,,,,,,,,,,,,,,,,,,,,,,,,,,,,145.1,-9.12,-5.91,22
98a4d855-5314-4a31-a99b-ef88e7a1550c,2025-01-06 12:30:09.240,145.14944,145.14944,155.582056,,154.3,,,,,153.5,155.8,151.0,150.8,151.0,150.6,150.6,146.4,146.1,145.2,143.4,142.4,141.0,139.8,138.7,137.3,136.3,135.2,136.2,134.4,133.1,132.5,131.2,131.4,129.727312,129.2,129.2,130.0,129.2,128.0,126.8,126.6,125.2,124.0,,126.3,124.7,122.8,,123.9,,,,,,,,,,,,,,,,,,,,,,,,,,123.9,-21.25,-14.64,40
60e03c5f-1ffb-4880-bd34-c84bb9c705a4,2025-02-07 15:34:30.827,114.305184,114.305184,,,,,,,,,,,,,,,,,,,127.00576,,,,,121.3,119.1,118.6,117.9,116.2,119.0,,116.1,117.480328,115.6,115.0,111.4,109.8,110.4,,114.0,,,110.7,,,,,,,,,,,,,,,,,,,,,,,,,,,,,,,110.7,-3.61,-3.15,16
590dae37-cfde-489b-b124-96c761d72149,2025-02-07 17:49:22.411,90.7184,90.7184,,,,90.5,,89.1,,,86.2,84.7,84.0,,83.5,82.2,80.0,,,78.8,79.2,78.6,,,77.0,,75.5,75.2,,,74.3,,,73.1,,,,73.2,,,,71.2,,,,,,,,,,,,,,,,,,,,,,,,,,,,,,,,,71.2,-19.52,-21.52,18
c46dc3bc-7aed-43e1-875c-8dfa49e4449c,2025-05-19 22:09:53.010,116.573144,116.573144,,117.026736,117.026736,,118.3,,117.2,119.6,,119.4,117.2,116.6,116.2,115.8,115.8,115.4,114.5,113.7,112.4,111.4,110.1,109.2,,,,,,,,,,,,,,,,,,,,,,,,,,,,,,,,,,,,,,,,,,,,,,,,,,,109.2,-7.37,-6.32,18
03859cca-4034-4cd4-90ff-b247e8e59285,2025-03-31 21:21:09.853,115.66596,115.66596,,,115.5,72.3,115.8,116.5,115.8,68.6,114.9,114.0,113.5,113.9,113.2,113.0,112.0,112.9,,,112.1,112.3,111.8,110.3,110.3,110.5,109.7,97.6,108.8,109.3,108.9,108.4,107.8,,,,,,,,,,,,,,,,,,,,,,,,,,,,,,,,,,,,,,,,,,107.8,-7.87,-6.8,27
1b09666c-36a8-459c-8888-b1524d673490,2025-02-27 16:05:07.396,116.573144,116.573144,,117.93392,,118.3,118.1,117.9,118.0,117.4,118.1,117.5,117.9,119.2,117.5,116.6,115.1,113.1,112.5,111.1,109.6,109.0,109.1,107.9,107.3,105.8,104.8,105.0,102.7,102.5,101.8,102.8,101.3,98.6,97.6,97.2,97.1,95.9,,,,,,,,,,,,,,,,,,,,,,,,,,,,,,,,,,,,,95.9,-20.67,-17.73,34
f5f583d8-00cf-471b-aaac-d5011daa6e56,2025-04-18 00:51:31.923,120.20188,120.20188,,,,,121.9255296,121.1,120.1,119.6,118.7,118.5,117.4,117.8,116.6,116.6,117.1,116.5,115.9,116.6,116.4,116.8,116.6,117.4,116.3,116.4,116.4,115.8,114.9,115.1,,,,,,,,,,,,,,,,,,,,,,,,,,,,,,,,,,,,,,,,,,,,,115.1,-5.1,-4.24,24
fae6bcd5-0b46-4134-9b59-7b36b9a95d39,2025-01-16 00:57:44.865,129.27372,129.27372,,130.634496,,130.3,129.0,129.9,128.2,127.3,128.0,126.2,126.8,127.0,,126.7,124.5,,124.2,125.8,125.9,,123.5,123.6,,121.5,121.3,120.8,,121.9,120.2,,119.6,118.4,116.8,116.5,,116.9,116.4,114.9,116.2,114.8,113.2,,112.6,,111.8,,,,,,,,,,,,,,,,,,,,,,,,,,,,111.8,-17.47,-13.52,34
925c4e8d-703a-4091-a5b0-5f20f48cb9b7,2025-04-01 20:49:38.058,106.140528,106.140528,,,105.1,105.1,104.5,103.7,103.0,102.7,102.5,103.0,102.9,102.7,103.2,102.6,,102.9,101.8,102.4,101.6,102.5,102.7,101.9,101.9,101.4,100.2,101.3,100.3,100.7,100.0,101.3,,,,,,,,,,,,,,,,,,,,,,,,,,,,,,,,,,,,,,,,,,,101.3,-4.84,-4.56,27
674e252d-2221-4901-8b94-05cc8beb4157,2025-02-28 15:57:46.523,101.604608,101.604608,,100.2,100.0,99.0,98.4,98.4,100.8,100.2,96.2,,96.8,94.9,93.8,93.0,92.9,92.9,91.7,94.6,94.5,94.3,93.5,94.5,95.1,,96.5,,,,,,94.0,,94.4,,,,,,,,,,,,,,,,,,,,,,,,,,,,,,,,,,,,,,,,94.4,-7.2,-7.09,24
30386472-27e4-482e-a298-8f9d633d0976,2025-04-05 18:05:14.161,90.7184,90.7184,,79.7,82.2,86.4,83.7,83.0,82.8,81.7,81.0,79.1,,79.8,79.3,78.6,,,,,73.7,,66.0,74.4,,,,,,38.7,73.8,67.0,,,,,,,,,,,,,,,,,,,,,,,,,,,,,,,,,,,,,,,,,,,67.0,-23.72,-26.15,18
41f62f31-52bc-4a35-a4e3-038347fbcce6,2025-01-24 00:27:47.163,,,,,,,,119.5,118.8,118.9,119.3,117.6,117.9,117.4,117.6,117.8,117.4,118.5,118.4,117.6,119.0,118.2,117.8,117.6,117.6,118.4,117.2,117.9,118.1,117.6,117.8,117.4,116.8,114.8,114.2,113.8,112.8,112.2,110.7,110.2,109.3,108.8,109.6,107.0,106.3,105.6,105.6,,,,,,,,,,,,,,,,,,,,,,,,,,,,105.6,,,40
47414082-343a-45ca-8dd7-8a1ffe5bd2c1,2025-05-05 19:20:12.531,120.20188,120.20188,,116.7,117.2,116.0,115.3,113.3,112.3,113.1,112.944408,111.7,109.0,108.1,106.6,109.2,107.3,106.4,106.6,104.2,102.0,103.5,102.2,100.0,98.7,,,,,,,,,,,,,,,,,,,,,,,,,,,,,,,,,,,,,,,,,,,,,,,,,,98.7,-21.5,-17.89,22
dc387cd5-ce90-4073-8942-87f1ab8a41dd,2025-05-18 17:03:15.019,87.996848,87.996848,,,,,,88.1,88.2,88.5,89.4,88.0,86.4,86.5,86.9,85.6,86.0,85.4,85.5,84.6,85.5,85.3,85.5,,,,,,,,,,,,,,,,,,,,,,,,,,,,,,,,,,,,,,,,,,,,,,,,,,,,85.5,-2.5,-2.84,16
7330f332-2f14-4fb2-a981-b4a4c1b7d67d,2025-05-15 19:20:55.822,128.820128,128.820128,,,,,131.1,131.4,120.3,120.2,116.3,120.6,121.0,120.4,123.4,120.4,118.9,119.9,122.3,126.7,126.5,117.4,119.4,120.0,,,,,,,,,,,,,,,,,,,,,,,,,,,,,,,,,,,,,,,,,,,,,,,,,,,120.0,-8.82,-6.85,18
a42cc1bc-f0bb-4ad7-b381-5a1047f046d1,2025-06-02 22:36:35.233,95.25432,95.25432,,,,,,,,,,,94.1,92.8,92.9,93.1,93.2,93.1,91.9,92.9,91.5,,,,,,,,,,,,,,,,,,,,,,,,,,,,,,,,,,,,,,,,,,,,,,,,,,,,,,91.5,-3.75,-3.94,9
d90db3e1-fa77-4e96-a304-133186b39408,2025-03-24 04:13:01.997,96.161504,96.161504,,,,,,,,,,,,,,,94.5,94.1,95.3,96.2,93.9,95.9,,,,96.5,97.9,97.1,98.4,98.7,98.0,97.3,97.2,96.0,96.2,,,,,,,,,,,,,,,,,,,,,,,,,,,,,,,,,,,,,,,,96.2,0.04,0.04,16
a1bd0398-f868-4c1b-9c6c-b914e4f2ae56,2025-05-08 02:56:48.099,99.336648,99.336648,,,97.6,96.5,95.1,94.8,94.5,92.5,91.3,91.9,92.3,91.0,90.1,90.6,89.7,88.8,89.0,88.7,86.4,86.6,85.8,85.4,85.8,,,,,,,,,,,,,,,,,,,,,,,,,,,,,,,,,,,,,,,,,,,,,,,,,,85.8,-13.54,-13.63,21
72c9ea0d-22b8-4dbe-b15f-a69f07d9a108,2025-02-21 15:47:46.424,101.604608,101.604608,,,101.4,101.0,,100.4,100.0,99.4,99.7,99.1,98.7,97.7,98.0,97.6,98.4,97.9,98.2,98.4,98.4,97.4,97.5,98.2,97.8,98.4,,,97.3,97.5,97.2,98.0,97.6,97.2,97.0,97.6,97.6,97.2,96.4,97.7,96.4,,,,,,,,,,,,,,,,,,,,,,,,,,,,,,,,,,96.4,-5.2,-5.12,34
954cb28a-2828-4058-b940-ee9e4654382f,2025-01-04 20:18:13.352,174.179328,174.179328,,,,175.0,175.1,174.8,173.3,172.1,172.4,174.8,173.4,171.3,169.4,169.8,168.4,166.8,166.8,165.6,165.0,163.4,163.4,161.9,160.8,160.3,161.0,159.1,158.1,,157.8,156.2,155.4,153.0,154.2,,153.9,152.7,152.2,153.6,152.5,151.2,149.4,149.7,149.8,152.8,150.8,150.8,149.9,147.9,,,,,,,,,,,,,,,,,,,,,,,,,147.9,-26.28,-15.09,43
5b8d5769-66a7-44f5-8c11-f764d74412bd,2025-03-07 20:42:45.141,117.93392,117.93392,,,,,,,,,,,,,,,,,,,,,,,116.9,,117.5,114.9,113.5,113.2,113.5,113.9,114.1,113.2,111.1,109.9,109.5,110.6,,,,,,,,,,,,,,,,,,,,,,,,,,,,,,,,,,,,,110.6,-7.33,-6.22,13
e83c566d-2cfa-4783-a361-645a44f35da2,2025-03-03 03:49:04.170,79.3786,79.3786,,,,,79.9,,,78.8,,79.6,79.7,79.0,80.2,,79.5,79.4,78.1,77.6,78.4,77.3,77.2,76.6,77.1,,77.4,,77.1,76.3,,,,,76.7,76.1,,,,,,,,,,,,,,,,,,,,,,,,,,,,,,,,,,,,,,,76.1,-3.28,-4.13,20
fe8530ef-ed30-4ef5-9300-fa7d975f927c,2025-07-12 00:03:09.111,118.841104,118.841104,,,,,114.9,116.4,115.8,117.3,116.1,116.4,117.0,,,,,,,,,,,,,,,,,,,,,,,,,,,,,,,,,,,,,,,,,,,,,,,,,,,,,,,,,,,,,,117.0,-1.84,-1.55,7
7031fe33-0f56-4f1e-8f2e-4179396078ee,2025-05-23 12:38:02.240,96.615096,96.615096,,,,,,,,,,93.4,92.7,92.3,91.6,,,91.1,89.811216,,,90.1,,,,,,,,,,,,,,,,,,,,,,,,,,,,,,,,,,,,,,,,,,,,,,,,,,,,,90.1,-6.52,-6.74,7
7be4dfff-1ce0-43f3-8b89-dfd340cebcda,2025-02-07 22:09:09.484,127.459352,127.459352,,,,,,,,121.8,121.9,121.7,121.8,121.5,121.4,120.8,120.4,120.6,120.1,120.0,119.3,118.6,117.6,117.8,118.4,119.2,118.8,118.2,118.1,117.1,117.7,116.9,116.8,117.4,116.6,116.9,116.6,116.4,,116.0,116.0,,115.5,,,,,,,,,,,,,,,,,,,,,,,,,,,,,,,,115.5,-11.96,-9.38,32
af7766d1-c388-41b9-9b53-a21de2dab408,2025-02-19 02:49:16.791,95.25432,95.25432,,95.2,96.5,,,,,95.9,95.1,95.6,,,,,,94.9,92.6,92.6,,,,,,,,,,,,95.6,,,,96.8,96.7,97.0,98.1,97.8,97.2,,,,,,,,,,,,,,,,,,,,,,,,,,,,,,,,,,97.2,1.95,2.04,15
7f933835-c723-44e5-bacb-5e2b9e85d3e9,2025-02-28 15:11:21.702,108.86208,108.86208,,,,,111.1,108.9,107.8,108.6,109.5,107.8,108.4,108.2,104.9,106.7,107.2,107.0,105.5,106.7,106.5,107.0,105.6,,106.1,106.8,,,106.9,,105.233344,,105.1,104.5,,,104.1,103.2,,102.3,,,,,,,,,,,,,,,,,,,,,,,,,,,,,,,,,,,102.3,-6.56,-6.03,26
227b9463-e2bc-4fca-8d11-f004fc38393d,2025-01-07 14:52:16.904,114.305184,114.305184,,,111.13004,,,,,,,,,108.4,107.2,107.2,108.1,105.4,105.0,105.2,104.4,104.2,104.2,104.0,102.7,102.2,102.0,101.3,,103.1,101.5,99.4,,99.9,99.3,98.2,98.7,98.9,97.2,97.3,97.4,96.1,96.0,96.4,96.5,,96.2,96.2,94.9,96.7,,,,,,,,,,,,,,,,,,,,,,,,,96.7,-17.61,-15.4,35
fd0fca03-ef80-4019-b670-bc7e062b4a5d,2025-05-01 20:13:56.627,149.68536,149.68536,,,145.9,85.6,83.3,145.0,145.8,,144.2,145.0,145.2,82.7,49.8,,147.4,,,146.8,143.3,143.1,142.3,141.6,76.0,,,,,,,,,,,,,,,,,,,,,,,,,,,,,,,,,,,,,,,,,,,,,,,,,,76.0,-73.69,-49.23,17
5aaec002-115d-4228-a241-31dcb3e45661,2025-05-09 23:08:40.608,121.562656,121.562656,,,,,,,,,,,,,,81.8,55.6,120.1,,55.3,82.3,118.4,120.2,,117.5,117.8,,,,,,,,,,,,,,,,,,,,,,,,,,,,,,,,,,,,,,,,,,,,,,,,,117.8,-3.76,-3.1,9
66bfd714-8f30-4159-b437-d130806d5890,2025-01-05 01:14:37.989,69.399576,69.399576,,,,67.6,67.2,66.5,67.3,,66.6,65.6,64.8,64.5,65.2,65.2,65.0,65.3,65.6,,65.7,65.3,66.3,,65.4,64.4,,65.4,,,64.4554232,65.1,,,,,64.410064,64.5,64.5,,,65.4,64.9,,,64.1,64.5,62.142104,63.0,63.3,63.9,,,,,,,,,,,,,,,,,,,,,,,,63.9,-5.5,-7.92,32
5749a2d3-0a42-4bcd-828a-49107007b99f,2025-03-19 11:05:24.202,113.398,113.398,,111.7,112.0,,111.2,111.5,,112.8,,,,112.9,,113.9,112.7,,,115.2,,114.7,,,114.5,113.0,,111.5,111.3,109.6,,108.3,108.1,107.0,,,,,,,,,,,,,,,,,,,,,,,,,,,,,,,,,,,,,,,,,107.0,-6.4,-5.64,18
6eadf0de-d771-4256-9d7c-e6bb3d59b407,2025-01-24 11:41:31.548,109.769264,109.769264,,,,,,,,,,,,,,,,,,,,,96.161504,97.3,101.8,102.7,101.3,,99.6,102.0,,,,100.0,,,,,,,,,,,,,,,,,,,,,,,,,,,,,,,,,,,,,,,,,100.0,-9.77,-8.9,8
d53acae4-6d3b-47b5-b50c-2e36f53e7d94,2025-07-18 19:34:44.921,133.80964,133.80964,,133.40140720000002,133.5,133.2,134.2,134.8,133.2,133.2,131.9,,,,,,,,,,,,,,,,,,,,,,,,,,,,,,,,,,,,,,,,,,,,,,,,,,,,,,,,,,,,,,,,131.9,-1.91,-1.43,8
deacbe9f-a2e8-47ea-ac1d-1f4100cf2d70,2025-02-08 07:28:45.708,114.305184,114.305184,,,,,,114.4,115.1,114.6,112.6,,111.2,111.8,109.6,109.5,110.4,110.7,110.1,108.4,108.3,110.5,108.1,107.1,106.7,105.9,105.0,104.6,103.1,102.8,102.0,102.8,101.5,100.4,100.5,100.2,99.3,,100.1,99.3,97.7,97.9,96.0,,,,,,,,,,,,,,,,,,,,,,,,,,,,,,,,96.0,-18.31,-16.01,34
43e40180-7045-4f07-b422-cf65ca1b8a63,2025-03-19 13:32:14.592,146.963808,146.963808,,,145.7,145.5,,143.6,142.6,142.0,139.3,141.3,137.9,135.2,134.4,135.2,133.0,131.3,130.4,128.2,126.6,,125.7,125.6,125.0,124.0,122.0,122.4,122.3,121.5,121.4,119.7,120.5,118.4,118.3,118.0,,,,,,,,,,,,,,,,,,,,,,,,,,,,,,,,,,,,,,,118.0,-28.96,-19.71,30
946f4368-2c83-4ed6-8f00-3b19d2238058,2025-01-16 02:08:09.388,137.438376,137.438376,,,,,,,,,,133.356048,,,,134.4,,133.8,134.7,132.7,132.2,,133.9,132.6,,,,130.9,130.0,130.2,129.3,,,129.0,129.0,127.00576,,,,,125.191392,,,,,,124.284208,,,,,,,,,,,,,,,,,,,,,,,,,,,,124.284208,-13.15,-9.57,17
5f1ff789-57eb-46ea-85b7-77d7f38f3059,2025-03-29 01:53:07.996,98.883056,98.883056,,,,94.8,91.7,90.5,89.5,89.1,88.7,88.5,87.4,87.4,87.3,86.6,86.7,86.0,,,,,,,,,,,,,,,,,,,,,,,,,,,,,,,,,,,,,,,,,,,,,,,,,,,,,,,,,86.0,-12.88,-13.03,13
b3718a93-9bdb-4dbf-85bd-862f09849610,2025-04-24 19:28:39.465,102.965384,102.965384,,,,,,,,102.9,100.1,102.1,99.3,100.5,99.7,97.2,98.0,96.1,101.1,99.9,66.1,99.4,99.8,99.7,103.4,102.7,104.2,102.1,101.4,,,,,,,,,,,,,,,,,,,,,,,,,,,,,,,,,,,,,,,,,,,,,,101.4,-1.57,-1.52,20
395fb1a0-40d5-4805-a645-b0d5980d9d18,2025-01-26 00:48:26.226,95.25432,95.25432,,,,,95.5,96.7,,,,93.3,92.7,93.2,93.2,92.9,91.8,91.6,91.4,91.7,91.9,91.6,90.2,90.7,89.9,,89.8,89.3,89.5,89.1,89.0,,91.1,90.3,90.1,89.3,90.6,88.7,86.8,86.2,86.0,85.2,85.9,85.3,84.5,84.5,,,,,,,,,,,,,,,,,,,,,,,,,,,,,84.5,-10.75,-11.29,35
9108650a-e94e-4934-a097-a1597e9295f4,2025-01-02 20:44:32.960,111.13004,111.13004,,,,,,116.573144,115.212368,113.8,,115.8,114.758776,112.490816,111.13004,,,,,,111.13004,,,113.6,,,,,,,,,,,,,,,109.769264,,,,,,,,,,108.408488,,,,,,,,,,,,,,,,,,,,,,,,,,108.408488,-2.72,-2.45,11
aa7bb2f9-e350-4e51-ab78-8bf9b77b6eb3,2025-01-29 15:11:18.038,93.439952,93.439952,,90.5,,88.5,87.8,85.9,,86.2,85.4,,85.6,77.0,84.1,83.0,83.2,83.7,83.9,84.1,84.9,84.6,82.100152,80.9,80.7,85.9,79.9,77.6,79.9,,80.2,77.6,,80.2,78.8,77.4,,77.0,77.4,,80.0,76.3,74.5,,74.9,,,,,,,,,,,,,,,,,,,,,,,,,,,,,,74.9,-18.54,-19.84,34
6564eed3-b054-49ac-bd80-4bc8fdbd2559,2025-01-16 16:44:05.786,152.860504,152.860504,,,,,,,,151.1,152.3,150.6832624,,,150.9,150.7,148.4,148.0,148.2,147.6,146.7,148.2,146.2,145.9,,146.7,145.0,143.4,142.0,141.5,142.8,141.0,142.2,143.7,142.7,141.520704,143.5,,,140.8,141.5,,140.8,140.7,,,140.159928,141.5,,,,,,,,,,,,,,,,,,,,,,,,,,,141.5,-11.36,-7.43,31
3e5b45b0-2421-4b63-98e2-c522da758b78,2025-01-13 05:20:14.439,133.80964,133.80964,,,,,,,,126.6,125.4,124.9,124.1,123.5,122.6,123.3,123.4,122.3,122.3,120.5,121.8,121.9,121.3,119.4,118.4,118.8,120.6,119.1,118.7,118.9,118.0,117.5,118.4,119.1,117.3,116.2,116.7,,116.8,117.5,,,118.0,117.5,117.4,118.2,117.1,,,,,,,,,,,,,,,,,,,,,,,,,,,,117.1,-16.71,-12.49,35
2dcc21c6-41df-4b59-bc8f-1b558f5ff2c3,2025-03-28 16:52:02.929,139.252744,139.252744,,,,,,,,,140.5,,,138.4,135.5,136.0,135.170416,134.3,,133.3,132.9,132.2,131.2,,130.7,128.2,,129.3,128.6,127.2,125.7,125.6,125.3,125.0,,,,,,,,,,,,,,,,,,,,,,,,,,,,,,,,,,,,,,,,,125.0,-14.25,-10.24,19
4f4c7722-d6e4-4b7a-b82e-b66f15a5f948,2025-02-01 02:41:03.272,124.7378,124.7378,,,,,126.4,124.6,125.5,124.7,124.6,125.1,124.9,124.3,124.3,126.5,125.8,126.3,124.5,125.8,124.9,124.4,,126.2,122.5,123.5,122.0,120.6,119.8,119.9,117.1,118.3,116.8,115.8,114.9,115.6,113.2,113.3,113.0,113.8,,112.2,111.1,110.8,110.3,,,,,,,,,,,,,,,,,,,,,,,,,,,,,,110.3,-14.44,-11.57,37
427841dd-3fb9-45b0-a986-48ecf47f6ebd,2025-01-23 09:07:18.811,,,,,116.5,117.2,116.8,117.1,116.5,116.5,115.8,115.0,114.6,113.1,113.6,112.1,112.1,112.1,111.9,113.2,111.7,111.4,111.7,111.0,110.9,110.0,109.0,107.8,107.3,107.5,105.2,105.3,104.5,102.2,102.2,101.5,100.3,99.6,99.3,99.0,98.5,99.2,97.4,96.1,94.6,94.4,,,,,,,,,,,,,,,,,,,,,,,,,,,,,94.4,,,42
d3394a92-984c-48c2-ae3b-babd934374ff,2025-06-03 14:56:35.697,82.553744,82.553744,,,84.1,85.4,84.5,82.6,82.0,82.7,81.1,80.6,80.7,80.6,79.8,80.5,79.6,79.9,79.6,79.7,,,,,,,,,,,,,,,,,,,,,,,,,,,,,,,,,,,,,,,,,,,,,,,,,,,,,,,79.7,-2.85,-3.46,16
24a857b2-3093-424d-8331-b77997ae8e27,2025-02-19 23:26:49.907,107.954896,107.954896,,109.6,107.0,107.7,107.0,105.7,106.2,106.9,106.9,106.5,104.9,105.5,104.4,103.8,103.9,103.6,103.4,102.4,103.3,103.5,103.5,104.1,104.3,103.6,103.2,102.9,102.4,101.8,100.8,100.7,98.9,98.8,99.5,97.7,97.1,96.8,96.5,95.6,96.0,,,,,,,,,,,,,,,,,,,,,,,,,,,,,,,,,,96.0,-11.95,-11.07,38
09105245-67b3-48eb-a637-425412e9d93a,2025-05-15 16:25:58.016,112.037224,112.037224,,,,,,110.9,,90.6,109.7,110.6,112.9,113.1,114.5,90.7,116.8,116.0,114.3,115.4,116.3,113.5,113.1,113.4,,,,,,,,,,,,,,,,,,,,,,,,,,,,,,,,,,,,,,,,,,,,,,,,,,,113.4,1.36,1.22,16
d4abcea2-5341-4a64-b193-ddc052995785,2025-02-10 16:16:31.397,108.86208,108.86208,,,105.6,,104.7,,,,,,,,,,,,,,,,,107.9,,107.3,107.9,,106.7,104.7,,103.8,,,100.7,,99.5,98.7,97.9,97.7,97.0,96.4,94.6,,,,,,,,,,,,,,,,,,,,,,,,,,,,,,,,94.6,-14.26,-13.1,16
16ca2504-205c-4ef5-a9ae-37b1770a784d,2025-03-31 17:32:07.943,103.418976,103.418976,,,,,,,,,101.151016,100.4,101.3,101.8,102.511792,102.511792,101.0,103.0,103.7,103.4,102.2,102.1,102.0,,,,,,103.5,67.1,,,83.7,,,,,,,,,,,,,,,,,,,,,,,,,,,,,,,,,,,,,,,,,,83.7,-19.72,-19.07,16
639e4775-974d-4dc0-baa2-c046e17edd53,2025-04-16 00:07:11.532,124.7378,124.7378,,,123.5,125.5,,124.0,124.2,,126.2,127.3,127.6,122.2,124.7,125.9,125.6,124.9,126.9,125.9,126.3,126.4,,126.0,126.9,125.8,124.7378,124.9,125.9,127.4,,,,,,,,,,,,,,,,,,,,,,,,,,,,,,,,,,,,,,,,,,,,,127.4,2.66,2.13,23
a39b0aa7-1ed7-4bb0-9a35-da2c65788642,2025-03-06 21:25:18.113,,,,,,,,,,139.1,141.4,,141.4,139.1,136.6,,138.3,,140.0,139.2,,140.9,137.5,140.0,,138.0,138.5,136.9,138.7,137.8,136.3,,136.7,132.8,134.0,133.8,133.7,133.9,,,,,,,,,,,,,,,,,,,,,,,,,,,,,,,,,,,,,133.9,,,23
c6904350-f3b1-4ad4-a9be-3b65ec20aef6,2025-05-14 03:25:29.377,165.56108,165.56108,,,,,,167.5,169.6,166.8,165.0,164.9,164.6,163.1,162.9,161.2,160.1,159.8,159.3,158.6,157.5,,156.3,155.1,,,,,,,,,,,,,,,,,,,,,,,,,,,,,,,,,,,,,,,,,,,,,,,,,,,155.1,-10.46,-6.32,16
b176a871-8f89-4565-9cd3-43bdf2e982ed,2025-05-14 09:15:15.279,131.54168,131.54168,,,,,,,,,134.4,,133.3,131.4,,130.5,132.6,131.0,129.5,129.1,127.8,126.6,124.8,,,,,,,,,,,,,,,,,,,,,,,,,,,,,,,,,,,,,,,,,,,,,,,,,,,,124.8,-6.74,-5.13,11
7bc8799c-5ebd-4631-8c56-1855dac0395c,2025-02-05 10:28:06.564,122.46984,122.46984,,,,,,,,,123.6,,,122.0,122.4,123.9,,123.3,,,123.2,123.0,122.5,123.8,123.1,122.2,122.3,,,,126.9,,124.284208,126.1,,,,125.4,,119.5,,123.4,121.8,122.9,,,,,,,,,,,,,,,,,,,,,,,,,,,,,,,122.9,0.43,0.35,20
e08cf7b4-cd5e-41a3-89be-fd30bae4f8ae,2025-03-10 21:31:52.465,116.573144,116.573144,,116.9,115.8,116.3,119.1,116.6,116.9,,114.2,114.9,115.6,115.1,,,114.1,,,,,114.7,115.3,,,,,111.13004,110.1,110.3,,107.1,,105.8,104.7,103.9,103.3,,,,,,,,,,,,,,,,,,,,,,,,,,,,,,,,,,,,,,103.3,-13.27,-11.39,21
e923907e-d8fe-41fd-90e7-94ba306fae43,2025-01-21 22:24:47.031,140.61352,140.61352,,,,140.7,137.0,137.3,137.6,136.7,,136.6,,137.0,138.3,,138.1,138.7,136.6,135.2,137.0,,136.0,135.3,134.5,134.8,,,133.3,133.2,132.902456,,,,132.0,129.7,128.0,128.7,129.3,127.6,129.8,129.0,,128.0,,125.5,124.5,,,,,,,,,,,,,,,,,,,,,,,,,,,,124.5,-16.11,-11.46,31
ecfdbf11-712f-4208-b0ea-9782bc4cb589,2025-01-18 15:27:20.089,117.93392,117.93392,,,,,,,,,,,,,,,,,,,,,,,116.119552,,,114.2,115.6,114.7,114.3,,115.4,114.1,113.6,,,,,115.0,,,112.2,,108.408488,111.5,,,,,,,,,,,,,,,,,,,,,,,,,,,,,111.5,-6.43,-5.46,12
adc64c0b-cb46-41f9-bda0-cc11a35942d7,2025-03-08 14:53:40.213,113.398,113.398,,,,62.6,60.8,61.3,,60.6,,,43.3,,43.6,60.3,115.0,59.2,60.3,61.7,44.8,44.8,45.0,60.0,44.3,45.6,59.6,,43.4,57.2,106.8,58.2,56.7,59.2,43.1,43.8,42.6,102.3,,,,,,,,,,,,,,,,,,,,,,,,,,,,,,,,,,,,,102.3,-11.1,-9.79,28
26bc1953-d0fa-45f9-a567-59c664429d54,2025-05-16 15:03:47.561,99.79024,99.79024,,,,,,,,,,,,,100.0,98.6,98.3,98.4,96.6,95.6,95.1,96.9,100.3,95.1,,,,,,,,,,,,,,,,,,,,,,,,,,,,,,,,,,,,,,,,,,,,,,,,,,,95.1,-4.69,-4.7,10
9ffdae9a-4c41-4479-90fc-386eeec0107c,2025-01-29 16:27:04.481,,,,,106.4,104.7,104.6,104.8,104.6,,104.8,,106.4,104.0,105.3,105.2,103.8,76.4,102.9,103.6,103.2,103.3,102.3,73.6,100.1,101.4,103.9,73.6,99.3,99.2,99.8,101.2,72.9,73.0,101.0,102.9,100.3,99.5,100.9,102.8,101.5,102.1,101.6,100.5,73.8,101.1,,,,,,,,,,,,,,,,,,,,,,,,,,,,,101.1,,,40
fc707a9b-3f21-458a-bc5e-30165b9079fa,2025-05-20 19:06:19.681,108.86208,108.86208,,,,110.4,109.2,110.5,109.1,109.6,109.5,108.2,108.4,108.0,108.7,109.6,109.0,108.0,108.7,108.3,108.0,107.9,109.2,,,,,,,,,,,,,,,,,,,,,,,,,,,,,,,,,,,,,,,,,,,,,,,,,,,,109.2,0.34,0.31,18
11796923-59cb-460f-b4ca-8399d9bf927b,2025-01-30 17:06:22.488,125.191392,125.191392,,,123.1,123.377024,124.7,122.923432,123.6,,122.8,,123.377024,,122.923432,122.0,,122.46984,,123.3,122.8,122.9,122.1,121.7,121.3,120.5,,120.2,120.1,119.5,118.9,117.6,,,,117.1,116.1,,,115.3,114.1,112.8,112.0,,,,,,,,,,,,,,,,,,,,,,,,,,,,,,,,112.0,-13.19,-10.54,28
21efd659-6697-4aa9-bd74-7ae0367be2dd,2025-05-13 19:26:05.917,113.851592,113.851592,,,,113.1,112.6,112.2,111.8,114.6,113.7,112.1,111.8,114.2,112.5,112.4,112.1,114.0,111.9,111.8,111.1,113.0,111.3,109.6,110.8,,,,,,,,,,,,,,,,,,,,,,,,,,,,,,,,,,,,,,,,,,,,,,,,,,110.8,-3.05,-2.68,20
4ab817ca-6db1-41c2-8b72-b003cf878075,2025-04-08 14:30:08.364,95.707912,95.707912,,,,,,,84.8,,,,,68.1,,,,,,,,,,,,,,,82.8,70.8,79.4,79.3,,,,,,,,,,,,,,,,,,,,,,,,,,,,,,,,,,,,,,,,,,,79.3,-16.41,-17.14,6
12c75e7a-b5c0-435e-87d9-b21461ccc13b,2025-03-13 20:59:08.230,152.406912,152.406912,,,,,,,,,152.3,152.1,153.3,152.3,152.2,151.0,150.6,150.4,150.2,151.8,150.2,149.1,148.8,148.778176,146.7,147.4,147.0,,145.9,,,143.9,,142.4,141.0,,139.1,,,,,,,,,,,,,,,,,,,,,,,,,,,,,,,,,,,,,,139.1,-13.31,-8.73,22
517bf244-5ed8-4aac-9bd4-e95441ee2932,2025-02-24 20:19:12.979,111.13004,111.13004,,,,,,,111.13004,,,,,,,106.8,106.9,107.1,109.5,,,,,,,,,,,,,,,,,,,,112.037224,,,,,,,,,,,,,,,,,,,,,,,,,,,,,,,,,,,,112.037224,0.91,0.82,6
4005c43e-c1e1-4c66-863a-69766f0fdc43,2025-03-10 18:32:17.511,111.13004,111.13004,,113.1,112.3,114.5,112.8,113.5,,113.5,113.5,114.1,113.5,109.6,110.5,,110.3,109.1,109.2,111.7,,,,,109.8,109.1,,110.6,,,107.2,106.6,,106.6,106.1,,107.9,,,,,,,,,,,,,,,,,,,,,,,,,,,,,,,,,,,,,,107.9,-3.23,-2.91,23
68b11336-93b0-4767-835f-2d027af8a08a,2025-01-30 02:12:59.444,158.303608,158.303608,,,152.0,151.046136,151.2,151.8,148.3,149.5,147.4,146.8,146.1,145.6,141.7,141.8,140.2,139.0,140.8,140.0,139.6,138.6,137.6,,139.2,136.984784,136.0,136.7,137.2,136.7,136.4,132.5,135.624008,,137.7,136.8,137.4,136.0776,135.5,133.5,134.7,135.5,132.8,136.2,135.8,,,,,,,,,,,,,,,,,,,,,,,,,,,,,,135.8,-22.5,-14.22,39
fcde24d6-400d-4a44-bac6-66fbbd167747,2025-01-29 19:13:51.283,95.707912,95.707912,,95.25432,,94.5,92.5,91.2,91.5,90.3,88.7679544,87.2,87.7,86.5,86.2,87.4,85.8,85.1,85.8,84.3,84.3,82.8,,80.4,,,80.0,80.6,78.6,79.3786,,80.3,,78.6,79.4,78.0,77.1,77.4,75.6,,74.9,,,73.8,,,,,,,,,,,,,,,,,,,,,,,,,,,,,,,73.8,-21.91,-22.89,32
bd6b4722-aa60-4ccd-a221-149ffba2b37e,2025-01-29 23:52:07.866,151.95332,151.95332,,,,,,,147.8,150.5,149.4,147.6,147.8,147.5,147.1,146.2,148.4,145.7,146.5,146.0,146.4,145.4,145.5,146.9,146.8,145.9,143.5,143.6,143.2,142.7,143.4,141.8,140.7,140.9,140.6,139.6,138.9,137.8,136.8,135.8,135.9,135.0,134.0,134.0,133.4,132.9,,,,,,,,,,,,,,,,,,,,,,,,,,,,,132.9,-19.05,-12.54,38
fbdd3699-bb3c-4f68-9ab3-d4eedbb7274e,2025-02-07 13:41:47.873,106.140528,106.140528,,107.0,,102.7,101.5,100.9,,99.6,100.2,,96.7,97.6,96.6,,97.6,96.8,,,95.2,,94.9,,94.3,,93.7,,95.6,,92.4,,,,,91.5,,,91.4,90.4,,,87.7,,,,,,,,,,,,,,,,,,,,,,,,,,,,,,,,87.7,-18.44,-17.37,21
33e19f35-d6b9-4f2d-acd2-772690ff6d80,2025-01-17 22:56:55.438,93.893544,93.893544,,94.0,92.9,,93.6,,93.6,94.6,,94.2,95.8,,95.1,,,92.5,92.9,95.0,93.5,,94.3,,93.2,93.6,92.0,,93.0,92.9,92.2,,93.1,93.8,,92.6,94.8,95.3,,94.6,94.1,,94.7,92.9,,89.357624,91.0,89.8,,,,,,,,,,,,,,,,,,,,,,,,,,,89.8,-4.09,-4.36,31
b6ccc603-74bf-43a6-9dd8-54bc180aaca9,2025-05-15 00:51:18.722,126.098576,126.098576,,,125.4635472,123.5584608,,126.9,126.2,124.7,125.7,,126.1,124.5,122.9,,,124.2,,124.1,125.6,,,124.4,,,,,,,,,,,,,,,,,,,,,,,,,,,,,,,,,,,,,,,,,,,,,,,,,,,124.4,-1.7,-1.35,13
1fb14442-2b71-4056-86e3-6c15e5f92bfe,2025-03-27 03:25:50.712,152.406912,152.406912,,,,,,151.9,152.5,,151.5,151.7,,152.6,151.1,151.6,151.1,148.9,149.6,148.2,146.5,,146.5,144.8,142.9,143.335072,144.6,141.0,141.2,137.3,139.2,137.6,,138.3,,,,,,,,,,,,,,,,,,,,,,,,,,,,,,,,,,,,,,,,,138.3,-14.11,-9.26,23
ed11cb34-f142-4506-b0cb-6c046c76215a,2025-05-14 19:59:42.737,130.180904,130.180904,,,,,,,,,,,129.6,130.0,129.9,130.2,130.9,130.7,130.9,129.8,,,132.3,,,,,,,,,,,,,,,,,,,,,,,,,,,,,,,,,,,,,,,,,,,,,,,,,,,,132.3,2.12,1.63,9
d7f38c4b-b892-4771-97f5-5c73acb7d058,2025-01-03 19:54:17.655,99.79024,99.79024,,100.6,98.8,96.8,97.8,97.7,96.9,94.8,94.5,94.7,94.3,95.8,94.1,94.9,94.5,93.1,93.5,92.7,90.9,91.2,92.1,92.4,91.7,92.4,92.6,92.9,91.7,91.6,91.1,91.6,91.6,89.3,,,88.9,83.4,83.8,,93.3,,88.9493912,89.7,93.2,90.5,88.1,89.3,91.8,90.1,89.9,,,,,,,,,,,,,,,,,,,,,,,,89.9,-9.89,-9.91,44
aba4a8ed-77ba-489c-841b-5dfe918d4af5,2025-03-25 17:46:27.361,91.625584,91.625584,,,,88.9,68.1,87.8,86.8,87.0,62.0,60.4,61.1,86.8,67.8,87.0,67.2,67.2,66.0,66.5,65.9,65.8,65.6,65.3,64.8,61.4,,65.4,64.6,65.2,66.1,64.5,63.6,64.2,63.5,,,,,,,,,,,,,,,,,,,,,,,,,,,,,,,,,,,,,,,,63.5,-28.13,-30.7,29
15c04ab9-be15-406e-899d-b9cd1e84c218,2025-04-28 21:53:05.929,138.34556,138.34556,,,,135.3,134.2,139.6,138.0,,136.0,,137.2,133.4,,135.2,136.8,,133.8,137.2,134.7,133.5,,,,132.8,133.0,133.6,,,,,,,,,,,,,,,,,,,,,,,,,,,,,,,,,,,,,,,,,,,,,,,133.6,-4.75,-3.43,16
96f27e13-f443-4c78-8137-85b36c288296,2025-02-25 00:37:21.107,126.098576,126.098576,,,124.5,123.2,124.1,,,120.9,121.5,121.4,121.5,120.9,,,,,121.1,121.6,,122.1,,,120.4,121.4,,120.4,,120.8,118.7,119.3,,119.5,118.7,,117.2,116.8,,,,,,,,,,,,,,,,,,,,,,,,,,,,,,,,,,,,,116.8,-9.3,-7.37,21
d5d917a8-9b55-42ef-9658-a7da0ca8634e,2025-02-27 20:44:48.897,123.830616,123.830616,,,119.8,119.1,118.3,117.1,115.7,115.0,114.1,,,111.0,111.8,111.0,109.1,108.1,97.8,106.9,107.2,106.5,105.9,105.6,104.2,103.8,102.6,102.1,101.6,102.8,102.7,103.1,100.2,98.0,97.2,97.5,97.3,97.0,98.3,98.7,,,,,,,,,,,,,,,,,,,,,,,,,,,,,,,,,,,98.7,-25.13,-20.29,34
e144b3d8-bf74-4b2b-a02f-114dad995422,2025-04-02 23:16:39.176,127.00576,127.00576,,,,,131.6,131.1,131.4,130.9,130.3,131.9,130.3,129.7,129.3,129.0,128.4,,127.5,125.7,125.0,125.1,124.0,122.3,123.3,,120.9,120.4,120.8,119.5,119.5,120.5,118.9,,,,,,,,,,,,,,,,,,,,,,,,,,,,,,,,,,,,,,,,,,118.9,-8.11,-6.38,25
818faece-f3d9-44b6-a2db-8fa137a37b6c,2025-06-05 19:30:33.988,148.778176,148.778176,,,,,,147.5,146.5,145.6,146.1,145.5,145.9,144.8,143.9,143.0,142.2,142.5,142.3,141.7,,,,,,,,,,,,,,,,,,,,,,,,,,,,,,,,,,,,,,,,,,,,,,,,,,,,,,,141.7,-7.08,-4.76,13
12777acf-1255-4615-bcd4-98bf9e29706b,2025-01-13 23:32:04.506,188.24068,188.24068,,,,,,,,192.5,,186.4,,185.3,184.0,183.8,,183.9,183.5,,182.5,182.4,182.3,,182.7,182.0,,180.6,180.1,179.8,,178.4,,,179.4,177.4,,175.3,,176.2,175.9,175.0,,174.6,174.2,,174.0,172.8,,,,,,,,,,,,,,,,,,,,,,,,,,,172.8,-15.44,-8.2,26
73e26999-2113-448e-a171-3b0cd6608e8f,2025-02-18 20:37:24.201,73.935496,73.935496,,,,73.9,73.9,74.1,73.8,73.9,73.9,74.4,74.3,74.1,74.3,74.8,74.6,74.1,,74.3,,74.9,74.9,77.5,75.3,,,,75.4,75.5,76.1,,,76.0,,74.9,,,,,,75.1,,,,,,,,,,,,,,,,,,,,,,,,,,,,,,,,,75.1,1.16,1.58,24
206eab78-8cd5-49b8-8ae5-37f19745ba56,2025-04-05 22:24:22.734,102.0582,102.0582,,,,,,101.6,100.7,100.5,99.6,96.7,95.7,96.4,95.6,94.5,94.3,92.9,92.1,91.9,91.3,89.7,88.6,90.2,90.2,89.1,87.7,,86.2,86.0,85.0,83.8,,,,,,,,,,,,,,,,,,,,,,,,,,,,,,,,,,,,,,,,,,,83.8,-18.26,-17.89,24
bdd440d9-6982-443b-9672-76014ed85b3a,2025-02-05 17:48:57.832,128.366536,128.366536,127.459352,125.644984,126.2,124.9,124.6,122.923432,122.46984,122.1,123.1,122.2,121.4,120.9,119.6,118.8,118.1,117.4,117.4,116.4,114.4,116.0,115.3,116.6,114.1,113.8,112.2,111.7,110.6,111.4,110.1,,111.3,111.0,,,,109.6,106.9,,,,,,,,,,,,,,,,,,,,,,,,,,,,,,,,,,,,106.9,-21.47,-16.72,33
9aae9239-8722-4a90-badd-123731874d31,2025-02-19 20:51:25.912,96.161504,96.161504,,,96.7,,95.2,,,,,92.7,,,,,,90.4,90.5,90.8,89.8,89.4,89.5,88.0,88.4,,,88.5,87.8,,88.8,88.2,88.5,88.5,,,88.1,,,84.368112,,,,,,,,,,,,,,,,,,,,,,,,,,,,,,,,,,,84.368112,-11.79,-12.26,19
e3b0e6f4-d857-4206-ba24-47cd97bb22c8,2025-02-19 02:01:55.258,99.79024,99.79024,,,97.52228,98.4,97.9,96.6,96.8,96.9,96.6,96.3,95.8,97.5,96.2,96.1,98.5,98.9,98.0,98.8,99.8,98.8,99.7,99.8,99.7,98.4,98.2,98.5,98.3,98.7,,,99.79024,,,,,,,,99.9,,,,,,,,,,,,,,,,,,,,,,,,,,,,,,,,,,99.9,0.11,0.11,28
a12e669c-e14b-4388-9448-bc4a36bd37bd,2025-05-02 01:52:58.864,141.520704,141.520704,,,,137.8012496,135.9,133.3,132.7,131.4,131.2,131.1,129.9,130.8,129.7,,128.9,128.7,127.2,126.8,125.8,125.5,126.2,126.5,123.8,123.8,123.5,,,,,,,,,,,,,,,,,,,,,,,,,,,,,,,,,,,,,,,,,,,,,,,,123.5,-18.02,-12.73,21
58595bf8-cff8-47e1-9cce-463fae8ef774,2025-05-13 22:54:46.684,104.32616,104.32616,,,,,,,,,,,,,94.7,94.0,94.4,93.1,,93.0,92.0,91.5,92.0,92.3,91.4,,,,,,,,,,,,,,,,,,,,,,,,,,,,,,,,,,,,,,,,,,,,,,,,,,91.4,-12.93,-12.39,10
b18d34a8-c0fb-49ad-bfde-3343f33a01ab,2025-03-14 22:09:49.011,131.088088,131.088088,,,,,127.6,125.9,123.4,,128.3,125.7,126.5,,125.644984,,,126.2,123.5,125.9,124.2,123.5,123.2,121.3,,123.1,121.5,120.4,119.0,,119.7,,,,,,,,,,,,,,,,,,,,,,,,,,,,,,,,,,,,,,,,,,,,119.7,-11.39,-8.69,19
e6d26cc8-6e47-4884-8dcd-16865d113df6,2025-03-18 18:20:30.363,111.583632,111.583632,,,,,,115.5,,,,113.3,114.0,112.9,,113.4,113.1,110.5,111.1,114.9,113.6,,112.9,,115.7,,,,,,,,,,,,,,,,,,,,,,,,,,,,,,,,,,,,,,,,,,,,,,,,,,115.7,4.12,3.69,12
a5a8e931-cc42-4552-bfe7-5ba8867df7c2,2025-04-23 19:40:44.325,102.511792,102.511792,,100.8,102.1,101.5,100.7,100.7,100.8,99.6,99.0,97.8,97.3,96.9,96.7,96.3,96.6,97.5,97.1,95.5,95.3,93.7,94.0,,,98.3,96.2,94.9,93.9,,,,,,,,,,,,,,,,,,,,,,,,,,,,,,,,,,,,,,,,,,,,,,93.9,-8.61,-8.4,24
48cf275c-7f06-4852-a7e4-d2d6869b0f22,2025-02-06 17:12:03.929,81.192968,81.192968,,,,,,74.3,51.0,74.5,74.1,,73.7,55.2,73.935496,74.7,73.6,73.5,,72.9,73.2,73.1,,,,,,,,,,,,,,,,,,71.213944,,55.9,,,,,,,,,,,,,,,,,,,,,,,,,,,,,,,,,55.9,-25.29,-31.15,15
a3cad667-631c-46b9-b8e3-a37f6865ba0b,2025-02-25 19:59:31.711,108.408488,108.408488,,,106.59412,106.140528,106.140528,,106.59412,,,108.86208,109.315672,,,,111.2,111.3,111.5,110.6,,111.1,110.6,,111.6,110.6,111.2,111.5,,109.9,110.6,,107.6,,,,,,110.3,109.8,,,,,,,,,,,,,,,,,,,,,,,,,,,,,,,,,,,109.8,1.39,1.28,21
8d05e2f6-2251-4336-b890-983ef79ba236,2025-01-02 13:12:18.234,98.429464,98.429464,,,97.8,,97.8,,98.8,98.1,99.1,98.4,98.7,99.0,98.8,,99.7,,98.9,,99.2,99.1,100.1,98.4,98.3,98.5,98.2,98.9,100.0,96.7,97.7,97.6,96.7,97.0,97.3,39.4,96.4,97.2,97.4,31.1,96.5,,96.8,96.2,94.6,94.1,93.7,94.0,,,93.4,,,,,,,,,,,,,,,,,,,,,,,,93.4,-5.03,-5.11,39
4f694b45-aae5-4ff4-a8be-b41dc12ec5cd,2025-01-23 20:00:04.203,,,,54.884632,54.884632,,54.884632,,53.977448,53.977448,,53.7,54.6,54.0,,53.8,,54.2,,,,,,54.3,,,55.0,54.6,55.3,54.8,54.4,53.7,55.1,53.6,,54.9,53.5,54.3,55.2,54.5,54.43104,53.4,53.6,53.8,53.9,53.1,,,,,,,,,,,,,,,,,,,,,,,,,,,,,53.1,,,30
0ce0f105-bf94-495c-9ae8-951c333e3aa6,2025-01-13 18:27:14.243,126.552168,126.552168,,126.5,126.3,126.5,125.1,123.4,122.5,125.3,124.7,124.3,125.9,124.2,123.7,121.1,121.8,119.9,118.9,118.9,119.1,118.7,118.8,118.5,116.7,115.6,116.1,116.0,114.5,115.8,114.5,114.2,113.3,114.5,113.4,111.8,111.7,112.3,111.7,111.3,111.1,110.5,109.9,110.2,110.9,110.4,109.9,108.9,,,,,,,,,,,,,,,,,,,,,,,,,,,108.9,-17.65,-13.95,45
e2cb1934-410a-441d-b162-3053fa8032a2,2025-03-17 20:15:15.784,117.93392,117.93392,,,116.5,115.9,115.7,,114.3,114.0,114.3,112.7,112.2,103.9,113.1,113.2,112.6,111.1,111.8,114.3,111.1,110.5,109.3,107.8,108.9,107.9,,,106.9,105.8,106.0,105.9,104.7,104.7,104.3,105.3,,,,,,,,,,,,,,,,,,,,,,,,,,,,,,,,,,,,,,,105.3,-12.63,-10.71,29
2de5bc9f-9682-4555-9621-26d8c076d66b,2025-01-21 18:23:14.036,141.067112,141.067112,,,,,,,140.3,139.0,137.3,137.3,136.1,135.2,135.0,132.6,131.0,133.7,132.0,130.9,129.2,128.9,126.4,127.1,127.2,126.5,125.5,125.3,125.9,124.9,125.8,,122.3,121.8,120.2,118.8,119.8,,121.5,,116.3,,118.4,117.8,112.4,116.8,114.4,,,,,,,,,,,,,,,,,,,,,,,,,,,,114.4,-26.67,-18.9,35
2cfa9fe2-6bfa-45b6-9268-b7f998c77843,2025-01-21 17:36:24.972,127.912944,127.912944,,,,,125.7,123.8,122.9,123.1,122.7,122.0,122.0,121.3,120.7,122.3,122.7,123.3,121.6,120.0,120.2,118.8,116.9,117.3,116.3,116.6,116.0,115.6,,116.1,115.1,116.3,115.1,111.9,114.3,113.4,114.1,114.2,114.2,112.3,111.5,111.8,111.1,111.3,110.6,110.5,109.5,,,,,,,,,,,,,,,,,,,,,,,,,,,,109.5,-18.41,-14.39,40
dd00e7c8-f9ce-4a5e-9632-7725fd72b29a,2025-01-28 22:58:38.117,127.00576,127.00576,,,,,126.2,123.6,124.7,123.5,123.4,122.3,121.5,121.8,120.4,119.8,120.3,118.7,119.2,119.6,119.5,119.2,118.6,117.2,,116.8,116.1,116.2,116.1,116.2,,115.1,114.5,114.6,114.0,113.7,,112.7,111.9,112.1,113.0,111.4,111.1,110.5,109.6,109.5,,,,,,,,,,,,,,,,,,,,,,,,,,,,,109.5,-17.51,-13.78,37
2779c36a-8043-411a-80b3-ce7e42c4691d,2025-02-06 18:57:34.318,97.068688,97.068688,,,,,,,,,,,97.4,97.6,97.9,,,98.1,,,,97.9,98.1,96.9,96.5,95.8,95.1,94.4,94.0,95.0,93.3,91.9,91.7,91.8,91.4,92.4,90.0,89.4,90.3,89.5,88.8,88.1,,87.5,,,,,,,,,,,,,,,,,,,,,,,,,,,,,,,87.5,-9.57,-9.86,26
57c6c7a6-e421-40ca-b011-653b6a77ea62,2025-01-15 20:57:03.885,83.460928,83.460928,,82.553744,81.192968,80.5,80.1,79.9,78.3,77.5,75.9,75.7,75.5,75.5,,,,,,,,,,,,,,,,,,,,79.7,77.3,76.7,77.4,77.0,76.203456,76.2,75.5,74.7,74.1,74.0,73.7,73.5,73.3,73.0,,,,,,,,,,,,,,,,,,,,,,,,,,,73.0,-10.46,-12.53,26
615b7f55-372f-4f57-83ac-897c7a580436,2025-05-14 16:03:38.316,115.66596,115.66596,,,,113.3,113.1,111.0,111.0,109.9,107.0,106.3,108.8,107.9,103.8,103.3,97.7,95.7,,,,,,,,,,,,,,,,,,,,,,,,,,,,,,,,,,,,,,,,,,,,,,,,,,,,,,,,,95.7,-19.97,-17.26,13
52a0f2e6-32cf-4f7e-bfc1-e7847e91e4a7,2025-01-15 15:11:19.622,115.212368,115.212368,,,,,,108.1,107.3,108.0,105.3,106.1,103.4,102.0,100.4,98.3,99.3,97.4,98.2,95.7,93.2,95.8,94.4,94.7,93.8,93.1,92.9,90.4,92.2,91.5,90.5,90.264808,,,94.6,94.0,,93.6,93.439952,91.6,93.3,,,91.4,94.8,,,92.3,,,,,,,,,,,,,,,,,,,,,,,,,,,92.3,-22.91,-19.89,34
7350fa50-8a1c-4c17-9208-95cfb14aef76,2025-01-14 18:05:24.968,161.02516,161.02516,,,,159.9,158.3,161.1,161.6,162.5,162.0,162.9,162.9,163.2,161.9,162.0,159.7,159.2,157.1,154.2,151.2,152.1,151.6,148.1,147.2,146.1,144.4,143.0,141.6,141.6,138.7,138.8,139.0,139.4,134.2,135.8,136.6,135.1,133.7,133.9,133.9,131.6,132.1,132.0,130.3,129.6,129.3,128.9,128.5,,,,,,,,,,,,,,,,,,,,,,,,,,128.5,-32.53,-20.2,44
c21f9195-1765-4bbb-a912-5a788db1b3a9,2025-01-07 18:50:37.275,192.7766,192.7766,190.962232,189.601456,190.7,189.8,187.3,188.8,186.9,188.7,186.3,186.8,185.7,186.5,,184.3,,183.3,183.6,182.3,,,,,,,,177.8,174.9,,174.1,172.7,172.2,171.0,169.9,169.8,,,,,,,,,,,,,,,,,,,,,,,,,,,,,,,,,,,,,,,169.8,-22.98,-11.92,24
03b792f9-b7e2-4e9c-b2aa-723236ce49b0,2025-03-24 13:26:12.572,142.88148,142.88148,,,,140.3,138.9,140.3,140.7,140.9,140.0,140.7,140.7,139.9,140.3,141.2,140.5,52.1,140.7,140.2,138.5,140.6,140.1,139.5,141.1,140.5,,141.2,140.1,140.3,140.0,138.6,139.0,139.6,139.3,,,,,,,,,,,,,,,,,,,,,,,,,,,,,,,,,,,,,,,,139.3,-3.58,-2.51,29
27c6f621-25e9-4e10-b6d2-3da88f7fb431,2025-03-10 16:02:41.961,140.159928,140.159928,,140.3,140.5,137.5,136.5,136.2,140.3,59.8,138.1,139.2,,137.8,109.8,140.1,137.3,138.0,,140.9,,,141.6,140.7,,,,,138.9,,,139.7,,,,,,,,,,,,,,,,,,,,,,,,,,,,,,,,,,,,,,,,,,,139.7,-0.46,-0.33,19
d185cee5-57d8-4df8-a40f-2a2148487a14,2025-01-31 19:25:05.847,152.860504,152.860504,,,,,,149.6,,149.0,148.5,147.4,,145.8,,,144.8,,143.8,,142.7,,141.520704,,136.8,134.2,,134.716824,,,134.8,,,131.995272,,130.2,,,,127.9,,,,,,,,,,,,,,,,,,,,,,,,,,,,,,,,,,,127.9,-24.96,-16.33,16
fd35433b-472f-4a2d-8c2e-5f04e60e9e81,2025-03-28 12:24:32.388,118.841104,118.841104,,,116.5,117.6,,115.4,114.0,113.3,,112.3,110.5,,110.9,112.7,111.5,111.0,108.2,108.9,108.2,108.5,106.1,105.6,104.6,103.7,105.6,105.2,101.0,,100.8,100.3,100.2,,,,,,,,,,,,,,,,,,,,,,,,,,,,,,,,,,,,,,,,,,100.2,-18.64,-15.69,25
27e59bf0-e712-4fc1-9ca8-a44ac10def71,2025-02-14 19:52:02.467,102.0582,102.0582,,,,,,,,,106.3,103.8,103.4,103.7,104.9,103.0,103.9,104.4,103.1,103.0,103.0,103.5,101.4,101.6,100.9,100.6,99.8,99.4,98.3,98.1,97.4,97.5,96.9,96.7,96.7,95.7,95.4,94.2,93.6,94.2,93.3,93.6,,,,,,,,,,,,,,,,,,,,,,,,,,,,,,,,,93.6,-8.46,-8.29,32
4df30e0b-43ce-4310-bc8a-8abba1821d03,2025-05-13 21:47:05.580,156.48924,156.48924,,,,,,,,,,,,,,,152.8,153.5,152.9,151.7,152.2,151.2,152.4,152.1,151.5,,,,,,,,,,,,,,,,,,,,,,,,,,,,,,,,,,,,,,,,,,,,,,,,,,151.5,-4.99,-3.19,9
6f3ce9d3-0078-42c5-9a16-b4a77fe933b0,2025-03-20 02:46:41.495,107.501304,107.501304,,,,,,,105.9,107.8,107.2,106.9,107.6,107.7,106.0,104.8,105.4,104.1,103.6,101.7,102.9,103.5,101.8,102.1,102.2,103.3,103.8,103.7,101.7,100.9,100.9,101.4,101.9,100.2,101.4,103.7,,,,,,,,,,,,,,,,,,,,,,,,,,,,,,,,,,,,,,,103.7,-3.8,-3.54,28
beb80eba-bb44-4401-954e-5370c62ede2a,2025-06-02 15:31:41.851,88.45044,88.45044,,,,,,,,89.1,87.0,,86.2,84.7,84.3,83.3,83.1,82.4,82.4,81.8,81.3,,,,,,,,,,,,,,,,,,,,,,,,,,,,,,,,,,,,,,,,,,,,,,,,,,,,,,81.3,-7.15,-8.08,11
5a85311d-d75b-4975-9c12-91066187b51b,2025-05-21 20:21:41.806,145.14944,145.14944,,,,143.3,141.7,136.984784,,135.9,,,,134.263232,,,,134.6,132.448864,134.4,134.1,,132.2,,,,,,,,,,,,,,,,,,,,,,,,,,,,,,,,,,,,,,,,,,,,,,,,,,,,132.2,-12.95,-8.92,10
990d0ebd-1776-4055-b107-b61bcd789ff9,2025-03-28 15:02:21.957,190.055048,190.055048,,,191.7,189.4,189.0,187.7,189.0,187.5,186.5,186.1,,183.6,183.1,182.3,183.5,185.6,177.1,177.5,176.6,175.1,173.7,173.8,174.7,174.9,174.4,173.0,172.7,172.6,166.0,165.6,,,,,,,,,,,,,,,,,,,,,,,,,,,,,,,,,,,,,,,,,,,165.6,-24.46,-12.87,27
53d24445-2894-4ee0-b916-dcf8d4b8b7a1,2025-03-04 16:08:44.048,105.686936,105.686936,,,,,,99.8,98.7,98.7,99.3,96.6,96.7,,,,96.6,,,96.4,95.6,,95.6,,94.7,94.2,92.7,92.6,92.9,93.5,93.4,92.5,,92.0,90.5,90.1,91.9,,91.6,,,,,,,,,,,,,,,,,,,,,,,,,,,,,,,,,,,,91.6,-14.09,-13.33,23
6e64be76-02f2-4a25-9926-acae0c367b94,2025-01-09 04:06:08.151,113.398,113.398,,,,,,,,,,,,,,,,,,82.5,81.1,80.5,81.8,81.9,81.8,79.7,79.0,79.5,79.7,78.2,78.1,79.6,77.7,77.8,77.9,,,,79.5,77.8,75.9,77.3,76.5,75.3,76.2,74.7,73.2,72.6,72.1,,,,,,,,,,,,,,,,,,,,,,,,,,72.1,-41.3,-36.42,27
cee9fe9e-dce0-4495-9033-3605e891be5b,2025-01-02 04:51:26.646,132.902456,132.902456,,,,,,,123.4,118.1,119.3,121.2,119.6,124.3,119.3,119.8,121.3,120.9,133.6,137.0,142.6,140.3,139.3,138.6,137.9,140.0,137.9,137.5,135.6,138.3,137.4,136.7,137.1,135.9,135.7,135.9,135.6,136.3,137.2,136.8,133.2,132.2,133.5,131.1,132.1,132.8,124.7,129.3,128.9,129.4,127.9,,,,,,,,,,,,,,,,,,,,,,,,127.9,-5.0,-3.76,43
fc8d187c-bb78-4521-b90e-10f050c81eee,2025-01-06 18:41:44.936,102.511792,102.511792,,104.4,102.4,100.4,98.5,99.2,100.4,101.1,101.5,101.8,101.1,99.4,,97.5,95.7,,,94.1,,,94.5,92.9,,93.9,91.3,,,92.3,,,,,,87.4,,,82.6,,83.1,,,,,,77.564232,,,,,,,,,,,,,,,,,,,,,,,,,,,,77.564232,-24.95,-24.34,23
a39d4309-e206-49db-845a-498812579c67,2025-01-15 19:19:17.074,129.727312,129.727312,,,130.7,130.4,129.0,128.0,130.1,130.5,129.8,128.5,128.8,129.7,129.4,130.1,129.1,131.9,131.1,,130.2,130.3,129.727312,,128.0,129.2,129.0,129.8,130.0,129.6,128.2,129.5,128.4,127.8,,126.7,125.9,124.7,125.5,125.2,124.2,,123.0,123.8,123.7,124.7,124.2,123.0,,,,,,,,,,,,,,,,,,,,,,,,,,,123.0,-6.73,-5.19,40
39b5c851-ae7a-4f10-8ebb-6188dbd299ce,2025-05-14 12:41:41.169,123.377024,123.377024,,122.46984,,,,,,,,125.644984,,,,,,,126.2,125.4,126.7,123.6,119.8,118.6,118.2,,,,,,,,,,,,,,,,,,,,,,,,,,,,,,,,,,,,,,,,,,,,,,,,,,118.2,-5.18,-4.2,9
d83b7525-5ffb-40db-9a92-0f5fd0677818,2025-05-13 18:57:08.103,150.138952,150.138952,,,,,,150.138952,,149.2,148.1,148.4,149.4,147.6,147.6,147.9,147.2,147.5,146.6,,146.6,145.1,143.6,144.7,144.8,,,,,,,,,,,,,,,,,,,,,,,,,,,,,,,,,,,,,,,,,,,,,,,,,,144.8,-5.34,-3.56,16
823a7152-f3c1-4ea2-941d-cacaa0fa1f9e,2025-05-31 00:46:15.865,110.222856,110.222856,,,,,,110.222856,,120.5,118.7,120.2,119.5,117.6,115.212368,114.8,,,,,,,,,,,,,,,,,,,,,,,,,,,,,,,,,,,,,,,,,,,,,,,,,,,,,,,,,,,114.8,4.58,4.15,8
f2ba0282-2d24-4fb7-9a03-6c77d546b0e3,2025-01-02 00:27:44.497,87.996848,87.996848,85.728888,87.543256,85.728888,89.357624,88.904032,89.1,89.4,89.1,89.7,89.4,89.4,89.0,89.4,88.9,89.8,89.3,88.4,89.3,89.6,89.1,89.6,89.8,88.5,88.8,87.7,88.2,,,89.3,86.8,87.8,86.8,87.9,87.3,85.9,85.3,84.8,84.4,83.1,83.5,83.0,82.4,82.0,82.4,81.2,80.5,80.9,80.2,79.5,,,,,,,,,,,,,,,,,,,,,,,,79.5,-8.5,-9.66,47
770cdd17-3985-4917-b550-178f162a92d6,2025-01-16 22:05:07.241,141.067112,141.067112,,,137.0,135.3,133.3,133.7,132.1,131.9,130.1,130.2,128.9,128.4,127.8,128.2,126.1,126.2,125.9,125.0,123.5,123.8,123.6,124.8,122.2,122.5,122.5,119.8,119.3,118.4,118.9,117.4,118.1,116.5,115.7,116.2,117.3,114.8,115.6,116.9,115.4,115.1,115.2,113.9,112.4,112.4,111.8,112.0,,,,,,,,,,,,,,,,,,,,,,,,,,,112.0,-29.07,-20.61,44
ed5e8054-415c-465a-8511-78602cf033d0,2025-01-10 05:00:40.471,104.32616,104.32616,132.448864,103.418976,102.965384,102.965384,103.6,,102.511792,102.511792,102.511792,102.0582,102.0582,102.0582,85.6,101.604608,,100.697424,100.697424,100.243832,100.697424,100.0,98.429464,97.975872,97.8,,97.0,96.161504,95.25432,95.707912,95.25432,94.800728,,93.893544,,93.439952,92.532768,90.264808,,88.904032,88.904032,,88.904032,88.45044,87.543256,86.636072,86.18248,,,,,,,,,,,,,,,,,,,,,,,,,,,,86.18248,-18.14,-17.39,38
b7c4c795-cf6d-4643-b078-a2b58b0af454,2025-04-21 16:19:14.635,118.387512,118.387512,,102.6,101.6,59.8,59.1,61.4,102.5,,102.2,62.8,,103.3,,,,33.8,,,,,61.6,102.3,102.5,102.9,102.3,103.0,102.0,,,,,,,,,,,,,,,,,,,,,,,,,,,,,,,,,,,,,,,,,,,,,,102.0,-16.39,-13.84,17
68bb409c-b332-4a6b-b80e-8a1fa2da99b0,2025-03-19 21:42:36.614,140.61352,140.61352,,,140.1,138.4,138.4,136.9,136.6,138.1,135.8,135.5,135.5,133.1,130.9,134.3,132.1,130.0,131.5,132.1,131.6,131.3,131.5,130.2,130.8,128.8,128.4,128.7,127.4,129.1,125.7,127.4,127.8,128.8,127.9,126.7,,,,,,,,,,,,,,,,,,,,,,,,,,,,,,,,,,,,,,,126.7,-13.91,-9.89,32
e9a9f4ac-7bfc-43ef-a4b0-b9d41134b65a,2025-03-11 13:24:40.029,,,,,,,106.8,,,108.7,118.4,30.0,111.13004,111.583632,30.0,30.8,31.1,31.6,113.398,110.676448,,111.13004,110.676448,,,109.769264,108.86208,108.86208,108.86208,,108.86208,108.8,106.5,105.3,104.8,,104.32616,,,,,,,,,,,,,,,,,,,,,,,,,,,,,,,,,,,,,,104.32616,,,24
c628b1e0-ca56-469f-8e38-790748653a5b,2025-04-24 20:05:16.399,126.098576,126.098576,,127.7,122.8,122.9,125.3,123.6,121.0,122.0,122.2,,123.0,122.016248,122.2,123.7,123.5,122.6,122.0,122.3,123.4,,120.8,119.0,117.9,118.1,118.7,118.9,,,,,,,,,,,,,,,,,,,,,,,,,,,,,,,,,,,,,,,,,,,,,,,118.9,-7.2,-5.71,23
90f798cb-20be-41a0-ac0c-a71d185895c7,2025-02-05 18:08:56.673,90.7184,90.7184,,,,89.8,90.0,89.2,90.0,89.1,89.1,88.8,89.0,88.8,88.9,87.8,87.6,87.8,87.1,87.2,87.5,87.2,89.4,89.4,89.5,87.1,87.5,87.8,87.2,86.7,86.2,86.0,,84.8,84.6,83.7,83.4,83.7,86.6,85.0,83.1,82.7,82.8,82.0,,,,,,,,,,,,,,,,,,,,,,,,,,,,,,,82.0,-8.72,-9.61,38
f0b5194d-34d2-4603-b775-0b89239a853d,2025-06-16 19:25:26.749,101.604608,101.604608,,,,101.9,,101.4,,99.7,,98.3,97.0,97.5,96.8,97.0,96.8,96.0,,,,,,,,,,,,,,,,,,,,,,,,,,,,,,,,,,,,,,,,,,,,,,,,,,,,,,,,,96.0,-5.6,-5.52,10
3900c6b2-0613-4090-9547-2383c4a72871,2025-01-11 19:41:09.506,149.68536,149.68536,,,,,,,,,,153.4,153.2,153.9,151.7,150.8,150.8,149.7,149.3,149.0,147.9,148.2,145.8,146.4,145.8,145.8,144.5,144.4,143.5,143.0,142.8,143.1,141.8,141.8,140.7,140.9,140.0,138.7,137.891968,139.7,137.5,136.6,136.6,134.6,133.9,134.9,133.5,132.5,131.9,,,,,,,,,,,,,,,,,,,,,,,,,,131.9,-17.79,-11.88,38
726807ba-03e3-4b46-b37f-479fdaf9f761,2025-02-13 21:28:58.017,91.171992,91.171992,91.171992,91.2,,89.7,88.8,88.6,87.7,86.7,87.4,84.6,,86.1,84.2,83.2,83.4,82.6,82.3,81.9,82.0,82.1,,81.7,81.2,81.2,81.6,81.5,81.0,79.9,,79.5,78.8,,,,78.5,79.3,78.7,78.3,78.3,,,,,,,,,,,,,,,,,,,,,,,,,,,,,,,,,,78.3,-12.87,-14.12,32
0604b3ea-30e2-4558-a974-2e8c6862071e,2025-03-20 10:22:05.023,104.32616,104.32616,,,,,104.5,103.8,104.7,104.4,104.9,,103.8,103.6,,105.4,,,,50.6,104.5,104.7,,,106.4,,,,101.8,,100.9,101.6,100.9,99.2,98.7,,,,,,,,,,,,,,,,,,,,,,,,,,,,,,,,,,,,,,,,98.7,-5.63,-5.39,18
140d7aff-ddd7-4955-b505-0e2baa9deb03,2025-05-21 16:04:23.280,140.61352,140.61352,,,134.8,134.0,,134.4,135.0,134.4,135.5,,,135.0,,134.8,132.7,,133.6,132.8,132.3,133.0,131.7,,,,,,,,,,,,,,,,,,,,,,,,,,,,,,,,,,,,,,,,,,,,,,,,,,,,131.7,-8.91,-6.34,14
b0a3e616-3172-4406-964e-bd1d7bee2f66,2025-01-21 21:50:44.463,97.52228,97.52228,,,99.6,97.7,97.6,99.0,98.2,97.7,97.1,,97.7,98.4,98.3,98.7,98.2,98.8,98.6,99.2,99.7,99.3,98.0,98.4,97.6,98.5,98.1,97.5,97.1,96.7,95.8,96.0,97.0,96.1,95.4,96.0,96.9,94.4,95.2,95.9,95.6,94.2,94.9,94.9,93.4,93.3,95.0,,,,,,,,,,,,,,,,,,,,,,,,,,,,95.0,-2.52,-2.59,42
d1524eef-b0b4-4f34-8a61-561ab65fb41a,2025-05-20 23:21:16.920,113.398,113.398,,,,,114.6,90.4,112.6,35.3,110.7,109.9,,,,111.6,110.7,,,,,,,,,,,,,,,,,,,,,,,,,,,,,,,,,,,,,,,,,,,,,,,,,,,,,,,,,,110.7,-2.7,-2.38,8
41957a40-0493-4e55-82d4-01dba77fc88d,2025-05-29 19:50:56.821,108.86208,108.86208,110.5857296,,,,110.7,108.86208,107.954896,108.3,108.9,106.9,106.7,106.4,105.7,105.2,,105.2,104.5,104.2,103.872568,,,,,,,,,,,,,,,,,,,,,,,,,,,,,,,,,,,,,,,,,,,,,,,,,,,,,,103.872568,-4.99,-4.58,15
d5e34c2f-0967-4c1b-b7d0-1c86fb6628cf,2025-03-18 20:30:51.260,98.429464,98.429464,,,,106.3,106.2,104.8,104.0,104.0,102.8,,103.6,,101.8,,,98.1,97.5,,94.9,,,88.7,87.4,87.996848,86.8,86.4,,86.7,84.7,85.0,,84.4,86.0,,,,,,,,,,,,,,,,,,,,,,,,,,,,,,,,,,,,,,,,86.0,-12.43,-12.63,21
30cb63ab-df9d-46d6-a04b-46be0d06ef21,2025-01-23 23:10:28.209,140.61352,140.61352,,,,,,,,,,,,,139.7,139.706336,52.0,141.2,43.7,139.5,139.0,139.3,139.706336,139.706336,138.9,139.3,140.4,139.706336,138.799152,135.170416,42.4,140.6,,,53.4,137.0,,,,,,136.0,,,,,,,,,,,,,,,,,,,,,,,,,,,,,,,,,136.0,-4.61,-3.28,21
b9788ec1-0b29-49b0-8aa2-2cb4565e1fa2,2025-05-13 22:00:23.964,162.385936,162.385936,,,161.4,,158.3,160.6,161.7,159.4,,,162.4,,159.2,157.7,,,158.7572,158.7,157.9,155.6,157.1,156.5,156.3,,,,,,,,,,,,,,,,,,,,,,,,,,,,,,,,,,,,,,,,,,,,,,,,,,156.3,-6.09,-3.75,15
f0a5495f-3f14-4be1-91b8-16a1b36190fd,2025-06-13 15:24:35.786,112.490816,112.490816,,114.2,110.2,108.9,110.2,109.1,107.8,109.6,,111.1,110.222856,110.9,109.9,,,107.6,,,,,,,,,,,,,,,,,,,,,,,,,,,,,,,,,,,,,,,,,,,,,,,,,,,,,,,,,107.6,-4.89,-4.35,12
31f8c169-6f7b-4073-8c0e-e6ad85a9efec,2025-01-01 21:41:07.416,133.80964,133.80964,,,133.5,133.3,132.7,135.6,132.7,134.3,130.9,131.4,131.2,131.9,130.6,129.2,129.5,129.6,128.6,127.7,127.7,128.3,,127.5,127.5,126.0,127.0,126.2,124.7,123.6,122.4,120.9,121.5,121.8,121.4,122.7,121.4,120.5,120.9,120.2,118.8,119.7,,119.9,118.6,118.6,116.7,117.4,117.0,,117.0,,,,,,,,,,,,,,,,,,,,,,,,117.0,-16.81,-12.56,44
805a4abf-4313-4234-b36f-321828e12024,2025-02-12 20:37:10.290,106.59412,106.59412,,107.4,,108.1,105.5,105.3,105.4,105.9,105.3,106.8,105.8,106.9,107.3,106.6,105.2,105.4,106.7,106.4,108.1,107.3,107.6,106.6,107.7,106.1,104.5,104.2,104.0,104.1,102.3,101.6,102.3,102.2,100.7,101.9,100.7,101.2,99.5,100.243832,99.5,98.5,98.9,,,,,,,,,,,,,,,,,,,,,,,,,,,,,,,,98.9,-7.69,-7.22,39
9922d3d4-613b-46a2-b914-b4ce7b289ff7,2025-03-10 17:18:46.847,130.180904,130.180904,,130.0,82.5,131.5,128.2,126.3,,127.5,126.1,126.7,,126.8,124.1,,123.3,123.7,121.9,,124.5,123.1,,123.5,121.2,114.4,,120.3,120.1,,117.480328,117.2,116.4,,117.7,117.6,,114.3,,,,,,,,,,,,,,,,,,,,,,,,,,,,,,,,,,,,,114.3,-15.88,-12.2,26
d1b15d9a-84cc-4a99-aa8a-36d6ec379418,2025-01-13 01:12:54.130,149.68536,149.68536,,,,,,,,,141.9,140.4,,140.0,139.6,138.5,,136.6,135.8,134.3,133.3,132.3,130.9,131.1,127.8,125.8,125.5,124.9,125.3,124.1,124.1,121.3,120.4,121.8,118.8,,122.8,118.4,,120.6,119.3,117.1,118.7,115.6,114.4,113.5,113.5,112.5,110.7,,,,,,,,,,,,,,,,,,,,,,,,,,110.7,-38.99,-26.04,35
a7cbad8c-084d-4559-9256-d3821a35e6d1,2025-05-14 00:38:00.112,112.490816,112.490816,,,,,,116.7,116.3,116.4,115.4,115.1,114.4,113.9,114.6,115.3,116.7,116.8,114.2,113.4,112.9,112.7,111.3,110.2,109.0,,,,,,,,,,,,,,,,,,,,,,,,,,,,,,,,,,,,,,,,,,,,,,,,,,109.0,-3.49,-3.1,18
810ecba6-f71d-4796-b88e-2c4e9db27bb8,2025-01-09 19:57:59.716,111.13004,111.13004,,,104.32616,,,107.8,106.0,106.4,105.5,104.1,103.9,103.5,101.9,,103.6,103.5,,102.8,104.7,104.7,104.3,,,,,104.779752,105.1,103.6,101.2,101.6,101.7,98.4,97.4,97.9,97.1,95.7,95.5,94.4,94.2,92.3,91.9,89.4,89.1,88.5,86.4,84.6,85.1,82.6,,,,,,,,,,,,,,,,,,,,,,,,,82.6,-28.53,-25.67,38
b4a9e597-7045-4647-9084-360adbdd0132,2025-06-25 01:11:21.539,118.841104,118.841104,,,,,,123.1,123.4,122.3,123.2,124.3,123.1,123.5,122.1,122.0,,,,,,,,,,,,,,,,,,,,,,,,,,,,,,,,,,,,,,,,,,,,,,,,,,,,,,,,,,,122.0,3.16,2.66,9
0f448920-81ef-4654-857b-2681d370e8d3,2025-05-28 16:35:43.299,142.88148,142.88148,,,,140.61352,141.520704,140.61352,,,142.427888,,,142.3,,142.88148,142.427888,142.88148,142.88148,,,,,,,,,,,,,,,,,,,,,,,,,,,,,,,,,,,,,,,,,,,,,,,,,,,,,,,,142.88148,0.0,0.0,9
b6906272-9c19-4669-9d3a-7ac748fb19ec,2025-01-12 08:32:31.872,91.171992,91.171992,,,,,,87.543256,88.4,86.9,88.2,87.9,88.5,88.7,88.2,89.4,,,,,,,,,,,,,,,,88.1,82.9,87.0,86.7,86.5,85.8,85.5,85.1,84.0,84.4,83.9,84.8,84.6,83.4,83.6,82.9,82.7,84.1,,,,,,,,,,,,,,,,,,,,,,,,,,84.1,-7.07,-7.76,27
2f897c31-8669-4177-9441-e098c3d9e45a,2025-06-29 23:26:53.221,110.222856,110.222856,,,,,111.13004,,112.6,112.1,111.6,111.6,112.9,111.1,111.1,,,,,,,,,,,,,,,,,,,,,,,,,,,,,,,,,,,,,,,,,,,,,,,,,,,,,,,,,,,,111.1,0.88,0.8,8
2b8d0d5d-6e8f-41c1-9b59-abd5844355bb,2025-03-24 15:31:56.929,102.0582,102.0582,,,,,,,,93.5,90.9,91.7,,,92.2,,,,,,103.7,,,,91.7,93.2,91.6,91.5,91.7,92.0,,91.4,92.2,90.8,92.6,,,,,,,,,,,,,,,,,,,,,,,,,,,,,,,,,,,,,,,,92.6,-9.46,-9.27,15
33cf8d95-7c34-4042-a3d1-a02950e4b9b8,2025-06-10 02:47:42.763,131.54168,131.54168,,,132.6,129.4,129.7,129.0,127.8,129.3,69.6,129.0,128.2,,128.6,,,,,,,,,,,,,,,,,,,,,,,,,,,,,,,,,,,,,,,,,,,,,,,,,,,,,,,,,,,,128.6,-2.94,-2.24,10
f02bfcfb-646a-4129-9562-eea3239b644b,2025-02-18 21:47:15.682,127.00576,127.00576,,,,,126.3,124.9,124.8,123.6,122.3,121.5,120.9,120.2,120.3,121.4,,122.1,120.6,119.4,,121.6,120.0,120.1,119.0,117.0,114.5,,115.0,113.9,113.8,112.4,111.1,110.4,,108.9,,,107.2,,106.9,,,,,,,,,,,,,,,,,,,,,,,,,,,,,,,,,,106.9,-20.11,-15.83,28
ed249d67-b948-4d77-9c72-64211b51ceae,2025-06-30 02:21:23.663,95.25432,95.25432,97.068688,95.25432,96.615096,99.5,99.5,100.2,99.3,98.9,96.5,95.4,96.3,95.5,97.0,,,,,,,,,,,,,,,,,,,,,,,,,,,,,,,,,,,,,,,,,,,,,,,,,,,,,,,,,,,,97.0,1.75,1.83,13
8613c921-608f-4ca9-9322-ee6458bd371d,2025-06-06 12:12:55.067,136.0776,136.0776,,,130.2,131.5,131.2,130.1,128.8,128.7,126.2,126.4,126.4,124.0,124.7,123.6,123.6,124.9,123.7,124.6,,,,,,,,,,,,,,,,,,,,,,,,,,,,,,,,,,,,,,,,,,,,,,,,,,,,,,,124.6,-11.48,-8.43,16
2fdf0fc0-fc1d-4e5e-843e-f359bf0d0e0b,2025-03-13 19:01:03.422,,,,99.2,100.0,99.0,99.1,98.3,99.5,99.6,98.4,98.3,98.7,99.7,99.6,98.8,98.9,100.0,100.1,99.0,98.3,97.8,97.8,96.9,96.1,95.3,,93.439952,,,,,,89.357624,,,,,,,,,,,,,,,,,,,,,,,,,,,,,,,,,,,,,,,,,89.357624,,,25
f902a9c3-baca-4de4-80bf-aafa60a6fe79,2025-08-01 02:55:49.513,134.716824,134.716824,,,129.9,127.9,126.8,125.1,124.5,,,,,,,,,,,,,,,,,,,,,,,,,,,,,,,,,,,,,,,,,,,,,,,,,,,,,,,,,,,,,,,,,,124.5,-10.22,-7.58,5
302cf994-1701-41a5-8fe3-77d013ad01a0,2025-06-16 01:08:08.314,94.347136,94.347136,,93.7,92.6,92.1,92.5,91.8,91.7,91.2,90.0,89.0,89.3,87.8,86.7,87.4,86.6,86.1,,,,,,,,,,,,,,,,,,,,,,,,,,,,,,,,,,,,,,,,,,,,,,,,,,,,,,,,,86.1,-8.25,-8.74,15
6f571f58-bd90-4296-8648-413935a9d58b,2024-08-27 16:48:50.852,164.200304,164.200304,,,,,,160.2,158.8,158.6,160.3,159.4,157.2,158.0,157.0,155.6,155.8,157.6,155.2,155.2,,156.3,153.9,,153.7,153.2,,156.6,,,155.1,,152.8,,152.3,,,155.0,154.1,,153.1,152.7,155.0,,155.2,153.4,,152.8,,154.5,152.6,152.7,151.95332,,150.7,150.4,150.0,,149.4,148.2,,,148.1,,148.324584,148.1,147.9,146.2,,144.695848,,,,143.5,143.5,-20.7,-12.61,45
94b24620-b0cf-492d-bca0-5c38bcb6535f,2025-01-09 21:15:03.972,84.821704,84.821704,,,,,,,,,,,,,,,,78.4,77.7,77.5,59.9,77.6,78.0,77.8,78.0,78.3,,78.1,76.9,76.7,77.3,77.3,,77.4,,76.0,76.3,76.1,76.3,76.203456,76.2,76.3,76.0,76.3,76.1,76.8,75.9,76.2,56.3,,,,,,,,,,,,,,,,,,,,,,,,,,56.3,-28.52,-33.63,29
25f374a9-ae0d-4224-8c2a-84698c73f019,2025-02-11 22:16:07.309,111.13004,111.13004,,,112.3093792,,,,,,111.5,110.7,,110.7,110.1,109.5,,108.6,,,107.9,106.6,105.9590912,,104.5,104.1,,103.1,101.9,100.0,,99.0,98.6,,99.4,97.9,97.3,,,95.9,,93.9,,,,,,,,,,,,,,,,,,,,,,,,,,,,,,,,,93.9,-17.23,-15.5,22
5ccaf86a-f99c-4e88-b9de-1598f057bbc7,2025-03-07 14:43:47.764,90.7184,90.7184,,,89.7,88.3,88.9,88.6,,89.2,89.3,87.6,88.2,87.4,87.1,87.7,87.0,86.7,,86.2,85.9,85.9,86.3,85.4,85.6,85.6,85.0,84.7,84.3,84.5,84.4,84.2,83.4,82.6,82.2,81.7,81.7,81.2,,,,,,,,,,,,,,,,,,,,,,,,,,,,,,,,,,,,,81.2,-9.52,-10.49,32
57e774d4-9e83-40bf-83bc-2d31c4c976e2,2025-01-02 15:12:59.981,98.883056,98.883056,97.975872,96.161504,95.8,95.2,96.1,93.8,92.8,92.4,92.5,91.2,91.1,90.2,89.6,89.5,88.3,88.3,88.1,87.4,87.2,86.8,,86.8,85.5,86.3,85.7,85.6,84.7,86.1,86.3,85.2,84.9,85.2,85.0,84.6,85.0,,84.7,84.4,84.7,84.9,84.0,85.2,84.8,84.4,84.2,84.4,,84.9,85.2,,,,,,,,,,,,,,,,,,,,,,,,85.2,-13.68,-13.84,46
ac518b4c-585c-4b46-af75-48620f8af615,2025-01-28 15:57:10.318,136.0776,136.0776,,,130.4,130.4,130.2,130.9,131.6,131.9,131.9,,131.8,132.3,131.1,130.9,130.7,130.5,130.2,129.9,129.3,130.2,128.7,127.9,129.0,127.6,128.2,128.0,125.6,125.5,125.7,125.7,,123.6,123.4,123.6,122.1,121.4,122.3,121.0,119.6,121.1,121.2,120.4,120.6,,,,,,,,,,,,,,,,,,,,,,,,,,,,,,120.6,-15.48,-11.37,39
c0ff2f5f-9e5d-4b3c-9ebd-8916d59955f1,2025-01-03 19:02:52.490,116.573144,116.573144,,,,116.1,115.8,116.4,115.8,115.1,115.2,112.8,,114.1,114.7,116.2,114.6,114.9,113.7,114.5,112.5,112.3,110.2,112.5,111.9,111.3,109.2,107.3,108.7,107.1,106.2,105.3,103.8,104.1,104.6,104.0,103.7,104.0,102.7,102.0582,103.6,,103.2,,,102.1,,101.3,102.0,,,,,,,,,,,,,,,,,,,,,,,,,,102.0,-14.57,-12.5,39
19d1a630-52c0-4ef6-b552-804550492e2e,2025-01-28 04:11:47.321,140.159928,140.159928,,,,,135.6,132.2,131.8,132.5,130.2,129.5,128.7,127.6,126.9,126.7,126.0,124.4,123.9,126.6,122.6,120.5,120.4,119.2,117.9,117.8,116.3,115.1,114.1,114.6,113.6,114.8,113.6,113.9,112.9,112.037224,111.7,111.3,110.9,109.0,109.6,108.3,107.3,108.0,106.6,106.0,,,,,,,,,,,,,,,,,,,,,,,,,,,,,106.0,-34.16,-24.37,40
1eb1db8f-c567-42f3-a37c-6d9cbd4dbacc,2025-04-02 20:25:07.857,104.779752,104.779752,,,,,,,103.1,103.2,102.4,101.7,101.7,102.1,103.7,,53.9,,,,104.6,102.5,,103.2,102.2,102.8,,102.1,101.7,102.6,102.9,103.1,,,,,,,,,,,,,,,,,,,,,,,,,,,,,,,,,,,,,,,,,,,103.1,-1.68,-1.6,18
1bf1aa8b-7b83-413c-9cc5-3044b8f3b22c,2025-02-01 02:42:44.924,108.408488,108.408488,,106.6,,,,106.6,,107.2,,106.2,,105.6,108.3,106.4,,105.8,107.8,,106.7,105.5,104.9,103.5,104.8,102.7,103.5,101.5,100.3,101.9,101.8,,100.6,100.6,99.9,99.5,98.1,,97.6,,96.9,97.6,97.1,95.4,95.2,,,,,,,,,,,,,,,,,,,,,,,,,,,,,,95.2,-13.21,-12.18,31
b7b96cc4-1d78-4aad-809d-5dbe22530bf6,2025-05-22 14:50:26.421,95.25432,95.25432,,,,91.3,,89.7,91.2,89.9,,90.8,90.0,88.9,89.7,88.1,88.4,87.5,87.6,88.8,88.4,88.3,89.0,,,,,,,,,,,,,,,,,,,,,,,,,,,,,,,,,,,,,,,,,,,,,,,,,,,,89.0,-6.25,-6.57,16
67b75e71-5f95-46aa-a94b-ad7bdc9beec2,2025-01-20 19:38:41.965,119.748288,119.748288,,,,,,,,,,,,,,,,,,,,,,,,,,119.0,119.7,120.5,119.3,117.8,119.1,120.1,118.9,119.2,119.4,119.1,119.2,118.6,117.6,117.4,117.5,116.4,116.8,116.6,114.4,,,,,,,,,,,,,,,,,,,,,,,,,,,,114.4,-5.35,-4.47,20
9f0613fe-2d74-46ff-a73a-06c9e6942bec,2025-02-19 19:47:43.199,131.54168,131.54168,,,133.7,129.5,127.0,125.0,125.5,124.2,123.2,123.8,77.6,,124.0,125.8,,126.7,126.2,123.4,124.4,,,,,126.8,126.7,,121.9,,125.191392,123.1,123.5,,,,123.5,123.4,123.4,81.9,84.3,,,,,,,,,,,,,,,,,,,,,,,,,,,,,,,,,,84.3,-47.24,-35.91,26
c638da12-2198-4152-add9-690b0dd9d8e6,2025-01-14 19:14:47.137,108.86208,108.86208,,,,,,,,,,,,,,,,,,,,,,,,,,,,,,,,,106.59412,,107.3198672,,,,108.5,108.9,108.5,107.9,108.8,108.3,108.3,,,,,,,,,,,,,,,,,,,,,,,,,,,,108.3,-0.56,-0.52,9
7972b88b-eb69-4ef9-a843-ada9da35d847,2025-03-18 16:39:24.603,149.68536,149.68536,,,135.5,135.1,135.7,,,,,,,,,,,,,,,,,,,,,,,,82.1,130.4,130.8,62.1,72.4,30.3,,,,,,,,,,,,,,,,,,,,,,,,,,,,,,,,,,,,,,,30.3,-119.39,-79.76,9
c090b778-a5cc-463e-b776-891c456fb49f,2025-02-04 02:49:20.733,142.427888,142.427888,,139.7,138.6,138.3,136.5,137.1,135.9,,,,,,98.4,137.9,,,,,,127.8,,124.1,126.9,128.8,,,130.2,,126.552168,,,,,140.2,,,136.0776,140.2,,,,,,,,,,,,,,,,,,,,,,,,,,,,,,,,,,,140.2,-2.23,-1.56,17
b74aa300-0b95-4fef-b135-f3bcdd5503a4,2025-04-09 00:13:17.878,124.7378,124.7378,,,,,,,,,,,,,123.6,,,,,,,,,,,122.0,121.2,118.2,116.5,117.9,116.1,,,,,,,,,,,,,,,,,,,,,,,,,,,,,,,,,,,,,,,,,,,,116.1,-8.64,-6.92,7
c5bf0813-96d4-474d-b966-ac24ca8ac2ab,2025-05-21 19:03:38.862,96.615096,96.615096,,,,,,96.3,95.1,94.0,93.6,91.0,92.5,91.4,134.7,91.8,89.0,88.8,89.4,90.0,87.4,,89.1,,,,,,,,,,,,,,,,,,,,,,,,,,,,,,,,,,,,,,,,,,,,,,,,,,,,89.1,-7.52,-7.78,15
c3290b00-2fdc-45a4-89f1-d00050de5379,2025-05-02 01:56:53.555,176.90088,176.90088,,,,,,173.3,171.5,171.8,171.8,169.1,168.5,168.3,165.1,,163.8,160.7,159.3,158.2,156.2,156.4,155.1,152.6,152.3,151.2,150.0,,,,,,,,,,,,,,,,,,,,,,,,,,,,,,,,,,,,,,,,,,,,,,,,150.0,-26.9,-15.21,19
e5541995-aa00-469d-9042-e292fa491bb0,2025-05-13 15:26:25.660,161.02516,161.02516,,,,153.2,151.2,150.4,151.3,150.4,151.0,151.5,151.5,152.5,153.2,153.4,153.1,152.3,152.8,154.0,,153.0,151.7,,,,,,,,,,,,,,,,,,,,,,,,,,,,,,,,,,,,,,,,,,,,,,,,,,,,151.7,-9.33,-5.79,17
8c3c6ff8-4b0e-49e7-acad-5ddfa1487654,2025-05-21 00:10:07.295,151.499728,151.499728,,151.499728,,,,,153.3,152.4,,152.860504,151.68116479999998,148.6,149.4,148.7,145.6,148.5,146.4,146.4,146.1,145.2,144.8,,,,,,,,,,,,,,,,,,,,,,,,,,,,,,,,,,,,,,,,,,,,,,,,,,,,144.8,-6.7,-4.42,15
95d4bf48-9564-4891-8715-5a7fe143d2aa,2025-01-28 18:41:42.545,92.98636,92.98636,,91.625584,,,91.171992,31.0,30.6,,,94.0,,,,,91.625584,,,91.171992,92.079176,91.625584,91.171992,,90.7184,90.7184,91.171992,,94.8,95.4,95.3,92.1,91.5,91.9,91.2,90.8,91.1,89.7,89.6,,,89.3,88.0,87.9,87.3,,,,,,,,,,,,,,,,,,,,,,,,,,,,,,87.3,-5.69,-6.12,28
95d2d76b-c178-4020-8386-492cc26cbd7b,2025-04-02 20:56:33.099,183.70476,183.70476,,,,,183.6,,,182.3,,,184.8,186.8,186.7,184.9,,186.426312,,184.9,,184.2,181.9,181.4,181.1,,182.6,183.5,183.1,181.2,180.9,183.1,,,,,,,,,,,,,,,,,,,,,,,,,,,,,,,,,,,,,,,,,,,183.1,-0.6,-0.33,18
5fd6f453-32e6-48e1-948d-6b989ec9f07c,2025-02-07 05:24:23.929,122.46984,122.46984,,,,,,,,,,,,,,,,121.109064,,,120.2,121.1,120.8,122.2,122.0,120.7,121.5,122.8,122.3,122.3,121.8,120.6,119.2,119.8,117.6,113.0,116.4,116.7,117.6,115.7,115.7,115.0,115.3,116.9,,,,,,,,,,,,,,,,,,,,,,,,,,,,,,,116.9,-5.57,-4.55,25
737a2ed4-6b6e-4737-8be8-6d4bd2297c5e,2025-01-02 14:40:39.716,75.296272,75.296272,,,74.1,74.0,73.5,73.6,73.3,73.3,71.6,72.0,72.5,72.6,72.0,71.7,72.1,70.5,71.6,71.7,71.5,71.4,71.0,71.1,70.5,70.2,69.7,70.9,70.7,70.5,69.6,69.2,69.2,68.4,,,67.6,67.8,68.4,68.1,67.0,66.9,66.7,67.1,67.2,66.9,67.2,65.9,66.9,67.1,66.8,,,,,,,,,,,,,,,,,,,,,,,,66.8,-8.5,-11.28,45
c9c98d14-b200-4af5-a64e-73b147b528f2,2025-04-24 22:13:58.991,129.27372,129.27372,,,,,,,,,,,,,,,123.0,123.1,123.9,121.6,120.7,118.6,118.6,118.0,115.9,115.6,113.6,112.5,,,,,,,,,,,,,,,,,,,,,,,,,,,,,,,,,,,,,,,,,,,,,,,112.5,-16.77,-12.98,12
5dc9fb00-06d7-446c-9d42-93faf7faca57,2025-05-19 02:18:38.911,173.725736,173.725736,,,,,,,170.4,167.1,167.2,165.3,52.9,164.8,,165.1,164.2,164.9,,,165.3,,163.7,,,,,,,,,,,,,,,,,,,,,,,,,,,,,,,,,,,,,,,,,,,,,,,,,,,,163.7,-10.03,-5.77,11
856c9527-38ce-4ffa-80fe-2ce7bfe88a50,2025-02-06 03:31:51.017,136.984784,136.984784,,,,,136.984784,,,135.170416,133.6,,134.5,,,136.2,,135.9,,136.4,,135.8,,,136.6,135.6,135.3,134.0,133.4,130.7,132.3,132.0,131.4,129.3,131.3,129.2,130.5,127.8,127.5,127.6,125.9,127.6,123.5,126.5,,,,,,,,,,,,,,,,,,,,,,,,,,,,,,,126.5,-10.48,-7.65,28
e0c2788d-5ddd-4486-ad96-ba60af27859e,2025-04-10 16:55:38.589,145.14944,145.14944,145.14944,,148.8,148.8,148.2,149.3,146.5,146.4,146.6,147.3,145.1,145.8,145.5,145.2,144.8,144.7,142.7,143.1,142.2,140.9,140.8,139.6,139.5,139.0,137.4,137.3,135.9,136.3,136.1,,,,,,,,,,,,,,,,,,,,,,,,,,,,,,,,,,,,,,,,,,,,136.1,-9.05,-6.23,28
a82916a6-c580-4097-99b2-8aca6c2a2b14,2025-04-02 23:31:01.239,136.0776,136.0776,,,,,,,,,125.4,125.6,,,,,87.1,124.9,124.8,,124.6,,,,,,46.4,125.8,,100.0,,50.1,,,,,,,,,,,,,,,,,,,,,,,,,,,,,,,,,,,,,,,,,,,50.1,-85.98,-63.18,10
69c695a3-0592-45b1-a381-ec7099913d67,2025-02-19 14:43:39.891,97.52228,97.52228,,,95.25432,96.1,96.0,96.4,94.4,94.0,93.9,93.7,93.3,93.2,92.9,91.9,,91.4,91.3,91.2,91.2,91.0,91.2,91.2,91.0,89.7,89.1,88.7,88.0,87.8,87.2,87.7,87.3,87.2,86.2,85.5,84.1,83.5,82.9,83.0,81.9,,,,,,,,,,,,,,,,,,,,,,,,,,,,,,,,,,81.9,-15.62,-16.02,36
6616cd72-66e0-4d04-9ff3-c2901ed102b3,2025-06-29 19:15:16.216,79.3786,79.3786,,,77.7,78.0,78.8,79.1,79.4,78.8,79.7,77.3,78.4,79.3,78.8,,,,,,,,,,,,,,,,,,,,,,,,,,,,,,,,,,,,,,,,,,,,,,,,,,,,,,,,,,,,78.8,-0.58,-0.73,11
0d37e506-b76d-4fb9-8b13-fa0a0c942f75,2025-02-03 19:06:36.137,154.22128,154.22128,,,,,,,,158.0,156.7,154.6,154.9,153.6,151.8,152.4,152.4,150.7,151.9,150.4,149.6,149.3,148.2,149.7,147.0,146.1,146.1,146.4,146.1,143.4,142.2,143.3,142.0,141.3,141.1,138.9,139.0,139.7,139.8,138.6,137.5,137.6,134.9,134.5,,,,,,,,,,,,,,,,,,,,,,,,,,,,,,,134.5,-19.72,-12.79,35
9519910e-0020-452b-a122-a6fb1bfc4f4e,2025-02-18 20:25:05.200,,,,,,,,,,168.0,165.9,,165.5,166.2,165.9,,165.3,163.2,,161.4,163.6,165.0,,165.9,164.1,,156.1,158.9,162.3,,160.8,159.3,159.9,,156.8,,159.3,,,,159.8,,,,,,,,,,,,,,,,,,,,,,,,,,,,,,,,,,159.8,,,21
0edbbaf0-930b-4887-8482-db80b5eac65e,2025-04-14 21:12:20.911,167.82904,167.82904,,,,172.6,168.0,172.3,162.0,170.3,167.6,166.5,,165.5,167.8,167.8,173.0,169.8,170.7,167.82904,164.7,,,170.9,168.2,167.8,,,167.3,,,,,,,,,,,,,,,,,,,,,,,,,,,,,,,,,,,,,,,,,,,,,,167.3,-0.53,-0.32,19
e1aecd9d-84c8-4894-ad7b-4f206eb16d7f,2025-01-06 19:40:04.436,87.089664,87.089664,,86.636072,88.2,86.9,86.3,86.9,86.3,,89.0,88.3,87.8,87.6,88.6,88.3,88.1,87.8,87.4,87.4,86.8,86.4,87.1,87.1,87.2,87.6,87.4,86.4,87.0,,86.9,41.2,87.089664,86.3,86.6,86.7,85.7,85.2,85.9,86.0,85.4,85.0,84.5,84.0,84.4,84.9,84.2,83.8,83.6,83.8,,,,,,,,,,,,,,,,,,,,,,,,,83.8,-3.29,-3.78,45
d3cb716d-4d3d-4cb6-930f-aa50f89631a9,2025-03-07 21:03:02.326,100.243832,100.243832,102.0582,103.418976,102.4,100.9,101.5,101.4,100.7,101.0,100.1,98.6,99.0,,,,,97.9,99.0,97.0,,,,97.3,97.6,96.3,,,97.9,97.2,97.6,,97.0,95.9,95.7,,96.4,,,,,,,,,,,,,,,,,,,,,,,,,,,,,,,,,,,,,,96.4,-3.84,-3.83,24
e835daba-85f7-47c5-8443-b80a3bd567ba,2025-01-02 17:14:59.743,145.14944,145.14944,146.056624,143.9,144.6,144.6,144.9,143.2,143.3,143.5,143.4,143.1,145.5,145.8,142.8,144.1,143.1,142.7,142.8,139.8,139.4,139.3,137.9,137.3,137.1,135.3,136.5,136.5,136.2,135.6,134.2,135.0,133.6,133.1,133.9,134.0,133.7,133.1,133.1,132.3,131.8,132.8,131.2,131.4,133.3,131.7,131.0,130.9,129.4,128.4,126.5,,,,,,,,,,,,,,,,,,,,,,,,126.5,-18.65,-12.85,49
a0296178-5820-4eb7-b32c-475b449b7e4c,2025-01-02 04:21:02.707,190.50864,190.50864,,,,192.323008,,186.2,184.8,183.3,183.1,182.6,181.6,180.7,,179.7,,179.2,177.3,175.4,173.5,173.0,,,171.3,171.004184,,170.5,169.6,169.189816,167.9,,,,166.9,169.0,,,,164.6,,165.107488,,,,,139.1,,,,,,,,,,,,,,,,,,,,,,,,,,,,139.1,-51.41,-26.98,25
90a09128-821a-493e-9e8b-59e24080fd32,2025-04-29 06:54:37.184,111.583632,111.583632,,,116.573144,,,,,,116.1,116.0,116.1,115.2,115.0,114.6,115.3,114.3,115.1,113.8,113.7,113.2,113.3,114.1,113.0,113.5,108.9,112.9,,,,,,,,,,,,,,,,,,,,,,,,,,,,,,,,,,,,,,,,,,,,,,,112.9,1.32,1.18,19
944f514c-5659-434e-92fc-ac9ee7c318c4,2025-02-21 19:12:27.304,154.22128,154.22128,,,,,,,154.3,155.7,154.8,153.5,155.0,153.1,151.3,151.0,149.8,149.5,148.3,149.0,148.7,149.9,148.6,148.1,147.0,145.8,149.0,148.6,148.1,145.9,144.5,146.7,143.5,141.3,140.1,140.6,139.6,139.252744,140.2,138.7,138.8,,,,,,,,,,,,,,,,,,,,,,,,,,,,,,,,,,138.8,-15.42,-10.0,33
5a43dc97-567b-4265-8dbc-4488b905b3cf,2025-03-24 21:09:39.585,97.52228,97.52228,98.429464,97.068688,96.5,94.9,96.7,95.0,94.6,94.6,94.1,93.2,,92.0,,,,91.4,,,90.2,89.8,,87.2,,,,,88.3,,,86.4,84.1,,,,,,,,,,,,,,,,,,,,,,,,,,,,,,,,,,,,,,,,,,84.1,-13.42,-13.76,18
cb491b97-302a-498c-8dd8-4436c1dea3f3,2025-02-17 22:32:27.788,93.893544,93.893544,,,,,90.9,93.2,92.6,91.3,92.0,92.6,90.8,91.7,92.0,91.7,91.8,90.2,90.6,89.6,88.9,98.4,90.0,89.6,96.8,90.0,90.0,89.3,105.7,105.0,103.7,88.8,90.0,102.6,89.8,88.8,88.9,98.4,,89.8,108.5,90.4,,,,,,,,,,,,,,,,,,,,,,,,,,,,,,,,,90.4,-3.49,-3.72,35
7f5d6b97-b5fd-4284-b1d3-1d5b92a38948,2025-01-16 20:30:24.788,99.336648,99.336648,,,98.4,98.3,98.3,96.8,100.1,96.4,95.9,96.5,98.6,98.1,98.3,97.4,100.7,100.0,98.0,96.8,96.2,97.0,97.5,97.2,98.5,97.1,97.1,,95.9,95.2,,95.8,94.5,95.9,,93.4,93.1,,92.2,91.3,91.5,,88.6,87.3,,86.7,84.6,,,,,,,,,,,,,,,,,,,,,,,,,,,,84.6,-14.74,-14.84,37
46a92733-2108-4695-9701-e9b31dbeccd3,2025-03-31 18:29:01.299,114.305184,114.305184,,,115.5752416,114.5,114.5,113.3,113.4,114.2,114.2,112.8,113.6,113.6,112.6,113.2,111.9,113.1,112.2,113.1,111.1,109.7,109.5,109.1,108.1,107.4,107.0,106.7,105.7,106.9,104.8,102.2,101.6,,,,,,,,,,,,,,,,,,,,,,,,,,,,,,,,,,,,,,,,,,101.6,-12.71,-11.12,29
12aa1f59-cef3-414c-ab8f-3673f1a6f9b8,2025-05-14 16:50:57.995,129.27372,129.27372,,,,,128.1,129.0,128.3,127.2,126.8,127.3,126.9,126.8,127.6,128.1,127.4,128.2,,129.5,128.0,127.4,126.7,127.2,,,,,,,,,,,,,,,,,,,,,,,,,,,,,,,,,,,,,,,,,,,,,,,,,,,127.2,-2.07,-1.6,17
5395baa0-1df9-44ad-991d-13d7b89fd261,2025-04-04 03:46:57.202,108.86208,108.86208,,,,,110.9,110.9,111.0,110.5,112.3,110.7,111.3,111.9,111.1,111.6,111.3,111.0,110.4,110.6,109.7,109.5,109.6,108.4,109.2,109.0,108.8,108.8,108.2,109.2,108.8,108.9,108.1,,,,,,,,,,,,,,,,,,,,,,,,,,,,,,,,,,,,,,,,,,108.1,-0.76,-0.7,27
ae1cf806-1590-4992-8d01-e937ffce7e07,2025-01-26 16:24:39.792,129.27372,129.27372,,,131.4,130.7,129.9,130.6,130.7,130.0,130.8,,129.6,129.6,,129.8,,,130.7,,,131.8,,,,131.1,131.3,,130.6,131.5,,131.3,,,132.5,,,,,,133.5,,130.7,128.2,124.1,126.1,,,,,,,,,,,,,,,,,,,,,,,,,,,,,126.1,-3.17,-2.46,23
c41cafe0-a43e-491e-80bd-623fbc46cd31,2025-01-02 17:04:17.600,74.84268,74.84268,,,,,,,,74.84268,,,73.0,,74.4,74.2,73.5,74.0,73.9,75.8,72.8,73.5,73.1,72.7,72.5,75.3,75.3,71.3,72.3,71.9,72.0,73.4,72.2,72.3,69.4,68.1,70.9,71.2,72.5,71.7,72.4,70.8,70.9,71.0,69.7,67.9,67.9,68.1,67.3,67.6,68.5,,,,,,,,,,,,,,,,,,,,,,,,68.5,-6.34,-8.47,39
91f2cf23-1981-46f3-ac8a-e128d11710ce,2025-01-22 16:04:25.866,84.821704,84.821704,,,82.6,84.5,84.8,85.1,84.5,,84.7,83.1,82.7,,79.5,78.9,,78.3,78.0,,78.3,76.6,,75.8,75.1,74.4,73.5,,75.4,73.1,74.389088,72.1,71.5,,72.0,72.7,71.2,,70.8,70.0,,70.1,69.4,69.4,,69.6,69.5,,,,,,,,,,,,,,,,,,,,,,,,,,,,69.5,-15.32,-18.06,33
faa853ff-eea5-437f-a0e6-f0056f6898b6,2025-01-24 20:57:46.904,109.769264,109.769264,,,,,,,110.4,,110.3,111.5,109.8,109.5,109.6,110.2,109.5,110.9,110.5,109.8,110.1,108.5,107.6,107.7,106.8,107.3,107.8,107.1,106.4,105.8,106.5,106.8,106.3,123.1,106.1,103.5,105.4,106.1,105.4,104.4,104.3,105.2,104.8,105.7,104.4,102.9,102.9,,,,,,,,,,,,,,,,,,,,,,,,,,,,102.9,-6.87,-6.26,38
e3d4f0a0-0a8b-41a4-84c7-a5c1a5b7d1df,2025-01-03 00:20:56.324,131.54168,131.54168,131.54168,,,133.8,129.5,127.8,127.4,126.0,126.4,127.5,127.2,127.0,125.8,125.6,127.8,126.4,126.7,124.8,123.6,,124.6,123.5,125.2,125.2,124.1,123.2,122.0,122.3,121.4,122.8,120.7,121.6,119.0,117.3,118.1,116.2,115.2,117.1,116.6,114.8,113.6,115.5,115.2,113.7,113.5,113.6,110.9,111.7,110.3,,,,,,,,,,,,,,,,,,,,,,,,110.3,-21.24,-16.15,46
e4338187-bc56-438b-ad17-4ab65500172f,2025-03-14 17:17:15.629,93.893544,93.893544,,,,93.6,94.2,93.2,93.5,93.7,93.3,93.8,93.6,94.8,94.5,94.4,94.2,,94.2,94.2,93.2,93.5,93.4,92.8,92.0,91.3,90.7,89.1,88.1,87.0,86.8,85.7,84.7,84.0,82.9,82.9,,,,,,,,,,,,,,,,,,,,,,,,,,,,,,,,,,,,,,,82.9,-10.99,-11.71,30
41004019-4bcd-41bf-9795-590cc642e0d8,2025-05-14 00:28:45.455,108.86208,108.86208,,,,,,102.8,104.7,103.9,102.7,99.4,101.1,99.1,99.5,103.0,101.3,101.5,101.8,103.5,101.9,101.8,97.7,98.4,97.2,,,,,,,,,,,,,,,,,,,,,,,,,,,,,,,,,,,,,,,,,,,,,,,,,,97.2,-11.66,-10.71,18
ade022b7-871c-4c97-8676-ac397e40a393,2025-03-14 21:50:12.318,115.66596,115.66596,,,,,,,,,,,,,,,119.5,,116.8,116.8,118.1,119.4,118.7,116.7,117.6,92.9,117.6,115.5,114.2,114.4,114.0,114.7,95.4,113.9,114.2,114.0,114.8,,,,,,,,,,,,,,,,,,,,,,,,,,,,,,,,,,,,,,114.8,-0.87,-0.75,20
d6130986-b2ac-4d58-b348-9155e1c5c498,2025-04-23 16:30:37.491,,,,,,,,,,,,,,,,,,,,,,108.8,108.7,108.5,107.6,107.1,,106.9,105.6,,,,,,,,,,,,,,,,,,,,,,,,,,,,,,,,,,,,,,,,,,,,,,105.6,,,7
7406bc59-b285-4a7d-9992-c7f5803c6018,2025-03-11 22:36:37.335,148.324584,148.324584,,,121.5,124.1,129.5,89.9,142.4,117.8,148.9,146.6,139.9,71.7,109.9,139.7,71.6,72.5,38.2,74.5,114.5,139.2,137.9,136.5,81.2,75.1,125.7,79.6,96.4,112.7,111.8,80.7,73.3,132.6,133.4,71.8,77.2,,,,,,,,,,,,,,,,,,,,,,,,,,,,,,,,,,,,,,77.2,-71.12,-47.95,33
90c0eae4-f30c-46d3-82b6-873a4ed11732,2025-02-07 23:15:21.536,178.715248,178.715248,,,,176.3,176.9,178.1,177.9,175.7,175.2,175.4,177.1,176.2,177.8,176.5,176.3,176.0,176.1,176.7,176.5,176.9,174.9,175.3,174.3,176.4,174.9,174.5,175.7,176.0,175.2,174.8,175.4,,173.8,173.0,173.3,174.6,174.9,174.1,173.6,174.0,175.7,173.6,,,,,,,,,,,,,,,,,,,,,,,,,,,,,,,173.6,-5.12,-2.86,38
6e90d39d-009c-4a1e-9b64-9d1464a3ee96,2025-01-24 18:41:37.635,122.016248,122.016248,,,,,,,116.8,,119.6,118.4,,117.5,117.7,,116.2,116.3,,,116.4,115.7,,114.2,113.2,,,,,112.037224,112.037224,111.6,,,,109.8,,109.7,108.4,,,,109.4,108.2,,,,,,,,,,,,,,,,,,,,,,,,,,,,,,,108.2,-13.82,-11.32,19
a6be9fe2-4dca-4994-8fc9-dda332f44173,2025-01-15 17:06:53.609,117.93392,117.93392,,,114.3,113.8,113.9,115.1,,,114.7,,,,,,,90.5,59.3,61.2,89.6,59.3,60.3,61.3,88.9,,,60.6,,60.3,,88.2,53.3,,59.6,86.6,68.6,,85.8,58.4,,85.2,84.9,59.4,59.1,83.6,58.0,58.6,,,,,,,,,,,,,,,,,,,,,,,,,,,58.6,-59.33,-50.31,29
75522d02-942f-4de4-ae88-f6af2b5be812,2025-01-15 19:20:13.601,92.98636,92.98636,,,,,,,,,,,,,,,,,,,,,,,,,,,,,,,,,,,92.5,93.9,92.8,92.1,94.0,92.0,91.6,92.5,,91.7,91.171992,92.4,,,,,,,,,,,,,,,,,,,,,,,,,,,92.4,-0.59,-0.63,11
fa93abe6-bbfc-4ac3-91e0-04ac4c894c93,2025-05-02 15:33:36.288,109.315672,109.315672,,,,104.8,105.0,104.0,102.9,103.5,104.8,103.6,,102.7,,,104.1,102.5,102.6,103.6,103.6,105.2,103.5,103.2,104.0,103.2,103.8,,,,,,,,,,,,,,,,,,,,,,,,,,,,,,,,,,,,,,,,,,,,,,,,103.8,-5.52,-5.05,19
b244fc53-da38-4a06-b9d5-a13c86e1e26f,2025-05-13 18:54:59.385,107.501304,107.501304,,,,,107.6,106.9,107.0,105.8,104.4,105.0,32.3,103.2,103.0,102.7,101.1,100.8,97.975872,101.7,,99.8,99.5,97.8,97.0,,,,,,,,,,,,,,,,,,,,,,,,,,,,,,,,,,,,,,,,,,,,,,,,,,97.0,-10.5,-9.77,18
47b45a79-5846-4a66-99c6-cf7f3693ef2a,2025-01-05 13:54:14.947,94.347136,94.347136,,,,,,,,,,94.1,91.0,89.6,91.8,93.9,92.0,91.5,92.98636,92.8,89.9,88.8,88.9,89.8,88.45044,88.2,89.4,90.4,91.0,87.9,87.4,86.9,88.4,86.5,86.6,87.7,88.4,87.5,,86.9,82.0,83.3,80.3,79.2,79.0,79.6,78.0,,78.1,78.0,,,,,,,,,,,,,,,,,,,,,,,,,78.0,-16.35,-17.33,37
791b3c71-10bc-4514-bab6-94f4c79ef8c4,2025-04-30 23:45:55.276,,,,104.32616,104.6,102.5,101.3,100.4,99.0,98.7,98.4,97.5,96.4,96.7,96.4,96.2,93.8,93.5,92.5,92.2,90.9,90.7,90.7,89.4,89.2,,88.1,,,,,,,,,,,,,,,,,,,,,,,,,,,,,,,,,,,,,,,,,,,,,,,,88.1,,,23
1e7cefec-7ddc-4c45-bbe9-ac5000ef61a2,2025-01-10 20:31:44.219,117.480328,117.480328,,,,113.9,112.9,111.6,110.5,109.8,109.7,109.0,,112.4,,,111.9,,110.5,,108.6,,107.954896,107.2,106.9,,109.2,,106.59412,,,,,105.686936,,,104.7,,,,,104.7,,,,,,,,,,,,,,,,,,,,,,,,,,,,,,,,,104.7,-12.78,-10.88,19
8b45aba4-d77d-4b59-8337-9a7d6f1e636c,2025-02-12 05:07:55.656,172.36496,172.36496,,,,,173.3,169.7,,171.8,170.9,167.8,166.0,165.9,164.1,164.0,162.5,162.4,160.4,159.1,156.8,156.9,156.2,155.3,153.1,155.0,153.6,152.9,152.6,152.4,151.0,150.6,149.6,149.3,148.5,146.6,145.4,145.2,145.1,144.8,145.0,143.5,142.7,,,,,,,,,,,,,,,,,,,,,,,,,,,,,,,,142.7,-29.66,-17.21,36
123505b1-2097-48f9-96ea-558cbf3ff030,2025-03-24 14:02:09.782,131.54168,131.54168,86.18248,133.3,130.5,127.9,128.7,130.6,129.9,129.1,125.7,126.9,127.1,125.0,122.4,120.3,121.9,121.1,120.8,119.9,117.4,117.2,120.5,116.1,114.6,115.7,113.851592,114.9,112.944408,111.9,,112.0,111.4,113.4,,,,,,,,,,,,,,,,,,,,,,,,,,,,,,,,,,,,,,,,,113.4,-18.14,-13.79,31
05e08514-acf6-4bd9-b4f6-e20eb33be0b1,2025-05-13 18:14:53.432,122.46984,122.46984,,,,,122.7,120.4,120.4,120.1,,,121.0,,120.9,119.4,,,,121.1,120.8,,,122.7,,,,,,,,,,,,,,,,,,,,,,,,,,,,,,,,,,,,,,,,,,,,,,,,,,,122.7,0.23,0.19,10
7ef7fec8-e822-47e0-8d85-4d3fe7634190,2025-04-01 17:54:05.285,105.686936,105.686936,,,,,,,,,,,,,,,,,,107.954896,,,,,,,,109.2,108.9,107.9,107.3,107.6,108.7,,,,,,,,,,,,,,,,,,,,,,,,,,,,,,,,,,,,,,,,,,108.7,3.01,2.85,7
3111d2c9-cd29-4b82-99b5-fd3bcc0e02a2,2025-03-16 18:03:57.933,151.499728,151.499728,155.582056,154.3,154.9,153.5,152.7,150.3,150.9,150.6,149.3,147.4,148.7,149.2,147.0,146.4,147.6895552,149.6,150.8,146.1,143.1,144.4,146.5,143.6,140.4,142.1,140.8,141.5,139.4,140.9,139.8,138.0,140.3,139.0,138.1,139.9,,,,,,,,,,,,,,,,,,,,,,,,,,,,,,,,,,,,,,,139.9,-11.6,-7.66,34
6d1972fd-f41b-4ae7-9f73-0260a0b6f35f,2025-01-29 15:06:56.930,88.904032,88.904032,,,,,,,89.7,,89.5,,,88.2,90.3,,89.4,,,89.8,,89.3,88.4,,,88.0,86.7,,,,,,,,,86.8,85.5,,,85.2,85.275296,85.7,84.7,,84.9,,,,,,,,,,,,,,,,,,,,,,,,,,,,,,84.9,-4.0,-4.5,17
29d4ba2e-9ca9-4ac7-8327-7527cb28866c,2025-04-19 02:43:59.575,122.46984,122.46984,,,123.8,,121.8,119.8,118.8,118.7,118.2,45.9,118.7,117.2,118.9,117.2,117.4,117.2,116.0,115.3,,118.0,115.3,,115.0,115.7,115.3,114.2,115.6,,,,,,,,,,,,,,,,,,,,,,,,,,,,,,,,,,,,,,,,,,,,,,115.6,-6.87,-5.61,22
96698809-62ee-498a-8129-3dc701158d28,2025-03-15 16:38:00.019,152.860504,152.860504,,,,,,148.9,,148.6,147.7,147.7,145.9,145.1,144.5,141.6,138.6,138.8,138.1,135.8,135.3,134.7,134.3,133.7,130.9,132.2,130.8,129.2,129.4,129.4,125.7,125.7,126.1,122.4,123.5,122.8,122.9,,,,,,,,,,,,,,,,,,,,,,,,,,,,,,,,,,,,,,122.9,-29.96,-19.6,29
54fcf7a7-bcd3-4606-9b0d-2a186eb3edee,2025-05-13 20:22:13.989,104.32616,104.32616,,,105.233344,,,106.6,106.3,106.2,107.4,106.3,106.3,106.8,106.5,104.9,107.5,105.8,106.9,106.6,107.0,106.4,105.7,105.4,104.7,,,,,,,,,,,,,,,,,,,,,,,,,,,,,,,,,,,,,,,,,,,,,,,,,,104.7,0.37,0.36,19
b012c4d2-6d33-43cc-82bc-37d5a7fc2f30,2025-03-22 03:37:03.827,97.52228,97.52228,,,,,,,,,,95.9602905888,,,,92.5,93.3,91.6,91.1,92.079176,92.5,90.9,91.6,,90.0,88.9,89.4,88.9,88.4,,87.3,,,,86.9,,,,,,,,,,,,,,,,,,,,,,,,,,,,,,,,,,,,,,,,86.9,-10.62,-10.89,16
c23e63e4-0209-45bf-bf2c-8c06a63e580c,2025-06-11 22:25:13.381,122.46984,122.46984,,117.026736,117.7,115.9,115.7,114.5,113.7,113.5,113.6,114.8,111.9,111.0,112.490816,108.8,109.7,,113.6,,,,,,,,,,,,,,,,,,,,,,,,,,,,,,,,,,,,,,,,,,,,,,,,,,,,,,,,113.6,-8.87,-7.24,15
ea6aa832-9702-460a-8645-5f530f7be2c9,2025-03-29 04:50:21.205,86.18248,86.18248,,87.996848,87.996848,87.543256,88.45044,88.0,86.9,87.7,88.4,88.2,87.3,87.4,89.7,88.6,87.4,86.8,86.6,87.089664,87.7,87.8,87.5,86.9,86.9,86.6,85.7,85.4,85.4,83.5,84.7,,,84.0,,,,,,,,,,,,,,,,,,,,,,,,,,,,,,,,,,,,,,,,,84.0,-2.18,-2.53,29
99af1405-4ec8-4893-b024-8bb6f2982785,2025-02-10 06:22:14.439,155.128464,155.128464,,,,,,,,,,,,,,157.2,,,,,,148.2,150.1,,,,,,,,,151.5,,152.0,,152.4,153.8,81.6,150.2,152.9,150.7,,151.6,,,,,,,,,,,,,,,,,,,,,,,,,,,,,,,,151.6,-3.53,-2.27,12
390ccd1a-1a3b-4bce-8e98-f79a6d77eca8,2025-06-02 19:24:53.098,120.655472,120.655472,,,,,,,,,,127.3,126.0,128.0,126.5,126.0,125.3,128.1,127.9,126.5,124.5,,,,,,,,,,,,,,,,,,,,,,,,,,,,,,,,,,,,,,,,,,,,,,,,,,,,,,124.5,3.84,3.19,10
437d8dfb-285f-41b7-8d36-f67455f5a23b,2025-02-22 18:47:33.703,120.20188,120.20188,,124.9,,123.2,,122.5,122.0,,119.9,119.8,119.748288,117.93392,,,,,,,118.0,,,,,,,,,117.026736,,,,115.66596,,,,,,114.758776,,,,,,,,,,,,,,,,,,,,,,,,,,,,,,,,,,,114.758776,-5.44,-4.53,12
47242d95-39df-444b-9d39-d1202a3a7c53,2025-05-13 17:30:11.360,117.93392,117.93392,,,115.2,,115.9,,118.0,,,,,,,119.0,,,,,121.1,120.0,115.4,114.2,119.2,,,,,,,,,,,,,,,,,,,,,,,,,,,,,,,,,,,,,,,,,,,,,,,,,,119.2,1.27,1.07,9
cba4745c-a92d-493b-809c-f392154a458b,2025-01-02 16:37:17.334,117.93392,117.93392,,117.0,116.3,114.9,114.8,115.0,113.2,112.6,111.7,110.9,,111.8,109.7,109.0,108.9,108.3,107.3,106.5,105.7,105.7,105.8,104.4,104.3,,,106.1,103.9,102.6,102.8,102.8,102.2,101.5,100.5,99.8,99.6,99.6,98.6,99.0,98.2,97.3,96.3,96.3,,95.1,93.9,93.1,92.7,92.2,92.3,,,,,,,,,,,,,,,,,,,,,,,,92.3,-25.63,-21.74,44
a2bbf55e-a296-40de-8c25-3320466fcd5f,2025-06-05 23:32:22.943,68.492392,68.492392,,,,,,67.2223344,67.9,67.1,67.2,68.5,67.8,65.8,,67.3,66.7,67.2,66.4,66.3,,,,,,,,,,,,,,,,,,,,,,,,,,,,,,,,,,,,,,,,,,,,,,,,,,,,,,,66.3,-2.19,-3.2,12
1acf823c-8389-4261-a3ad-9ee3ed7c63c1,2025-05-04 15:10:37.844,90.7184,90.7184,,,91.8,91.5,91.3,91.5,92.9,91.3,91.4,90.2,91.3,90.9,90.1,,90.3,91.7,,,91.9,90.8,90.8,,91.0,,,,,,,,,,,,,,,,,,,,,,,,,,,,,,,,,,,,,,,,,,,,,,,,,,91.0,0.28,0.31,17
528c68c2-25bc-40e5-8cd0-fbddd5656914,2025-03-08 14:24:36.757,121.562656,121.562656,,118.8,117.5,118.1,117.1,116.7,117.0,116.4,116.5,116.1,114.8,116.2,114.3,113.7,114.0,114.7,113.9,112.8,112.6,113.1,112.5,112.3,113.2,112.9,112.1,112.3,111.4,,111.7,111.7,111.4,,111.2,111.6,110.4,,,,,,,,,,,,,,,,,,,,,,,,,,,,,,,,,,,,,,110.4,-11.16,-9.18,32
c48aa5db-fbd4-4150-a983-e251c773a3f4,2025-01-02 16:35:00.086,124.7378,124.7378,,,125.191392,,124.284208,,,123.377024,,122.923432,122.46984,121.562656,,120.655472,,119.294696,,,117.93392,,,117.480328,,118.841104,,117.93392,117.480328,,,116.119552,116.119552,,,,111.583632,,112.490816,,,,,108.86208,108.86208,,,,,104.32616,,,,,,,,,,,,,,,,,,,,,,,,,104.32616,-20.41,-16.36,20
b8261d3c-6204-4fc8-860b-ecce8f5b672a,2025-02-11 00:52:35.649,137.891968,137.891968,,,,,,138.6,139.2,140.1,139.4,141.4,140.6,140.2,,139.7,142.9,141.2,144.8,141.4,141.4,140.5,,139.7,138.6,,143.3,,131.4,,143.1,140.5,140.5,141.9,139.8,138.6,138.7,99.3,140.1,140.0,139.2,138.3,,,,,,,,,,,,,,,,,,,,,,,,,,,,,,,,,138.3,0.41,0.3,30
24707c54-ed99-4a0a-8927-e9a42ed6b4cc,2025-05-13 19:43:05.981,95.707912,95.707912,,,,,96.4,,94.7,111.9,94.9,93.4,94.3,,93.2,94.3,,93.9,93.5,91.7,113.8,93.6,92.9,93.6,,,,,,,,,,,,,,,,,,,,,,,,,,,,,,,,,,,,,,,,,,,,,,,,,,,93.6,-2.11,-2.2,15
0ba9c929-52cc-4dbe-957e-d7b0818851ee,2025-03-13 15:15:13.915,97.068688,97.068688,,,96.5,96.9,96.3,96.5,96.7,96.7,97.1,96.4,95.7,96.1,96.1,95.0,95.9,95.6,96.1,95.4,95.2,94.7,95.7,95.1,95.9,95.4,95.3,95.1,96.2,95.9,94.7,94.1,94.7,,94.3,93.7,94.5,,,,,,,,,,,,,,,,,,,,,,,,,,,,,,,,,,,,,,94.5,-2.57,-2.65,32
304b6b11-0322-4938-af62-8c7bbc928b4f,2025-01-29 15:04:07.649,94.347136,94.347136,,,,,93.5,93.9,,92.8,94.3,93.2,93.1,92.3,91.8,,91.6,90.2,,89.7,88.6,88.3,,87.8,87.2,,85.9,84.2,82.8,,83.4,82.0,,81.3,81.8,81.1,,80.0,78.7,,78.1,77.1,77.7,,75.7,,,,,,,,,,,,,,,,,,,,,,,,,,,,,,75.7,-18.65,-19.76,29
336b1b32-c82e-4789-8cfc-8f57e29b4a9e,2025-06-19 09:36:51.254,149.68536,149.68536,,,,,,143.4,143.7,146.5,142.9,143.3,142.8,142.3,141.7,140.5,138.2,,,,,,,,,,,,,,,,,,,,,,,,,,,,,,,,,,,,,,,,,,,,,,,,,,,,,,,,,,138.2,-11.49,-7.67,10
36e364fd-01bf-4918-822f-e5adfa988a14,2025-01-29 11:47:56.046,113.398,113.398,,,,,,,,,,,,,,,,,,,,,,,,,117.8,116.4,116.0,116.3,115.3,115.4,115.3,114.6,114.6,113.4,114.5,113.2,112.9,113.6,113.3,67.1,111.1,111.6,65.8,,,,,,,,,,,,,,,,,,,,,,,,,,,,,,65.8,-47.6,-41.97,19
e8d94c1e-c6da-4842-877a-d4c91bb6f1e5,2025-02-16 06:27:03.220,176.90088,176.90088,,,174.3,,,169.8,,,171.4,169.8,168.5,169.6,,169.6,,165.2,164.3,164.3,,166.9,167.4,164.9,162.9,,,,162.6,162.5,161.932344,160.1,160.3,,,159.8,159.2,158.303608,157.9,,,156.48924,,,,,,,,,,,,,,,,,,,,,,,,,,,,,,,,,156.48924,-20.41,-11.54,24
0da9d7d3-9a1a-402a-88f4-08d5199fe2c4,2025-03-14 11:50:26.405,106.59412,106.59412,,,107.8,108.0,108.6,107.7,107.8,107.3,104.8,,105.9,,104.4,,103.5,,103.8,,104.2,,,,,103.6,103.1,103.9,103.9,,105.7,,,,,,,,,,,,,,,,,,,,,,,,,,,,,,,,,,,,,,,,,,,,105.7,-0.89,-0.84,17
99dc0003-9942-4986-850b-d4d91e787005,2025-06-03 15:57:50.130,106.59412,106.59412,,,,104.5,103.4,102.7,104.3,102.4,103.2,102.8,102.6,103.2,102.4,102.3,103.4,103.2,,103.3,103.8,,,,,,,,,,,,,,,,,,,,,,,,,,,,,,,,,,,,,,,,,,,,,,,,,,,,,,103.8,-2.79,-2.62,15
ea842e81-7217-4e44-b5c3-be815589512f,2025-07-31 23:41:27.557,176.90088,176.90088,,,177.0,175.1,175.3,174.1,173.2,,,,,,,,,,,,,,,,,,,,,,,,,,,,,,,,,,,,,,,,,,,,,,,,,,,,,,,,,,,,,,,,,,173.2,-3.7,-2.09,5
23e49a07-9167-4df6-9474-7b2cc8ac6ae2,2025-04-03 13:36:20.763,97.068688,97.068688,,,94.4,91.5,91.2,92.9,92.6,91.7,90.8,90.5,88.8,88.6,87.7,87.6,87.3,85.5,85.0,85.5,85.4,,84.8,85.3,83.1,83.2,82.5,81.5,80.9,80.2,80.9,80.5,,,,,,,,,,,,,,,,,,,,,,,,,,,,,,,,,,,,,,,,,,,80.5,-16.57,-17.07,27
197f3318-e5fe-45b0-90aa-adf4171eff2c,2025-06-26 14:43:15.520,116.119552,116.119552,,,,,,,,118.3,118.5,119.7,119.6,118.3,118.3,118.9,,,,,,,,,,,,,,,,,,,,,,,,,,,,,,,,,,,,,,,,,,,,,,,,,,,,,,,,,,,118.9,2.78,2.39,7
84090827-14a1-43c6-9454-b90ab453c732,2025-05-08 04:39:43.926,120.655472,120.655472,,119.294696,120.20188,122.0,119.6,119.4,117.3,117.0,114.8,114.4,114.6,113.6,,112.8,112.2,111.1,110.8,110.4,109.4,109.5,109.0,,110.7,109.2,,,,,,,,,,,,,,,,,,,,,,,,,,,,,,,,,,,,,,,,,,,,,,,,,109.2,-11.46,-9.49,21
a07ddb66-4e2d-4ca9-948f-90576210be5e,2025-03-27 23:22:01.713,117.93392,117.93392,,121.6,121.4,74.6,121.7,120.3,120.1,119.7,120.6,120.2,117.4,117.6,118.4,118.6,116.7,117.2,117.8,117.3,117.5,118.3,117.6,117.7,117.7,119.1,118.5,115.8,114.6,114.0,114.9,113.9,96.9,95.2,,,,,,,,,,,,,,,,,,,,,,,,,,,,,,,,,,,,,,,,,95.2,-22.73,-19.28,31
d50fe213-f97e-40c8-a27d-14e4b4983a2c,2025-05-13 20:53:05.952,111.583632,111.583632,,,,,,,,50.4,112.9,113.6,,,50.6,70.2,50.1,,,,,,,,,,,,,,,,,,,,,,,,,,,,,,,,,,,,,,,,,,,,,,,,,,,,,,,,,,50.1,-61.48,-55.1,6
24bccb25-54b7-45d4-bbf0-58b1c2b7cc4f,2025-04-25 20:29:36.509,215.4562,215.4562,,,199.7,201.6,208.4,207.1,,203.9,204.2,197.7,198.9,196.6,195.4,189.8,194.5,191.7,191.9,187.6,187.9,184.1,187.1,185.7,184.9,183.6,182.8,182.2,,,,,,,,,,,,,,,,,,,,,,,,,,,,,,,,,,,,,,,,,,,,,,,182.2,-33.26,-15.44,23
b21e1eba-635f-4c59-beb1-077197360f15,2025-01-03 21:07:00.841,103.418976,103.418976,,,,100.9,98.4,97.7,96.8,95.3,95.6,93.8,92.2,93.3,91.6,90.9,,92.6,91.2,91.8,92.5,63.2,91.4,93.4,91.1,90.7,92.4,91.8,90.4,89.2,88.2,88.5,86.4,87.0,85.9,85.5,84.2,,,87.2,86.2,85.0,84.8,84.4,86.1,88.2,,87.5,86.9,87.0,85.6,,,,,,,,,,,,,,,,,,,,,,,,85.6,-17.82,-17.23,42
774ee4e0-0ae5-481b-a431-f67054c41d38,2025-04-03 18:00:04.530,146.963808,146.963808,,143.5,144.6,143.9,142.2,141.9,,141.1,,139.706336,,138.7,138.0,,74.1,135.8,133.1,,132.2,131.1,129.727312,127.0,,,126.5,125.6,125.644984,,123.1,123.1,,,,,,,,,,,,,,,,,,,,,,,,,,,,,,,,,,,,,,,,,,,123.1,-23.86,-16.24,21
e454d97a-35a5-414a-ad92-89c4d29cb3cb,2025-01-21 23:53:43.308,151.95332,151.95332,,,,152.1,150.2,148.8,148.5,148.0,146.7,145.7,145.7,145.6,144.0,143.5,143.9,141.8,140.3,140.0,139.6,138.7,138.3,136.5,135.7,136.4,135.1,136.4,137.3,134.2,134.6,131.8,132.8,133.0,131.5,130.1,129.1,129.7,128.9,127.7,127.9,127.8,127.6,126.6,128.5,125.6,126.3,,,,,,,,,,,,,,,,,,,,,,,,,,,,126.3,-25.65,-16.88,42
4646ba10-5cd1-409c-921f-170ee69606c2,2025-01-20 19:30:21.402,125.191392,125.191392,,123.4,122.7,122.1,120.8,121.6,119.9,118.4,119.6,118.7,117.9,119.9,118.6,116.8,,,117.5,116.0,116.1,,116.1,115.6,115.2,,,,113.398,,114.305184,,114.1,,,,112.9,111.583632,,,111.6,,111.7,,109.4,111.6,,,,,,,,,,,,,,,,,,,,,,,,,,,,,111.6,-13.59,-10.86,28
2303d275-1cfc-4c4d-a641-3a20768cbfde,2025-03-04 01:29:59.863,92.532768,92.532768,,,92.532768,92.8,91.6,91.0,91.7,91.171992,91.2,91.1,91.8,91.3,92.0,90.0,92.0,,91.7,91.0,90.7184,90.6,90.6,91.8,89.1,89.0,90.0,90.6,90.9,89.1,48.1,89.1,90.1,90.2,88.6,88.5,88.904032,91.2,90.1,,,,,,,,,,,,,,,,,,,,,,,,,,,,,,,,,,,,90.1,-2.43,-2.63,34
05eca6f1-d963-4e7d-86dc-5654bf06c162,2025-05-13 18:30:00.464,106.59412,106.59412,,,,103.4,103.6,103.2,,103.7,103.4,,102.6,104.7,30.6,102.6,101.9,62.3,,,104.4,103.0,103.2,102.2,100.0,,,,,,,,,,,,,,,,,,,,,,,,,,,,,,,,,,,,,,,,,,,,,,,,,,100.0,-6.59,-6.19,16
67307543-3abb-4e8b-869c-c095de9043ba,2025-01-04 19:53:11.260,127.00576,127.00576,,,,125.644984,,,126.0,,,,125.3,125.0,,,123.4,124.5,124.9,,125.9,125.5,122.9,123.3,,,122.923432,124.6,,,124.3,123.377024,125.2,124.5,,,125.4,,,,,,126.5,,,,103.6,,,,,,,,,,,,,,,,,,,,,,,,,,,,103.6,-23.41,-18.43,20
9d858db4-4e64-482d-9df0-8a8e8a0fd0b8,2025-03-16 14:44:18.752,156.48924,156.48924,,,,,,,,157.5,157.9,156.3,154.2,154.0,152.5,153.6,151.2,151.5,150.0,149.5,149.1,149.5,,149.4,145.0,143.5,141.9,141.9,140.4,138.5,139.4,138.1,135.5,136.5,135.8,136.3,,,,,,,,,,,,,,,,,,,,,,,,,,,,,,,,,,,,,,,136.3,-20.19,-12.9,26
a856db94-5c5e-43e0-a34e-92f5d7afd03e,2025-03-03 21:59:47.480,131.54168,131.54168,,,136.8,140.2,,136.5,,,138.4,,134.3,,133.4,132.4,,132.5,,130.9,,127.7,,,124.2,123.830616,,124.7,,,122.6,,,,120.5,,118.4,,,,,,,,,,,,,,,,,,,,,,,,,,,,,,,,,,,,,,118.4,-13.14,-9.99,16
6bc10029-7044-4017-afaa-81f59ddc06fe,2025-06-12 01:09:51.366,96.615096,96.615096,,,,,94.6,94.6,93.3,93.0,93.5,93.5,92.7,92.5,92.4,92.6,91.6,91.8,91.9,,,,,,,,,,,,,,,,,,,,,,,,,,,,,,,,,,,,,,,,,,,,,,,,,,,,,,,,91.9,-4.72,-4.88,13
acd9d936-0ab1-4e17-a681-be08b98a15f2,2025-06-18 19:11:03.340,136.984784,136.984784,,,136.4,138.1,137.0,,137.7,136.0,,133.5,134.7,133.6,133.1,134.2,133.9,,,,,,,,,,,,,,,,,,,,,,,,,,,,,,,,,,,,,,,,,,,,,,,,,,,,,,,,,,133.9,-3.08,-2.25,11
ec1cd7fa-0fba-4b11-9a31-c8b46b602bcc,2025-04-24 00:05:26.679,134.263232,134.263232,,134.263232,132.6,130.3,130.3,128.8,126.8,128.3,126.5,126.9,126.8,127.1,124.3,123.9,125.7,126.3,125.7,124.1,123.6,123.0,124.3,124.0,122.0,122.1,121.2,121.6,122.1,,,,,,,,,,,,,,,,,,,,,,,,,,,,,,,,,,,,,,,,,,,,,,122.1,-12.16,-9.06,26
1060f101-b675-42e6-ab40-e0ac1c7b7b0d,2025-01-28 17:49:32.254,122.016248,122.016248,,,,,,,,,,,123.9,121.5,121.3,123.4,122.8,122.9,121.2,,,120.4,121.562656,106.3,,119.5,116.8,,117.5,118.2,117.3,115.7,115.9,116.573144,117.3,114.4,,115.1,,117.1,,,113.1,,,116.2,,,,,,,,,,,,,,,,,,,,,,,,,,,,,116.2,-5.82,-4.77,24
9ba1c8eb-f225-4ddd-b1e2-d172e79eceac,2025-02-11 15:06:36.340,85.728888,85.728888,,,82.8,79.6,,80.1,80.6,79.5,,79.6,78.1,,78.0,78.5,76.8,,76.657048,76.1,,75.2,74.3,73.7,,73.3,,73.3,72.2,71.7,,70.7,70.5,,70.3,70.4,69.5,,69.9,70.3,,69.3,67.9,,,,,,,,,,,,,,,,,,,,,,,,,,,,,,,,67.9,-17.83,-20.8,28
dbe420d0-4a85-4691-aa28-510bdebd736d,2025-05-13 18:03:14.203,136.0776,136.0776,,,,72.2,71.8,72.6,72.7,71.6,112.0,72.2,73.5,73.2,,70.3,,,,73.9,,74.5,,41.4,,,,,,,,,,,,,,,,,,,,,,,,,,,,,,,,,,,,,,,,,,,,,,,,,,,41.4,-94.68,-69.58,13
1f0b5c19-bb93-4759-9b27-3af135c5652f,2025-04-22 01:41:54.483,122.46984,122.46984,,,,,,,121.9,122.5,121.4,122.6,120.4,120.2,,118.2,116.9,118.9,117.9,116.5,115.7,114.5,115.0,113.6,113.6,114.2,114.5,111.9,109.7,,,,,,,,,,,,,,,,,,,,,,,,,,,,,,,,,,,,,,,,,,,,,,109.7,-12.77,-10.43,20
2417f624-50c9-4757-8d65-93f93c8e6273,2025-01-15 23:07:04.652,140.61352,140.61352,,,,143.8,,141.7,145.0,,145.8,145.4,145.6,142.8,144.4,,146.0,145.2,,,,,147.6,,146.3,147.3,,,,,147.2,145.7,,145.1,,144.1,,145.9,144.3,144.4,144.0,142.2,143.1,,141.5,139.9,,,,,,,,,,,,,,,,,,,,,,,,,,,,,139.9,-0.71,-0.51,25
a668a1f0-0b2c-499d-bfc1-c096a7813b31,2025-05-05 18:57:06.574,139.252744,139.252744,,140.0,141.3,139.2,140.1,139.6,138.7,140.8,139.5,140.1,140.8,,138.4,138.7,136.9,137.0,137.7,137.5,139.0,138.4,139.0,137.4,137.5,137.3,,,,,,,,,,,,,,,,,,,,,,,,,,,,,,,,,,,,,,,,,,,,,,,,,137.3,-1.95,-1.4,22
3fc523e7-47ad-4585-9a51-afe80ffacfcd,2025-05-16 16:57:55.341,89.357624,89.357624,,,,87.1,87.9,87.3,88.1,87.2,87.8,86.8,53.5,85.6,86.5,84.1,84.1,,84.4,85.1,,84.6,,,,,,,,,,,,,,,,,,,,,,,,,,,,,,,,,,,,,,,,,,,,,,,,,,,,,84.6,-4.76,-5.32,15
ba9f3382-c12e-482c-be7c-12606c697980,2025-06-17 22:03:30.624,129.27372,129.27372,,,,,,,,,,133.7,132.9,131.5,108.3,130.9,130.2,130.1,,,,,,,,,,,,,,,,,,,,,,,,,,,,,,,,,,,,,,,,,,,,,,,,,,,,,,,,,130.1,0.83,0.64,7
08864e4a-4012-4680-9d14-a971ee72812a,2025-05-04 00:44:56.983,121.109064,121.109064,,,,,,119.8,120.1,119.8,120.3,121.9,,121.6,121.7,121.2,122.2,120.7,121.9,120.3,121.2,121.8,122.3,,,,,,,,,,,,,,,,,,,,,,,,,,,,,,,,,,,,,,,,,,,,,,,,,,,,122.3,1.19,0.98,15
68d3ce7d-e564-4400-8459-c03f8617efbc,2025-01-06 19:53:43.011,104.32616,104.32616,,,,,104.3,103.1,103.4,104.5,104.6,104.9,104.5,104.8,104.5,104.7,104.6,105.4,104.9,104.5,104.5,104.5,104.7,,104.8,104.4,104.6,103.9,104.2,103.7,102.4,103.3,99.8,98.6,101.0,,,,,,95.4,95.5,94.9,77.6,92.5,92.6,93.2,91.6,90.8,91.2,,,,,,,,,,,,,,,,,,,,,,,,,91.2,-13.13,-12.58,38
bc9bb196-ed8c-4df0-a8d3-ce865198b3c5,2025-01-07 22:28:51.336,129.27372,129.27372,,,,,,,,,131.7,132.0,129.1,130.5,131.4,131.4,131.1,130.6,130.1,133.1,132.0,133.6,132.2,132.8,132.7,132.1,132.3,132.7,,,131.995272,,,,,127.912944,,,,,,,124.7378,121.9,,,,122.46984,,,,,,,,,,,,,,,,,,,,,,,,,,,122.46984,-6.8,-5.26,23
0970b5b6-eb8e-4639-919c-f03f72c1820a,2025-01-24 14:44:58.927,106.59412,106.59412,,,113.0,,115.2,113.5,111.7,110.6,109.9,109.6,110.0,108.2,107.2,107.6,108.6,107.6,105.7,104.5,104.1,103.8,102.6,102.3,101.7,100.6,100.6,99.7,99.0,98.9,100.2,97.7,96.5,96.0,96.4,94.2,92.8,92.8,93.1,92.4,93.3,91.7,91.6,89.7,89.9,88.5,,,,,,,,,,,,,,,,,,,,,,,,,,,,,88.5,-18.09,-16.97,41
85f8d1b7-0e63-4e25-9d0b-2ead3c504345,2025-02-02 12:48:19.217,136.0776,136.0776,,,140.0,136.3,133.1,,132.8,,,,,131.8,,,,,134.263232,,,,135.0,,,,,135.624008,,,132.6,130.7,,130.634496,,,,,,130.634496,,131.0,,,,,,,,,,,,,,,,,,,,,,,,,,,,,,,,,131.0,-5.08,-3.73,13
2b7df3d0-144c-4665-8193-7dadda38fb42,2025-03-23 23:07:23.353,95.707912,95.707912,,,,,,98.2,95.6,95.9,96.4,96.0,96.0,95.9,96.7,95.0,95.3,94.1,92.0,91.9,91.6,90.9,90.6,90.1,88.9,87.7,86.6,86.8,86.3,86.5,85.8,85.1,84.8,85.5,84.3,,,,,,,,,,,,,,,,,,,,,,,,,,,,,,,,,,,,,,,,84.3,-11.41,-11.92,28
1bce28a2-ce75-4791-9d8d-8687b03c2c28,2025-01-04 00:35:20.495,113.398,113.398,,,,,113.7,112.6,112.9,112.3,113.1,112.6,114.9,116.7,118.2,117.7,116.1,114.7,115.9,116.3,116.0,116.2,115.4,117.4,117.9,117.4,118.1,116.7,116.7,116.9,117.1,116.0,117.7,116.1,115.7,115.7,115.9,113.6,,117.7,118.3,117.1,118.0,118.9,118.4,119.6,117.8,117.0,116.4,117.7,118.2,,,,,,,,,,,,,,,,,,,,,,,,118.2,4.8,4.23,44
ba14caa9-b122-416e-b867-f893d3702be9,2025-02-07 23:14:24.997,137.438376,137.438376,,139.4,137.9,136.9,137.2,135.0,133.5,135.4,132.9,133.7,133.9,132.6,131.7,133.0,132.1,131.6,129.5,130.8,130.1,130.0,129.1,129.4,127.4,125.5,126.9,126.5,126.1,126.3,124.4,122.8,122.4,,122.5,121.1,118.8,120.2,120.3,119.0,119.2,118.9,118.7,118.8,,,,,,,,,,,,,,,,,,,,,,,,,,,,,,,118.8,-18.64,-13.56,40
e6822443-276b-4aab-8f72-9750f0894f33,2025-03-04 16:07:38.796,148.324584,148.324584,,,149.0,144.5,147.2,143.7,143.9,141.7,140.5,138.5,139.3,136.2,134.9,134.7,134.7,135.3,133.3,131.4,129.9,131.0,130.5,127.7,127.9,124.3,123.8,122.6,124.0,123.0,124.5,120.4,120.6,120.5,120.8,118.4,114.1,118.6,,,,,,,,,,,,,,,,,,,,,,,,,,,,,,,,,,,,,118.6,-29.72,-20.04,34
0b89fbbc-e8b4-479e-a22f-2599be449c50,2025-03-30 16:54:36.805,134.263232,134.263232,,,,,,138.4,135.2,134.6,135.6,135.1,133.7,134.7,133.6,132.9,132.7,132.6,134.1,134.4,133.3,133.2,131.9,133.1,133.3,132.8,132.9,133.6,133.2,132.9,133.5,132.9,133.7,133.2,,,,,,,,,,,,,,,,,,,,,,,,,,,,,,,,,,,,,,,,,133.2,-1.06,-0.79,27
a16937f8-c872-4d83-89be-ca8b6eba5653,2025-02-21 16:36:37.443,137.438376,137.438376,,,,,135.2,137.7,136.0,,134.2,133.6,135.7,136.2,,,136.3,135.2,,135.7,,135.8,,136.2,,,136.9,135.4,,,134.6,,,,,,,133.2,135.7,133.0,131.8,,,,,,,,,,,,,,,,,,,,,,,,,,,,,,,,,,131.8,-5.64,-4.1,19
876151b8-36f0-4b61-9954-8f29a7c00194,2025-02-11 14:55:29.446,,,,,,126.7,125.1,124.8,124.8,123.6,124.1,124.0,123.3,121.8,122.2,122.9,122.6,123.2,123.5,123.6,123.2,123.4,,,123.3,122.9,123.0,123.5,,123.3,,,,,,,123.6,,123.4,,,,,,,,,,,,,,,,,,,,,,,,,,,,,,,,,,,,123.4,,,24
6d6b1bee-8545-455c-a04f-9ae9557372ce,2025-03-29 05:04:10.242,145.14944,145.14944,,,145.8,144.9,144.8,143.0,143.9,,143.4,140.7,140.1,139.3,138.5,139.5,139.1,137.6,138.4,138.1,136.8,135.8,,137.5,137.8,135.8,135.3,135.4,134.7,135.170416,135.9,135.3,136.0,,,,,,,,,,,,,,,,,,,,,,,,,,,,,,,,,,,,,,,,,,136.0,-9.15,-6.3,27
8b93622e-0fca-4d0d-8fcb-8f3a9b84c2c9,2025-01-02 18:21:45.832,127.00576,127.00576,,,,127.1,126.4,124.4,124.0,126.4,125.0,124.0,124.1,124.4,124.0,123.3,91.9,91.2,91.1,124.4,123.3,124.5,90.7,90.8,90.8,90.9,126.2,124.8,,92.4,,,125.3,93.0,,126.0,129.7,127.7,95.3,127.7,126.6,95.7,,94.5,93.6,127.9,128.1,93.1,95.3,128.0,94.4,,,,,,,,,,,,,,,,,,,,,,,,94.4,-32.61,-25.67,41
adce5a2d-b2ce-4f1e-916c-7578ca835950,2025-03-30 18:40:13.297,90.264808,90.264808,,,89.6,89.0,88.2,87.5,86.0,86.4,85.8,86.3,84.7,84.0,84.5,83.4,83.4,83.4,82.8,81.6,82.4,80.8,80.5,78.9,78.9,79.6,78.9,78.9,78.6,77.5,75.8,75.8,75.7,75.2,,,,,,,,,,,,,,,,,,,,,,,,,,,,,,,,,,,,,,,,,75.2,-15.06,-16.69,30
7741f6d0-48ce-4b4f-964d-22dfe963851b,2025-01-22 20:01:35.104,165.107488,165.107488,,,168.0,,166.3,168.2,168.8,164.3,164.9,162.7,164.0,165.6,161.7,163.5,162.6,,158.9,157.6,157.9,156.5,156.7,159.4,159.8,157.6,157.4,156.0,155.1,150.3,156.8,155.3,154.3,,154.0,115.7,154.3,150.6,152.1,,152.5,152.7,36.7,,151.95332,35.8,,,,,,,,,,,,,,,,,,,,,,,,,,,,,35.8,-129.31,-78.32,37
81e3370f-5053-4d7f-92ba-8ed4ef00f8af,2025-01-27 20:56:41.583,83.91452,83.91452,,,,,,,,,,,,,,,,,,83.6,83.8,57.2,83.8,57.0,,55.5,56.4,56.8,56.9,,57.7,56.6,,56.8,58.0,62.4,,,60.5,56.2,56.1,,70.4,37.4,,,,,,,,,,,,,,,,,,,,,,,,,,,,,,,37.4,-46.51,-55.43,19
6940741b-b13b-4d9f-90ed-8c0320601d77,2025-05-13 18:24:19.770,148.778176,148.778176,,,,,,,,,,149.2,150.0,150.8,150.4,153.1,153.1,150.6,150.1,150.8,150.4,151.0,152.5,154.0,154.2,,,,,,,,,,,,,,,,,,,,,,,,,,,,,,,,,,,,,,,,,,,,,,,,,,154.2,5.42,3.64,14
a5c77d24-1940-42e8-913c-af8031e658b0,2025-05-15 22:20:32.371,133.80964,133.80964,,,132.902456,132.902456,,,,133.356048,133.356048,133.1,134.0,133.6,133.8,,134.9,134.4,134.1,,135.3,134.2,135.9,,,,,,,,,,,,,,,,,,,,,,,,,,,,,,,,,,,,,,,,,,,,,,,,,,,,135.9,2.09,1.56,14
e96666a1-d99b-4120-a620-4c4b3c79fda2,2025-01-06 05:38:09.925,131.54168,131.54168,,,,,,,,,,,,,,,,,,,,,,,,,,,,,,,,,,,,,,,144.1,144.7,143.6,143.0,141.9,142.7,143.2,142.3,142.0,140.8,,,,,,,,,,,,,,,,,,,,,,,,,140.8,9.26,7.04,10
b20a8376-f4f6-4fa2-b80f-5f3f576392e9,2025-05-23 14:35:33.995,125.191392,125.191392,,,,,,,,,125.2,127.8,126.1,123.9,123.5,126.6,123.9,124.9,122.6,125.0,123.7,122.7,122.7,,,,,,,,,,,,,,,,,,,,,,,,,,,,,,,,,,,,,,,,,,,,,,,,,,,,122.7,-2.49,-1.99,13
b34cd5f7-450b-4fb5-bbde-84b479e4bb68,2025-06-23 20:12:54.035,132.902456,132.902456,,,,133.9,134.3,132.8,133.0,132.1,132.8,131.3,133.1,132.3,130.9,131.8,,,,,,,,,,,,,,,,,,,,,,,,,,,,,,,,,,,,,,,,,,,,,,,,,,,,,,,,,,,131.8,-1.1,-0.83,11
acc85feb-7f8d-46a0-a67b-f60a05261f5e,2025-05-19 06:22:01.813,111.583632,111.583632,,,,,,109.0,110.4,109.2,108.6,105.9,105.2,105.3,104.2,103.4,102.8,102.3,101.3,100.9,99.4,98.3,98.6,98.1,,,,,,,,,,,,,,,,,,,,,,,,,,,,,,,,,,,,,,,,,,,,,,,,,,,98.1,-13.48,-12.08,17
14fd4366-7b2d-43cb-9341-783e010ad4eb,2025-05-19 19:40:41.657,136.0776,136.0776,,,,,133.2,133.0,,133.3,131.9,,,,,131.5,129.8,129.4,128.7,74.8,,126.9,127.8,,,,,,,,,,,,,,,,,,,,,,,,,,,,,,,,,,,,,,,,,,,,,,,,,,,,127.8,-8.28,-6.08,11
7a62ec51-8e69-41ea-a3c1-060aeb444e2b,2025-01-18 06:16:33.219,204.1164,204.1164,,,,,,,,,,,,,,205.1,,203.3,201.5,,201.394848,201.2,199.58048,,196.858928,196.405336,,,195.04456,192.7766,,192.323008,,190.50864,191.415824,189.601456,188.24068,,187.787088,,,187.8,188.6,,186.879904,185.97272,184.611944,,,,,,,,,,,,,,,,,,,,,,,,,,,,184.611944,-19.5,-9.56,21
d13ba652-6b45-4a77-bfc3-900ff4586ac8,2025-05-13 19:41:10.781,154.22128,154.22128,,,154.8,153.3,153.1,151.1,151.1,149.4,150.0,149.5,148.7,147.9,147.6,147.3,,146.4,145.7,145.3,145.0,143.4,143.8,143.4,143.2,,,,,,,,,,,,,,,,,,,,,,,,,,,,,,,,,,,,,,,,,,,,,,,,,,143.2,-11.02,-7.15,20
bc71ed60-83d5-4d51-aa08-bba9874329c8,2025-03-01 00:46:25.571,95.707912,95.707912,,97.3,,96.9,95.2,,95.8,,95.6,90.6,,,91.3,90.9,91.6,89.811216,90.3,,,89.2,89.1,89.4,,88.3,,88.8,87.2,86.6,86.5,,,,85.6,84.5,84.6,,84.8,,,,,,,,,,,,,,,,,,,,,,,,,,,,,,,,,,,,84.8,-10.91,-11.4,23
cef8b040-ccf5-4215-865c-f8cfb02cd2a5,2025-07-02 18:51:38.542,98.883056,98.883056,,99.336648,,99.7,99.1,97.9,94.0,95.2,94.5,95.5,94.9,86.6,,,,,,,,,,,,,,,,,,,,,,,,,,,,,,,,,,,,,,,,,,,,,,,,,,,,,,,,,,,,,86.6,-12.28,-12.42,10
dfa9d312-51d8-4273-9281-75fa6c0dd27f,2025-01-30 16:04:12.453,,,,,,,,,,124.3,122.1,122.4,,122.6,99.6,,121.9,,121.3,121.0,120.5,122.4,120.6,120.2,119.4,,,117.5,,101.9,,117.4,116.6,116.3,,,116.6,,,,116.119552,116.3,104.9,,112.9,,,,,,,,,,,,,,,,,,,,,,,,,,,,,,112.9,,,23
53047212-6788-483d-b19a-f6866aef5ea8,2025-02-19 22:29:13.104,89.357624,89.357624,90.7184,92.7,93.8,91.8,92.0,91.7,91.6,90.4,90.6,90.0,89.8,88.6,89.1,89.9,89.3,90.3,90.4,91.2,92.1,90.3,89.1,91.1,91.0,91.3,90.2,90.2,90.7,90.4,90.3,89.5,90.5,88.0,88.1,89.5,90.5,91.0,89.1,89.8,90.1,,,,,,,,,,,,,,,,,,,,,,,,,,,,,,,,,,90.1,0.74,0.83,39
010c142c-4831-4e23-803a-9a0030f3e582,2025-03-10 08:42:24.581,177.354472,177.354472,,,173.7,174.6,52.4,175.0,175.5,174.9,174.4,174.4,171.9,171.3,170.0,168.9,171.2,170.3,171.8,,169.1,167.4,168.3,170.1,,168.0,167.2,,51.1,169.9,128.3,51.7,51.4,,169.3,130.1,170.5,,,,,,,,,,,,,,,,,,,,,,,,,,,,,,,,,,,,,,170.5,-6.85,-3.86,29
4b8c39e6-d59d-4e74-a3b1-986659400e6e,2025-04-29 23:18:50.151,139.252744,139.252744,138.34556,124.3,140.61352,134.263232,134.263232,137.5,135.3,133.1,134.4,133.8,133.7,134.5,133.8,132.7,131.5,132.5,129.8,129.0,127.2,128.2,128.9,127.6,126.4,127.5,127.0,,,,,,,,,,,,,,,,,,,,,,,,,,,,,,,,,,,,,,,,,,,,,,,,127.0,-12.25,-8.8,25
07b56498-8d3a-4bb2-82ad-d60f41e4a7cf,2025-04-24 16:00:09.779,139.252744,139.252744,,,,,,138.7,,139.1,138.8,138.7,,137.8,137.6,70.9,138.0,,136.6,71.9,133.7,135.2,,133.6,134.0,133.4,132.8,134.7,,,,,,,,,,,,,,,,,,,,,,,,,,,,,,,,,,,,,,,,,,,,,,,134.7,-4.55,-3.27,17
bdcfe29d-5935-45df-81c2-3ea6f39fe722,2025-02-17 01:36:47.686,92.98636,92.98636,,,,93.5,91.2,,91.4,,93.2,92.4,91.8,94.1,93.2,,,94.4,93.7,92.9,91.7,,,92.6,90.8,90.1,87.1,86.3,,,,,,,,,92.0,92.6,91.8,,93.3,,,,,,,,,,,,,,,,,,,,,,,,,,,,,,,,,,93.3,0.31,0.34,21
96433a5c-6928-4d26-9080-70e523392b22,2025-01-07 20:12:04.535,120.20188,120.20188,,119.1,119.8,121.1,119.8,121.0,118.6,116.7,117.6,116.4,115.9,115.4,115.2,115.8,112.3,114.0,114.3,113.4,36.0,111.2,109.8,110.1,109.7,109.5,108.9,108.1,108.7,107.2,104.8,106.6,105.7,106.3,105.6,104.6,104.1,104.5,102.7,102.4,101.5,100.7,101.2,100.4,99.2,99.5,99.6,97.5,97.8,97.9,,,,,,,,,,,,,,,,,,,,,,,,,97.9,-22.3,-18.55,47
184faec7-0ab4-4ebc-9705-412df218ee4f,2025-01-04 03:01:09.561,98.883056,98.883056,,99.0,97.2,100.3,100.1,99.5,100.4,98.9,100.5,99.5,98.7,97.2,95.6,95.0,94.9,94.5,50.9,93.9,95.7,95.5,95.7,93.7,91.9,92.7,91.5,92.3,96.4,43.6,97.2,98.4,98.9,96.1,97.1,43.2,95.8,94.3,94.2,42.3,93.7,,99.5,44.8,80.9,96.7,,52.6,93.8,82.1,,,,,,,,,,,,,,,,,,,,,,,,,82.1,-16.78,-16.97,45
5decc4c1-4d54-4ea7-917d-e065df94bdab,2025-01-06 19:31:57.053,145.14944,145.14944,,,,,,150.8,150.5,150.2,150.6,148.7,148.0,146.9,147.6,147.6,,,145.7,,149.6,,146.9,,,149.1,,,,149.0,,147.6,146.9,147.2,,146.3,,,146.4,,147.2,144.2,144.5,143.4,142.3,140.5,140.1,,140.5,138.2,,,,,,,,,,,,,,,,,,,,,,,,,138.2,-6.95,-4.79,28
4d9c57f4-eb63-40f2-b789-f7611aa89011,2025-01-23 03:47:04.741,99.79024,99.79024,,,,,,,,,,,,101.8,101.3,,,100.8,,99.3,103.1,99.2,98.0,,97.0,96.2,95.6,95.6,95.9,96.2,96.0,,94.8,94.6,93.1,92.5,91.6,92.2,91.8,90.8,91.3,90.4,99.8,88.6,89.2,87.2,88.4,,,,,,,,,,,,,,,,,,,,,,,,,,,,88.4,-11.39,-11.41,29
cb462c18-749f-40ee-ae2e-a02b171b1280,2025-05-13 18:41:44.545,181.4368,181.4368,,,,,,,,192.0,192.8,189.2,189.5,186.2,189.4,194.9,193.2,188.4,188.1,185.7,186.4,185.5,184.3,184.6,185.0,,,,,,,,,,,,,,,,,,,,,,,,,,,,,,,,,,,,,,,,,,,,,,,,,,185.0,3.56,1.96,16
fad7c1a4-9aa1-4726-b98f-1a8ea0e99582,2025-05-13 18:44:43.575,109.315672,109.315672,,,,,,,,,,,,,112.9,111.3,111.6,111.0,110.1,109.3,107.5,107.0,106.8,106.8,105.5,,,,,,,,,,,,,,,,,,,,,,,,,,,,,,,,,,,,,,,,,,,,,,,,,,105.5,-3.82,-3.49,11
b9fd86b5-a9f0-4045-b5a7-83c62974eb15,2025-01-29 02:50:43.182,113.398,113.398,,,113.1,113.1,111.0,110.7,110.4,109.6,108.9,107.1,107.5,106.6,105.1,104.0,104.8,105.5,105.8,103.7,104.1,104.8,105.6,109.6,107.0,107.1,105.4,105.0,104.4,104.7,103.8,,102.1,101.7,102.2,100.0,101.0,100.8,100.6,99.6,99.3,98.8,100.3,,104.0,,,,,,,,,,,,,,,,,,,,,,,,,,,,,,104.0,-9.4,-8.29,39
232f2ebf-9bb1-43b8-837b-5a3fa18d6db2,2025-01-03 15:48:40.370,131.088088,131.088088,,,,,,,129.1830016,,128.3,,128.3,,127.8,126.8,125.9,,,125.5,125.5,126.7,125.6,125.5,,,,,124.7378,,124.1,,,,,123.7398976,123.3,,,122.6,122.923432,,,,,,,121.5,,122.9,122.4,,,,,,,,,,,,,,,,,,,,,,,,122.4,-8.69,-6.63,20
6ce1f6ce-f79a-48bc-b206-2b6315be2ac1,2025-01-14 20:44:26.779,133.80964,133.80964,,,,134.4,133.8,66.2,132.1,133.1,133.7,,131.5,,130.6,126.4,128.5,127.2,,127.3,124.9,125.2,,124.5,124.9,,124.1,122.7,,,121.3,120.5,,120.1,,117.8,,117.93392,,,118.7,,119.4,,,,,118.6,,,,,,,,,,,,,,,,,,,,,,,,,,,118.6,-15.21,-11.37,26
77d1eb62-b61f-4337-9bf1-49b43eb498b1,2025-02-06 20:40:42.526,187.333496,187.333496,,,,,,,,,,,,188.7,,,,187.4,184.4,184.6,185.5,,183.7,,,188.3,189.4,182.5,,179.9,,176.2,,177.7,,181.0,,175.6,175.9,,,,179.7,178.8,,,,,,,,,,,,,,,,,,,,,,,,,,,,,,,178.8,-8.53,-4.56,17
529246ed-f542-4bf1-bc52-6f748778efc6,2025-01-02 14:44:57.970,132.448864,132.448864,,130.8,130.9,131.7,129.9,,,131.7,131.8,,,133.6,,,131.6,129.6,131.1,129.8,,125.9,,,122.5,,,,125.191392,,,118.9,118.8,118.4,116.6,114.9,,,114.7,,114.1,,,112.7,111.7,,111.8,,109.2,,107.954896,,,,,,,,,,,,,,,,,,,,,,,,107.954896,-24.49,-18.49,26
1b4ac2da-29ac-4736-8ee1-04abcdbddfaa,2025-01-10 03:15:39.861,81.192968,81.192968,,,,,,83.007336,,,83.2,84.7,,84.1,83.1,,82.4,82.0,81.1,,79.4,79.0,78.2,78.2,77.8,77.0,76.9,,75.0,72.4,73.028312,71.2,68.7,,67.2,,65.5,,,,,,63.049288,,,,,,59.420552,,,,,,,,,,,,,,,,,,,,,,,,,,59.420552,-21.77,-26.82,24
4d080157-2cab-4fdf-b36f-298174f0213c,2025-01-31 17:08:23.883,135.170416,135.170416,,126.5,124.0,122.9,124.7378,121.5,120.9,,,,,,119.748288,,,118.7,,,,117.026736,,,,119.748288,112.6,,,,118.2,82.1,,82.0,42.8,115.0,79.9,,,80.7,,112.944408,,81.3,,,,,,,,,,,,,,,,,,,,,,,,,,,,,,,81.3,-53.87,-39.85,20
e067914f-951a-4e74-adff-35c211ee252c,2025-02-12 15:59:45.274,155.582056,155.582056,,,,,,,,,,,,,,,,,,,,,,,,,,,,,,,,,,,159.5,157.9,156.1,154.8,154.4,153.5,153.2,,,,,,,,,,,,,,,,,,,,,,,,,,,,,,,,153.2,-2.38,-1.53,7
4f06da71-e261-4a26-8775-211599d4d513,2025-03-22 00:45:50.921,155.582056,155.582056,,,,153.2,,155.2,154.4,152.9,153.9,,154.7,,,153.9,,,,,,,,,,,,,,,,149.68536,,,146.3287792,,,,,,,,,,,,,,,,,,,,,,,,,,,,,,,,,,,,,,,,146.3287792,-9.25,-5.95,9
a97627dd-7631-4bc5-bba9-24ee22a26053,2025-05-22 17:09:55.701,132.902456,132.902456,,,,,,,,,,,,,,,,133.2,,85.5,84.8,84.0,84.6,,,,,,,,,,,,,,,,,,,,,,,,,,,,,,,,,,,,,,,,,,,,,,,,,,,,84.6,-48.3,-36.34,5
3764091c-1554-40cf-b638-cfc8dc3fbca7,2025-07-03 21:19:13.012,90.264808,90.264808,,,90.5,89.8,89.5,88.8,88.6,87.4,88.1,87.4,87.2,87.0,86.9,,,,,,,,,,,,,,,,,,,,,,,,,,,,,,,,,,,,,,,,,,,,,,,,,,,,,,,,,,,,86.9,-3.36,-3.73,11
ccdc1bcd-76a9-48d9-91f3-dddaa6a8ba7b,2025-01-03 18:51:20.193,127.912944,127.912944,,127.7,126.1,125.4,126.2,,127.0,124.9,,127.7,,,,,125.8,,,122.0,,,121.5,,120.8,,118.7,,119.5,,120.2,,,,116.1,,,113.6,,,,115.66596,,,,,112.490816,,,109.1,,,,,,,,,,,,,,,,,,,,,,,,,109.1,-18.81,-14.71,19
4c47fb52-46e3-49f1-8407-d12470c66895,2025-01-24 18:48:18.880,113.398,113.398,,,,,,,,,,,,,,,,,,,,,,,,,,102.0582,,,102.511792,,,,103.1,104.2,103.872568,104.7,103.9,104.1,104.2,105.2,,102.3,102.8,,,,,,,,,,,,,,,,,,,,,,,,,,,,,,102.8,-10.6,-9.35,12
b4dc6922-3efd-4647-bd83-35ddd566eb24,2025-01-08 17:41:30.480,120.655472,120.655472,,,,,,117.8,,118.4,118.2,119.0,118.3,,118.9,,119.9,,,,,119.5,,118.6,,,,,,,,,,,,,,,,,,,,,,,,,,,,,,,,,,,,,,,,,,,,,,,,,,,118.6,-2.06,-1.7,9
12e05156-6de7-4ad1-9a1b-69d55323b47f,2025-06-19 14:05:32.986,,,,,,111.0,110.6,110.2,110.3,111.0,110.4,109.4,109.5,109.6,109.9,110.4,109.6,,,,,,,,,,,,,,,,,,,,,,,,,,,,,,,,,,,,,,,,,,,,,,,,,,,,,,,,,,109.6,,,12
bd689410-79e2-4017-abb6-459fca359890,2025-01-07 00:53:50.304,108.86208,108.86208,,,,110.1,109.9,109.1,108.8,45.1,108.6,109.4,108.8,,109.4,108.7,,,,110.2,86.8,107.9,,,109.5,,66.0,108.5,108.9,,,108.4,107.3,108.1,,,,,,106.2,105.9,,,,,78.8,,,,109.4,,,,,,,,,,,,,,,,,,,,,,,,,109.4,0.54,0.49,24
d76e9239-ee3b-4490-bd4d-ed0135d98882,2025-02-27 17:17:59.982,130.634496,130.634496,,128.9,128.3,127.5,126.1,123.6,123.4,123.9,,126.3,,125.3,,124.7,125.2,125.9,126.3,125.4,,,126.3,66.5,128.2,127.0,128.2,,128.3,127.2,129.3,126.8,,124.7378,123.6,123.1,123.7,122.1,121.5,,,,,,,,,,,,,,,,,,,,,,,,,,,,,,,,,,,,121.5,-9.13,-6.99,29
1fc4272f-b5a3-478a-9593-2be7eace5b05,2025-06-21 12:35:10.301,87.089664,87.089664,,,,,,,84.1866752,83.5,82.0,81.6,80.6,81.1,81.2,79.9,80.1,,,,,,,,,,,,,,,,,,,,,,,,,,,,,,,,,,,,,,,,,,,,,,,,,,,,,,,,,,80.1,-6.99,-8.03,9
f8738f1e-ac51-4b2c-9320-302312743acf,2025-01-25 22:53:33.263,123.377024,123.377024,,,,,,124.4,123.0,119.8,121.0,119.2,119.2,119.3,117.1,115.3,116.3,116.1,115.5,,116.1,112.8,112.9,112.6,112.1,112.8,113.0,,110.4,108.6,108.6,107.7,107.6,106.6,105.7,105.9,106.5,105.8,105.3,105.6,103.0,103.5,102.7,101.8,101.7,101.9,,,,,,,,,,,,,,,,,,,,,,,,,,,,,101.9,-21.48,-17.41,37
57b48a6e-367d-4bcf-9f38-cba6f2920b51,2025-04-08 18:17:06.645,143.788664,143.788664,,,,142.0,142.1,141.8,141.9,143.8,141.5,143.0,144.4,144.5,142.2,142.0,141.6,142.0,141.8,142.1,145.3,139.5,137.3,138.1,138.8,138.3,136.7,136.1,136.2,134.0,133.8,133.8,,,,,,,,,,,,,,,,,,,,,,,,,,,,,,,,,,,,,,,,,,,133.8,-9.99,-6.95,27
55e1b081-61b9-4f78-9d90-7c095c7bb58f,2025-01-02 15:15:52.873,161.478752,161.478752,162.839528,162.839528,165.4,163.2,165.1,163.3,163.3,162.1,162.8,162.6,165.7,164.1,164.8,163.1,,162.3,,161.5,160.6,159.7,159.1,159.1,160.2,160.3,158.9,158.6,158.5,,157.5,160.0,157.5,127.0,109.2,157.8,159.0,156.8,,155.582056,154.5,155.5,156.8,156.0,155.128464,154.9,,152.406912,,152.406912,152.406912,,,,,,,,,,,,,,,,,,,,,,,,152.406912,-9.07,-5.62,43
bc051e3e-1e34-4036-896c-decef409786a,2025-01-22 22:02:53.982,133.80964,133.80964,132.448864,131.088088,130.6,130.0,132.0,129.6,128.4,127.3,128.0,128.5,125.6,125.5,127.4,126.7,126.0,123.8,123.5,123.8,121.7,122.2,122.2,121.8,121.0,117.9,117.6,116.0,117.2,118.8,117.1,114.5,115.1,115.6,111.9,111.0,110.6,110.2,112.0,108.6,108.0,108.7,106.9,106.9,107.3,103.5,103.9,,,,,,,,,,,,,,,,,,,,,,,,,,,,103.9,-29.91,-22.35,45
5307afd6-1c82-414b-9944-c483d1e4f27d,2025-03-21 08:32:39.226,181.4368,181.4368,,,,,184.0,182.3,,181.7,179.8,,74.3,182.7,183.9,,185.8,,188.9,185.5,182.7,,,,,,184.8,,188.7,,,183.5,,,,,,,,,,,,,,,,,,,,,,,,,,,,,,,,,,,,,,,,,,,183.5,2.06,1.14,14
594ffda6-d869-48a2-8622-6d28d52affa1,2025-02-08 13:04:15.296,111.13004,111.13004,,,,,,,108.7,109.0,109.3,109.2,109.6,109.7,109.5,108.9,,110.3,111.4,110.2,,,111.0,110.7,109.5,108.6,,,106.9,106.6,,108.4,109.3,106.0,105.5,105.6,103.4,104.7,102.8,102.8,101.1,99.8,100.0,99.1,,,,,,,,,,,,,,,,,,,,,,,,,,,,,,,99.1,-12.03,-10.83,30
674224ae-6aa3-4fc9-a225-398f6f631791,2025-01-28 19:24:50.321,108.86208,108.86208,,,,,107.2,,,109.7,108.5,109.8,108.0,109.8,105.9,96.9,,106.5,106.1,,106.5,106.1,105.9,105.1,106.0,,107.1,106.59412,106.5,105.9,105.7,105.5,,106.59412,107.4,106.0,106.7,,105.686936,106.0,106.0,,105.0,,105.686936,,,,,,,,,,,,,,,,,,,,,,,,,,,,,,105.686936,-3.18,-2.92,30
90da656a-46ee-4aa8-baa9-317d34e77159,2025-05-02 17:14:30.598,135.170416,135.170416,,136.7,136.6,134.716824,133.5,132.8,,131.8,134.4,132.902456,,133.6,131.9,,132.0,128.9,129.4,,127.9,127.6,125.644984,124.3,125.6,,124.0,,,,,,,,,,,,,,,,,,,,,,,,,,,,,,,,,,,,,,,,,,,,,,,,124.0,-11.17,-8.26,19
87f14bb8-428e-47a4-9e9c-e9e33b10d643,2025-01-28 07:20:34.985,107.954896,107.954896,,106.9,110.1,107.0,106.3,105.2,104.2,105.8,104.5,103.4,103.6,96.4,102.8,102.1,103.1,102.3,101.9,101.3,102.1,,102.7,101.9,102.0,101.5,100.8,101.4,102.2,101.7,100.3,99.3,100.4,99.5,99.5,97.5,99.4,97.7,97.5,96.1,94.3,94.3,93.2,92.9,92.1,91.6,,,,,,,,,,,,,,,,,,,,,,,,,,,,,91.6,-16.35,-15.15,42
3138f02f-9b9f-4254-afe1-198118e00fe9,2025-03-25 13:00:30.903,125.644984,125.644984,127.00576,126.098576,124.5,125.9,124.4,126.6,125.2,127.0,127.0,126.1,126.6,,126.4,,125.9,127.5,125.3,124.8,125.5,,126.3,125.7,124.5,125.8,125.0,125.9,126.7,125.7,125.5,125.7,125.4,124.8,,,,,,,,,,,,,,,,,,,,,,,,,,,,,,,,,,,,,,,,,124.8,-0.84,-0.67,29
e8328fb7-7a9c-4c4a-aa60-3adeaeaff1be,2025-04-17 17:47:53.420,102.965384,102.965384,,,,,,,,103.3,104.5,105.0,102.3,104.8,107.0,107.8,106.7,104.9,106.5,106.3,105.3,105.1,103.8,105.4,103.7,102.5,103.2,102.9,102.2,101.6,,,,,,,,,,,,,,,,,,,,,,,,,,,,,,,,,,,,,,,,,,,,,101.6,-1.37,-1.33,21
1c7abcde-ed5d-48bf-b34f-367b4af730b8,2025-01-25 18:20:36.625,103.418976,103.418976,,,,105.1,104.3,102.9,101.7,101.0,99.6,100.0,99.3,98.5,98.0,95.2,95.8,94.2,96.4,95.8,96.4,96.6,95.2,94.9,94.9,93.0,92.9,93.1,90.4,89.811216,88.6,86.9,86.0,86.5,84.7,83.91452,,83.3,83.2,,,83.460928,,82.4,79.6,90.5,,,,,,,,,,,,,,,,,,,,,,,,,,,,,90.5,-12.92,-12.49,37
84ffdd59-d5e5-41d6-82a8-650cf244d60d,2025-05-12 18:11:07.721,198.219704,198.219704,194.137376,193.683784,193.683784,,,199.0,198.7,194.4,194.0,194.9,,194.8,193.6,,195.4,194.3,194.2,,,,,,194.6,,,,,,,,,,,,,,,,,,,,,,,,,,,,,,,,,,,,,,,,,,,,,,,,,,194.6,-3.62,-1.83,14
2f304060-7d90-43d7-ac9c-915d4b127f43,2025-03-13 02:28:52.544,,,,,,,,77.4,75.5,,,77.1,74.6,78.3,75.7,,,76.8,,75.7,,75.1,74.8,,,74.2,73.8,73.6,73.1,72.4,72.5,,,72.5,71.5,,70.7,,,,,,,,,,,,,,,,,,,,,,,,,,,,,,,,,,,,,,70.7,,,19
28b8e25e-34b0-477b-aacb-daa30751768c,2025-01-02 14:13:33.964,97.52228,97.52228,97.4,,,,,,95.9,,,,,,,,98.1,99.0,96.4,96.0,,,,97.6,,,97.52228,,,,98.1,97.068688,,,,98.4,98.4,96.615096,,98.1,,,,96.161504,,,,97.5,96.615096,96.8,,,,,,,,,,,,,,,,,,,,,,,,,96.8,-0.72,-0.74,18
58eaa669-3ff5-4324-b8ef-b56dcb89747f,2025-01-01 20:48:02.045,108.86208,108.86208,,104.3,104.6,106.7,,106.6,103.9,104.1,104.7,103.7,103.1,103.7,102.8,102.8,101.9,100.6,100.5,101.9,100.8,100.9,96.7,97.1,96.5,96.2,95.9,96.1,96.1,96.4,94.5,95.3,94.8,92.9,92.8,91.8,91.3,90.5,91.0,89.4,89.2,88.2,88.8,88.8,87.5,88.0,88.4,87.0,87.4,85.8,84.9,,,,,,,,,,,,,,,,,,,,,,,,84.9,-23.96,-22.01,47
d6d111a6-081f-4c6c-a4d6-3227f87130b5,2025-05-13 19:59:16.715,120.20188,120.20188,,,,,,116.3,115.1,112.6,114.1,113.6,114.5,113.7,,116.6,101.0,113.0,113.8,113.5,113.3,114.1,,,116.0,,,,,,,,,,,,,,,,,,,,,,,,,,,,,,,,,,,,,,,,,,,,,,,,,,116.0,-4.2,-3.5,15
e13da656-cb37-429f-9f29-a2f6a40fe9d3,2025-04-29 18:21:29.857,145.14944,145.14944,,,141.067112,138.34556,138.34556,138.1,137.2,136.8,138.4,136.3,137.7,136.1,133.8,133.8,136.3,136.4,133.9,133.4,134.2,130.3,130.3,132.9,134.7,134.6,133.1,130.2,,,,,,,,,,,,,,,,,,,,,,,,,,,,,,,,,,,,,,,,,,,,,,,130.2,-14.95,-10.3,24
c93b4629-9161-461e-9f0e-0b70d117064f,2025-03-22 20:45:21.337,127.00576,127.00576,,,131.995272,49.7,129.8,129.6,127.2,128.8,91.3,,,101.6,,,,,72.3,,,,,,,,,,,104.5,,,,,,,,,,,,,,,,,,,,,,,,,,,,,,,,,,,,,,,,,,,,,104.5,-22.51,-17.72,10
fdffc37d-9122-4358-a5bc-91068fdfbe6d,2025-03-14 15:29:58.088,117.93392,117.93392,,114.5,113.9,112.1,111.8,111.9,111.0,110.5,,,,111.1,110.5,109.7,110.3,109.5,109.4,107.3,,,109.4,,,,,,109.4,,108.2,,106.9,106.8,,106.5,106.2,,,,,,,,,,,,,,,,,,,,,,,,,,,,,,,,,,,,,,106.2,-11.73,-9.95,21
fec994b0-8246-40ca-8a4d-ff3a8e3c9b81,2025-06-17 18:26:20.055,123.830616,123.830616,,,120.4,,121.0,119.4,,119.4,117.5,,117.026736,117.4,,117.8,116.9,,,,,,,,,,,,,,,,,,,,,,,,,,,,,,,,,,,,,,,,,,,,,,,,,,,,,,,,,,116.9,-6.93,-5.6,9
bb102b02-ab09-405e-81dd-0e6c573051ee,2025-04-15 23:37:59.239,107.047712,107.047712,,107.4,104.9,105.7,105.5,105.0,104.4,104.1,103.6,103.2,,,103.1,104.0,,103.2,102.5,102.9,102.8,103.4,101.4,100.8,99.8,100.2,99.9,98.7,97.7,97.4,,,,,,,,,,,,,,,,,,,,,,,,,,,,,,,,,,,,,,,,,,,,,97.4,-9.65,-9.01,24
eeb32f5a-54b3-4293-b622-dc55e65f0823,2025-01-23 21:40:26.621,122.46984,122.46984,,,,,,119.0,116.8,118.2,120.0,118.2,117.0,117.4,118.4,63.6,,,118.9,,,119.0,119.7,,69.9,,,118.6,,41.2,,,,116.7,118.5,,,,120.7,,,119.0,,,,117.8,85.6,,,,,,,,,,,,,,,,,,,,,,,,,,,,85.6,-36.87,-30.11,21
dbf1985d-e4ec-4d8b-b281-f84f1dcefcea,2025-03-18 14:50:49.061,117.93392,117.93392,,114.9,114.2,113.9,113.6,114.0,112.9,112.2,112.2,,,111.7,,111.3,,,108.8,108.3,,107.1,106.3,,105.9,104.5,102.9,102.2,100.7,100.0,,,99.0,99.3,99.2,98.5,,,,,,,,,,,,,,,,,,,,,,,,,,,,,,,,,,,,,,,98.5,-19.43,-16.48,24
2c62794c-c583-46f6-b2ed-02cae68d96f8,2025-01-18 00:32:06.354,110.676448,110.676448,,109.769264,,107.954896,107.954896,107.501304,107.4,107.6,107.5,106.5,106.8,106.8,106.1,104.4,,104.9,103.7,103.9,104.1,103.7,102.2,103.3,,102.7,,,101.9,100.8,101.4,101.2,101.8,101.7,101.151016,101.2,101.0,,101.4,101.2,101.5,100.0,100.0,99.9,99.0,99.2,98.7,98.8,,,,,,,,,,,,,,,,,,,,,,,,,,,98.8,-11.88,-10.73,39
0d8f35bc-ff5e-4ee8-a2a3-8fcc78efb16c,2025-01-02 15:46:02.721,103.418976,103.418976,102.511792,103.418976,101.6,102.8,103.1,100.7,99.4,99.0,97.2,96.5,96.3,96.8,96.0,94.9,95.5,95.8,93.7,92.9,92.7,91.1,90.6,92.532768,92.98636,93.439952,92.7,91.4,91.0,90.0,91.6,90.6,89.1,88.7,88.0,87.1,88.6,86.5,87.8,85.0,85.3,85.5,83.9,85.0,84.2,,84.7,87.7,85.8,,85.275296,,,,,,,,,,,,,,,,,,,,,,,,85.275296,-18.14,-17.54,47
6efbd60a-5fac-4ead-b310-90453020205a,2025-01-23 03:26:06.842,,,,,,124.7378,124.4,124.0,121.9,123.7,125.0,125.0,124.7,123.0,121.7,122.0,121.3,52.6,121.0,122.1,120.5,120.0,119.9,117.8,120.7,119.9,119.5,119.7,118.4,117.9,118.2,117.3,43.9,116.9,117.3,116.1,115.1,115.6,119.0,117.0,118.2,118.1,119.9,118.8,119.2,120.4,120.0,,,,,,,,,,,,,,,,,,,,,,,,,,,,120.0,,,42
13fdcbfa-817d-40ea-8988-accd4b50e37b,2025-02-27 13:32:40.890,93.439952,93.439952,,,,,,,,,72.4,72.9,71.8,72.1,72.7,73.8,72.7,64.8,73.6,,,74.7,,74.9,71.3,74.8,,74.9,,77.7,,76.0,76.0,75.9,76.6,76.7,76.6,75.1,76.3,75.3,,,,,,,,,,,,,,,,,,,,,,,,,,,,,,,,,,,75.3,-18.14,-19.41,24
ad74c8b1-7522-4444-8a36-5f24a7439e6c,2025-06-10 14:40:35.770,111.13004,111.13004,,,,110.1,111.0,112.2,112.4,112.0,112.9,112.9,114.8,115.4,114.1,,,,,,,,,,,,,,,,,,,,,,,,,,,,,,,,,,,,,,,,,,,,,,,,,,,,,,,,,,,,114.1,2.97,2.67,10
d203b89b-e752-4732-9179-56461f6db861,2025-06-12 23:48:15.724,103.418976,103.418976,,105.4147808,,105.5054992,105.7776544,104.9,103.0,101.4,100.6,99.9,98.6,98.1,96.6,95.9,95.0,94.3,94.8,,,,,,,,,,,,,,,,,,,,,,,,,,,,,,,,,,,,,,,,,,,,,,,,,,,,,,,,94.8,-8.62,-8.33,15
553086aa-30e1-4ad8-a585-2acc9fc3012c,2025-03-06 03:18:39.134,141.520704,141.520704,,141.7,,140.7,,141.6,,,,137.891968,136.0776,,140.6,,134.8,,136.0,,,,133.5,,,134.0,132.4,,130.5,,,,,,127.00576,,,,,,,,,,,,,,,,,,,,,,,,,,,,,,,,,,,,,,,,127.00576,-14.51,-10.26,13
ac0cdcff-4fa6-4eeb-bd1c-40bfcdf20996,2025-03-22 15:37:05.841,119.748288,119.748288,,,114.3,113.1,112.4,111.7,112.8,113.7,115.4,117.4,116.4,114.8,113.5,115.3,114.3,113.2,55.2,113.3,114.4,111.4,111.4,112.6,110.6,111.0,111.0,110.4,110.4,109.9,108.1,108.6,108.3,106.6,106.7,,,,,,,,,,,,,,,,,,,,,,,,,,,,,,,,,,,,,,,,106.7,-13.05,-10.9,31
28be0321-d50e-4150-811b-bda8c23e931f,2025-03-18 17:58:26.862,86.18248,86.18248,,83.8,85.9,,83.4,83.5,,83.3,86.2,82.4,,83.8,80.9,,82.5,82.4,81.6,,82.0,81.4,,81.8,81.6,80.5,,80.0,79.4,,,79.4,78.9,,79.1,,,,,,,,,,,,,,,,,,,,,,,,,,,,,,,,,,,,,,,,79.1,-7.08,-8.22,22
c0351cab-c209-4ec4-a465-90cb2932f5cc,2025-05-15 21:12:53.501,185.97272,185.97272,,182.343984,,,181.890392,178.715248,179.8,177.354472,177.0,176.8,173.5,173.272144,172.5,172.0,170.5,171.2,169.9,169.4,166.2,167.0,165.4,164.7,,,,,,,,,,,,,,,,,,,,,,,,,,,,,,,,,,,,,,,,,,,,,,,,,,,164.7,-21.27,-11.44,19
48df6174-c599-40e2-8fb4-b7e08d0a97e8,2025-05-23 02:26:11.411,124.7378,124.7378,124.7378,,124.5,123.2,121.0,120.3,120.5,118.2,117.3,115.9,114.4,113.5,112.0,112.4,,111.4,110.8,109.3,108.0,107.0,106.5,,,,,,,,,,,,,,,,,,,,,,,,,,,,,,,,,,,,,,,,,,,,,,,,,,,,106.5,-18.24,-14.62,19
d7389988-9217-4458-bcf2-ee9d4f8727fa,2025-04-16 18:49:08.731,130.634496,130.634496,,129.8,127.4,125.7,125.3,124.8,123.9,123.4,122.8,122.2,,123.1,122.9,121.3,121.0,120.0,119.0,117.8,116.8,116.7,115.7,115.8,116.1,114.8,113.5,113.7,112.1,111.9,,,,,,,,,,,,,,,,,,,,,,,,,,,,,,,,,,,,,,,,,,,,,111.9,-18.73,-14.34,26
2ed8d86e-9ad7-4d45-b4a3-a69f8c7eb08c,2025-03-20 21:06:09.554,150.592544,150.592544,,,,147.6895552,148.5,149.1,146.9,145.1,144.7,141.1,143.3,140.9,140.6,138.9,138.5,139.6,139.8,140.2,138.1,139.5,137.8,138.9,138.0,137.3,138.4,136.2,134.7,135.7,134.3,135.0,133.0,133.1,133.1,132.6,,,,,,,,,,,,,,,,,,,,,,,,,,,,,,,,,,,,,,,132.6,-17.99,-11.95,31
7b330c9a-a720-43fa-8f54-a12e3118f948,2025-05-14 15:44:56.599,99.79024,99.79024,,,,,103.8,,104.1,,101.604608,,,,102.3,102.2,83.9,119.5,100.7,98.1,97.9,97.4,,97.7,97.0,,,,,,,,,,,,,,,,,,,,,,,,,,,,,,,,,,,,,,,,,,,,,,,,,,97.0,-2.79,-2.8,13
1d71b7b1-5f6a-474b-aad9-e84a497e0ab8,2025-04-06 08:43:04.866,124.284208,124.284208,,,,,,,,,,,100.0,123.0,123.7,124.3,124.6,120.0,121.9,120.9,121.8,120.9,120.7,120.2,118.8,119.1,118.1,117.7,118.1,117.7,119.8,117.2,,,,,,,,,,,,,,,,,,,,,,,,,,,,,,,,,,,,,,,,,,,117.2,-7.08,-5.7,20
984db3af-af31-4636-9ed5-c2b7bc00cc97,2025-02-10 09:50:37.482,95.25432,95.25432,,91.171992,90.1,89.6,89.2,87.9,90.0,88.5,88.1,78.0,88.6,88.9,88.6,87.8,87.1,86.6,86.7,86.2,85.4,85.3,86.3,84.4,85.1,85.4,83.5,83.6,84.4,84.2,83.9,83.2,83.2,83.9,82.6,82.9,,82.3,81.2,82.2,82.4,81.4,80.9,,,,,,,,,,,,,,,,,,,,,,,,,,,,,,,,80.9,-14.35,-15.07,39
5829c17a-4b19-4871-87cd-9bae00a18e88,2025-07-21 21:41:40.304,87.543256,87.543256,86.3639168,86.8175088,86.7,86.8,86.5,87.4,86.7,,87.8,,,,,,,,,,,,,,,,,,,,,,,,,,,,,,,,,,,,,,,,,,,,,,,,,,,,,,,,,,,,,,,,87.8,0.26,0.29,8
2321c1e1-0bde-4abe-b068-32e1164908af,2025-04-23 15:08:46.854,120.20188,120.20188,,,,,,,,121.6,,,119.8,121.1,,118.4,122.9,121.3,120.6,122.3,121.2,121.0,120.1,120.3,,120.3,121.0,121.7,,,,,,,,,,,,,,,,,,,,,,,,,,,,,,,,,,,,,,,,,,,,,,,121.7,1.5,1.25,15
7de92ab0-d0cb-43f8-b39e-a4274135477e,2025-05-15 00:14:40.168,,,,,97.52228,,,97.52228,,,,,,95.25432,52.2,30.6,53.4,93.9,94.4,93.6,93.5,93.9,93.6,94.9,,,,,,,,,,,,,,,,,,,,,,,,,,,,,,,,,,,,,,,,,,,,,,,,,,,94.9,,,13
12897b20-5a89-4844-a6f6-08a3b23b8bac,2025-04-01 01:58:40.078,104.779752,104.779752,,96.1,95.4,95.2,,96.2,,95.0,93.3,,93.2,,92.3,,91.6,90.4,89.6,89.6,88.9,87.9,87.2,86.9,85.8,86.0,85.7,,85.0,83.9,,,85.4,,,,,,,,,,,,,,,,,,,,,,,,,,,,,,,,,,,,,,,,,,85.4,-19.38,-18.5,22
9d16add4-342a-4b03-b2e3-77edf820bfc4,2025-05-07 15:25:54.330,129.727312,129.727312,,,131.9,128.0,128.0,65.5,124.9,126.3,125.3,124.5,124.6,124.4,124.3,123.0,123.8,122.1,122.3,122.4,121.4,,120.2,119.2,118.4,,,,,,,,,,,,,,,,,,,,,,,,,,,,,,,,,,,,,,,,,,,,,,,,,,118.4,-11.33,-8.73,20
9ec686e6-c238-4b71-b781-c83c9520ee8b,2025-03-06 00:48:09.668,104.32616,104.32616,107.047712,107.954896,106.0,105.2,105.0,104.7,105.2,107.0,106.7,107.4,106.1,105.8,106.9,105.2,104.8,105.9,,103.6,104.5,104.1,103.2,103.1,101.0,101.7,100.9,100.0,99.8,99.4,99.0,98.3,97.7,97.3,97.9,97.6,96.2,96.6,96.2,,,,,,,,,,,,,,,,,,,,,,,,,,,,,,,,,,,,96.2,-8.13,-7.79,36
ba3450f8-2118-4a7e-9261-4bc86d5c3f12,2025-01-17 16:54:51.278,172.36496,172.36496,,,,,,,171.1,,168.9,165.9,164.4,166.1,,164.8,,163.9,162.8,161.4,,161.7,161.0,159.0,158.7572,158.3,158.2,,157.6,157.0,157.396424,156.6,155.7,155.7,155.6,154.9,153.6,153.4,,153.0,151.3,150.4,150.2,149.3,149.6,149.5,148.324584,147.4,,,,,,,,,,,,,,,,,,,,,,,,,,,147.4,-24.96,-14.48,34
51f3cbc7-8c00-4b6d-81de-f59d8def7f70,2025-03-12 17:20:36.392,163.29312,163.29312,,,161.1,158.2,157.6,155.6,155.5,158.0,156.3,154.9,154.9,155.1,154.9,152.9,152.2,155.1,155.0,153.6,152.1,151.2,148.2,152.4,150.5,150.7,154.4,152.7,150.1,151.499728,149.3,147.1,146.5,148.7,146.1,148.3,147.7,,,,,,,,,,,,,,,,,,,,,,,,,,,,,,,,,,,,,,147.7,-15.59,-9.55,33
be0fe681-7071-4e07-a380-e254494f70a5,2025-05-21 15:16:31.015,99.79024,99.79024,,,,,,,,,,,,98.6,98.0,96.9,94.3,93.4,92.6,92.8,92.1,91.4,91.5,,,,,,,,,,,,,,,,,,,,,,,,,,,,,,,,,,,,,,,,,,,,,,,,,,,,91.5,-8.29,-8.31,10
a284ce30-1501-437b-8f9a-726ad418c1bc,2025-01-30 03:50:13.378,129.727312,129.727312,,,126.5,127.5,125.3,,125.2,124.5,123.9,123.6,,,,122.46984,122.6,,,,122.016248,,121.1,,121.109064,,,,,120.7,,,121.4,,117.480328,,,,,118.4,,,,,72.57472,,,,,,,,,,,,,,,,,,,,,,,,,,,,,,72.57472,-57.15,-44.06,17
d8407b45-1868-4d53-b352-3ffca679ec43,2025-02-20 19:14:06.791,151.95332,151.95332,,,,,,,,155.1,,149.3,148.3,149.2,150.2,147.6,148.0,,148.5,,145.6,147.7,146.9,144.2,144.5,143.3,140.2,138.4,,136.6,,138.6,135.0,138.7,,136.5,135.4,134.8,,134.2,137.1,,,,,,,,,,,,,,,,,,,,,,,,,,,,,,,,,,137.1,-14.85,-9.77,25
720ee323-75ae-401d-b209-67cbf6f047f3,2025-02-17 15:31:31.063,,,,,,,,,,,,,,,90.9,90.2,89.6,88.8,89.1,89.1,88.5,89.3,88.2,88.0,,72.6,87.1,,70.8,86.1,85.8,85.8,84.5,83.9,,85.0,,,84.4,83.9,,,,,,,,,,,,,,,,,,,,,,,,,,,,,,,,,,,83.9,,,21
de451db2-ebeb-490c-aa6c-8612372db1c7,2025-03-03 18:45:47.982,87.089664,87.089664,,,86.1,83.0,82.8,,,,,83.9,85.7,84.5,82.5,83.4,84.3,82.9,,81.8,,82.1,81.1,80.5,80.1,79.5,80.6,78.8,78.7,,77.5,78.6,,76.3,86.4,77.1,,75.7,,,,,,,,,,,,,,,,,,,,,,,,,,,,,,,,,,,,,75.7,-11.39,-13.08,25
ea171348-5f18-4bad-8210-a95d18a94be0,2025-03-19 14:32:19.202,111.13004,111.13004,,,,,,,,114.9,,,108.9,114.9,110.3,108.7,109.6,110.0,,108.5,,107.7,106.5,107.4,106.9,,106.1,106.5,105.2,106.6,105.8,107.2,107.1,106.2,,103.8,,,,,,,,,,,,,,,,,,,,,,,,,,,,,,,,,,,,,,,103.8,-7.33,-6.6,21
f6e8ba28-5d0c-4020-a59a-a3b2ff5a9bd6,2025-05-13 17:54:24.218,121.562656,121.562656,,,,,,121.7,122.1,121.5,69.5,69.3,70.0,68.9,69.6,69.2,121.4,71.4,69.7,69.7,69.8,70.3,71.9,70.4,70.0,,,,,,,,,,,,,,,,,,,,,,,,,,,,,,,,,,,,,,,,,,,,,,,,,,70.0,-51.56,-42.42,18
4f769e6a-5876-418d-8556-6d56fe528274,2025-01-01 21:50:48.571,108.86208,108.86208,,106.140528,108.3,,107.1,106.3,105.7,104.4,105.1,104.9,103.5,103.9,102.9,101.6,101.4,99.9,98.7,99.2,101.0,,,99.7,98.4,,97.4,96.2,,94.0,,,,,93.3,,92.6,92.6,93.1,,93.2,91.9,90.4,,91.7,92.1,,,91.0,,,,,,,,,,,,,,,,,,,,,,,,,,91.0,-17.86,-16.41,32
2788c209-3c73-445f-a602-69d46b539f4c,2025-03-05 01:38:54.925,127.00576,127.00576,,,,,119.9,117.9,116.6,115.7,115.1,114.4,114.4,113.6,111.4,109.9,109.9,110.6,109.3,108.7,106.5,109.4,109.3,107.3,105.5,106.5,106.5,105.1,105.1,105.6,104.3,104.3,105.0,103.8,103.2,102.1,102.8,101.6,101.4,,,,,,,,,,,,,,,,,,,,,,,,,,,,,,,,,,,,101.4,-25.61,-20.16,33
995d6093-7cfd-4719-a197-919024343f51,2025-02-05 17:55:14.732,127.00576,127.00576,,,,,126.6,124.3,123.2,122.2,122.8,120.8,120.2,118.9,118.3,118.2,116.5,115.6,116.5,115.6,114.7,114.3,113.1,113.0,115.8,115.1,112.9,111.8,112.4,112.4,111.6,111.6,109.7,109.9,110.1,109.4,108.8,106.9,107.8,107.8,108.1,105.9,105.6,,,,,,,,,,,,,,,,,,,,,,,,,,,,,,,,105.6,-21.41,-16.85,37
d4ad1192-cf92-4bdb-9280-4a7c1cd564b4,2025-02-11 19:31:43.006,139.706336,139.706336,,,138.5,137.7,138.5,138.7,139.2,138.5,137.8,139.1,137.1,138.0,138.6,138.4,136.9,135.6,136.4,136.3,136.6,136.5,136.6,136.4,136.4,136.1,135.1,135.1,135.1,135.4,134.1,135.1,135.4,134.0,133.8,134.0,134.5,134.3,136.0,135.8,136.1,,,,,,,,,,,,,,,,,,,,,,,,,,,,,,,,,,136.1,-3.61,-2.58,37
8434dcd7-8cd9-487c-af93-56b522ed8afe,2025-07-11 14:59:06.565,107.954896,107.954896,,,,106.8,107.5,107.0,107.9,106.8,106.2,106.5,106.5,,,,,,,,,,,,,,,,,,,,,,,,,,,,,,,,,,,,,,,,,,,,,,,,,,,,,,,,,,,,,,106.5,-1.45,-1.35,8
15da0f13-98ec-437f-8564-3b4687674abb,2025-01-03 01:12:01.419,156.48924,156.48924,,155.128464,158.1,157.0,157.4,157.6,,154.5,,155.0,,153.9,156.0,,154.7,,154.3,156.5,153.0,151.3,152.4,150.5,150.2,148.6,150.6,146.6,146.4,147.7,148.5,145.9,,145.2,146.056624,144.6,144.1,143.1,141.8,141.3,142.5,139.8,139.1,141.4,,,139.5,139.4,138.6,137.3,137.1,,,,,,,,,,,,,,,,,,,,,,,,137.1,-19.39,-12.39,40
ccac143c-fe31-4519-b09e-517897cbdedc,2025-04-30 02:04:48.737,124.7378,124.7378,122.696636,123.4,123.0,124.5,125.1,122.3,122.5,121.0,,120.0,116.6,114.758776,115.5,112.8,111.9,113.0,112.7,112.8,113.9,113.3,113.7,115.5,113.4,115.0,,,,,,,,,,,,,,,,,,,,,,,,,,,,,,,,,,,,,,,,,,,,,,,,,115.0,-9.74,-7.81,23
e518e220-e49a-4eff-ab36-990174ec9f8c,2025-04-02 23:14:30.620,,,,,,145.5,141.8,140.7,140.2,138.7,138.4,139.0,139.5,138.2,137.4,135.8,136.5,136.0,135.7,135.1,134.8,134.1,132.5,132.9,130.9,131.2,129.9,129.1,128.1,128.6,128.3,127.9,126.5,,,,,,,,,,,,,,,,,,,,,,,,,,,,,,,,,,,,,,,,,,126.5,,,28
3dde9f9d-6d80-47d3-bd7c-bf43a670fca8,2025-02-12 15:48:32.270,93.893544,93.893544,,,91.8,,,,90.8,,,,,,,,88.9,,,88.4,,86.8,85.3,85.5,86.4,85.5,83.8,,82.9,83.9,83.8,,83.3,83.9,83.7,82.7,82.7,82.8,,83.6,82.5,81.7,82.1,,,,,,,,,,,,,,,,,,,,,,,,,,,,,,,,82.1,-11.79,-12.56,23
6c280104-7e77-4cba-9ca3-474d64448954,2025-02-01 01:18:55.807,125.644984,125.644984,,,125.191392,125.5,,,,123.6,122.4,120.7,119.3,118.6,,,117.1,117.0,116.4,,117.9,47.0,116.3,116.3,115.1,,,,116.0,116.3,,,113.7,114.9,,115.1,,,,,,,,,,,,,,,,,,,,,,,,,,,,,,,,,,,,,,,115.1,-10.54,-8.39,20
e1900b35-0723-4920-aec9-91caf939bfa8,2025-02-06 21:22:38.621,88.45044,88.45044,,,,,,91.5,91.6,92.6,,,91.8,90.5,,91.1,,,,,,91.0,90.7,,91.6,90.6,,,,,91.3,,90.4,,,,91.0,,,,,,,,,,,,,,,,,,,,,,,,,,,,,,,,,,,,,,91.0,2.55,2.88,13
8e35c183-bf40-4120-9b9c-cd09a3d551e5,2025-03-20 14:14:52.162,112.490816,112.490816,,,,111.13004,114.3,112.9,109.6,108.5,110.5,109.7,110.2,,111.0,109.3,110.6,111.4,,110.2,111.0,110.8,113.7,112.3,111.4,111.7,112.1,112.5,114.4,113.0,111.7,,112.6,112.5,,,,,,,,,,,,,,,,,,,,,,,,,,,,,,,,,,,,,,,,,112.5,0.01,0.01,26
f18ea6e9-a46d-46c3-ad81-ae299b3d4b34,2025-02-26 13:39:32.314,111.13004,111.13004,,109.315672,,108.1,104.3,103.418976,102.0,101.3,99.6,98.8,99.8,97.4,97.5,96.8,,,,99.4,99.4,99.5,97.6,98.4,99.6,,,101.5,101.3,100.8,101.2,100.2,99.1,98.9,99.0,97.6,98.0,97.0,94.9,95.7,,,,,,,,,,,,,,,,,,,,,,,,,,,,,,,,,,,95.7,-15.43,-13.88,31
4c7a67af-2901-4170-a90c-1320bc8226cc,2025-01-24 17:02:48.895,95.25432,95.25432,,93.5,,94.2,94.0,93.7,,94.0,,,92.7,91.8,,92.3,71.9,91.7,91.4,90.9,92.0,,,90.1,90.264808,,,,89.4,89.811216,,,,,88.8,89.2,87.3,,,,,88.6,87.8,,,,,,,,,,,,,,,,,,,,,,,,,,,,,,,,87.8,-7.45,-7.83,22
ee3e508d-58bc-407c-a93d-03d6045e06fb,2025-03-21 16:04:53.489,136.0776,136.0776,,,,105.9,102.9,103.1,101.6,102.4,99.8,101.4,100.2,98.1,98.6,96.1,96.4,95.0,93.5,92.8,92.8,90.7,90.6,,89.357624,87.4,87.0,88.1,86.0,84.7,83.2,83.8,82.4,81.6,80.7,,,,,,,,,,,,,,,,,,,,,,,,,,,,,,,,,,,,,,,,80.7,-55.38,-40.7,29
e3246814-a339-43a6-a20a-9a59c41bd470,2025-03-04 13:43:39.341,132.902456,132.902456,,,,,138.7,141.1,82.6,137.2,136.5,134.9,137.4,135.0,133.6,132.3,132.6,132.2,131.9,131.9,,131.0,132.0,130.3,129.8,130.2,129.6,128.9,128.0,129.8,129.2,128.4,127.7,127.0,128.1,127.3,,127.0,,,,,,,,,,,,,,,,,,,,,,,,,,,,,,,,,,,,,127.0,-5.9,-4.44,30
1638c8b2-e602-44a9-a890-0c3b9449520a,2025-05-22 18:55:43.852,,,,,,,,,,,,,105.0,106.3,104.9,105.6,105.4,105.9,105.3,106.2,,106.7,105.9,,,,,,,,,,,,,,,,,,,,,,,,,,,,,,,,,,,,,,,,,,,,,,,,,,,,105.9,,,10
37ae0faf-1247-4e16-967c-005167f9b21e,2025-03-20 23:51:06.702,113.398,113.398,,,,,,,,,,,,,,117.026736,,117.4,,,,117.2,,115.7,,116.6,114.2,,113.7,113.8,,114.6,111.3,111.0,110.1,,,,,,,,,,,,,,,,,,,,,,,,,,,,,,,,,,,,,,,,110.1,-3.3,-2.91,12
1dcfa130-3bd3-4843-a04d-6ce2065763c6,2025-01-02 04:14:39.456,89.811216,89.811216,,,,,89.357624,89.357624,89.9,90.2,88.9,91.9,91.9,91.2,91.8,92.4,91.6,92.3,92.3,92.2,91.7,,,,,95.3,94.7,93.2,90.4,89.9,89.9,89.9,88.8,89.3,88.4,87.9,88.0,87.0,86.9,86.2,86.1,84.8,85.2,85.2,85.0,83.91452,84.3,83.7,84.1,83.1,82.1,,,,,,,,,,,,,,,,,,,,,,,,82.1,-7.71,-8.59,41
2c30feb4-48f2-4db6-8831-bbcf579d958a,2025-03-25 17:50:18.581,143.788664,143.788664,,,141.5,141.7,140.7,,141.0,139.0,,139.8,139.5,,139.5,,,138.9,140.5,139.1,,,,140.2,140.9,139.6,138.7,137.5,135.1,134.3,135.1,,132.6,132.6,131.7,,,,,,,,,,,,,,,,,,,,,,,,,,,,,,,,,,,,,,,,131.7,-12.09,-8.41,22
d909af66-763f-416c-b7c5-e14abec6a629,2025-03-04 18:35:03.468,153.314096,153.314096,150.592544,,,150.5,149.3,148.6,144.3,146.2,145.8,144.8,144.6,142.9,,141.9,141.5,,140.3,138.6,137.2,138.1,137.0,136.0,136.3,,134.0,133.5,133.2,133.0,132.6,,130.9,129.4,128.9,128.3,127.8,128.0,126.2,,,,,,,,,,,,,,,,,,,,,,,,,,,,,,,,,,,,126.2,-27.11,-17.69,31
102e8b99-b819-4774-9b83-68a2b6b3044c,2025-06-09 17:30:41.471,127.00576,127.00576,125.191392,,124.0,123.6,122.6,,123.5,121.5,121.1,119.3,122.3,121.9,122.3,121.7,119.9,119.0,,,,,,,,,,,,,,,,,,,,,,,,,,,,,,,,,,,,,,,,,,,,,,,,,,,,,,,,,119.0,-8.01,-6.3,14
9ea7779f-da43-49c8-87b8-9e05d7146755,2025-01-10 14:01:13.509,117.480328,117.480328,,,113.4,111.9,111.4,111.0,110.6,109.6,108.9,108.9,107.8,106.1,105.5,105.1,104.8,105.1,104.3,105.2,103.7,102.3,102.1,101.2,100.3,101.0,100.2,99.9,98.6,98.0,97.3,96.8,96.1,94.3,94.7,93.6,92.1,,93.8,92.3,91.5,92.8,91.7,91.3,90.3,89.8,88.4,88.0,87.6,,,,,,,,,,,,,,,,,,,,,,,,,,87.6,-29.88,-25.43,44
f28db207-0a88-4714-ac98-d13ebda7645c,2025-01-13 22:45:24.070,,,,,,,,96.5,97.0,95.2,95.6,95.8,,95.7,,95.5,,93.6,,94.5,,,95.0,94.2,,,,,95.2,95.0,,93.9,93.1,,92.5,91.2,91.6,90.7,88.8,90.0,,89.3,90.2,89.9,88.8,88.1,88.2,87.0,85.3660144,,,,,,,,,,,,,,,,,,,,,,,,,,85.3660144,,,29
b3b172bc-7c3c-4226-b715-85d1d31916aa,2025-01-12 17:24:28.235,149.68536,149.68536,,,154.22128,151.8,150.9,150.6,148.6,147.5,150.6,147.7,147.6,148.2,149.3,146.6,146.7,145.9,,145.6,144.9,145.8,144.8,142.3,144.9,144.6,142.2,143.3,143.4,140.1,139.1,142.2,143.2,139.4,140.8,140.0,136.4,138.1,139.6,137.4,134.5,136.7,136.2,136.7,136.5,136.3,136.9,135.2,137.6,,,,,,,,,,,,,,,,,,,,,,,,,,137.6,-12.09,-8.07,44
fe46c2f3-93c8-4bda-a99a-28c7a3459ae6,2025-01-02 18:32:35.168,120.655472,120.655472,,,,,,,120.655472,,120.3,117.3,117.2,117.5,117.7,117.1,117.7,115.5,115.2,115.4,115.1,114.7,114.2,115.6,114.4,113.9,112.1,110.8,108.9,108.1,,107.9,,107.7,107.9,108.3,107.2,107.8,65.7,107.047712,107.3,107.4,107.2,107.0,106.4,104.9,102.7,103.1,127.2,102.3,102.8,,,,,,,,,,,,,,,,,,,,,,,,102.8,-17.86,-14.8,40
806480cb-adb0-4124-bae5-f3215b07e75c,2025-03-18 14:42:48.225,94.347136,94.347136,94.347136,94.800728,91.171992,93.8,95.9,94.0,93.9,95.8,96.0,94.5,94.1,96.7,,95.0,98.0,96.8,96.8,96.2,94.7,94.3,94.9,95.1,96.5,93.9,93.4,93.6,93.1,92.4,93.4,94.2,94.0,91.8,93.2,95.4,,,,,,,,,,,,,,,,,,,,,,,,,,,,,,,,,,,,,,,95.4,1.05,1.12,33
49c63b72-815d-436c-819e-1af552ee6d15,2025-03-12 20:03:49.491,92.98636,92.98636,90.7184,92.079176,91.7,90.5,90.5,90.1,90.7,91.8,91.5,92.4,92.0,91.4,90.4,90.2,90.9,90.4,91.0,,92.7,91.8,91.6,92.8,91.8,,,,,93.6,92.8,89.6,91.2,,89.4,89.0,,,,,,,,,,,,,,,,,,,,,,,,,,,,,,,,,,,,,,,89.0,-3.99,-4.29,28
a2b777d1-3017-4deb-97dd-d3bb4e99130b,2025-03-21 06:43:54.528,102.0582,102.0582,,103.418976,,104.1,104.5,106.2,107.7,106.6,105.8,105.8,108.8,,107.0,106.9,,,107.5,,,104.2,,,106.4,,108.4,105.7,106.9,106.4,106.6,105.4,107.7,,105.4,,,,,,,,,,,,,,,,,,,,,,,,,,,,,,,,,,,,,,,,105.4,3.34,3.27,22
45d0d7cc-df4b-4b2d-9942-6b0fcf460c4a,2025-01-29 20:48:55.278,107.954896,107.954896,,,,,109.3,107.6,107.2,,,107.7,107.4,107.6,106.3,,107.2,106.2,105.0,105.6,105.1,104.0,103.2,102.1,102.1,102.4,102.5,103.5,101.3,,,99.79024,99.5,98.7,99.1,,99.8,,98.9,98.8,99.4,,97.8,99.1,98.8,,,,,,,,,,,,,,,,,,,,,,,,,,,,,,98.8,-9.15,-8.48,31
382a7ed4-325b-40aa-bb76-9cd2d60846bc,2025-08-04 12:45:17.547,163.29312,163.29312,,,,160.5,160.8,157.9,,,,,,,,,,,,,,,,,,,,,,,,,,,,,,,,,,,,,,,,,,,,,,,,,,,,,,,,,,,,,,,,,,,157.9,-5.39,-3.3,3
bcfa8e9f-d7a8-47a8-92c6-71156237998c,2025-05-14 20:18:56.244,131.54168,131.54168,,,133.0,131.1,129.6,,131.1,,,131.9,129.8,,128.4,128.3,127.5,,,127.2,,,127.3,126.9,,,,,,,,,,,,,,,,,,,,,,,,,,,,,,,,,,,,,,,,,,,,,,,,,,,126.9,-4.64,-3.53,12
5ca37494-24e9-4aae-be95-80b42dd31cfd,2025-05-19 13:43:25.866,102.965384,102.965384,,100.243832,100.697424,121.3,100.6,99.7,99.3,99.2,99.7,99.3,100.4,,102.0,100.4,100.7,100.3,100.9,101.4,100.3,100.4,100.8,100.0,,,,,,,,,,,,,,,,,,,,,,,,,,,,,,,,,,,,,,,,,,,,,,,,,,,100.0,-2.97,-2.88,20
0dde4ddb-ef4b-4d78-8ab9-99b2b1900185,2025-05-13 18:57:33.228,165.56108,165.56108,,164.0,164.7,162.8,162.6,161.6,161.8,160.7,161.2,160.1,160.8,158.4,158.4,156.6,,157.1,,153.8,,,152.4,150.4,,,,,,,,,,,,,,,,,,,,,,,,,,,,,,,,,,,,,,,,,,,,,,,,,,,150.4,-15.16,-9.16,17
84e74220-9edc-405b-b740-012decdaf6da,2025-04-24 19:14:01.463,92.532768,92.532768,,,,,,89.0,88.8,88.7,88.6,87.7,87.9,86.9,87.1,87.6,86.5,85.6,85.6,84.2,82.8,83.2,83.0,81.6,81.1,81.3,78.9,78.8,78.8,,,,,,,,,,,,,,,,,,,,,,,,,,,,,,,,,,,,,,,,,,,,,,78.8,-13.73,-14.84,22
d5d9317e-1063-42ad-82e3-923e3db1a8d9,2025-01-26 00:29:37.323,,,,,,,,,,,,113.398,112.2,111.8,111.1,109.6,109.4,108.3,107.8,108.3,107.3,107.5,107.3,106.9,106.7,106.6,105.2,,105.5,104.6,104.2,104.5,104.3,103.5,103.4,103.0,102.9,103.1,102.4,100.6,102.1,100.8,101.0,100.3,100.5,100.4,,,,,,,,,,,,,,,,,,,,,,,,,,,,,100.4,,,34
2268f0da-ee07-4798-a7d8-7aa2389702ca,2025-06-09 15:32:10.527,122.016248,122.016248,,122.3,,,,126.2,125.2,40.5,126.7,,,,128.0,,,,130.6,,,,,,,,,,,,,,,,,,,,,,,,,,,,,,,,,,,,,,,,,,,,,,,,,,,,,,,,130.6,8.58,7.03,7
2e38f661-2407-4f81-8149-b6290a5043bd,2025-07-02 16:20:55.449,100.243832,100.243832,,,99.0,97.7,97.5,96.8,95.8,92.9,91.3,91.0,90.1,89.0,89.2,,,,,,,,,,,,,,,,,,,,,,,,,,,,,,,,,,,,,,,,,,,,,,,,,,,,,,,,,,,,89.2,-11.04,-11.02,11
49c027a0-bda5-41f7-be3d-18d32212dcef,2025-04-14 12:54:08.144,117.93392,117.93392,,,,,,,,,,,,,,,,,,,,120.7,121.5,119.1,118.9,120.2,,119.7,118.6,119.5,118.4,,,,,,,,,,,,,,,,,,,,,,,,,,,,,,,,,,,,,,,,,,,,118.4,0.47,0.4,9
69fa5c46-9366-4793-b802-b18783fcee27,2025-05-13 18:30:31.509,99.79024,99.79024,,97.8,96.8,97.3,96.1,94.5,94.0,94.8,93.3,92.5,92.8,92.1,92.4,91.6,90.9,89.9,,90.4,91.0,91.6,,91.5,,,,,,,,,,,,,,,,,,,,,,,,,,,,,,,,,,,,,,,,,,,,,,,,,,,91.5,-8.29,-8.31,19
23f6dc3f-fbb9-474f-a363-3b4617f66bc9,2025-06-02 03:03:18.845,129.27372,129.27372,,,,,,,,129.3,130.8,127.4,125.8,124.6,124.9,124.4,123.9,123.5,124.3,123.2,122.5,,,,,,,,,,,,,,,,,,,,,,,,,,,,,,,,,,,,,,,,,,,,,,,,,,,,,,122.5,-6.77,-5.24,12
96efb868-da85-41f7-889c-36526b14516b,2025-02-24 23:45:56.352,108.86208,108.86208,,,,,104.9,103.3,102.5,104.5,104.0,,104.0,101.8,102.1,102.0,100.3,99.2,,99.7,98.6,97.3,97.2,95.5,96.3,96.1,95.7,95.3,95.4,95.0,92.9,93.6,93.6,92.9,92.5,94.5,94.2,91.5,91.8,91.9,,,,,,,,,,,,,,,,,,,,,,,,,,,,,,,,,,,91.9,-16.96,-15.58,32
e5b9b292-4695-45a9-9582-98ef5cb8c983,2025-05-12 00:45:30.500,92.98636,92.98636,,,,,,,,90.6,89.9,90.3,90.2,89.6,89.4,89.2,88.4,88.6,88.7,88.0,87.6,86.8,86.4,86.1,86.3,,,,,,,,,,,,,,,,,,,,,,,,,,,,,,,,,,,,,,,,,,,,,,,,,,86.3,-6.69,-7.19,16
550596c3-6c4e-4f31-a0cb-782ea62402ed,2025-04-15 00:46:04.099,115.66596,115.66596,,,,112.9,,114.5,110.7,,110.9,110.9,110.0,107.9,107.6,106.6,105.5,104.8,108.2,103.7,102.8,,,104.3,104.5,100.8,,99.1,,,,,,,,,,,,,,,,,,,,,,,,,,,,,,,,,,,,,,,,,,,,,,,99.1,-16.57,-14.32,18
57ebdc69-4b6d-4a08-ae04-f341f292d627,2025-01-13 15:16:13.894,108.86208,108.86208,,,,,,,,105.2,104.3,103.8,103.7,103.5,103.8,104.1,104.3,101.8,102.2,101.0,100.5,,99.8,,,100.2,98.7,99.2,,97.1,96.9,96.1,,97.0,95.6,95.3,,94.6,96.2,,94.9,,94.9,93.4,92.8,92.6,92.0,,,,,,,,,,,,,,,,,,,,,,,,,,,,92.0,-16.86,-15.49,30
8de3c68a-c8c0-4933-b5fe-2314d91b9f34,2025-04-17 23:35:43.063,108.86208,108.86208,,112.9,112.8,113.0,114.7,112.8,113.8,113.5,113.2,113.3,113.5,114.3,114.3,113.8,114.0,115.2,114.6,116.2,115.9,113.7,112.3,111.8,110.9,111.2,109.1,109.7,109.0,108.5,,,,,,,,,,,,,,,,,,,,,,,,,,,,,,,,,,,,,,,,,,,,,108.5,-0.36,-0.33,27
d07a3b36-3ecc-40cb-8300-d5e3b8b525b4,2025-04-04 20:54:25.753,109.769264,109.769264,,,,,,109.6,110.2,109.3,109.1,108.2,107.2,,109.0,,109.5,108.3,108.0,107.8,107.5,108.6,107.4,,107.1,104.9,106.1,105.2,,106.8,105.6,104.3,,,,,,,,,,,,,,,,,,,,,,,,,,,,,,,,,,,,,,,,,,,104.3,-5.47,-4.98,21
e012355f-6d66-4ac7-806b-eb74c4b7b4bd,2025-05-14 02:51:03.197,165.56108,165.56108,,,,,,,,43.4,83.5,94.3,83.8,91.8,84.1,83.9,84.0,84.2,84.7,84.0,83.0,90.3,84.3,85.1,,,,,,,,,,,,,,,,,,,,,,,,,,,,,,,,,,,,,,,,,,,,,,,,,,,85.1,-80.46,-48.6,15
6f7f48c6-8d7d-49d2-8889-2e27d69f0124,2025-02-17 15:48:20.676,103.418976,103.418976,,,100.9,100.7,101.6,,103.6,,103.5,,104.3,,,,,,,103.5,,103.5,,103.7,104.2,101.8,100.8,100.4,99.4,99.3,99.2,97.8,97.6,,96.4,92.1,,93.7,92.4,92.5,90.7,,,,,,,,,,,,,,,,,,,,,,,,,,,,,,,,,,90.7,-12.72,-12.3,24
a583bb70-8763-4186-9e83-3b8528bffd7e,2025-02-06 23:38:12.374,176.90088,176.90088,,,,,189.5,185.8,180.3,176.3,177.2,174.9,174.8,174.3,174.9,175.6,177.0,175.7,174.0,174.9,173.7,174.2,175.2,173.0,171.6,170.7,170.5,168.6,168.8,167.7,178.1,175.3,172.5,170.9,171.5,173.9,176.9,178.5,186.4,186.8,188.6,189.7,178.8,178.7,,,,,,,,,,,,,,,,,,,,,,,,,,,,,,,178.7,1.8,1.02,38
365fe217-cbb3-43ae-bf5b-992cd5ff9773,2025-05-24 22:14:14.630,109.769264,109.769264,,,,,,,81.4,79.0,79.3,79.6,80.4,78.9,79.6,77.6,77.7,76.0,75.2,76.3,76.0,76.4,74.8,,,,,,,,,,,,,,,,,,,,,,,,,,,,,,,,,,,,,,,,,,,,,,,,,,,,74.8,-34.97,-31.86,15
34d8e695-438c-4a05-ac36-378e1a3864dd,2025-01-24 14:23:41.701,119.748288,119.748288,,,118.6,117.4,116.5,115.0,115.2,114.8,116.1,114.7,114.7,117.0,56.5,111.6,112.9,112.4,113.3,112.5,112.1,112.1,108.9,110.0,110.5,109.9,109.7,109.3,111.1,111.0,110.1,111.7,111.5,110.9,31.6,110.8,111.0,110.8,111.7,112.0,110.7,110.7,111.2,109.5,109.9,109.5,108.3,,,,,,,,,,,,,,,,,,,,,,,,,,,,108.3,-11.45,-9.56,43
e9d4993c-4d9b-4370-a5e2-e6bf3dacb393,2025-07-17 18:40:58.775,158.7572,158.7572,,158.7572,160.9,157.4,157.1,157.0,156.7,155.3,154.1,155.4,,,,,,,,,,,,,,,,,,,,,,,,,,,,,,,,,,,,,,,,,,,,,,,,,,,,,,,,,,,,,,,155.4,-3.36,-2.11,9
0040872d-333a-4ace-8c5a-b2fcd056e65a,2025-03-03 16:44:16.394,91.171992,91.171992,,98.0,91.3,91.2,,77.0,,53.3,52.4,,77.2,,81.6,,76.5,78.1,77.1,76.3,74.9,88.4,79.5,73.8,38.4,65.3,58.9,88.1,77.8,75.7,90.5,65.2,76.6,60.2,73.8,74.0,76.4,81.1,77.1,,,,,,,,,,,,,,,,,,,,,,,,,,,,,,,,,,,,77.1,-14.07,-15.43,31
45cac416-2304-4d66-8caa-c22761e480a5,2025-06-20 19:04:29.244,92.98636,92.98636,,92.98636,,,,,,96.2,96.2,95.7,96.5,97.8,99.1,98.1,98.8,,,,,,,,,,,,,,,,,,,,,,,,,,,,,,,,,,,,,,,,,,,,,,,,,,,,,,,,,,98.8,5.81,6.25,9
cca27640-031b-4a11-badf-3d870590b0c8,2025-02-24 19:02:01.147,145.14944,145.14944,,,145.2,144.5,,143.3,141.9,141.4,140.159928,139.2,139.1,140.8,140.9,140.4,140.10549696,,136.0,138.2,138.3,137.0,135.6,135.2,133.0,133.1,133.3,,130.2,130.2,129.7,128.4,128.4,129.3,128.7,127.1,128.3,126.6,124.3,123.9,,,,,,,,,,,,,,,,,,,,,,,,,,,,,,,,,,,123.9,-21.25,-14.64,33
fad9bc11-01c7-4d0e-b9ac-99da40f8df94,2025-03-22 18:33:26.818,102.0582,102.0582,,,,,,,102.6,101.2,,101.3,,102.1,101.2,99.7,99.3,98.7,96.9,97.4,96.2,96.1,95.6,95.5,94.9,93.7,93.1,91.9,91.5,90.4,,89.2,89.0,88.8,89.3,,,,,,,,,,,,,,,,,,,,,,,,,,,,,,,,,,,,,,,,89.3,-12.76,-12.5,24
43dfbb8d-6359-44d6-81f0-5257c45fec88,2025-01-04 21:06:00.102,90.264808,90.264808,,89.811216,,,,92.3,,,,115.7,,,91.7,,,,,89.8,,,,,,,,,,,,89.2,,89.5,,,,,89.8,113.6,87.0,87.8,,44.8,,,,85.6,115.0,84.3,,,,,,,,,,,,,,,,,,,,,,,,,84.3,-5.96,-6.61,15
f67ed70d-4061-4638-83ca-e2b64604a6bf,2025-01-29 01:28:26.353,176.90088,176.90088,,,,,,,,,,,,181.4368,,,,,,,,,,180.4,179.7,179.1,178.5,,180.3,176.4,174.4,171.5,174.8,173.7,172.1,172.1,169.7,171.0,173.0,170.1,169.6,169.5,167.6,168.3,166.9,,,,,,,,,,,,,,,,,,,,,,,,,,,,,,166.9,-10.0,-5.65,22
1e31f6ad-693b-4273-83bb-b895253baa59,2025-01-18 12:52:47.201,131.54168,131.54168,,,128.5,115.2,115.4,129.7,115.9,,148.4,145.2,,,,,,,,,,,,,,,,,,,,,,,,,,,,,,,,,,,,,,,,,,,,,,,,,,,,,,,,,,,,,,,145.2,13.66,10.38,7
7f1cc86c-29de-4ee5-8246-981e2c880381,2025-05-22 18:40:31.255,142.88148,142.88148,140.159928,138.34556,136.984784,136.8,137.0,135.1,135.6,133.8,133.5,133.7,131.5,132.0,131.2,129.0,128.3,128.5,126.6,125.1,125.3,124.2,124.1,,,,,,,,,,,,,,,,,,,,,,,,,,,,,,,,,,,,,,,,,,,,,,,,,,,,124.1,-18.78,-13.14,21
ff243133-94bd-46ff-a743-05915b54278e,2025-04-25 21:46:38.932,,,,,,,130.3,,127.6,,131.3,,,130.7,131.1,,131.4,128.4,127.9,,129.1,,129.8,127.8,126.7,127.3,38.2,,,,,,,,,,,,,,,,,,,,,,,,,,,,,,,,,,,,,,,,,,,,,,,,38.2,,,14
314598c9-140c-4c96-9e29-ea95123149a4,2025-01-01 06:45:48.301,111.13004,111.13004,,,,,108.86208,110.0,106.4,107.1,104.7,104.3,100.0,101.0,101.1,,101.5,103.9,104.8,104.3,105.4,104.8,103.8,102.2,,,99.79024,104.0,,108.4,105.9,,103.872568,,,,103.6,100.0,99.336648,,,95.0,,95.25432,100.5,,99.2,,99.7,98.5,,,,,,,,,,,,,,,,,,,,,,,,,98.5,-12.63,-11.37,31
2a334cb8-2c58-4762-b094-2aba366b5c8f,2025-02-18 22:15:15.174,195.04456,195.04456,,,,,,,,,,,,,,,,,,,,200.487664,,201.9,201.7,,201.84844,,,200.3,200.4,198.0,198.8,198.6,200.5,197.1,196.2,195.5,194.1,193.3,190.7,192.8,,,,,,,,,,,,,,,,,,,,,,,,,,,,,,,,,192.8,-2.24,-1.15,17
1a215541-93a4-4708-abc4-25b9db66b9fb,2025-01-06 16:23:52.619,81.64656,81.64656,,,,81.55584160000001,,,82.4,82.9,82.7,82.1908704,82.3,82.0,67.9,,82.1,81.7,80.0,79.6,,,80.8,,79.9,,,,80.7,80.7,78.925008,,82.3,,78.1,78.5,78.1,78.5,,,,78.471416,,78.4,78.4,,,76.5,,,,,,,,,,,,,,,,,,,,,,,,,,,76.5,-5.15,-6.3,26
56642ab2-8ea3-496b-9793-a161256a760c,2025-03-25 04:24:28.548,83.007336,83.007336,,,,,,80.6,81.0,80.8,80.1,79.7,79.9,79.7,79.3,79.4,78.5,78.9,78.4,77.9,77.7,78.4,78.2,78.4,77.6,78.1,76.5,76.1,76.1,75.2,74.6,74.1,73.8,73.4,73.7,,,,,,,,,,,,,,,,,,,,,,,,,,,,,,,,,,,,,,,,73.7,-9.31,-11.21,28
f3a84a83-e3b8-4afc-9861-7eebbdd3efee,2025-01-09 17:26:39.503,159.66438399999998,159.66438399999998,,161.1,157.9,158.1,159.9,160.5,,,159.9,159.3,157.9,162.2,,159.7,158.2,161.0,,163.7,163.2,162.0,161.8,,163.3,,,162.6,,,,162.7,160.6,,,165.6,,,,,,166.0,166.9,,,,,,166.6,166.5,,,,,,,,,,,,,,,,,,,,,,,,,166.5,6.84,4.28,25
08ef45ec-bf37-4a38-afdc-6941f499c745,2025-02-15 04:01:38.158,95.707912,95.707912,,,95.7,95.0,96.0,93.7,,,,,,93.8,,,,,94.7,,,95.5,,,97.6,94.1,,97.5,,,,,95.8,,,,93.9,,94.8,92.4,91.3,,,,,,,,,,,,,,,,,,,,,,,,,,,,,,,,,,91.3,-4.41,-4.61,15
ec0e3d20-27d5-4418-a452-5db4d8f26e2c,2025-01-10 22:57:26.857,108.408488,108.408488,,,,,,106.5,104.6,104.5,104.3,103.0,,104.32616,,,102.8,,103.3,101.8,102.5,,,100.2,,101.8,100.7,99.9,99.6,,,97.3,97.3,,96.6,,,,97.975872,,98.7,96.9,,,96.615096,96.9,,95.6,,,,,,,,,,,,,,,,,,,,,,,,,,,95.6,-12.81,-11.82,24
276d9481-4acc-4171-a0e9-ae4df0cd8ac4,2025-03-19 20:51:26.699,95.25432,95.25432,,97.52228,98.0,94.6,93.439952,94.4,93.9,93.4,93.5,91.625584,91.625584,91.171992,90.4,90.6,89.7,90.8,90.7,90.0,,,88.7,88.1,86.9,87.3,86.2,86.7,87.7,88.2,87.4,86.8,87.1,86.1,85.5,85.2,,,,,,,,,,,,,,,,,,,,,,,,,,,,,,,,,,,,,,,85.2,-10.05,-10.56,31
4612a5b6-69b4-4a2b-862a-35bd90a9f1b2,2025-06-06 00:27:04.590,147.4174,147.4174,,,,,147.7,148.6,146.9,146.3,144.3,147.0,146.4,147.1,,,147.1,145.9,147.5,145.7,,,,,,,,,,,,,,,,,,,,,,,,,,,,,,,,,,,,,,,,,,,,,,,,,,,,,,,145.7,-1.72,-1.16,12
825953bc-1b69-43c5-97f1-f70728829cd9,2025-03-26 16:32:51.969,162.385936,162.385936,,,,,,,149.4,148.9,151.8,151.3,153.9,154.4,155.1,153.3,152.3,152.2,151.9,,,154.7,150.7,150.5,152.1,146.9,149.5,150.9,146.9,147.4,147.3,147.1,144.6,146.9,,,,,,,,,,,,,,,,,,,,,,,,,,,,,,,,,,,,,,,,,146.9,-15.49,-9.54,24
949cf7e8-6b68-441d-81ce-1f02c9dad1a4,2025-03-24 14:21:40.277,138.34556,138.34556,,,137.3,,133.8,136.5,136.9,135.9,135.0,136.7,135.1,135.6,135.5,136.3,134.9,134.9,134.6,134.1,132.9,133.7,132.6,133.7,131.7,132.0,133.0,133.8,132.1,132.8,133.6,132.0,132.3,131.8,133.0,,,,,,,,,,,,,,,,,,,,,,,,,,,,,,,,,,,,,,,,133.0,-5.35,-3.86,30
d3ab851b-b336-47e6-924e-cb6b423eb810,2025-06-01 22:41:03.019,134.263232,134.263232,,,,131.3,133.3,132.3,132.3,130.3,,133.0,132.1,131.5,130.2,129.4,129.9,132.9,132.3,131.2,132.2,,,,,,,,,,,,,,,,,,,,,,,,,,,,,,,,,,,,,,,,,,,,,,,,,,,,,,132.2,-2.06,-1.54,15
c9fa0dc6-be89-4608-99e7-0c44e3b0f580,2025-03-26 19:47:11.086,113.398,113.398,,,,,96.4,,111.13004,,105.686936,,,104.779752,103.0,100.8,101.9,100.2,98.8,98.9,101.7,99.7,97.5,98.2,97.9,,97.9,95.6,94.7,94.9,94.4,96.1,93.439952,96.0,,,,,,,,,,,,,,,,,,,,,,,,,,,,,,,,,,,,,,,,,96.0,-17.4,-15.34,23
edd4e258-f37e-4bc2-8362-f10ae8ecf1a2,2025-02-20 16:41:01.369,111.13004,111.13004,111.583632,111.4,111.6,111.0,111.0,110.5,111.5,110.8,111.3,111.0,110.5,110.8,110.7,111.5,111.5,111.2,110.7,109.7,111.3,112.2,112.1,111.8,112.2,113.5,112.5,113.6,113.9,110.1,,114.5,,113.8,113.8,114.8,116.4,114.3,113.4,112.4,112.7,,,,,,,,,,,,,,,,,,,,,,,,,,,,,,,,,,112.7,1.57,1.41,37
2fe3cfa6-65b6-4552-b8eb-d9f9534bd376,2025-05-30 01:57:59.639,127.00576,127.00576,,,,,,,,,,,124.3,123.5,124.2,123.5,122.9,121.3,122.0,119.3,119.5,,,,,,,,,,,,,,,,,,,,,,,,,,,,,,,,,,,,,,,,,,,,,,,,,,,,,,119.5,-7.51,-5.91,9
b6115ffa-9b9d-4911-b650-11759608adbb,2025-03-26 23:49:38.731,112.037224,112.037224,,,,,,,,109.315672,,,,,,,,,,,,,,,,,,,111.6,111.3,109.8,108.5,107.5,107.5,,,,,,,,,,,,,,,,,,,,,,,,,,,,,,,,,,,,,,,,,107.5,-4.54,-4.05,7
3cafc3fc-1b55-4d7e-a8af-a27af05eec73,2025-01-21 18:27:40.743,110.222856,110.222856,106.2,103.2,101.3,103.0,100.7,101.7,101.8,,101.0,,100.8,99.5,99.1,98.2,98.8,67.6,,99.0,98.9,,96.6,97.8,95.6,97.0,98.6,,99.7,,,98.6,97.975872,95.5,97.7,,,,100.9,,100.8,99.0,99.1,97.8,97.3,,,,,,,,,,,,,,,,,,,,,,,,,,,,,,97.3,-12.92,-11.72,32
ece0c2e1-19b2-4dbd-bc5e-c1a04d4e73b4,2025-05-28 19:14:31.468,163.29312,163.29312,162.6,159.9,162.1,160.8,159.8,159.0,159.4,158.2,158.8,158.3,159.5,157.7,158.9,158.0,,156.7,156.7,155.9,155.6,,,,,,,,,,,,,,,,,,,,,,,,,,,,,,,,,,,,,,,,,,,,,,,,,,,,,,155.6,-7.69,-4.71,18
5f68fc3f-ff75-40b5-a849-a4e7dbbc2350,2025-01-31 01:00:51.506,83.91452,83.91452,,,88.1,87.2,86.6,87.5,86.1,86.9,87.2,85.3,86.7,85.3,85.2,85.4,84.3,84.3,85.0,85.1,82.1,83.3,83.5,82.2,82.3,82.6,81.0,81.0,81.7,80.2,80.1,80.8,79.2,78.0,79.2,79.9,80.6,78.1,,77.4,78.8,79.4,77.6,76.8,76.7,,,,,,,,,,,,,,,,,,,,,,,,,,,,,,76.7,-7.21,-8.6,40
cfbae56d-a391-4b57-bc40-593b0d926b1f,2025-01-27 18:23:04.901,94.347136,94.347136,,,,93.5,,93.0,92.5,,91.7,,90.7,,,,,91.1,,91.171992,,,90.9,90.7184,90.2,,,,,90.7,,,89.9,,,89.357624,,,,,,89.811216,,,,,,,,,,,,,,,,,,,,,,,,,,,,,,,,,89.811216,-4.54,-4.81,14
4d6a467c-36f0-4fbe-95be-6a9cd9f765ed,2025-03-20 15:46:15.754,104.32616,104.32616,104.8,104.5,106.1,107.2,102.7,103.0,106.3,106.4,104.1,102.7,102.9,103.1,104.3,104.0,100.4,100.1,103.3,102.9,100.2,101.1,101.5,102.0,102.3,101.8,104.1,102.6,104.5,102.7,103.2,,102.3,101.2,101.5,,,,,,,,,,,,,,,,,,,,,,,,,,,,,,,,,,,,,,,,101.5,-2.83,-2.71,32
93f51252-1f17-48e5-b230-d9714daf4510,2025-01-03 03:12:01.315,98.429464,98.429464,,,95.7,93.7,94.3,94.1,94.3,93.2,92.6,92.9,92.2,92.4,91.0,91.9,91.6,90.7,91.0,90.3,89.8,90.9,90.0,89.3,89.7,89.2,89.6,89.0,88.1,87.9,86.8,87.0,86.9,,86.6,85.6,85.4,84.7,85.5,85.0,84.9,83.7,83.4,83.7,83.3,83.2,83.8,82.3,81.9,81.4,81.5,,,,,,,,,,,,,,,,,,,,,,,,81.5,-16.93,-17.2,46
1a684646-8834-43e3-acf7-a0544d2e46e6,2025-01-14 13:51:56.899,122.923432,122.923432,,,,,,,,,,,,,,119.6,119.3,85.1,119.6,118.5,118.9,,118.0,117.6,115.4,116.7,116.5,114.6,117.3,116.4,,117.7,114.7,115.3,115.2,115.0,114.5,,114.758776,113.9,113.2,114.3,113.2,112.9,,113.4,112.7,113.6,,,,,,,,,,,,,,,,,,,,,,,,,,,113.6,-9.32,-7.58,29
5a4cf9aa-5d7d-4770-b48f-ba64f35ad4d6,2025-05-20 17:51:09.910,92.532768,92.532768,,93.2,97.3,,,,,,,,93.5,92.9,91.5,90.1,90.9,90.2,91.1,92.0,89.5,91.2,,,,,,,,,,,,,,,,,,,,,,,,,,,,,,,,,,,,,,,,,,,,,,,,,,,,,91.2,-1.33,-1.44,12
5afd8354-feb4-4053-a4f1-ad75a6dacdf9,2025-01-30 00:00:37.646,141.974296,141.974296,143.335072,142.9,,142.3,141.9,141.4,140.4,139.2,,137.5,138.4,137.7,137.8,137.4,,137.4,,136.8,136.5,136.0,135.0,134.0,132.7,,131.9,131.90001768000002,,131.3,130.5,,,129.3,,128.3,127.3,125.3,124.7,,124.6,,,123.4,,,,,,,,,,,,,,,,,,,,,,,,,,,,,,,123.4,-18.57,-13.08,30
85912c2a-c5fc-41f6-8550-4e83505e1064,2025-03-27 18:00:19.197,106.59412,106.59412,,107.4,,107.3,106.5,105.3,,106.4,106.5,,104.5,102.9,102.7,,102.6,99.79024,,99.5,97.9,98.3,,,,,,,,,,,,,,,,,,,,,,,,,,,,,,,,,,,,,,,,,,,,,,,,,,,,,98.3,-8.29,-7.78,14
ace517bd-523c-43f3-a94f-e425134d6f06,2025-03-12 18:21:12.946,114.305184,114.305184,,,113.5,108.6,108.4,107.8,108.3,107.8,107.0,106.1,105.6,105.4,105.3,104.0,104.4,103.8,102.9,103.1,102.9,103.9,101.8,101.8,100.7,100.5,99.7,98.3,98.4,98.1,99.7,97.4,96.4,96.0,95.3,94.8,94.1,,,,,,,,,,,,,,,,,,,,,,,,,,,,,,,,,,,,,,94.1,-20.21,-17.68,33
680c1568-b8ca-4ab6-aa82-b06c51e49055,2025-02-18 20:32:22.574,124.7378,124.7378,,,,126.5,126.5,126.8,127.9,127.5,124.8,122.4,125.3,125.2,124.4,125.1,124.5,,124.2,124.0,123.0,,,126.7,,126.5,126.4,,,,123.6,,123.8,125.8,123.8,,123.9,,125.4,125.6,,,,,,,,,,,,,,,,,,,,,,,,,,,,,,,,,,,125.6,0.86,0.69,25
f8542bad-6ce6-4eff-b726-6885b496170c,2025-01-30 18:17:41.345,127.00576,127.00576,,,,,125.5,127.3,125.6,123.3,123.5,124.6,124.3,124.0,124.7,123.3,118.4,122.5,,122.3,122.8,121.6,,119.4,121.3,,120.4,,121.2,,,119.6,,,,,122.6,122.5,120.0,116.9,117.8,116.3,116.2,116.3,116.1,,,,,,,,,,,,,,,,,,,,,,,,,,,,,,116.1,-10.91,-8.59,29
94d2fe7e-b3e0-465f-8f07-1d0cb4b0f7e3,2025-01-04 18:33:05.914,115.66596,115.66596,,,,112.7,112.5,112.3,112.9,111.9,,113.5,110.3,109.3,110.2,106.8,106.4,105.0,105.7,104.3,102.7,101.9,,103.1,100.3,,97.6,99.0,97.1,97.068688,,,97.1,96.6,96.2,95.25432,94.7,96.6,96.0,,95.6,96.1,97.5,97.6,96.4,99.1,98.7,96.6,96.6,95.8,96.8,,,,,,,,,,,,,,,,,,,,,,,,96.8,-18.87,-16.31,40
ee68b081-6f9d-429d-8bb9-e2464eb0e8e1,2025-03-20 16:49:03.211,106.59412,106.59412,,,,,,,,110.2,110.8,106.9,107.3,108.3,107.3,107.9,106.6,106.3,105.2,105.8,104.2,102.8,102.1,102.5,102.1,101.9,101.4,,101.4,101.6,100.9,100.2,98.6,100.7,,98.0,,,,,,,,,,,,,,,,,,,,,,,,,,,,,,,,,,,,,,,98.0,-8.59,-8.06,25
3e702e4d-7ae5-445b-8757-eeb36b7eceb5,2025-04-24 23:19:05.296,90.7184,90.7184,,,,,,,,,,,,,,,,,,,94.1,94.1,93.1,93.2,93.3,92.2,93.2,91.7,,,,,,,,,,,,,,,,,,,,,,,,,,,,,,,,,,,,,,,,,,,,,,,91.7,0.98,1.08,8
f7185224-074f-42c9-bc30-fc31370c7403,2025-02-01 02:04:58.580,118.387512,118.387512,,115.5,113.1,113.1,113.7,113.8,113.3,,,114.7,113.3,113.7,113.1,113.9,113.4,112.1,111.2,110.7,109.8,109.3,110.9,110.1,112.0,90.7,91.0,110.3,111.1,111.2,109.9,110.2,,112.6,,,,,,,,,,,,,,,,,,,,,,,,,,,,,,,,,,,,,,,,,112.6,-5.79,-4.89,28
4b9bf75c-2e80-4ed6-8e3e-7ecdcd25741e,2025-04-08 21:53:51.845,120.20188,120.20188,,,,,119.9,119.4,119.8,119.0,119.3,117.4,118.2,120.5,120.0,120.5,118.7,119.3,118.8,116.2,115.8,115.212368,115.0,114.6,114.2,113.6,112.6,,113.0,112.5,112.0,111.4,,,,,,,,,,,,,,,,,,,,,,,,,,,,,,,,,,,,,,,,,,,111.4,-8.8,-7.32,25
a24108ba-8e41-4011-a02d-e75b64dca8c7,2025-01-01 15:28:13.748,132.902456,132.902456,,,,,,,131.4,130.9,131.2,132.9,132.4,132.3,132.4,132.1,132.4,131.0,130.5,131.3,129.9,130.1,132.3,131.5,,131.9,,132.0,131.5,132.3,130.7,131.7,,133.0,133.0,131.1,,,,130.9,,132.2,,,,,,,,,,,,,,,,,,,,,,,,,,,,,,,,,132.2,-0.7,-0.53,27
1e70b365-0bd1-4852-9efe-b64e876bb59f,2025-01-27 21:52:21.285,117.93392,117.93392,,114.6,112.9,113.8,113.8,113.1,111.8,110.9,109.2,111.6,109.5,109.8,106.9,109.0,89.2,106.7,107.1,85.2,105.7,85.0,106.0,104.6,,106.8,105.1,105.8,104.1,104.8,104.6,105.0,104.0,103.9,104.8,103.5,103.5,102.9,102.7,102.2,102.7,102.4,101.7,100.8,101.8,,,,,,,,,,,,,,,,,,,,,,,,,,,,,,101.8,-16.13,-13.68,41
c74c3401-20e7-4620-9841-25cd70848b98,2025-06-03 19:12:22.098,129.27372,129.27372,,,124.8,123.5,122.1,119.7,119.4,118.9,118.3,61.1,119.4,118.4,120.4,119.9,60.3,115.3,112.9,113.5,113.4,,,,,,,,,,,,,,,,,,,,,,,,,,,,,,,,,,,,,,,,,,,,,,,,,,,,,,113.4,-15.87,-12.28,17
17232eb7-73f5-4ebf-b33d-c9bf0207b857,2025-02-23 08:50:53.873,122.46984,122.46984,,124.8,123.3,,122.5,121.7,121.1,,120.2,121.3,121.3,,,,,119.0,,,109.7,109.8,109.0,,107.6,,105.7,,106.0,105.2,110.7,108.9,109.0,,,111.7,,,,,,,,,,,,,,,,,,,,,,,,,,,,,,,,,,,,,,,111.7,-10.77,-8.79,20
6d128554-812c-4834-9b53-1cdc9bef2753,2025-02-13 05:25:50.946,117.93392,117.93392,,,,,,,,,113.1,113.8,112.8,111.9,111.8,112.3,113.0,113.0,,116.6,85.5,103.1,61.7,92.3,113.4,114.0,115.1,114.1,85.9,101.1,,,,,,,,112.5,112.5,110.3,110.1,110.1,109.5,,,,,,,,,,,,,,,,,,,,,,,,,,,,,,,,109.5,-8.43,-7.15,25
b40b625c-3b3c-40be-b02b-6e1abe6239d2,2025-01-04 02:31:28.394,122.46984,122.46984,,,,,,,121.5,94.0,120.6,120.1,,119.294696,117.8,117.9,,117.6,120.5,,117.7,118.1,117.8,118.8,116.9,117.6,118.1,114.5,107.9,114.8,,,114.9,114.3,114.7,113.4,114.9,113.0,111.3,112.5,111.6,111.583632,109.7,110.4,,110.0,110.2,,109.2,107.1,,,,,,,,,,,,,,,,,,,,,,,,,107.1,-15.37,-12.55,35
0d2bf312-37da-4409-b55a-49349803dd8f,2025-04-07 08:46:23.193,107.954896,107.954896,,,,,109.4,111.2,111.4,108.6,108.3,110.6,,110.3,,,110.4,107.1,107.1,107.8,108.8,108.3,107.0,107.6,110.4,,,,110.1,,,,,,,,,,,,,,,,,,,,,,,,,,,,,,,,,,,,,,,,,,,,,,110.1,2.15,1.99,17
0e5a1468-5b6f-4591-8034-897970c87a7b,2025-03-22 20:11:10.897,138.799152,138.799152,,,,,135.2,134.1,132.8,130.3,127.0,125.1,124.7,124.4,126.2,122.2,124.3,123.4,122.2,122.0,121.4,121.2,120.6,119.3,120.0,117.0,116.4,114.8,114.1,113.7,112.6,112.2,113.3,110.0,109.7,,,,,,,,,,,,,,,,,,,,,,,,,,,,,,,,,,,,,,,,109.7,-29.1,-20.96,29
3555f243-3ae5-4fb1-988a-5071d4bffd35,2025-03-13 13:09:33.169,77.11064,77.11064,,,,,,,,,,,73.4,74.0,73.8,71.4,71.3,72.3,72.1,71.9,71.9,73.1,,71.8,,69.399576,69.4,69.4,,,,,,,67.131616,,65.77083999999999,,,,,,,,,,,,,,,,,,,,,,,,,,,,,,,,,,,,,,65.77083999999999,-11.34,-14.71,16
d5d62bd2-26e3-478b-aecc-eea98b97ec06,2025-05-15 21:37:03.268,97.52228,97.52228,,,,,89.7,55.1,88.3,88.6,87.6,88.5,87.1,86.8,86.0,86.6,88.8,,,87.4,,87.3,86.2,84.1,,,,,,,,,,,,,,,,,,,,,,,,,,,,,,,,,,,,,,,,,,,,,,,,,,,84.1,-13.42,-13.76,15
2c623dd8-b928-4175-8595-a489ea4fc483,2025-02-28 21:01:08.735,128.820128,128.820128,,,,126.098576,127.912944,125.644984,125.644984,124.284208,123.830616,123.377024,122.46984,,123.377024,121.8,121.4,120.7,120.5,120.1,118.7,119.2,118.2,117.9,117.7,115.5,114.8,115.0,115.1,113.7,113.2,113.1,111.6,111.8,111.9,112.5,113.3,112.5,113.5,112.1,,,,,,,,,,,,,,,,,,,,,,,,,,,,,,,,,,,112.1,-16.72,-12.98,34
d14f7200-162e-42ad-86ee-e8b0441ed586,2025-01-28 17:10:06.426,112.944408,112.944408,,114.2,112.4,111.3,111.2,109.4,109.7,107.7,105.3,104.0,103.0,104.5,104.4,104.0,103.6,100.3,102.3,100.2,101.5,100.1,98.5,98.4,97.8,99.3,99.5,96.2,96.0,94.6,93.1,96.0,95.2,94.5,94.4,94.1,90.8,91.2,90.4,91.0,89.9,89.6,89.0,87.7,87.7,,,,,,,,,,,,,,,,,,,,,,,,,,,,,,87.7,-25.24,-22.35,42
5269ce62-6152-49d8-ad47-726006c8fe0f,2025-01-16 01:08:55.551,82.553744,82.553744,,,,,80.9,80.7,80.2,81.2,80.7,81.1,80.6,80.3,79.9,45.1,80.3,79.8,79.5,81.2,81.1,78.7,78.5,77.8,79.0,79.1,78.7,77.4,78.1,77.4,76.8,77.7,77.4,76.7,77.3,76.8,76.0,75.3,75.7,76.3,76.2,76.4,76.2,75.0,74.0,74.9,,73.6,,,,,,,,,,,,,,,,,,,,,,,,,,,73.6,-8.95,-10.85,41
4157b67d-e35d-412d-808f-d5488cfccfde,2025-05-14 19:09:46.107,229.971144,229.971144,,,,,,,,235.86784,,230.4,228.7,229.4,225.8,225.2,225.3,224.5,225.7,222.6,225.7,226.3,223.0,221.6,220.7,,,,,,,,,,,,,,,,,,,,,,,,,,,,,,,,,,,,,,,,,,,,,,,,,,220.7,-9.27,-4.03,15
49fb7b91-edae-46a6-b035-f22667b6e222,2025-03-18 14:32:32.941,98.429464,98.429464,,,,,,,,,95.9,,,,,,,95.6,96.7,93.5,93.0,,93.1,93.0,92.1,91.1,91.6,89.9,90.1,90.1,89.3,88.3,88.1,87.7,87.9,88.5,,,,,,,,,,,,,,,,,,,,,,,,,,,,,,,,,,,,,,,88.5,-9.93,-10.09,19
a9069490-9925-45d2-ac8d-13a1ec696171,2025-04-16 17:15:35.201,92.532768,92.532768,,,94.0,92.9,94.7,94.4,93.2,96.2,94.7,92.1,92.6,96.3,93.3,93.3,93.7,95.0,94.0,93.5,94.8,94.0,92.2,94.9,92.6,91.4,92.0,91.2,90.1,90.1,,,,,,,,,,,,,,,,,,,,,,,,,,,,,,,,,,,,,,,,,,,,,90.1,-2.43,-2.63,26
08315850-86f2-4ca5-9829-bb5830f0e942,2025-02-01 00:19:12.858,81.64656,81.64656,,79.83219199999999,,,,,79.4,80.2,79.4,77.4,78.0,76.9,,,77.7,76.7,76.1,75.7,75.1,74.3,73.9,74.0,76.0,74.7,73.1,74.1,74.0,73.4,,,73.481904,72.8,72.2,,72.0,73.4,73.481904,,,,,,,,,,,,,,,,,,,,,,,,,,,,,,,,,,,,73.481904,-8.16,-10.0,27
12126c67-7dcc-4190-b5ca-61304929ca04,2025-07-19 05:21:58.244,112.490816,112.490816,,,114.8,,114.9,115.0,112.9,114.1,114.6,,,,,,,,,,,,,,,,,,,,,,,,,,,,,,,,,,,,,,,,,,,,,,,,,,,,,,,,,,,,,,,,114.6,2.11,1.87,6
39c11d82-883b-4076-addf-e0fca587a9b3,2025-03-24 20:59:21.040,93.439952,93.439952,,,,,92.9,,94.5,,,,,,93.8,,93.8,,94.6,,93.1,,,,,,,,,,,,,,,,,,,,,,,,,,,,,,,,,,,,,,,,,,,,,,,,,,,,,,93.1,-0.34,-0.36,6
13e34a6c-d543-431c-88c3-ae05767d805a,2025-02-11 18:28:18.598,142.88148,142.88148,,142.88148,,142.88148,,141.4,142.9,137.9,137.3,135.0,135.6,133.0,132.7,132.3,130.6,128.8,128.7,128.0,127.4,125.5,123.4,125.2,124.3,123.7,122.7,122.0,122.0,121.5,122.3,121.0,119.7,118.8,117.5,116.6,117.5,116.6,115.6,115.4,114.4,113.3,113.7,,,,,,,,,,,,,,,,,,,,,,,,,,,,,,,,113.7,-29.18,-20.42,38
0e121d23-dccc-467a-a181-9c03fce278e6,2025-03-19 14:30:02.345,99.79024,99.79024,,92.98636,,,90.5,90.0,89.4,89.0,89.3,89.2,88.7,89.0,87.5,88.1,87.2,87.4,88.0,87.3,86.4,86.2,86.8,86.0,85.9,86.2,85.0,85.1,85.5,84.2,84.5,83.7,82.3,79.6,79.6,79.7,,,,,,,,,,,,,,,,,,,,,,,,,,,,,,,,,,,,,,,79.7,-20.09,-20.13,31
0fa70298-db11-4c58-9cd7-755fb43a0162,2025-02-07 21:55:19.175,103.418976,103.418976,102.0582,104.32616,102.7,102.6,102.2,102.3,102.6,102.6,102.3,102.3,102.5,103.1,104.5,103.3,103.1,104.3,102.9,102.7,103.8,103.3,99.9,99.8,98.9,97.068688,96.8,97.5,95.7,95.1,94.0,92.6,92.4,92.0,89.9,89.3,88.5,87.9,87.9,86.9,85.7,85.1,84.7,84.4,,,,,,,,,,,,,,,,,,,,,,,,,,,,,,,84.4,-19.02,-18.39,42
6a65846b-3066-4972-8322-7e87c2cc0b70,2025-05-20 16:26:55.035,129.27372,129.27372,,,130.7,129.6,129.3,128.3,127.2,126.9,126.5,126.7,125.6,124.0,122.5,122.1,121.2,120.6,120.6,119.3,118.3,119.0,118.9,,,,,,,,,,,,,,,,,,,,,,,,,,,,,,,,,,,,,,,,,,,,,,,,,,,,118.9,-10.37,-8.02,19
0ff2ea70-3351-4251-bd65-4a26939a4607,2025-01-18 05:31:14.570,89.811216,89.811216,,,,,96.3,95.3,94.2,93.3,,,93.5,92.7,,,93.0,92.7,,92.3,,93.8,92.6,,91.8,,,,90.264808,91.2,,90.6,,88.45044,,,,,87.089664,86.862868,,86.636072,,86.18248,,85.728888,,,,,,,,,,,,,,,,,,,,,,,,,,,,,85.728888,-4.08,-4.55,21
4df01985-55a7-4e96-aafe-097cf8e0396a,2025-07-13 02:38:39.898,115.212368,115.212368,,115.212368,115.2,114.3,112.5,,112.3,112.0,112.9,113.9,111.6,,,,,,,,,,,,,,,,,,,,,,,,,,,,,,,,,,,,,,,,,,,,,,,,,,,,,,,,,,,,,,111.6,-3.61,-3.14,9
8762371a-f551-4e0d-a465-a5016c9064a0,2025-01-01 10:09:02.939,147.4174,147.4174,,,,,150.138952,,,,,,,,150.2,148.1,146.7,146.1,144.2,143.5,142.5,142.1,140.4,140.5,140.6,138.4,138.4,138.2,137.2,137.5,137.3,137.8,136.5,136.5,135.9,135.1,135.0,134.1,133.8,132.3,131.6,131.7,131.6,130.9,131.4,131.6,,131.4,131.8,130.0,,,,,,,,,,,,,,,,,,,,,,,,,130.0,-17.42,-11.82,36
cd062d03-9ec6-4c84-98d9-14c5f40fc454,2025-05-13 20:44:10.767,199.58048,199.58048,,,,,,,,,199.0,198.5,201.1,197.5,,,199.7,196.3,196.1,198.6,195.0,196.6,200.5,198.4,197.1,,,,,,,,,,,,,,,,,,,,,,,,,,,,,,,,,,,,,,,,,,,,,,,,,,197.1,-2.48,-1.24,13
7c01619e-b29f-4fe9-85e6-1e84bbc955b1,2025-06-09 03:11:28.385,98.883056,98.883056,,,,,,,98.3,98.1,97.0,97.3,98.1,97.4,97.7,98.0,97.4,98.3,99.0,,,,,,,,,,,,,,,,,,,,,,,,,,,,,,,,,,,,,,,,,,,,,,,,,,,,,,,,99.0,0.12,0.12,11
21dfbd89-fc4d-4746-837f-9b533ef7614a,2025-04-21 19:23:10.387,143.335072,143.335072,139.252744,136.984784,137.3,135.2,135.7,136.3,135.1,134.5,130.1,129.9,129.9,130.4,129.0,,131.7,,128.4,128.2,128.0,127.2,126.1,125.0,125.4,124.7,124.0,120.7,121.7,,,,,,,,,,,,,,,,,,,,,,,,,,,,,,,,,,,,,,,,,,,,,,121.7,-21.64,-15.09,25
2f88caf9-e649-4a59-94b6-c35b55a9dde0,2025-03-20 20:30:08.568,130.180904,130.180904,,,132.9,131.6,131.7,130.4,129.8,129.1,128.3,125.7,123.4,123.2,120.8,120.1,120.7,120.3,118.6,116.9,117.3,116.1,116.2,115.1,114.4,113.8,,,,110.676448,,,112.30030736,,,,,,,,,,,,,,,,,,,,,,,,,,,,,,,,,,,,,,,,,,112.30030736,-17.88,-13.74,24
a5679af1-b9b7-463d-b4b5-037b7c37a4cc,2025-01-03 18:47:40.541,80.739376,80.739376,,,,,,,81.4,82.1,81.6,81.4,81.2,81.5,82.0,80.8,80.7,,81.4,80.9,80.5,79.8,79.2,77.9,78.9,79.0,79.4,78.5,78.5,78.7,78.7,77.6,78.2,77.8,,77.6,76.5,76.8,76.7,,76.2,75.9,75.3,75.5,75.2,75.8,75.7,,,75.5,75.7,,,,,,,,,,,,,,,,,,,,,,,,75.7,-5.04,-6.24,38
14c528ef-e430-4bd0-a74f-1f6974a9329a,2025-03-27 21:26:23.687,147.4174,147.4174,,,,,,,145.14944,145.1,,144.4,,,145.0,144.6,,144.3,143.8,142.8,,142.0,,141.2,,140.9,139.1,,,140.4,137.4,,,135.8,,,,,,,,,,,,,,,,,,,,,,,,,,,,,,,,,,,,,,,,,135.8,-11.62,-7.88,15
d51c9991-5cad-4a55-9f6e-30888dd88dd8,2025-01-21 16:08:12.846,183.70476,183.70476,,,188.1,183.8,181.7,179.8,178.4,178.8,177.7,173.6,174.7,172.8,170.2,168.9,170.1,169.0,170.2,166.7,165.6,167.4,164.1,164.2,161.7,160.5,158.9,159.5,160.9,161.8,160.5,159.8,163.3,164.9,164.2,164.5,166.1,162.6,161.1,161.1,157.8,158.9,161.2,159.8,159.8,159.6,156.9,,,,,,,,,,,,,,,,,,,,,,,,,,,,156.9,-26.8,-14.59,43
d920b330-53f2-4e6a-9ea9-7b0e6b6ce382,2025-01-16 23:52:23.365,88.45044,88.45044,87.996848,86.636072,86.2,86.6,85.6,85.9,85.9,86.2,85.0,85.3,,,85.1,84.0,,84.8,84.9,84.7,84.1,85.1,84.3,,83.9,84.1,,83.3,82.6,,,82.9,,83.1,82.9,82.7,82.6,,82.7,82.5,,,,82.2,82.6,81.8,82.1,,,,,,,,,,,,,,,,,,,,,,,,,,,,82.1,-6.35,-7.18,33
f9927915-3bd7-4768-916a-2d83ffc805dc,2025-01-14 19:34:04.950,142.88148,142.88148,,,,,,,,,,,,,,,148.3,147.2,145.7,145.5,144.3,144.6,143.8,145.0,143.5,143.0,142.0,,,,144.6,142.4,,144.5,140.7,72.0,138.9,72.3,137.3,136.1,72.1,73.0,71.3,73.0,72.8,,135.3,135.2,,,,,,,,,,,,,,,,,,,,,,,,,,,135.2,-7.68,-5.38,27
d2f18e12-397b-407a-9e7c-861ef03236b5,2025-01-27 18:00:48.090,147.4174,147.4174,,,,,,149.1,150.6,150.4,150.4,146.7,148.8,147.6,147.0,149.4,145.8,146.3,146.9,,151.2,148.9,148.4,145.7,144.5,144.0,144.1,145.7,145.7,146.0,145.2,144.9,144.0,143.8,144.3,142.7,142.6,139.7,141.1,139.2,138.4,140.5,138.4,139.7,138.7,137.2,,,,,,,,,,,,,,,,,,,,,,,,,,,,,137.2,-10.22,-6.93,38
d9f2cd49-d0c3-44d2-be15-c1bd980fef41,2025-02-21 04:54:46.901,119.294696,119.294696,,,119.748288,,119.1,117.7,117.1,116.4,116.1,114.7,,113.3,114.305184,112.2,111.0,110.3,,110.0,110.2,109.7,107.7,107.6,106.9,107.9,108.6,,108.4,107.8,107.5,107.6,,104.8,,107.3,107.9,105.6,107.3,107.0,107.1,,,,,,,,,,,,,,,,,,,,,,,,,,,,,,,,,,107.1,-12.19,-10.22,31
50dbb874-d58b-4a08-a4d1-5fcbae7e4293,2025-05-20 17:27:58.471,93.439952,93.439952,,,,,,95.7,96.2,94.0,94.2,96.2,95.1,94.4,95.3,94.8,94.3,94.2,94.4,94.6,94.5,95.2,93.9,,,,,,,,,,,,,,,,,,,,,,,,,,,,,,,,,,,,,,,,,,,,,,,,,,,,93.9,0.46,0.49,16
7865f126-de6d-4e44-9a3b-70f0056ec6ae,2025-04-07 19:48:18.958,219.99212,219.99212,,226.0,,,,,,219.6,,218.0,218.2,217.1,216.7,216.3,214.3,213.4,213.8,213.1,212.3,211.9,211.0,209.4,210.3,209.9,208.1,208.1,207.6,206.1,205.8,204.6,,,,,,,,,,,,,,,,,,,,,,,,,,,,,,,,,,,,,,,,,,,204.6,-15.39,-7.0,23
ae77a681-c65f-4ac6-9657-8cdd1af7c7b8,2025-04-29 22:34:12.855,130.634496,130.634496,137.3476576,138.37277552,137.891968,137.5,136.5,136.3,134.9,137.9,136.7,136.5,135.0,134.7,133.5,134.9,,133.5,133.4,130.6,132.0,129.6,129.0,128.1,129.5,,129.0,,,,,,,,,,,,,,,,,,,,,,,,,,,,,,,,,,,,,,,,,,,,,,,,129.0,-1.63,-1.25,23
3f47eec6-956e-4394-8aa2-7f70ec014574,2025-01-23 23:27:11.408,149.68536,149.68536,,153.314096,150.4,150.6,147.9,148.7,148.0,150.5,150.8,150.2,150.3,151.5,147.8,146.5,148.5,146.4,144.8,146.8,147.3,143.1,138.5,144.8,146.8,142.9,145.2,145.1,145.1,144.1,143.8,144.1,143.3,142.4,142.1,144.7,144.695848,143.9,144.0,143.0,141.4,145.1,142.1,139.8,140.7,,,,,,,,,,,,,,,,,,,,,,,,,,,,,,140.7,-8.99,-6.0,42
80d3ad8a-08a6-4ff0-b540-c3e577d9e73f,2025-07-10 17:19:08.540,127.459352,127.459352,,,133.5,132.3,131.8,130.3,130.0,130.3,129.4,127.7,127.8,,,,,,,,,,,,,,,,,,,,,,,,,,,,,,,,,,,,,,,,,,,,,,,,,,,,,,,,,,,,,,127.8,0.34,0.27,9
1781b4b3-93b5-48b5-88ec-8939dbb7faa8,2025-01-04 02:15:05.983,97.975872,97.975872,,93.7,93.1,91.4,90.4,91.0,90.4,90.4,,91.2,,89.3,,87.7,,,,,,,,,87.6,86.8,86.3,86.2,86.0,86.5,84.4,85.9,83.1,82.1,81.7,,81.0,81.6,80.9,81.6,80.3,,,,,,,,,,,,,,,,,,,,,,,,,,,,,,,,,,80.3,-17.68,-18.04,26
bb7864f3-11f5-4282-8c07-0d19d57f63df,2025-02-12 18:27:51.247,113.398,113.398,,113.851592,112.944408,111.8,111.1,110.4,110.1,109.4,108.8,108.0,106.4,105.6,104.7,,103.6,103.1,102.1,100.9,,,99.4,97.9,,,,96.5,96.1,94.5,,,95.2,93.6,93.6,94.1,92.4,90.7,90.4,89.5,86.8,87.6,86.9,,,,,,,,,,,,,,,,,,,,,,,,,,,,,,,,86.9,-26.5,-23.37,32
23d3a8da-997d-4662-96e4-4206a16bc210,2025-03-28 14:27:21.013,104.32616,104.32616,,,108.4,107.2,109.0,107.5,108.6,108.0,107.6,108.2,107.7,107.4,106.7,,107.4,108.3,105.0,104.2,104.2,105.6,104.5,104.6,104.6,104.7,103.5,104.1,102.5,101.7,101.1,,,,,,,,,,,,,,,,,,,,,,,,,,,,,,,,,,,,,,,,,,,,101.1,-3.23,-3.09,26
2eb7b7b8-f344-4dfd-83c9-cb174b4b9866,2025-02-25 15:26:14.967,103.418976,103.418976,,99.8,99.7,99.5,98.8,98.3,97.8,97.9,96.5,96.1,96.3,94.2,94.3,93.8,,92.4,91.3,90.9,89.9,89.6,,87.5,85.9,85.3,,84.9,84.1,83.9,85.3,85.0,,84.4,82.9,82.8,82.3,81.4,81.6,81.2,,,,,,,,,,,,,,,,,,,,,,,,,,,,,,,,,,,81.2,-22.22,-21.48,33
ab08e6fa-56f2-4d9d-b9db-c6c40d76ae3b,2025-03-18 19:30:23.383,68.945984,68.945984,,67.585208,68.0388,68.0388,67.2,66.3,66.1,64.3,63.0,61.5,62.8,65.9,62.5,61.9,63.6,65.2,65.0,65.5,64.4,64.7,64.7,64.4,61.2,60.872046399999995,62.8,62.5,62.3,62.2,58.9,60.6,61.3,61.2,61.6,62.1,,,,,,,,,,,,,,,,,,,,,,,,,,,,,,,,,,,,,,,62.1,-6.85,-9.93,33
fe20c9a9-2693-4823-95cb-50d1a2495819,2025-01-02 15:22:36.166,93.439952,93.439952,98.883056,,96.0,92.2,90.3,,,85.3,,,85.8,81.1,,82.5,,,,,,,80.4,79.3786,,,79.6,79.3786,,,,,77.5,75.749864,,,,,,75.749864,,,,78.6,,77.11064,,,,,77.11064,,,,,,,,,,,,,,,,,,,,,,,,77.11064,-16.33,-17.48,18
9efbf42e-7e76-4b5f-8621-d874cc1e32e4,2025-04-24 00:07:30.218,151.95332,151.95332,,150.7,149.9,149.7,149.0,148.5,146.3,147.4,147.0,148.0,149.3,147.7,147.5,,147.1,147.9,146.9,147.2,147.3,147.3,146.2,145.9,142.9,142.9,141.8,141.8,,,,,,,,,,,,,,,,,,,,,,,,,,,,,,,,,,,,,,,,,,,,,,,141.8,-10.15,-6.68,24
b21cbc8c-f809-4fae-91dc-bdda4fc21cc4,2025-01-02 21:30:08.287,142.88148,142.88148,141.974296,141.974296,141.3,141.1,140.9,139.4,137.8,138.6,139.4,,139.8,138.2,,,139.0,,,,139.3,138.8,,140.1,,138.9,137.9,138.2,135.5,134.1,134.4,132.3,41.7,129.7,128.6,127.5,126.0,125.4,126.2,123.7,123.1,121.5,121.1,119.8,118.4,118.6,116.9,116.0,114.3,114.6,113.7,,,,,,,,,,,,,,,,,,,,,,,,113.7,-29.18,-20.42,41
8f5e9297-4a11-46fa-9286-33ef450c6a38,2025-05-06 02:40:56.202,92.98636,92.98636,,89.357624,92.1,92.3,91.4,92.7,73.1,91.6,90.1,89.3,88.4,91.0,89.0,,89.1,90.2,91.2,92.6,92.4,90.8,91.6,92.1,94.8,92.6,,,,,,,,,,,,,,,,,,,,,,,,,,,,,,,,,,,,,,,,,,,,,,,,,92.6,-0.39,-0.42,22
83b22b5d-904d-40ca-99b4-2572acdae22a,2025-03-06 22:40:15.705,106.59412,106.59412,,,,,,,,,,,,,,,,,,108.4,110.1,109.4,109.0,109.4,108.3,108.8,108.6,108.0,107.6,107.6,108.0,105.4,106.5,107.7,105.9,106.2,106.4,107.2,,,,,,,,,,,,,,,,,,,,,,,,,,,,,,,,,,,,,107.2,0.61,0.57,19
7dde4060-2fa3-49fb-a919-008ab3c6c798,2025-06-14 20:40:25.491,133.80964,133.80964,,,,131.7,130.6,129.9,129.7,128.5,,130.3,127.7,127.2,126.1,125.6,125.8,126.1,,,,,,,,,,,,,,,,,,,,,,,,,,,,,,,,,,,,,,,,,,,,,,,,,,,,,,,,,126.1,-7.71,-5.76,12
c9a340b4-90ff-4ea3-9000-a967dcfd7a1b,2025-05-06 17:39:09.181,131.54168,131.54168,,,,,,,,130.9,130.6,132.0,132.0,132.9,132.2,131.6,130.6,131.0,130.1,131.3,130.9,,130.2,131.7,131.7,132.1,,,,,,,,,,,,,,,,,,,,,,,,,,,,,,,,,,,,,,,,,,,,,,,,,132.1,0.56,0.42,16
1fd7d1b2-93e2-4e14-90a4-5e559ff48e96,2025-05-14 18:54:34.398,114.758776,114.758776,,,,,,,114.305184,114.758776,114.7,113.9,114.7,116.2,115.5,116.8,115.6,115.6,116.2,,115.7,115.7,115.5,115.2,116.6,,,,,,,,,,,,,,,,,,,,,,,,,,,,,,,,,,,,,,,,,,,,,,,,,,116.6,1.84,1.6,16
