user_id,start_date,raw_start_weight,raw_90_day_weight,raw_loss_kg,raw_loss_pct,filtered_start_weight,filtered_90_day_weight,filtered_loss_kg,filtered_loss_pct,difference_pct
1ab1af65-119a-4906-b526-3d8f66bb0b6d,2025-02-27 20:49:54.937,103.418976,97.48200225830078,5.936973741699219,5.740700567078926,103.418976,97.48200225830078,5.936973741699219,5.740700567078926,0.0
1160634a-7f7b-4bc0-a686-4afe03a27e7c,2025-03-18 04:31:40.958,,101.22400665283205,,,,101.22400665283205,,,
917e90a1-6b70-496e-81f7-6e1333500ba6,2025-01-14 16:06:18.769,81.64656,75.296272,6.350287999999992,7.777777777777768,81.64656,75.296272,6.350287999999992,7.777777777777768,0.0
f32298ea-65b7-4c26-8048-e186eedd8615,2025-01-01 20:19:05.764,87.089664,85.23300170898438,1.856662291015624,2.1318974097955232,87.089664,85.23300170898438,1.856662291015624,2.1318974097955232,0.0
2534c3fd-2d1f-4930-8cb7-0142939a4241,2025-01-31 22:10:05.998,111.13004,111.13004,0.0,0.0,111.13004,111.13004,0.0,0.0,0.0
7a013d78-f885-422a-92dd-475c0fba7ebe,2025-01-09 22:18:55.084,138.34556,137.39312744140625,0.9524325585937561,0.6884446154930857,138.34556,137.39312744140625,0.9524325585937561,0.6884446154930857,0.0
8d5cc696-ac81-4886-9234-dbaac0195723,2025-01-17 04:31:02.749,70.97500610351562,71.07600402832031,-0.1009979248046875,-0.1423006919610321,70.97500610351562,71.07600402832031,-0.1009979248046875,-0.1423006919610321,0.0
e479b576-40b8-400c-8d7e-6de4f1455538,2025-01-04 19:42:41.126,92.079176,40.65500259399414,51.42417340600586,55.84777757568754,92.079176,40.65500259399414,51.42417340600586,55.84777757568754,0.0
a54ab2ff-d35c-4457-bad3-1853d437048d,2025-01-26 19:12:04.866,158.7572,135.98699252600002,22.77020747399999,14.34278727138044,158.7572,135.98699252600002,22.77020747399999,14.34278727138044,0.0
ab90265d-f103-479e-b3d8-061423e7f6e6,2025-02-06 21:24:36.528,88.45044,78.925008,9.525431999999995,10.769230769230763,88.45044,78.925008,9.525431999999995,10.769230769230763,0.0
e0314890-f7a9-4014-8e02-1b04dd7bd64a,2025-01-06 17:29:09.387,82.553744,83.94900512695312,-1.3952611269531303,-1.6901245895681367,82.553744,83.94900512695312,-1.3952611269531303,-1.6901245895681367,0.0
8b357d2c-7ee4-4255-823a-8017829b6fe4,2025-04-24 19:35:53.366,128.820128,129.047029265,-0.22690126499998087,-0.17613805274279876,128.820128,129.047029265,-0.22690126499998087,-0.17613805274279876,0.0
9e8abe88-8a04-40fe-a480-cc34d0b45a48,2025-01-01 20:20:32.693,163.29312,166.6750030517578,-3.381883051757825,-2.071050545030816,163.29312,166.6750030517578,-3.381883051757825,-2.071050545030816,0.0
35259af0-1d17-4074-b9d1-36394e6dd1b0,2025-01-08 22:40:26.538,97.52228,99.7090072631836,-2.186727263183599,-2.242284802184279,97.52228,99.7090072631836,-2.186727263183599,-2.242284802184279,0.0
7d05ccb2-bb87-46a0-a1a6-b68416359fc4,2025-01-04 01:43:40.457,92.98636,91.17206637,1.8142936300000088,1.951139532722873,92.98636,91.17206637,1.8142936300000088,1.951139532722873,0.0
65c32961-c972-4e45-b35b-9617cd7c3e82,2025-04-20 20:25:38.106,112.944408,110.7340087890625,2.2103992109374957,1.9570683047340383,112.944408,110.7340087890625,2.2103992109374957,1.9570683047340383,0.0
49a6689b-d3f9-4387-8d32-8fa4162da61b,2025-01-01 14:00:47.416,97.52228,96.1060028076172,1.4162771923827933,1.4522601321285693,97.52228,96.1060028076172,1.4162771923827933,1.4522601321285693,0.0
b848f6c3-6c53-4f25-9e47-23a12f9a1014,2025-01-21 11:55:16.043,115.66596,102.7820053100586,12.883954689941405,11.138933779602404,115.66596,102.7820053100586,12.883954689941405,11.138933779602404,0.0
979eb8b6-8c37-4674-acf0-c492fe65b269,2025-02-05 15:35:46.315,91.625584,88.042279017,3.583304983000005,3.9108127081623896,91.625584,88.042279017,3.583304983000005,3.9108127081623896,0.0
f3b3c873-011c-41fc-82ff-991ceaa0d0d6,2025-01-14 16:21:07.391,101.6550064086914,101.68400573730467,-0.02899932861326704,-0.028527201598590058,101.6550064086914,101.68400573730467,-0.02899932861326704,-0.028527201598590058,0.0
35499d71-8775-4b28-9277-e6552a22c2a3,2025-04-24 21:52:09.319,90.264808,87.22581413525405,3.0389938647459473,3.3667538125666288,90.264808,87.22581413525405,3.0389938647459473,3.3667538125666288,0.0
d82cfd42-70cf-4d9f-ab74-8ae8d64d0cfa,2025-01-07 20:59:12.150,104.8280029296875,101.73800659179688,3.089996337890625,2.9476821569931215,104.8280029296875,101.73800659179688,3.089996337890625,2.9476821569931215,0.0
91e56ac3-63ee-41f8-9c3a-8f74b37bbeda,2025-01-24 23:22:27.240,136.0776,135.98699252600002,0.09060747399996671,0.0665851499438311,136.0776,135.98699252600002,0.09060747399996671,0.0665851499438311,0.0
e9af18ad-ab3f-4db7-940d-21ff4a3f89f4,2025-01-09 22:06:00.052,154.22128,155.57101440429688,-1.3497344042968678,-0.8751933613161995,154.22128,155.57101440429688,-1.3497344042968678,-0.8751933613161995,0.0
16b52a07-1a64-4928-9d04-d9f3b45cb520,2025-01-02 19:55:32.784,120.655472,113.44300842285156,7.212463577148441,5.977734335288531,120.655472,113.44300842285156,7.212463577148441,5.977734335288531,0.0
3ec30c5f-c2d3-4b94-8c53-db2be7e4c2b8,2025-03-11 01:13:07.465,100.198554533,100.017117585,0.18143694800001242,0.1810774105930409,100.198554533,100.017117585,0.18143694800001242,0.1810774105930409,0.0
a4626e75-1c30-4fb5-9402-faaf4c47c4d6,2025-01-03 22:40:57.377,69.399576,69.76250650600001,-0.3629305060000121,-0.5229578146126024,69.399576,69.76250650600001,-0.3629305060000121,-0.5229578146126024,0.0
54622bd1-e993-4852-9883-da2c1957ba16,2025-01-09 20:49:58.093,111.13004,113.86400604248048,-2.733966042480489,-2.4601503270227285,111.13004,113.86400604248048,-2.733966042480489,-2.4601503270227285,0.0
7d9d0658-79f0-4617-b70e-6465d73c1d89,2025-02-09 06:16:25.890,131.54168,,,,131.54168,,,,
3965af63-dc72-47dc-a378-78c1d92e9b02,2025-01-22 21:57:56.324,140.84600830078125,129.5590057373047,11.287002563476562,8.013718457233661,140.84600830078125,129.5590057373047,11.287002563476562,8.013718457233661,0.0
7757c96d-9afd-4a69-a59d-d503d61cad76,2025-03-12 22:40:19.282,92.98636,94.528649908,-1.5422899080000008,-1.6586195093559968,92.98636,94.528649908,-1.5422899080000008,-1.6586195093559968,0.0
daf625dc-5a7a-4f1b-b2bf-3a12a3138dfd,2025-01-10 18:03:01.746,61.23492,61.17500305175781,0.05991694824218996,0.09784767946490328,61.23492,61.17500305175781,0.05991694824218996,0.09784767946490328,0.0
1a8ae937-9971-4bb5-9b82-57c94dc6f0f1,2025-01-20 19:23:06.668,110.222856,107.002440083,3.220415916999997,2.921731511838159,110.222856,107.002440083,3.220415916999997,2.921731511838159,0.0
73c4934d-4a97-4695-bbf2-26bdd5ba9c33,2025-02-20 21:59:16.634,120.20188,119.6370086669922,0.564871333007801,0.4699355226455701,120.20188,119.6370086669922,0.564871333007801,0.4699355226455701,0.0
8878abcd-fec3-4171-9843-4dc3afbabbe8,2025-01-22 00:14:46.449,54.43104,56.2,-1.7689599999999999,-3.249910345273579,54.43104,56.2,-1.7689599999999999,-3.249910345273579,0.0
22d811db-202d-4d32-870c-15ea1c306815,2025-01-09 20:55:08.764,84.368112,76.203456,8.164655999999994,9.677419354838703,84.368112,76.203456,8.164655999999994,9.677419354838703,0.0
4ba3907d-357c-4a32-aa0f-caa115d99070,2025-01-15 16:26:48.852,105.9590912,108.95288588974594,-2.9937946897459398,-2.8254250351157593,105.9590912,108.95288588974594,-2.9937946897459398,-2.8254250351157593,0.0
c7eb9c69-3c36-4e86-92c2-63781e148e8b,2025-01-23 04:12:39.678,99.79024,89.404,10.38624,10.408071971767981,99.79024,89.404,10.38624,10.408071971767981,0.0
a5c0b49d-b913-4173-9921-1d15129aed97,2025-01-02 16:06:24.091,113.398,105.76700592041016,7.63099407958984,6.7293903592566355,113.398,105.76700592041016,7.63099407958984,6.7293903592566355,0.0
32c8065d-6d88-4c7f-b6d9-baa4d23522b6,2025-01-23 23:46:23.640,61.75,61.7,0.04999999999999716,0.08097165991902373,61.75,61.7,0.04999999999999716,0.08097165991902373,0.0
134bb874-626c-48f1-96ed-d0ed2633906d,2025-02-17 18:44:04.447,113.82600402832033,108.85100555419922,4.974998474121108,4.370704670334654,113.82600402832033,108.85100555419922,4.974998474121108,4.370704670334654,0.0
b1c7caa8-1164-4f02-9148-21b8f887dbb8,2025-01-01 20:48:26.408,56.699,,,,56.699,,,,
945439ee-394c-497d-aac4-83a81f60908a,2025-05-16 02:30:42.532,75.749864,76.657048,-0.9071840000000009,-1.1976047904191627,75.749864,76.657048,-0.9071840000000009,-1.1976047904191627,0.0
d3a9e4a6-4433-4646-bd23-9aa9804029c2,2025-05-19 21:50:57.131,87.089664,,,,87.089664,,,,
14ab67d9-2e99-4dc6-8f31-3a123774a376,2025-01-02 01:54:36.732,85.275296,,,,85.275296,,,,
ef1b957c-cf8b-47dc-acf0-fb92e88195c7,2025-01-08 00:19:45.884,61.23492,57.60618591308594,3.628734086914065,5.925922801751133,61.23492,57.60618591308594,3.628734086914065,5.925922801751133,0.0
d609bc19-4335-4024-9066-55e6a06366a7,2025-01-12 00:50:33.667,89.72057078600001,83.27955913199999,6.441011654000022,7.178968655207303,89.72057078600001,83.27955913199999,6.441011654000022,7.178968655207303,0.0
33275788-3af2-44e0-b843-e90baaced243,2025-01-29 20:55:06.910,92.98636,89.04500579833984,3.941354201660161,4.238636937353135,92.98636,89.04500579833984,3.941354201660161,4.238636937353135,0.0
f7f41aec-4392-4b4f-9162-b080bf4598e1,2025-04-22 20:35:03.623,83.007336,79.3786,3.6287359999999893,4.371584699453539,83.007336,79.3786,3.6287359999999893,4.371584699453539,0.0
d3be554e-66f9-4fe1-829e-d0a29d447d5f,2025-01-06 14:58:30.591,138.799152,134.444778468,4.354373531999983,3.1371758899506696,138.799152,134.444778468,4.354373531999983,3.1371758899506696,0.0
8863fcd4-30ff-4666-b8a9-6be4772d159c,2025-01-13 21:03:44.879,112.037224,113.89100646972656,-1.8537824697265677,-1.6546129969505206,112.037224,113.89100646972656,-1.8537824697265677,-1.6546129969505206,0.0
850e6bb1-4893-453b-ba46-35707e1f475b,2025-01-04 07:14:06.345,111.13004,117.9340162,-6.803976200000008,-6.122535544844588,111.13004,117.9340162,-6.803976200000008,-6.122535544844588,0.0
e1941510-8f40-4634-ac6d-6ff3988838d2,2025-03-06 19:25:01.610,109.1988794890984,99.44897953480393,9.749899954294477,8.928571428489644,109.1988794890984,99.44897953480393,9.749899954294477,8.928571428489644,0.0
82148698-d912-4fe5-b2d8-200ba9f46974,2025-05-30 15:53:36.443,60.781328,,,,60.781328,,,,
72447e04-9b8c-4392-a7a4-ed544047c6a8,2025-04-25 02:56:42.128,102.0582,98.113,3.9452,3.8656374500040167,102.0582,98.113,3.9452,3.8656374500040167,0.0
bdc5a1cc-4719-4eaf-ac29-ec9273269f18,2025-01-02 18:08:49.227,127.00576,,,,127.00576,,,,
a047c27b-23c8-4190-ab70-be300fceb79a,2025-01-24 23:37:32.830,98.429464,95.3080062866211,3.121457713378902,3.171263549071955,98.429464,95.3080062866211,3.121457713378902,3.171263549071955,0.0
010fbe98-e372-48ec-b46b-b99093b028ad,2025-01-07 14:41:58.057,117.026736,119.3,-2.2732639999999975,-1.9425167937692438,117.026736,119.3,-2.2732639999999975,-1.9425167937692438,0.0
2d76318b-2515-491f-ab3d-61be46874eee,2025-03-28 23:42:43.134,98.7560043334961,97.46300506591795,1.2929992675781392,1.3092867378592183,98.7560043334961,97.46300506591795,1.2929992675781392,1.3092867378592183,0.0
e356515e-fa4f-43c9-8b2c-792451c2229a,2025-01-06 20:11:33.330,140.6136347,137.10000610351562,3.5136285964843808,2.4987822866400737,140.6136347,137.10000610351562,3.5136285964843808,2.4987822866400737,0.0
e2c1939d-5730-4dd6-b2c0-9ca1b9903300,2025-01-22 00:44:26.993,120.655472,107.319954742,13.33551725800001,11.05255902359738,120.655472,107.319954742,13.33551725800001,11.05255902359738,0.0
6ec71a50-8758-491c-925f-ab00cdbda2d2,2025-01-10 22:12:26.648,114.305184,112.39200592041016,1.9131780795898408,1.67374568032701,114.305184,112.39200592041016,1.9131780795898408,1.67374568032701,0.0
0dc4354d-872d-4666-87dc-6718652231b5,2025-03-22 15:33:59.125,107.954896,105.6810073852539,2.273888614746099,2.1063320877508867,107.954896,105.6810073852539,2.273888614746099,2.1063320877508867,0.0
6eeaa2c6-361b-498b-877c-9442bc8094ba,2025-01-03 17:47:10.124,92.98636,87.996848,4.989512000000005,5.36585365853659,92.98636,87.996848,4.989512000000005,5.36585365853659,0.0
56dddf46-e97a-4240-b3a5-59a9d7b74099,2025-01-06 08:45:23.329,108.86208,100.600000001,8.262079999000008,7.589493053044741,108.86208,100.600000001,8.262079999000008,7.589493053044741,0.0
8c4f1aa7-111f-4486-8283-efbdc8b8fee9,2025-01-12 00:46:13.679,63.956472,57.5155143737793,6.440957626220701,10.070845724918506,63.956472,57.5155143737793,6.440957626220701,10.070845724918506,0.0
0d652a8d-2624-4597-9209-7c9d6d862ec0,2025-01-03 17:37:26.697,106.59412,104.53800201416016,2.0561179858398475,1.9289225201538764,106.59412,104.53800201416016,2.0561179858398475,1.9289225201538764,0.0
32229fa8-2860-4bf7-b15a-3cf4679e95ca,2025-01-05 04:49:46.643,115.66596,114.48671141949188,1.1792485805081157,1.0195294972765676,115.66596,114.48671141949188,1.1792485805081157,1.0195294972765676,0.0
903c4578-e1de-4b5f-b239-7a3316e7f36c,2025-02-07 04:12:20.732,128.2986835021266,122.7987399381656,5.499943563961011,4.28682774743347,128.2986835021266,122.7987399381656,5.499943563961011,4.28682774743347,0.0
8dace182-f381-45e2-802f-02776096448f,2025-05-23 21:04:15.536,102.0582,95.301,6.757199999999997,6.6209280586959185,102.0582,95.301,6.757199999999997,6.6209280586959185,0.0
8e93ecbf-f06d-4e4b-ac9f-fae8794bfef1,2025-03-11 20:39:57.288,106.140528,110.998861019122,-4.858333019122,-4.577264792881,106.140528,110.998861019122,-4.858333019122,-4.577264792881,0.0
3c611ae7-b504-435e-91db-8d34f44d9682,2025-01-10 15:14:51.458,99.79024,98.24899184812152,1.5412481518784773,1.5444878696338213,99.79024,98.24899184812152,1.5412481518784773,1.5444878696338213,0.0
f887b49d-302c-48b7-9aa4-90c9b7333055,2025-01-10 20:50:09.677,120.20188,120.65557042,-0.4536904200000009,-0.37744036948507037,120.20188,120.65557042,-0.4536904200000009,-0.37744036948507037,0.0
8c9ebf6e-cf52-4dd7-ae58-0a3bebaae780,2025-01-27 23:12:51.957,70.30676,64.64933662101431,5.657423378985683,8.046770152664813,70.30676,64.64933662101431,5.657423378985683,8.046770152664813,0.0
43781d36-e96f-4c39-8edb-7dd665735a10,2025-01-02 16:57:16.631,82.553744,,,,82.553744,,,,
0c1203b0-2e20-434c-afcd-ce270f38a035,2025-01-09 13:59:25.185,138.34556,135.47900390625,2.866556093750006,2.0720260872484855,138.34556,135.47900390625,2.866556093750006,2.0720260872484855,0.0
498717b5-43d2-4815-8aca-d53ec688e26b,2025-01-21 18:00:48.778,155.2480010986328,148.778176,6.4698250986328105,4.1674128187469375,155.2480010986328,148.778176,6.4698250986328105,4.1674128187469375,0.0
224c4c81-b09c-48d4-984a-77c8157ed547,2025-01-09 17:46:00.032,97.52228,99.38600158691406,-1.8637215869140675,-1.9110726153183328,97.52228,99.38600158691406,-1.8637215869140675,-1.9110726153183328,0.0
9224bc81-8216-49e2-a969-664379f3624b,2025-01-13 22:02:13.980,102.0582,,,,102.0582,,,,
b8a5625b-b077-4f32-8ac9-2b65c260aacc,2025-01-02 19:33:28.265,95.707912,95.70799007,-7.80700000007073e-05,-8.15711035475388e-05,95.707912,95.70799007,-7.80700000007073e-05,-8.15711035475388e-05,0.0
39549e5f-50d4-4500-8312-36eec349a925,2025-05-30 19:54:18.559,111.583632,102.330438672,9.253193327999995,8.292608120158693,111.583632,102.330438672,9.253193327999995,8.292608120158693,0.0
57d86e1c-0105-4904-aba5-ebc7fb5079e4,2025-06-06 19:42:20.255,136.0776,125.9,10.177599999999984,7.479261832954126,136.0776,125.9,10.177599999999984,7.479261832954126,0.0
de1475c0-3f28-4216-a3b6-6e33203cdf6b,2025-02-21 16:28:51.239,88.904032,88.7990888154976,0.10494318450240314,0.11804097310502537,88.904032,88.7990888154976,0.10494318450240314,0.11804097310502537,0.0
5b331d43-4afc-4b2c-8851-edd16e31fd9c,2025-04-21 20:14:24.674,108.86208,104.32616,4.535920000000004,4.1666666666666705,108.86208,104.32616,4.535920000000004,4.1666666666666705,0.0
9fbd47c9-614a-4b0c-adec-f19c2815584f,2025-02-06 16:10:43.592,114.758776,,,,114.758776,,,,
efe3e610-ab96-4d0a-8a4d-f6b26c56a052,2025-04-23 14:56:06.883,112.037224,107.55500793457033,4.482216065429668,4.000648985581496,112.037224,107.55500793457033,4.482216065429668,4.000648985581496,0.0
83176ff1-c991-4865-9df0-813e56c4fab6,2025-01-07 17:12:53.880,81.64656,82.10021897,-0.45365897000000643,-0.5556375798319078,81.64656,82.10021897,-0.45365897000000643,-0.5556375798319078,0.0
5f674f3f-6d46-4f4e-a902-0e32c0c82224,2025-05-30 21:43:07.988,64.50083362974594,66.49664421050812,-1.995810580762182,-3.0942399786935018,64.50083362974594,66.49664421050812,-1.995810580762182,-3.0942399786935018,0.0
8e247a11-cf52-4fea-9c40-7f2ad9a53eac,2025-01-01 20:50:59.948,95.75300598144533,91.88700103759766,3.8660049438476705,4.037476321732198,95.75300598144533,91.88700103759766,3.8660049438476705,4.037476321732198,0.0
d74b9094-2c87-4497-a66e-1b6abd93793e,2025-01-15 21:38:28.594,134.355,128.549,5.805999999999983,4.321387369282858,134.355,128.549,5.805999999999983,4.321387369282858,0.0
cc7e66d5-f5b8-48ac-be50-7859b56e4d9a,2025-01-05 03:03:42.683,104.32616,95.25432,9.071839999999995,8.695652173913038,104.32616,95.25432,9.071839999999995,8.695652173913038,0.0
ee761e80-c96c-417b-bd0c-edb4a4a98107,2025-01-06 16:16:59.050,72.57472,70.9320068359375,1.6427131640624992,2.263478473030966,72.57472,70.9320068359375,1.6427131640624992,2.263478473030966,0.0
8a494b39-a196-478b-ab23-12ea02c6c09e,2025-06-04 23:16:37.138,94.800728,95.934786255,-1.1340582549999993,-1.1962547956382774,94.800728,95.934786255,-1.1340582549999993,-1.1962547956382774,0.0
f0ad247b-867c-484e-b80c-9f0e47451bee,2025-01-05 21:15:44.881,118.841104,120.47413347200002,-1.6330294720000182,-1.3741284934546032,118.841104,120.47413347200002,-1.6330294720000182,-1.3741284934546032,0.0
330befd8-96cc-49ba-bf5c-9d8d936395f7,2025-01-16 14:04:00.524,108.86208,100.28600311279295,8.576076887207051,7.877928556212642,108.86208,100.28600311279295,8.576076887207051,7.877928556212642,0.0
bd40d497-6808-491a-8754-51ceebda5f3a,2025-01-10 02:04:34.024,102.0582,97.70379649800002,4.3544035019999825,4.266588575930188,102.0582,97.70379649800002,4.3544035019999825,4.266588575930188,0.0
169b5dc3-827f-4711-a81d-b8c793452f89,2025-02-05 03:51:02.063,104.59840329050812,91.17206637,13.42633692050812,12.83608209889998,104.59840329050812,91.17206637,13.42633692050812,12.83608209889998,0.0
8152b115-53bc-4d55-921d-f20aec214e41,2025-03-31 22:02:34.294,95.25432,86.39400482177734,8.860315178222663,9.301746291635553,95.25432,86.39400482177734,8.860315178222663,9.301746291635553,0.0
5db87438-93eb-45e7-851e-977d4cad8ca2,2025-02-11 18:06:09.109,116.573144,122.5987419903852,-6.025597990385194,-5.168941819382682,116.573144,122.5987419903852,-6.025597990385194,-5.168941819382682,0.0
39308dba-6bfb-4813-beb7-d3d7b434eadd,2025-01-26 02:25:48.058,83.91452,83.27956190050813,0.6349580994918682,0.7566725037477045,83.91452,83.27956190050813,0.6349580994918682,0.7566725037477045,0.0
8c8a9b17-d183-4d92-a6fc-67d761269e22,2025-01-05 00:17:47.144,107.954896,111.8310089111328,-3.876112911132793,-3.590492932467642,107.954896,111.8310089111328,-3.876112911132793,-3.590492932467642,0.0
41623256-bd30-491b-930e-8502e7483a7b,2025-01-07 22:30:03.985,102.05828325,97.052001953125,5.006281296875002,4.905315999301803,102.05828325,97.052001953125,5.006281296875002,4.905315999301803,0.0
d06c8943-3f03-48d6-a5ae-1eaa4712c3d0,2025-01-03 23:50:02.996,102.0582,97.97595192,4.082248079999999,3.9999216917405946,102.0582,97.97595192,4.082248079999999,3.9999216917405946,0.0
bfcf5324-2b3f-4406-b278-17bd7c44fb57,2025-02-19 21:19:07.413,100.697424,90.78600311279295,9.911420887207044,9.842775012007301,100.697424,90.78600311279295,9.911420887207044,9.842775012007301,0.0
bedcdd8a-a21c-434e-a8ba-f16fb4375178,2025-04-03 06:27:31.152,95.707912,94.6290054321289,1.078906567871087,1.1272908846565235,95.707912,94.6290054321289,1.078906567871087,1.1272908846565235,0.0
03111252-1ae9-45e6-951f-502933d93f2d,2025-01-28 02:56:03.240,114.86600494384766,117.82200622558594,-2.9560012817382812,-2.57343439704665,114.86600494384766,117.82200622558594,-2.9560012817382812,-2.57343439704665,0.0
d1fc5eda-fd5a-40aa-85a7-bd870c89bfd9,2025-01-09 14:58:29.261,138.799152,138.663187509,0.13596449099998154,0.09795772455438456,138.799152,138.663187509,0.13596449099998154,0.09795772455438456,0.0
f53c3c4f-fc7a-4888-9a8d-370fd4cb6fde,2025-01-28 18:03:00.888,76.66300201416016,73.97000122070312,2.6930007934570312,3.5127776407185523,76.66300201416016,73.97000122070312,2.6930007934570312,3.5127776407185523,0.0
e5a40c0d-2b2c-44c1-a817-bf6a5af24352,2025-01-02 13:38:32.903,92.079176,86.0,6.079176000000004,6.602118159702042,92.079176,86.0,6.079176000000004,6.602118159702042,0.0
6d595406-3f67-4b2b-961c-f38cdec1a0b6,2025-01-01 17:42:33.088,93.893544,92.71,1.183544000000012,1.2605169105130507,93.893544,92.71,1.183544000000012,1.2605169105130507,0.0
b9e12c51-01b7-43b0-8dec-87d0a9bf40f4,2025-01-03 20:38:30.358,95.25432,99.7903214,-4.536001399999989,-4.761990217346561,95.25432,99.7903214,-4.536001399999989,-4.761990217346561,0.0
59eea216-681e-4f8c-9745-481877e8c526,2025-03-19 04:24:17.650,85.728888,80.61900329589844,5.10988470410156,5.960516721156537,85.728888,80.61900329589844,5.10988470410156,5.960516721156537,0.0
2eb3da0b-b0bd-44bf-a9eb-296fa59f4232,2025-01-10 02:50:28.518,81.64656,76.81300354003906,4.833556459960931,5.920098115537178,81.64656,76.81300354003906,4.833556459960931,5.920098115537178,0.0
55cfb47d-1723-4305-8e9d-ae736636fa3e,2025-04-26 18:20:58.648,94.347136,94.165776012,0.18135998800001119,0.19222627807166415,94.347136,94.165776012,0.18135998800001119,0.19222627807166415,0.0
7f5f7617-def8-4ad4-b70c-8cf8414917ee,2025-01-02 21:13:45.907,99.79024,101.29,-1.499760000000009,-1.5029125092794737,99.79024,101.29,-1.499760000000009,-1.5029125092794737,0.0
cd427c6a-8943-4cad-9857-1db4d99a5c7e,2025-01-28 11:48:58.359,79.49400329589844,77.1030044555664,2.3909988403320312,3.0077725881184763,79.49400329589844,77.1030044555664,2.3909988403320312,3.0077725881184763,0.0
8e952c00-6176-4347-b11d-d2d8e34f8c79,2025-01-10 00:57:00.571,79.3786,81.24600219726562,-1.8674021972656192,-2.3525259922266444,79.3786,81.24600219726562,-1.8674021972656192,-2.3525259922266444,0.0
cba1de67-6651-4a55-b0ab-7de4885b685a,2025-01-01 22:29:41.960,111.13004,90.718474,20.411565999999993,18.36728035011955,111.13004,90.718474,20.411565999999993,18.36728035011955,0.0
7f716b3f-167b-4468-886e-7731f2f81799,2025-02-17 18:01:26.791,63.50288,61.66400146484375,1.8388785351562476,2.895740374540883,63.50288,61.66400146484375,1.8388785351562476,2.895740374540883,0.0
ad208f3a-e023-40fa-9b3b-96bd0c56de86,2025-01-20 06:57:11.545,107.501304,107.6828258694919,-0.1815218694918883,-0.1688555047591686,107.501304,107.6828258694919,-0.1815218694918883,-0.1688555047591686,0.0
08c4af56-ef03-4d03-96f9-1c0855af1e50,2025-01-16 09:38:54.509,145.14944,138.14401245117188,7.0054275488281235,4.826355202492082,145.14944,138.14401245117188,7.0054275488281235,4.826355202492082,0.0
02fb7717-05fb-4be2-9fbf-0970c3a9fdcd,2025-01-07 21:24:38.384,68.945984,66.224432,2.7215520000000026,3.9473684210526354,68.945984,66.224432,2.7215520000000026,3.9473684210526354,0.0
8acf8042-f199-475c-ad95-7d40cb8a26d5,2025-01-09 22:49:52.975,140.159928,136.2860107421875,3.873917257812508,2.7639264039950904,140.159928,136.2860107421875,3.873917257812508,2.7639264039950904,0.0
7e42a03c-8ff3-44c2-85b2-0bd7825f1a51,2025-01-03 16:47:22.235,104.779752,100.3989697867608,4.3807822132392005,4.180943483469211,104.779752,100.3989697867608,4.3807822132392005,4.180943483469211,0.0
58a53f21-87da-4365-a848-b2396a9790e1,2025-01-05 00:41:16.475,99.79024,90.09700775146484,9.693232248535153,9.713607511651594,99.79024,90.09700775146484,9.693232248535153,9.713607511651594,0.0
818a2a86-43b7-4699-8206-2d2910344885,2025-02-26 03:29:09.236,102.965384,99.7903214,3.175062600000004,3.0836213848335707,102.965384,99.7903214,3.175062600000004,3.0836213848335707,0.0
deb7fee5-2619-4cc3-9ae8-f6a20cd47adf,2025-01-09 20:11:13.655,77.11064,,,,77.11064,,,,
1ae769eb-a4cb-4c5e-9496-7702bbe6ee15,2025-01-29 16:45:06.780,71.667536,73.437,-1.7694639999999993,-2.4689895854658648,71.667536,73.437,-1.7694639999999993,-2.4689895854658648,0.0
f7632c83-02f4-4d38-a904-8dc2c8a52565,2025-05-02 01:59:06.872,94.7310028076172,96.252300914,-1.521298106382801,-1.6059136515975692,94.7310028076172,96.252300914,-1.521298106382801,-1.6059136515975692,0.0
4f682e7a-7a27-49fd-9feb-3677eb2aa3de,2025-01-29 23:12:00.380,122.923432,116.14200592041016,6.781426079589849,5.516788759680781,122.923432,116.14200592041016,6.781426079589849,5.516788759680781,0.0
30620913-7fc6-44b6-bd2c-f205207e36bd,2025-03-15 18:18:57.287,120.20188,107.0,13.201880000000003,10.983089449183325,120.20188,107.0,13.201880000000003,10.983089449183325,0.0
32099338-8494-42da-8ccd-6b56b7345c7c,2025-01-02 18:03:37.942,156.942832,160.99301147460938,-4.050179474609365,-2.5806718427314763,156.942832,160.99301147460938,-4.050179474609365,-2.5806718427314763,0.0
42872eb5-87b0-43f5-a67f-9da1b602389f,2025-01-03 22:11:55.386,86.18248,83.63200378417969,2.5504762158203107,2.959390604471246,86.18248,83.63200378417969,2.5504762158203107,2.959390604471246,0.0
93bbedf7-6b3c-4922-abb1-c8968818d852,2025-01-13 07:58:53.932,73.49000549316406,71.89400482177734,1.5960006713867188,2.171724795333124,73.49000549316406,71.89400482177734,1.5960006713867188,2.171724795333124,0.0
4e312c39-4950-43e5-abcc-2c94b541723b,2025-01-02 03:07:58.599,98.88306,95.48112,3.401939999999996,3.440366833307946,98.88306,95.48112,3.401939999999996,3.440366833307946,0.0
85c2d9bb-b289-474e-8995-c65140067f47,2025-01-02 18:25:39.217,178.715248,174.2982114916186,4.417036508381415,2.471549886096689,178.715248,174.2982114916186,4.417036508381415,2.471549886096689,0.0
b86de0dc-010e-4143-b622-233a1013ec04,2025-01-24 19:31:59.122,123.377024,119.49900817871094,3.8780158212890683,3.143223669659165,123.377024,119.49900817871094,3.8780158212890683,3.143223669659165,0.0
e3dd10fc-beb5-4ea6-9d5b-e5606c689ee2,2025-01-06 23:33:56.162,77.11064,72.48406211025406,4.6265778897459455,5.999921528009552,77.11064,72.48406211025406,4.6265778897459455,5.999921528009552,0.0
ac5aeb72-c7c8-4c50-9ab0-97566f424f4c,2025-01-02 14:57:50.393,92.98636,90.6490698324663,2.337290167533709,2.5135838928781693,92.98636,90.6490698324663,2.337290167533709,2.5135838928781693,0.0
912c41db-543f-4e10-9992-81dc1b4d7372,2025-03-14 06:23:14.395,89.357624,88.55,0.8076240000000041,0.9038109607748793,89.357624,88.55,0.8076240000000041,0.9038109607748793,0.0
d1d60a34-b153-4203-8cdc-e2769c2fe78c,2025-03-31 02:40:12.306,86.18248,82.417733629,3.764746371000001,4.368343044897294,86.18248,82.417733629,3.764746371000001,4.368343044897294,0.0
72fd8f3a-48d9-4049-be26-fb74dc27a4a1,2025-01-08 08:32:40.353,158.7572,161.478752,-2.721551999999974,-1.714285714285698,158.7572,161.478752,-2.721551999999974,-1.714285714285698,0.0
c2f37a11-2ccf-453d-9a00-8901e6959b0b,2025-01-16 20:14:15.740,68.945984,70.30676,-1.3607760000000013,-1.9736842105263177,68.945984,70.30676,-1.3607760000000013,-1.9736842105263177,0.0
72430997-b0ab-41b2-b0f9-1a04508eb6b6,2025-01-15 23:50:12.844,108.86208,111.674441494,-2.812361494000001,-2.5834170116903894,108.86208,111.674441494,-2.812361494000001,-2.5834170116903894,0.0
1c2e6af2-77f2-40c1-8c30-0ee0268e5806,2025-01-29 20:10:36.383,139.252744,,,,139.252744,,,,
a9817529-663c-454b-9be0-8f68c5885486,2025-02-19 21:37:52.431,141.067112,134.49861988331898,6.568492116681028,4.656288785922709,141.067112,134.49861988331898,6.568492116681028,4.656288785922709,0.0
0c7c87ec-ed23-4a7f-857d-c87c094f222a,2025-02-26 00:40:14.266,77.11000061035156,75.40999603271484,1.7000045776367188,2.204648637246286,77.11000061035156,75.40999603271484,1.7000045776367188,2.204648637246286,0.0
948bbbe1-cf0d-4c0a-a14c-1ae042ee5148,2025-01-09 22:40:55.684,113.398,104.71500396728516,8.68299603271484,7.657098037632798,113.398,104.71500396728516,8.68299603271484,7.657098037632798,0.0
af7d3041-3bbb-4207-9263-5a9d7d37bd87,2025-05-30 12:54:01.753,82.553744,86.6491108768583,-4.095366876858307,-4.960849355128348,82.553744,86.6491108768583,-4.095366876858307,-4.960849355128348,0.0
89394d8c-9ae6-4939-b9a2-f95d37b08c90,2025-03-19 00:50:23.023,115.66596,111.220849124,4.445110876000001,3.8430588186878847,115.66596,111.220849124,4.445110876000001,3.8430588186878847,0.0
51157039-7ad8-4350-a5bc-f75c3cc4fb68,2025-01-01 18:56:49.621,108.86208,106.78600311279295,2.0760768872070514,1.9070707515482448,108.86208,106.78600311279295,2.0760768872070514,1.9070707515482448,0.0
b8f26c6d-0d8f-4e2f-b09e-a08ba5609f07,2025-02-04 21:02:57.735,,82.73518371582031,,,,82.73518371582031,,,
56c9d567-d58b-401c-a52d-37b28acf31af,2025-02-22 01:46:50.795,156.942832,158.13101196289062,-1.1881799628906151,-0.757078197040955,156.942832,158.13101196289062,-1.1881799628906151,-0.757078197040955,0.0
a4eb0842-59f6-47c8-bb4b-ce78c1ccbfe7,2025-05-16 03:53:02.179,163.29312,157.55,5.743119999999976,3.5170618333460566,163.29312,157.55,5.743119999999976,3.5170618333460566,0.0
25d89693-9a01-4501-a146-9fec77da54c5,2025-01-02 17:12:21.880,91.625584,90.427001953125,1.1985820468750035,1.3081303218487572,91.625584,90.427001953125,1.1985820468750035,1.3081303218487572,0.0
b94fc868-2b6f-40a0-8de0-942e255e129a,2025-05-19 18:55:39.370,128.820128,,,,128.820128,,,,
425a7aa1-7afe-4fc7-9ac2-5929a815f151,2025-01-08 19:14:18.765,108.408488,106.97900390625,1.4294840937500055,1.3186090131152879,108.408488,106.97900390625,1.4294840937500055,1.3186090131152879,0.0
3a9ecefb-ba1b-4877-bdda-7ebdbf076051,2025-01-15 19:08:15.146,98.429464,92.4,6.02946399999999,6.1256698502391425,98.429464,92.4,6.02946399999999,6.1256698502391425,0.0
50bc539f-4a1c-415d-9d8e-7aa2c4ba10f1,2025-01-10 21:05:27.750,96.615096,90.75,5.865095999999994,6.070579280902432,96.615096,90.75,5.865095999999994,6.070579280902432,0.0
a3f6f84a-7bb6-4329-83bb-474d75bd3e48,2025-01-16 00:00:20.864,,103.39000701904295,,,,103.39000701904295,,,
ecc5c699-a7b6-41fa-a81f-821e1cd8dac4,2025-01-22 01:18:58.550,99.79024,89.94736697100001,9.842873028999989,9.863562838409837,99.79024,89.94736697100001,9.842873028999989,9.863562838409837,0.0
6bfd5cdd-5922-4101-9056-4fc8fabd6d8e,2025-01-10 21:16:12.544,123.830616,114.30527724,9.525338760000011,7.692232395904427,123.830616,114.30527724,9.525338760000011,7.692232395904427,0.0
946cf880-a4db-41d0-ad49-60538cbc19df,2025-01-06 19:54:41.150,113.488810974,113.3980925,0.0907184739999991,0.07993605115907194,113.488810974,113.3980925,0.0907184739999991,0.07993605115907194,0.0
f8803de7-1f77-4786-aa16-9d9e1c92050b,2025-01-04 00:05:04.885,68.31101092200001,64.003,4.308010922000008,6.306466357113425,68.31101092200001,64.003,4.308010922000008,6.306466357113425,0.0
ab9e21a9-1c37-40ee-8a0a-64e1794c4d1c,2025-01-30 15:24:11.394,86.18248,86.31400299072266,-0.13152299072265805,-0.1526098932435665,86.18248,86.31400299072266,-0.13152299072265805,-0.1526098932435665,0.0
112fd500-079f-4257-8c3e-e043d45955fb,2025-03-07 21:46:28.934,207.291544,195.498152,11.793391999999983,5.689277899343537,207.291544,195.498152,11.793391999999983,5.689277899343537,0.0
e5de11f8-4727-4414-af34-d42f93825e40,2025-01-14 18:54:45.715,105.686936,113.3980925,-7.711156500000001,-7.296224861699086,105.686936,113.3980925,-7.711156500000001,-7.296224861699086,0.0
4226b113-d453-40c3-bf8b-c13f1f9e1590,2025-03-31 16:21:40.056,113.3980925,110.63208296090043,2.7660095390995707,2.439202880859368,113.3980925,110.63208296090043,2.7660095390995707,2.439202880859368,0.0
a4f01117-e929-494f-ad94-0e62e096ac4e,2025-01-03 01:32:19.851,156.035648,144.423810608,11.611837392000012,7.441784964420446,156.035648,144.423810608,11.611837392000012,7.441784964420446,0.0
eaebbe70-c78a-46ee-aadd-455a086ca52b,2025-02-07 19:17:09.260,107.501304,104.054089678,3.4472143220000078,3.206672099531004,107.501304,104.054089678,3.4472143220000078,3.206672099531004,0.0
5818e55f-bed4-4d66-bd1f-65c25b8aaa84,2025-03-24 23:51:17.247,81.5790023803711,77.37300109863281,4.206001281738281,5.155740029925025,81.5790023803711,77.37300109863281,4.206001281738281,5.155740029925025,0.0
29b10edc-324a-4c43-a1dd-777ef6dfa192,2025-01-07 23:10:18.814,167.375448,,,,167.375448,,,,
2889926e-133c-4660-9337-c844ab8f093c,2025-01-01 13:53:18.021,153.5863800048828,138.60000610351562,14.986373901367188,9.757619068104049,153.5863800048828,138.60000610351562,14.986373901367188,9.757619068104049,0.0
04b14730-7af2-4721-9886-1f4d3c9542e2,2025-01-03 22:54:11.991,85.728888,85.10700225830078,0.6218857416992165,0.7254097845048644,85.728888,85.10700225830078,0.6218857416992165,0.7254097845048644,0.0
68e5341e-5b9e-4692-b1b1-5809dc0c386b,2025-05-13 19:10:48.436,93.439952,91.90200805664062,1.5379439433593802,1.645916880778556,93.439952,91.90200805664062,1.5379439433593802,1.645916880778556,0.0
30bf5b8f-a5b3-4c59-b033-137399fb37fc,2025-01-07 14:08:30.303,142.88148,141.792974862,1.0885051380000164,0.7618238122953488,142.88148,141.792974862,1.0885051380000164,0.7618238122953488,0.0
83c2c5a6-7bc2-4ea7-89f2-6acfaf986b88,2025-01-25 05:45:33.216,84.16800689697266,82.55381134,1.6141955569726605,1.9178255687443628,84.16800689697266,82.55381134,1.6141955569726605,1.9178255687443628,0.0
620ebb78-8471-4578-89f1-5aff4620a452,2025-01-13 13:38:34.538,115.35,116.529,-1.179000000000002,-1.0221066319895988,115.35,116.529,-1.179000000000002,-1.0221066319895988,0.0
288310f2-1215-4880-a890-ccfcc57284a3,2025-03-07 15:50:26.168,183.70476,170.5170135498047,13.187746450195306,7.1787723138993815,183.70476,170.5170135498047,13.187746450195306,7.1787723138993815,0.0
f09f2003-737d-4d6a-87ac-5d49ff15a201,2025-01-16 18:12:16.248,89.811216,89.629852312,0.18136368800000469,0.2019387957067686,89.811216,89.629852312,0.18136368800000469,0.2019387957067686,0.0
091baa98-cf05-4399-b490-e24324f7607f,2025-01-09 18:53:57.612,179.16884,127.1986947893344,51.97014521066559,29.00624082327351,179.16884,127.1986947893344,51.97014521066559,29.00624082327351,0.0
4c4135ae-eaae-408d-8dd7-ce6a0ebfbc2c,2025-01-09 01:57:12.112,144.695848,147.68967567200002,-2.993827672000009,-2.0690487760229366,144.695848,147.68967567200002,-2.993827672000009,-2.0690487760229366,0.0
bf98e394-a091-4220-993d-b16695e557b3,2025-03-04 16:49:15.864,120.20188,,,,120.20188,,,,
668bfd3c-2a6f-4ebf-84ee-d859ce3d2273,2025-01-15 18:00:19.524,80.85000610351562,80.00200653076172,0.8479995727539062,1.0488552983758308,80.85000610351562,80.00200653076172,0.8479995727539062,1.0488552983758308,0.0
2dc92c02-6e04-40e3-9a2a-c31eb406a303,2025-01-16 06:05:10.484,110.2988682018906,105.0989215596002,5.199946642290399,4.714415231144927,110.2988682018906,105.0989215596002,5.199946642290399,4.714415231144927,0.0
9074e888-4d80-43c6-959b-96be67c85623,2025-04-10 22:16:12.678,86.636072,74.0492401656931,12.586831834306892,14.52839624851285,86.636072,74.0492401656931,12.586831834306892,14.52839624851285,0.0
7201f5e2-bb6a-4fea-b594-8ea7076594a2,2025-03-27 04:53:00.442,78.017824,75.3492268272657,2.6685971727343087,3.4204967992113042,78.017824,75.3492268272657,2.6685971727343087,3.4204967992113042,0.0
26fce475-c569-42dd-a255-2c6265b0dc57,2025-05-13 06:06:29.331,120.655472,119.6820068359375,0.9734651640625032,0.8068139371768427,120.655472,119.6820068359375,0.9734651640625032,0.8068139371768427,0.0
d5347f4b-40d9-407e-bf5c-7160325cdd9a,2025-01-23 17:36:34.109,124.7378,119.9830093383789,4.754790661621087,3.8118282201715017,124.7378,119.9830093383789,4.754790661621087,3.8118282201715017,0.0
d180fb81-f52b-4e5f-931c-762c57b86bf1,2025-01-16 13:50:04.370,83.91452,79.94917962621491,3.9653403737850823,4.725452012101222,83.91452,79.94917962621491,3.9653403737850823,4.725452012101222,0.0
497456c5-9cc5-4b24-8c6e-f0ff5c0ed01f,2025-01-06 17:54:40.283,117.76600646972656,,,,117.76600646972656,,,,
a26af3ad-e51e-4b74-9e2c-31ce024a2457,2025-03-14 15:52:28.485,112.7,109.8000030517578,2.8999969482422046,2.5732004864615834,112.7,109.8000030517578,2.8999969482422046,2.5732004864615834,0.0
4c6b92f2-7052-4717-84d5-efa07c70f8cc,2025-01-06 18:16:24.798,78.3,78.8,-0.5,-0.6385696040868455,78.3,78.8,-0.5,-0.6385696040868455,0.0
69b5eaa2-e803-4a72-a0cd-f36ebc6537df,2025-01-13 18:11:35.104,94.80080533,90.718474,4.082331330000002,4.306220095693782,94.80080533,90.718474,4.082331330000002,4.306220095693782,0.0
544540af-5e8c-45a6-9cf4-0929c18975ef,2025-02-27 16:32:02.964,73.028312,69.58000183105469,3.448310168945312,4.721881246475083,73.028312,69.58000183105469,3.448310168945312,4.721881246475083,0.0
0fb079da-56f8-4819-b13d-3f8da67113a9,2025-01-02 04:47:52.679,77.066,68.901,8.165000000000006,10.594814834038365,77.066,68.901,8.165000000000006,10.594814834038365,0.0
225a418d-924a-4462-a902-81ab9eeb53e1,2025-01-13 19:07:37.503,96.73300170898438,,,,96.73300170898438,,,,
08419e1e-b6bf-48a5-8514-ce1a9efd47f3,2025-01-09 23:14:19.792,129.27372,126.58999633789062,2.6837236621093723,2.0760009552671437,129.27372,126.58999633789062,2.6837236621093723,2.0760009552671437,0.0
cdc7f033-3d5c-4767-8ea7-bb505c7f544e,2025-01-01 18:01:43.777,94.347136,88.40515291300001,5.941983086999997,6.298000489384221,94.347136,88.40515291300001,5.941983086999997,6.298000489384221,0.0
6f21bc8c-6067-4560-b441-817bcdad06e9,2025-01-04 01:28:24.902,130.180904,126.68834686279295,3.4925571372070436,2.6828490430570704,130.180904,126.68834686279295,3.4925571372070436,2.6828490430570704,0.0
20a4695c-72fe-454e-a17d-459c0aee9de8,2025-01-06 20:56:31.450,105.686936,107.59600830078124,-1.909072300781233,-1.806346529699028,105.686936,107.59600830078124,-1.909072300781233,-1.806346529699028,0.0
b79e4cbe-6ef5-48c8-af8c-1b11a964aa5e,2025-01-05 16:08:22.011,77.1107029,,,,77.1107029,,,,
fd4e1bfc-56e8-4957-9807-25e8c56ed9df,2025-02-13 20:23:16.051,102.0582,88.67200469970703,13.386195300292968,13.116236912166752,102.0582,88.67200469970703,13.386195300292968,13.116236912166752,0.0
12690608-9f83-4cec-9e68-9b9daeda0026,2025-01-28 23:02:57.322,92.98636,91.57906028864517,1.4072997113548382,1.513447468375833,92.98636,91.57906028864517,1.4072997113548382,1.513447468375833,0.0
2c5be2b5-3812-4936-8ce2-834e368409c3,2025-01-09 22:10:50.119,96.615096,100.19855499267578,-3.583458992675787,-3.7090052600846017,96.615096,100.19855499267578,-3.583458992675787,-3.7090052600846017,0.0
44d1df85-d8da-441a-a9b7-d1855bdb29cb,2025-01-07 13:42:52.813,111.13004,110.3988671757808,0.7311728242192004,0.6579434545503632,111.13004,110.3988671757808,0.7311728242192004,0.6579434545503632,0.0
00fbc4b2-8c53-45e0-b367-059efbbc31c3,2025-01-08 18:04:04.901,75.296272,69.399576,5.896696000000006,7.831325301204826,75.296272,69.399576,5.896696000000006,7.831325301204826,0.0
6e986b29-d430-4571-8f19-b8fac0b187fc,2025-01-01 20:13:15.238,99.79024,97.87800598144533,1.9122340185546705,1.9162535520053572,99.79024,97.87800598144533,1.9122340185546705,1.9162535520053572,0.0
4a07f66e-b3f7-45a3-9f8b-84c9a7273a42,2025-01-01 20:04:45.554,73.028312,72.79000091552734,0.23831108447265592,0.32632697914838277,73.028312,72.79000091552734,0.23831108447265592,0.32632697914838277,0.0
0e1fbbb9-8c66-4979-9957-a84a6efa369a,2025-02-01 18:56:16.462,85.275296,84.45889790974594,0.8163980902540544,0.9573676416837703,85.275296,84.45889790974594,0.8163980902540544,0.9573676416837703,0.0
49e963d6-d8bb-4022-b71f-76a0b95729b6,2025-01-01 20:24:49.707,88.29900360107422,87.8030014038086,0.496002197265625,0.5617302314151943,88.29900360107422,87.8030014038086,0.496002197265625,0.5617302314151943,0.0
f057ab63-5c94-4a20-9408-5b5aa3185d67,2025-04-10 18:09:15.210,77.11064,75.26900482177734,1.8416351782226599,2.3883022864583405,77.11064,75.26900482177734,1.8416351782226599,2.3883022864583405,0.0
2dd08482-6d8b-4180-857e-b72bcef40a60,2025-01-21 19:48:01.302,123.377024,117.64508085029878,5.731943149701223,4.64587567755016,123.377024,117.64508085029878,5.731943149701223,4.64587567755016,0.0
7c90b39e-22ea-4fb9-867f-c695b99a7fe5,2025-01-01 18:12:22.242,134.263232,125.81500244140624,8.448229558593752,6.29228824060615,134.263232,125.81500244140624,8.448229558593752,6.29228824060615,0.0
2b2e8362-de85-4971-ae55-01e2e749a960,2025-06-07 23:39:48.806,101.6046875,97.885234375,3.719453125000001,3.660710166546205,101.6046875,97.885234375,3.719453125000001,3.660710166546205,0.0
737f4f67-2cef-4589-90dd-ad0b56deb632,2025-01-06 16:56:22.442,78.017824,73.6492442711323,4.368579728867701,5.599463692896254,78.017824,73.6492442711323,4.368579728867701,5.599463692896254,0.0
bc91f01e-3d28-4844-a27a-4670e812e867,2025-06-11 15:18:36.939,73.935496,,,,73.935496,,,,
3605a1b4-f855-4114-9278-b0ad5216cc62,2025-01-01 19:08:55.269,142.88148,142.790878076,0.09060192399999778,0.06341054417969198,142.88148,142.790878076,0.09060192399999778,0.06341054417969198,0.0
9633a891-c68f-4d84-b299-16f9a7bb0fd0,2025-01-02 23:57:11.393,165.56108,165.5612335205078,-0.00015352050780848003,-9.272741383933956e-05,165.56108,165.5612335205078,-0.00015352050780848003,-9.272741383933956e-05,0.0
b23fc8cc-bb7a-49e7-a15b-e81359e448d0,2025-02-17 20:51:12.961,59.874144,62.43300247192383,-2.558858471923827,-4.273728693179859,59.874144,62.43300247192383,-2.558858471923827,-4.273728693179859,0.0
3efc7697-e52b-42fb-b5e4-9d7cb49c5501,2025-05-27 03:14:31.298,105.233344,97.96300506591795,7.270338934082048,6.908778774607835,105.233344,97.96300506591795,7.270338934082048,6.908778774607835,0.0
de6394ae-f8ca-46a7-b2a8-b69f22e29501,2025-01-01 20:48:24.546,108.272498719,103.691215782,4.5812829369999974,4.231252618349391,108.272498719,103.691215782,4.5812829369999974,4.231252618349391,0.0
8567e1f9-5ce9-4ac0-8089-1ef312ea9cc9,2025-05-05 17:49:17.213,78.471416,76.6992129747834,1.772203025216598,2.2584058190266347,78.471416,76.6992129747834,1.772203025216598,2.2584058190266347,0.0
97b4a3d3-a216-4473-8d7a-469d996c8cbd,2025-04-12 00:33:08.398,71.667536,67.67598021974595,3.9915557802540462,5.5695451567555585,71.667536,67.67598021974595,3.9915557802540462,5.5695451567555585,0.0
fd439a8f-06fb-4b50-ae42-308086e844c5,2025-01-01 16:27:25.848,97.52228,92.39300537109376,5.129274628906231,5.2595926068445396,97.52228,92.39300537109376,5.129274628906231,5.2595926068445396,0.0
7b40e3d0-28c2-4c6a-80f6-d98b63ed4e2e,2025-01-02 18:45:40.850,132.902456,130.8360137939453,2.0664422060546883,1.5548562970534483,132.902456,130.8360137939453,2.0664422060546883,1.5548562970534483,0.0
bd33e336-4eb1-49a6-9a1a-c773fa979552,2025-01-02 00:59:43.774,73.935496,74.70666333899999,-0.7711673389999874,-1.0430272071211741,73.935496,74.70666333899999,-0.7711673389999874,-1.0430272071211741,0.0
28531aa3-1d61-43e9-8f46-ee74cbee6da2,2025-01-06 18:51:08.584,62.5993576552652,,,,62.5993576552652,,,,
c5e0f292-1a1a-417d-b81b-526c4a3edbe5,2025-02-08 00:16:23.120,114.305184,112.672344708,1.6328392919999999,1.428491022769361,114.305184,112.672344708,1.6328392919999999,1.428491022769361,0.0
a956f47c-c29d-41c1-a82f-b4aa8c477561,2025-01-05 04:53:47.657,58.513368,54.380001068115234,4.1333669318847654,7.063970291173062,58.513368,54.380001068115234,4.1333669318847654,7.063970291173062,0.0
e69e8b40-721a-4803-8624-5c1ba0a0cdcf,2025-01-09 02:46:54.654,102.965384,,,,102.965384,,,,
436fdfa6-cb37-4764-8a09-05583981c739,2025-01-05 03:05:15.476,77.11064,,,,77.11064,,,,
e163be5d-b517-40de-996b-c8172ab6f975,2025-01-16 02:40:35.595,111.13004,115.60400390625,-4.473963906250006,-4.025881666424313,111.13004,115.60400390625,-4.473963906250006,-4.025881666424313,0.0
47812f67-4e99-489a-af00-c11833e85e42,2025-01-06 11:16:39.948,144.242256,133.220079069,11.02217693099999,7.641434096122284,144.242256,133.220079069,11.02217693099999,7.641434096122284,0.0
ece681c5-5367-48b7-aa1d-a77a67d77749,2025-01-03 16:56:04.145,90.7184,88.67300415039062,2.0453958496093776,2.2546648194956895,90.7184,88.67300415039062,2.0453958496093776,2.2546648194956895,0.0
2d7b3b2d-1e85-4532-beae-281956700b53,2025-01-15 23:52:32.659,76.552001953125,79.45600128173828,-2.9039993286132812,-3.79349886942406,76.552001953125,79.45600128173828,-2.9039993286132812,-3.79349886942406,0.0
553ffc33-0a5e-4261-b635-5a9a35afd612,2025-01-18 21:23:17.155,119.748288,117.281005859375,2.4672821406250023,2.0603903252671154,119.748288,117.281005859375,2.4672821406250023,2.0603903252671154,0.0
a2cb3dbf-9b12-4a59-984d-2517f444c358,2025-04-07 19:58:18.463,,102.8,,,,102.8,,,
43845a0d-fdb0-41a8-8bdb-f2d64c026ef0,2025-01-02 01:53:37.996,99.79024,94.56300354003906,5.227236459960935,5.238224158956763,99.79024,94.56300354003906,5.227236459960935,5.238224158956763,0.0
f80ca681-55d3-498d-8cdd-b942ecec9aee,2025-01-07 10:30:52.088,68.492392,63.63900375366211,4.853388246337886,7.086025330138692,68.492392,63.63900375366211,4.853388246337886,7.086025330138692,0.0
36ec7648-63fe-4ef6-a5d6-6a4b09312777,2025-01-08 15:49:08.027,77.11064,72.59100341796875,4.519636582031254,5.861235987707084,77.11064,72.59100341796875,4.519636582031254,5.861235987707084,0.0
00fa08ec-da9c-4206-87fb-cbe5097ae173,2024-08-28 16:55:48.359,102.0582,102.0582,0.0,0.0,102.0582,102.0582,0.0,0.0,0.0
39339b01-9f99-47a4-91f0-c4f05f494496,2025-01-03 00:21:26.421,188.24068,173.5982186743872,14.6424613256128,7.778585014468073,188.24068,173.5982186743872,14.6424613256128,7.778585014468073,0.0
960ef2b8-d0d6-4125-8334-0476a09f4153,2025-06-11 16:30:49.069,88.904032,83.89913909487781,5.00489290512219,5.629545468896383,88.904032,83.89913909487781,5.00489290512219,5.629545468896383,0.0
2f9ae0bc-6be0-4a29-b75a-f46fc06d8040,2025-01-09 19:31:10.564,73.209808518,,,,73.209808518,,,,
93724757-8118-4e22-94e8-923b65fa8b21,2025-01-21 17:21:40.177,158.7572,153.3140106201172,5.443189379882824,3.428625208735619,158.7572,153.3140106201172,5.443189379882824,3.428625208735619,0.0
f2a6f984-2e0f-4cae-8013-80990d50a19b,2025-01-07 17:37:59.659,117.93392,105.59100341796876,12.342916582031236,10.465959735783596,117.93392,105.59100341796876,12.342916582031236,10.465959735783596,0.0
ea93e7e7-7bc9-4bc4-b429-5154af522566,2025-05-09 18:25:13.085,93.44002822,89.58449307500001,3.8555351449999904,4.126213592232999,93.44002822,89.58449307500001,3.8555351449999904,4.126213592232999,0.0
ed6c29ba-edf4-4643-a71f-c2fe1af5c0ed,2025-01-26 18:58:21.544,113.398,103.52100372314452,9.876996276855479,8.710026876007936,113.398,103.52100372314452,9.876996276855479,8.710026876007936,0.0
237e5622-9c27-40a6-aff7-257d8df6a453,2025-02-07 22:02:53.150,98.883056,93.41100311279295,5.472052887207042,5.5338630383824725,98.883056,93.41100311279295,5.472052887207042,5.5338630383824725,0.0
cdd0a3de-88b3-4b5f-9587-dd1bec759153,2025-05-06 19:57:36.086,72.121128,71.5040054321289,0.6171225678710925,0.8556751467768121,72.121128,71.5040054321289,0.6171225678710925,0.8556751467768121,0.0
58bd407f-9755-4bc3-ac33-14cb116e6fc7,2025-01-15 21:33:42.581,117.47100830078124,116.76500701904295,0.7060012817382812,0.6010004442377685,117.47100830078124,116.76500701904295,0.7060012817382812,0.6010004442377685,0.0
817e413f-5197-4050-aa13-bddebe358495,2025-01-06 19:11:49.060,127.00576,126.55227123,0.45348876999999277,0.3570615773646745,127.00576,126.55227123,0.45348876999999277,0.3570615773646745,0.0
1737a2aa-266b-4334-82e2-a7774298aaf6,2025-01-06 18:42:01.409,76.657048,72.21190643310547,4.445141566894534,5.798738254171402,76.657048,72.21190643310547,4.445141566894534,5.798738254171402,0.0
94f2034f-2daa-4b49-89b8-0d8592992742,2025-01-15 05:49:21.224,96.615096,,,,96.615096,,,,
ddc36366-8b1f-4c06-b392-b707d0007cfc,2025-01-01 21:23:34.283,107.047712,98.7489867165725,8.298725283427501,7.752361193322377,107.047712,98.7489867165725,8.298725283427501,7.752361193322377,0.0
b18b8372-104c-48e4-94c4-2d6bdd56aaa7,2025-01-21 21:04:41.380,92.98636,93.45,-0.46363999999999805,-0.49861076398731813,92.98636,93.45,-0.46363999999999805,-0.49861076398731813,0.0
2f56cc00-fa75-4523-9dda-ca0fb2116d1a,2025-03-11 15:57:01.791,94.347136,87.7090072631836,6.638128736816412,7.0358561141870934,94.347136,87.7090072631836,6.638128736816412,7.0358561141870934,0.0
8c095577-d604-42f7-be34-d260cc1a300b,2025-03-03 06:34:46.698,127.00576,124.82500457763672,2.1807554223632764,1.7170523780679525,127.00576,124.82500457763672,2.1807554223632764,1.7170523780679525,0.0
c54ace23-7590-4c1c-8f91-58bf6fc2dd78,2025-01-01 17:16:28.541,99.246010556,97.97595192,1.2700586360000017,1.2797074954296177,99.246010556,97.97595192,1.2700586360000017,1.2797074954296177,0.0
896f5f9b-67cf-4181-85f9-7580f845ce22,2025-02-04 20:36:46.677,88.45044,88.39800262451172,0.052437375488281646,0.05928447104195484,88.45044,88.39800262451172,0.052437375488281646,0.05928447104195484,0.0
76ba35b0-6fc3-430a-88b7-76bfbd91924f,2025-02-18 02:32:55.586,95.707912,90.8010025024414,4.906909497558587,5.126963272961787,95.707912,90.8010025024414,4.906909497558587,5.126963272961787,0.0
dfd77efa-c05f-4916-996b-729ee0944c93,2025-01-22 19:44:13.307,129.27372,132.39864143062482,-3.1249214306248234,-2.417290560389864,129.27372,132.39864143062482,-3.1249214306248234,-2.417290560389864,0.0
bbf0cad7-5f4f-422b-acd5-052431af1bb7,2025-02-26 15:52:13.975,65.77083999999999,60.8180046081543,4.952835391845696,7.530442657940352,65.77083999999999,60.8180046081543,4.952835391845696,7.530442657940352,0.0
6997a78a-7b02-4314-b0a3-b176b5d0e91f,2025-02-10 22:58:42.006,84.36818082,85.15,-0.7818191799999994,-0.9266754034533647,84.36818082,85.15,-0.7818191799999994,-0.9266754034533647,0.0
167e0438-acb5-4589-a87c-3c3a2fcbeb3a,2025-01-14 23:05:11.947,70.30676,68.53780987550812,1.7689501244918802,2.516045575833505,70.30676,68.53780987550812,1.7689501244918802,2.516045575833505,0.0
273f4489-56d8-4dc7-94ba-4eaabcb311ce,2025-01-02 17:55:45.048,70.51700592041016,68.28700256347656,2.2300033569335938,3.162362507918321,70.51700592041016,68.28700256347656,2.2300033569335938,3.162362507918321,0.0
47e6def9-5bf3-4056-bb42-058715280a12,2025-02-03 20:07:26.679,125.191392,113.6988333141574,11.492558685842596,9.179991133769482,125.191392,113.6988333141574,11.492558685842596,9.179991133769482,0.0
ca3131ba-f95a-475b-9fdb-a75bbd3a0999,2025-03-07 21:05:34.350,90.1500015258789,85.9000015258789,4.25,4.714364867514699,90.1500015258789,85.9000015258789,4.25,4.714364867514699,0.0
e4fe130e-793b-4b6f-af0d-00a76f91c1c2,2025-01-10 01:50:04.406,142.44400024414062,137.29501342773438,5.14898681640625,3.6147446067094364,142.44400024414062,137.29501342773438,5.14898681640625,3.6147446067094364,0.0
4a19d907-46e0-4344-891e-69d0fcb6f3c7,2025-01-10 04:06:22.092,108.86208,101.49400329589844,7.3680767041015685,6.7682674298539665,108.86208,101.49400329589844,7.3680767041015685,6.7682674298539665,0.0
15366c17-d1a2-43a6-98d4-f30219c3d264,2025-01-22 00:50:34.400,102.05828325,104.64800262451172,-2.5897193745117164,-2.5374906299060407,102.05828325,104.64800262451172,-2.5897193745117164,-2.5374906299060407,0.0
9347c120-930c-432e-b597-b4d4d1ac3cb3,2025-03-27 06:24:50.283,98.1550064086914,96.04200744628906,2.1129989624023438,2.1527164428112577,98.1550064086914,96.04200744628906,2.1129989624023438,2.1527164428112577,0.0
cad72751-f020-4ca1-91a5-560bdb05bae9,2025-01-04 03:33:20.459,99.881039874,89.83700561523438,10.04403425876562,10.055996885330968,99.881039874,89.83700561523438,10.04403425876562,10.055996885330968,0.0
8d002bde-a5ad-4855-963b-b3b1290f6c7f,2025-01-08 14:17:07.085,102.511792,,,,102.511792,,,,
db38f46c-d98a-4bb8-b46c-4ac1cc8ee36c,2025-03-17 23:00:29.094,113.398,104.32616,9.071839999999995,7.9999999999999964,113.398,104.32616,9.071839999999995,7.9999999999999964,0.0
47a92625-ac73-418e-bb58-3b25b7c66ac7,2025-01-02 06:27:55.973,124.7378,127.0050048828125,-2.267204882812507,-1.8175764546212194,124.7378,127.0050048828125,-2.267204882812507,-1.8175764546212194,0.0
616a2371-80b8-42fc-a853-a2c75fd451e0,2025-04-28 05:55:34.939,163.29312,159.39700317382812,3.8961168261718626,2.385965083018723,163.29312,159.39700317382812,3.8961168261718626,2.385965083018723,0.0
0249978f-cf9f-459a-a599-cbb4a64cae0c,2025-01-08 19:46:39.409,74.84268,63.59364888974594,11.249031110254059,15.03023556913523,74.84268,63.59364888974594,11.249031110254059,15.03023556913523,0.0
759d31f8-7f6b-4204-8ecf-852bedc72040,2025-01-15 19:21:11.080,88.904032,82.1908704,6.7131616000000065,7.551020408163272,88.904032,82.1908704,6.7131616000000065,7.551020408163272,0.0
719b9d60-0b96-4376-807a-72f85c746128,2025-01-18 21:46:29.053,95.3011162744858,,,,95.3011162744858,,,,
6a285484-2e92-49fc-a6f0-396d1a74361f,2025-06-06 20:16:02.342,81.64656,79.378662109375,2.267897890624994,2.7777017067528553,81.64656,79.378662109375,2.267897890624994,2.7777017067528553,0.0
e11e22d2-017e-404c-98cf-3fbe9b5590a4,2025-01-01 15:05:16.149,105.686936,,,,105.686936,,,,
e4211c27-1133-41cf-b440-f229a810a8d4,2025-01-06 18:45:52.707,81.64656,67.585265625,14.061294374999989,17.222151643620982,81.64656,67.585265625,14.061294374999989,17.222151643620982,0.0
7eda8faa-4900-4f23-8a76-cb42a488a5f6,2025-04-06 03:27:59.678,109.315672,107.954896,1.3607760000000013,1.2448132780082999,109.315672,107.954896,1.3607760000000013,1.2448132780082999,0.0
b8cf1e91-b3db-4365-8bb9-550ad0f7ba70,2025-01-02 17:27:28.067,100.243832,91.8030014038086,8.440830596191404,8.420299212216273,100.243832,91.8030014038086,8.440830596191404,8.420299212216273,0.0
106f4051-9a00-4979-8aea-9726fe2d898f,2025-01-09 17:24:17.474,102.0582,92.307,9.751199999999997,9.554548287153798,102.0582,92.307,9.751199999999997,9.554548287153798,0.0
b977e775-1c78-4dc2-a873-ff8b01c83ad0,2025-04-22 01:09:46.593,86.18248,78.84500122070312,7.337478779296873,8.513886789167442,86.18248,78.84500122070312,7.337478779296873,8.513886789167442,0.0
e3533ebd-e437-415c-a24b-2ed3d8d2eb39,2025-02-05 14:53:39.435,127.0058636,121.7620086669922,5.243854933007796,4.128829003929387,127.0058636,121.7620086669922,5.243854933007796,4.128829003929387,0.0
1f37d93e-1983-4eea-b7c1-2e966d3c7dbc,2025-05-15 14:39:18.311,141.067112,134.58074951171875,6.486362488281259,4.598068533707033,141.067112,134.58074951171875,6.486362488281259,4.598068533707033,0.0
6616c975-1c0e-4fda-864d-30aace0fd2da,2025-02-20 18:51:24.623,113.398,103.86100769042967,9.536992309570323,8.410194456313448,113.398,103.86100769042967,9.536992309570323,8.410194456313448,0.0
1a2e6270-275e-40b0-a5d2-757a3abc7485,2025-01-13 20:37:45.254,111.13004,113.74700164794922,-2.616961647949225,-2.3548643084707113,111.13004,113.74700164794922,-2.616961647949225,-2.3548643084707113,0.0
a7921f6c-0e4e-4180-82a8-0bb6918ecaa5,2025-03-13 05:12:56.631,82.100152,81.85100555419922,0.2491464458007755,0.3034664854223114,82.100152,81.85100555419922,0.2491464458007755,0.3034664854223114,0.0
79c052b7-0af5-4b15-815c-85bb909f33e1,2025-01-31 14:35:54.396,91.14800262451172,88.77400207519531,2.3740005493164062,2.604555756527335,91.14800262451172,88.77400207519531,2.3740005493164062,2.604555756527335,0.0
e9fa4aeb-5d1b-4d0b-a4ed-f41b775cceb2,2025-03-15 02:48:00.975,80.45500183105469,78.16000366210938,2.2949981689453125,2.8525239161196194,80.45500183105469,78.16000366210938,2.2949981689453125,2.8525239161196194,0.0
de8c6e7f-fa39-4666-9bab-e819a9f2e718,2025-01-01 21:17:27.324,81.36700439453125,79.48400115966797,1.8830032348632812,2.314209855549063,81.36700439453125,79.48400115966797,1.8830032348632812,2.314209855549063,0.0
cd324b6a-1995-4e7b-b8a7-7ce783f52552,2025-01-03 19:14:03.792,92.98636,92.12400817871094,0.8623518212890673,0.9273960409774802,92.98636,92.12400817871094,0.8623518212890673,0.9273960409774802,0.0
c7d6215c-2cc9-4a0e-88ea-a6cb47e10f90,2025-01-06 18:13:29.515,94.800728,92.69300079345705,2.107727206542961,2.2233238615456212,94.800728,92.69300079345705,2.107727206542961,2.2233238615456212,0.0
da0d912e-3c38-485d-b010-12709e5fda4f,2025-01-14 22:02:57.134,98.883056,92.64500427246094,6.238051727539059,6.3085142994964265,98.883056,92.64500427246094,6.238051727539059,6.3085142994964265,0.0
09973404-892f-4536-aca6-a9a0b0aea752,2025-01-13 17:59:39.996,140.61352,133.3820037841797,7.231516215820307,5.142831369145945,140.61352,133.3820037841797,7.231516215820307,5.142831369145945,0.0
3a2906be-7bb1-4d9e-9283-95c84c252ab0,2025-01-13 07:12:32.485,67.375,67.25300598144531,0.1219940185546875,0.1810671889494434,67.375,67.25300598144531,0.1219940185546875,0.1810671889494434,0.0
8d58ff71-d63f-4094-b0b3-088be38c871f,2025-01-11 03:41:24.975,84.368112,83.59914217320718,0.7689698267928122,0.9114460529741525,84.368112,83.59914217320718,0.7689698267928122,0.9114460529741525,0.0
678639d5-e18b-4014-8859-fa3f1b436a99,2025-02-08 23:43:54.298,77.564232,68.4000015258789,9.164230474121098,11.815021225403349,77.564232,73.55000305175781,4.014228948242192,5.175360916668641,-6.639660308734708
816f4e4f-393e-4eed-97ce-60a71a6b35dc,2025-02-13 15:05:13.033,165.107488,161.569602194,3.5378858059999914,2.14277731970581,165.107488,161.569602194,3.5378858059999914,2.14277731970581,0.0
202f60a0-a35d-45d0-8ae8-d6ef31b1b961,2025-05-26 23:54:22.946,79.3786,,,,79.3786,,,,
287dfb4b-e1ba-4bc6-9039-c2e860a0b091,2025-01-28 20:05:12.048,70.61700439453125,70.35800170898438,0.259002685546875,0.3667709891796724,70.61700439453125,70.35800170898438,0.259002685546875,0.3667709891796724,0.0
26d5762a-1334-4331-8bed-e30a392c684e,2025-01-14 19:46:42.138,140.159928,131.995272,8.164656000000008,5.825242718446607,140.159928,131.995272,8.164656000000008,5.825242718446607,0.0
cc012dc0-24bb-4395-9e49-69a1ff31848e,2025-01-16 00:29:35.857,69.399576,65.7,3.6995759999999933,5.330833721520134,69.399576,65.7,3.6995759999999933,5.330833721520134,0.0
c44d4b46-d2fa-457c-ae21-e5c9d8f84105,2025-01-03 20:11:17.088,88.45044,85.46800231933594,2.982437680664063,3.371874329470902,88.45044,85.46800231933594,2.982437680664063,3.371874329470902,0.0
b5242f90-5068-4303-b632-282f11d70e06,2025-01-29 22:19:32.977,181.4368,183.205958243,-1.7691582429999926,-0.9750823664218023,181.4368,183.205958243,-1.7691582429999926,-0.9750823664218023,0.0
27c3866d-19c4-4532-aad5-fd1bcb011cb9,2025-02-21 19:06:41.513,158.7572,145.330995348,13.426204652000024,8.457068184624083,158.7572,145.330995348,13.426204652000024,8.457068184624083,0.0
92b4f164-75ab-46c8-b28b-3de1c2397f43,2025-01-09 02:44:30.425,92.532768,88.904032,3.6287360000000035,3.921568627450984,92.532768,88.904032,3.6287360000000035,3.921568627450984,0.0
a0f92d75-da2c-498f-8d6c-00afff6ef95d,2025-03-14 17:32:02.852,74.84268,76.999209896454,-2.1565298964540034,-2.8814172561084175,74.84268,76.999209896454,-2.1565298964540034,-2.8814172561084175,0.0
87f402f6-759c-422c-9197-d3c25deabdca,2025-01-22 01:20:34.886,97.975872,90.52400207519533,7.451869924804669,7.605821487156214,97.975872,90.52400207519533,7.451869924804669,7.605821487156214,0.0
fe22ba1b-105f-4445-8e49-ca5001781d54,2025-01-10 18:56:14.767,91.625584,85.1550064086914,6.470577591308597,7.061976916085574,91.625584,85.1550064086914,6.470577591308597,7.061976916085574,0.0
beed6235-a1a8-466b-961a-988bb5d34d62,2025-02-18 21:09:05.872,71.91600036621094,70.09200286865234,1.8239974975585938,2.536288848476593,71.91600036621094,70.09200286865234,1.8239974975585938,2.536288848476593,0.0
51904fd4-2c6e-473f-8e75-7de456eb0196,2025-04-25 00:15:20.299,105.686936,101.51397240600002,4.172963593999981,3.948419503806962,105.686936,101.51397240600002,4.172963593999981,3.948419503806962,0.0
19ee74d7-61b4-4c93-a55d-3bbbcf09ab7a,2025-01-03 06:11:27.751,97.068688,89.357624,7.711063999999993,7.943925233644854,97.068688,89.357624,7.711063999999993,7.943925233644854,0.0
306cf774-1baa-47ee-bb8b-8b9b24ad6a2d,2025-01-01 20:51:19.812,134.263232,129.2480010986328,5.015230901367175,3.735371796626478,134.263232,129.2480010986328,5.015230901367175,3.735371796626478,0.0
72435301-bad6-4dae-aa3d-30f69f58856e,2025-01-01 14:12:01.420,95.25432,92.668921191,2.5853988090000115,2.71420635725499,95.25432,92.668921191,2.5853988090000115,2.71420635725499,0.0
e09d2dff-bd94-4485-996e-b7b86535d931,2025-02-14 00:32:40.727,104.779752,102.7830047607422,1.9967472392578003,1.9056613526416823,104.779752,102.7830047607422,1.9967472392578003,1.9056613526416823,0.0
38895ba7-a1d7-48a7-9d56-768ed3b5ba06,2025-01-31 00:04:44.943,102.0582,90.90200805664062,11.156191943359374,10.931205864261152,102.0582,90.90200805664062,11.156191943359374,10.931205864261152,0.0
18401d0a-e705-4891-b84c-53353da0570a,2025-01-01 20:03:50.660,113.398,115.93600463867188,-2.538004638671879,-2.2381388019822914,113.398,115.93600463867188,-2.538004638671879,-2.2381388019822914,0.0
d59eb649-b962-4779-ba8c-6fc808aff886,2025-01-04 01:05:34.731,93.621465168,94.165776012,-0.5443108439999946,-0.5813953488372036,93.621465168,94.165776012,-0.5443108439999946,-0.5813953488372036,0.0
47d04bec-0a9f-4316-ba32-4dbb16a9f5ce,2025-05-31 21:48:50.836,95.707912,98.10900115966795,-2.4010891596679613,-2.508767676039115,95.707912,98.10900115966795,-2.4010891596679613,-2.508767676039115,0.0
eeb5c4d6-ab37-42e8-85bc-3d161fd54885,2025-02-25 22:08:52.645,97.52228,93.258591272,4.263688727999991,4.372015018516786,97.52228,93.258591272,4.263688727999991,4.372015018516786,0.0
5f84ef55-e51b-45bc-b308-f2cc14982679,2025-02-01 18:31:12.186,89.811216,,,,89.811216,,,,
d5b1a17e-fbbb-4bc4-a2ef-7801af676988,2025-01-01 23:39:30.756,93.893544,94.891523804,-0.9979798039999963,-1.0628843704099573,93.893544,94.891523804,-0.9979798039999963,-1.0628843704099573,0.0
d6377e7a-dead-4179-991f-d54739c0d16e,2025-06-10 02:29:10.782,95.25432,96.33100128173828,-1.0766812817382743,-1.1303227840356997,95.25432,96.33100128173828,-1.0766812817382743,-1.1303227840356997,0.0
6da662e3-9ff5-4a8c-96cc-4cefffc3849c,2025-01-09 14:50:51.796,103.418976,107.138517794,-3.719541793999994,-3.5965757328713,103.418976,107.138517794,-3.719541793999994,-3.5965757328713,0.0
e6126cb3-dcfe-4971-a3f6-f12db43f4cd7,2025-01-13 07:09:02.904,65.77083999999999,62.19936176070439,3.571478239295601,5.430184925866237,65.77083999999999,62.19936176070439,3.571478239295601,5.430184925866237,0.0
115c5117-53f0-41d5-8b98-029495c60fee,2025-05-27 06:09:16.347,112.037224,111.8590087890625,0.17821521093749482,0.15906785671295712,112.037224,111.8590087890625,0.17821521093749482,0.15906785671295712,0.0
43e92398-3516-44d1-877c-ccbd541d2b57,2025-01-09 22:38:06.449,82.190937444,79.01579085399999,3.1751465900000113,3.863134657836658,82.190937444,79.01579085399999,3.1751465900000113,3.863134657836658,0.0
1db713af-6b10-4acc-b2b9-0e321e29c53e,2025-01-02 00:44:21.880,124.7378,115.12400817871094,9.613791821289055,7.7072000799188825,124.7378,115.12400817871094,9.613791821289055,7.7072000799188825,0.0
d8ba2b4e-263b-4438-9935-f8bd0315195b,2025-01-01 16:54:51.105,138.29501342773438,129.8000030517578,8.495010375976562,6.142672946350017,138.29501342773438,129.8000030517578,8.495010375976562,6.142672946350017,0.0
0e8b315d-5c82-4127-8929-61fd4276bd6f,2025-01-02 04:11:56.020,81.64656,81.0491683390071,0.5973916609928978,0.731680135688384,81.64656,81.0491683390071,0.5973916609928978,0.731680135688384,0.0
e9250c41-5927-4796-bdc3-60ce9b9c547d,2025-01-13 23:19:10.080,74.84268,59.98100280761719,14.861677192382814,19.85722209891844,74.84268,59.98100280761719,14.861677192382814,19.85722209891844,0.0
27369d37-d5be-4017-995c-c1846fb6bafb,2025-01-17 19:05:47.639,110.495101332,110.495101332,0.0,0.0,110.495101332,110.495101332,0.0,0.0,0.0
b9ae7168-66ad-4f58-a157-651d22094108,2025-03-12 20:44:16.310,79.3786,73.54600524902344,5.832594750976568,7.347817612022091,79.3786,73.54600524902344,5.832594750976568,7.347817612022091,0.0
777132c1-544a-4df9-a345-47ab74994dda,2025-04-29 23:48:29.546,118.841104,106.3989082201728,12.442195779827202,10.469606357600988,118.841104,106.3989082201728,12.442195779827202,10.469606357600988,0.0
efc3c9dd-05f5-4ad8-bebc-6b8add45d16b,2025-01-10 23:41:29.444,164.200304,153.452,10.74830399999999,6.545849025955514,164.200304,153.452,10.74830399999999,6.545849025955514,0.0
d5194cc2-6a60-469d-bf1d-c30bd6ee0ddc,2025-01-30 17:48:23.258,149.68536,147.0545196533203,2.6308403466796904,1.7575802648166061,149.68536,147.0545196533203,2.6308403466796904,1.7575802648166061,0.0
52d3afe0-b800-48cd-aa67-f8571f688faf,2025-01-02 19:41:27.535,95.25432,89.81128926000001,5.4430307399999975,5.714208804388082,95.25432,89.81128926000001,5.4430307399999975,5.714208804388082,0.0
02595a82-48be-421b-ad81-63d88b67aeac,2025-01-09 17:07:46.808,95.25432,85.27536556000001,9.978954439999995,10.476117450631104,95.25432,85.27536556000001,9.978954439999995,10.476117450631104,0.0
feaa4ace-784c-451d-aecd-585cfc79e932,2025-01-21 06:36:45.408,109.769264,112.677001953125,-2.907737953124993,-2.648954586344856,109.769264,112.677001953125,-2.907737953124993,-2.648954586344856,0.0
e8597080-2428-48e0-9f2a-7f9b3797ccc4,2025-01-11 19:29:13.218,88.45044,84.82170104980469,3.628738950195313,4.1025674379859645,88.45044,84.82170104980469,3.628738950195313,4.1025674379859645,0.0
2f56d8bd-7fad-46c8-8584-5dd799ad0b1c,2025-01-23 22:19:55.003,126.4000015258789,132.39999389648438,-5.999992370605469,-4.746829349821678,126.4000015258789,132.39999389648438,-5.999992370605469,-4.746829349821678,0.0
b3f825ee-dec6-494a-9b3e-b2ac8d7ded7e,2025-01-02 15:40:03.682,90.718474,87.1820068359375,3.5364671640625005,3.8982877556587874,90.718474,87.1820068359375,3.5364671640625005,3.8982877556587874,0.0
32ac57ff-ad29-47d9-97c0-ead9e53adacb,2025-02-20 20:23:30.052,66.224432,64.87300109863281,1.3514309013671806,2.0406832653048363,66.224432,64.87300109863281,1.3514309013671806,2.0406832653048363,0.0
d6a37a96-a5b0-4c33-b73b-d5a65825ae4e,2025-01-02 17:42:02.285,104.32616,,,,104.32616,,,,
ff49081e-9d27-4a0a-8c89-44581e9719db,2025-02-12 18:41:05.994,78.01788764,,,,82.190937444,,,,
8cafcb8d-6670-42c4-81f3-02a8771d9276,2025-01-02 20:27:33.060,81.192968,74.6992334969794,6.49373450302059,7.997902605334726,81.192968,74.6992334969794,6.49373450302059,7.997902605334726,0.0
ccfcd97e-1ce6-421b-8f14-e3d24a1bd803,2025-02-03 15:01:24.756,136.531192,134.263232,2.2679600000000164,1.6611295681063243,136.531192,134.263232,2.2679600000000164,1.6611295681063243,0.0
573f65b3-2d62-452a-ab49-c1b900062590,2025-01-13 19:04:36.361,88.0,82.88600158691406,5.1139984130859375,5.811361833052202,88.0,82.88600158691406,5.1139984130859375,5.811361833052202,0.0
d2085da7-c102-4109-ae4a-9aaaa424f0d7,2025-02-11 18:01:57.508,127.912944,119.74600219726562,8.166941802734371,6.384765722173021,127.912944,119.74600219726562,8.166941802734371,6.384765722173021,0.0
fdf8bac7-9ce1-4990-a03c-71f1a0a59589,2025-03-21 21:20:47.172,94.00000762939452,86.44999694824219,7.5500106811523295,8.031925604643657,94.00000762939452,86.44999694824219,7.5500106811523295,8.031925604643657,0.0
504e6503-6c21-4c18-853a-d95370259db5,2025-01-16 02:17:35.737,66.224432,64.3,1.924431999999996,2.9059245083445884,66.224432,64.3,1.924431999999996,2.9059245083445884,0.0
8dd17716-77f9-40ed-a135-7a3088bacd94,2025-03-11 16:56:04.970,114.305184,111.89885178413384,2.4063322158661578,2.105182050068838,114.305184,111.89885178413384,2.4063322158661578,2.105182050068838,0.0
a859f649-fd27-41cc-b7a9-f083447a06a3,2025-02-07 17:58:40.873,105.233344,93.74400329589844,11.489340704101565,10.9179659862387,105.233344,93.74400329589844,11.489340704101565,10.9179659862387,0.0
95b56ed7-8420-498e-b0ca-47bceeba8bf1,2025-01-01 13:52:35.700,101.604608,,,,101.604608,,,,
21e63526-58c8-48f5-9881-e194ab94c2de,2025-03-12 05:05:04.764,97.068688,88.633,8.435687999999999,8.690431666285631,97.068688,88.633,8.435687999999999,8.690431666285631,0.0
b53f064a-ea8a-41ea-a8d2-51f428fad915,2025-01-02 14:48:01.292,99.79024,97.46600341796876,2.324236582031233,2.329122148650242,99.79024,97.46600341796876,2.324236582031233,2.329122148650242,0.0
cbda3fab-1693-4428-8d11-bdddfbbbd98a,2025-01-03 16:46:26.270,102.0582,99.79024,2.267960000000002,2.2222222222222245,102.0582,99.79024,2.267960000000002,2.2222222222222245,0.0
7e2106c7-0241-451b-a643-5a004685242b,2025-01-29 22:15:12.419,126.098576,123.15000915527344,2.9485668447265567,2.338303046916689,126.098576,123.15000915527344,2.9485668447265567,2.338303046916689,0.0
2acd3a38-a4df-415f-92d1-1b3265e168be,2025-06-12 01:27:05.309,82.14900207519531,,,,82.14900207519531,,,,
c1ead28a-667e-4c88-bcf5-36dca5cef375,2025-01-02 18:39:54.107,112.037224,108.38900756835938,3.64821643164062,3.2562538604496485,112.037224,108.38900756835938,3.64821643164062,3.2562538604496485,0.0
9601e714-29a8-4475-8bd8-133e0bd61048,2025-01-09 04:14:39.742,129.27372,122.923432,6.350287999999992,4.91228070175438,129.27372,122.923432,6.350287999999992,4.91228070175438,0.0
0a9f9de5-8704-462f-abcb-a2da28a40c92,2025-01-14 01:13:12.551,91.171992,94.211135249,-3.0391432489999914,-3.3334176234736557,91.171992,94.211135249,-3.0391432489999914,-3.3334176234736557,0.0
8068251b-0146-4d86-9e21-52187bc4be7e,2025-01-01 20:17:53.535,112.490816,112.54600524902344,-0.055189249023442244,-0.04906111537446954,112.490816,112.54600524902344,-0.055189249023442244,-0.04906111537446954,0.0
1012c45f-70b8-4d7a-a187-ee840a57e0a4,2025-01-07 01:40:46.956,131.54168,122.09874712093422,9.442932879065793,7.178662214946466,131.54168,122.09874712093422,9.442932879065793,7.178662214946466,0.0
26abd66b-2a0a-4bf5-afd6-4b5c5c3792a0,2025-01-01 14:11:21.081,101.604608,100.379991481,1.2246165189999942,1.2052765549767135,101.604608,100.379991481,1.2246165189999942,1.2052765549767135,0.0
07023fee-ebf9-4b67-8b3b-5ded183215df,2025-03-10 20:59:54.420,101.151016,93.04100799560548,8.110008004394516,8.017722732903163,101.151016,93.04100799560548,8.110008004394516,8.017722732903163,0.0
ac609a5b-0fba-4013-86ac-5d9f263974c2,2025-04-07 22:07:55.137,92.079176,92.079176,0.0,0.0,92.079176,92.079176,0.0,0.0,0.0
a3226cc1-5eb4-4a2d-b50a-6d51bb17f93d,2025-05-15 17:59:08.793,92.98636,92.39905187454482,0.5873081254551806,0.6316067490491946,92.98636,92.39905187454482,0.5873081254551806,0.6316067490491946,0.0
ed436948-2c98-4125-b1c9-327f47ffe7eb,2025-01-11 05:19:40.458,92.079176,107.093158557,-15.013982556999991,-16.305513590825345,92.079176,107.093158557,-15.013982556999991,-16.305513590825345,0.0
d95f6eb1-d4c2-4efc-9fc7-5f3698fd2e7d,2025-04-21 21:06:20.898,113.398,109.088964985,4.309035014999992,3.799921528598381,113.398,109.088964985,4.309035014999992,3.799921528598381,0.0
5adc3e63-0678-45c9-a4f8-677f364dc9e3,2025-03-06 00:06:03.945,103.87265273,97.386281839,6.486370890999993,6.244541484716151,103.87265273,97.386281839,6.486370890999993,6.244541484716151,0.0
4d40013e-8e31-43dc-b7f3-71445c90b92f,2025-05-29 21:22:19.257,80.739376,80.16700744628906,0.5723685537109304,0.7089088150878581,80.739376,80.16700744628906,0.5723685537109304,0.7089088150878581,0.0
4ae85521-6bb4-447e-8282-29b5b3fad84b,2025-03-02 16:58:08.633,132.448864,134.09862398775817,-1.6497599877581877,-1.2455825878266407,132.448864,134.09862398775817,-1.6497599877581877,-1.2455825878266407,0.0
b53536cb-b349-45af-a14d-ccd35ffafc33,2025-01-14 16:46:04.584,120.1750030517578,114.6760025024414,5.499000549316392,4.575827259973561,120.1750030517578,114.6760025024414,5.499000549316392,4.575827259973561,0.0
4426063f-0a38-4b55-8ce5-1d09c97ad8df,2025-01-03 09:16:23.655,140.6136347,132.14700317382812,8.46663152617188,6.021202384985984,140.6136347,132.14700317382812,8.46663152617188,6.021202384985984,0.0
78a78b9b-3d1c-434e-a0ef-bb4c6051ab2a,2025-01-20 02:10:45.623,97.068688,89.40305889550812,7.66562910449187,7.897118280296392,97.068688,89.40305889550812,7.66562910449187,7.897118280296392,0.0
7f6b8d4d-c9eb-45fa-9f7f-cbf79d580cf6,2025-02-21 17:49:34.066,95.25432,92.91000366210938,2.344316337890632,2.4611128795949955,95.25432,92.91000366210938,2.344316337890632,2.4611128795949955,0.0
7af0527f-3900-48b4-acc1-464e464c826c,2025-05-29 18:08:12.061,63.50288,,,,63.50288,,,,
02d7fe3c-9f25-4ee8-a49e-02c10a4f2fdc,2025-01-04 23:22:08.510,83.91452,73.50300598144531,10.411514018554684,12.407285435887239,83.91452,73.50300598144531,10.411514018554684,12.407285435887239,0.0
4d63ac1b-659d-4b12-a9d7-bdccb69cdac6,2025-01-17 17:53:46.317,91.625584,82.68988905100001,8.935694948999995,9.752401631622883,91.625584,82.68988905100001,8.935694948999995,9.752401631622883,0.0
c395ebdc-a8cd-4789-bc9f-5a10158aad74,2025-01-11 05:42:59.866,111.13004,106.84600830078124,4.284031699218758,3.854971796301664,111.13004,106.84600830078124,4.284031699218758,3.854971796301664,0.0
e94ccb72-d6fd-4f01-9d04-c0237b9cd39c,2025-01-08 16:33:39.563,72.57472,68.17300415039062,4.401715849609374,6.065081407974256,72.57472,68.17300415039062,4.401715849609374,6.065081407974256,0.0
246b99f3-ff8e-4faa-9b15-c4fc14fb5bc2,2025-01-07 21:58:46.936,111.583632,117.57114784101624,-5.987515841016247,-5.365944568838059,111.583632,117.57114784101624,-5.987515841016247,-5.365944568838059,0.0
c0978f04-101d-4ddb-aea9-34ffaa980891,2025-01-09 15:24:32.228,86.18248,86.9580078125,-0.7755278125000018,-0.8998671336680052,86.18248,86.9580078125,-0.7755278125000018,-0.8998671336680052,0.0
7fe5d746-3528-4055-b555-e67ab01fba53,2025-01-02 14:39:10.758,76.65711053000001,76.56639205600001,0.0907184739999991,0.118343195266271,76.65711053000001,76.56639205600001,0.0907184739999991,0.118343195266271,0.0
634b0139-8d24-405c-9ed5-bffcf50bff84,2025-01-07 00:02:14.519,116.119552,111.97900390625,4.140548093749999,3.5657630626666545,116.119552,111.97900390625,4.140548093749999,3.5657630626666545,0.0
2bf23ab5-99f1-431d-ab94-53f52ccd3563,2025-01-18 21:59:05.429,100.243832,98.610981238,1.632850762000004,1.6288790336746146,100.243832,98.610981238,1.632850762000004,1.6288790336746146,0.0
c364de61-5fb9-42fd-9ddd-e7d51f08892c,2025-03-02 19:30:15.574,150.138952,152.7580108642578,-2.6190588642578234,-1.7444233021273676,150.138952,152.7580108642578,-2.6190588642578234,-1.7444233021273676,0.0
fef3b062-6e0b-4f93-8009-ab1f29b5a297,2025-02-23 03:48:52.298,105.233344,100.788224614,4.445119386000002,4.2240598056068634,105.233344,100.788224614,4.445119386000002,4.2240598056068634,0.0
afd3ecfb-20ea-4a92-94b1-13a3311ed62d,2025-01-24 00:59:42.109,139.434294538,145.24027687400002,-5.805982336000028,-4.163955757970092,139.434294538,145.24027687400002,-5.805982336000028,-4.163955757970092,0.0
ff471a4c-1adf-41cd-bd17-efaac30e474e,2025-01-01 20:39:48.554,105.188070603,,,,105.188070603,,,,
e0bec988-bc27-4f0c-bea7-16d671cb68cf,2025-01-10 20:07:44.352,75.296272,79.017,-3.720727999999994,-4.941450487747911,75.296272,79.017,-3.720727999999994,-4.941450487747911,0.0
c9817dc2-4c8d-4664-aff2-0613de2a8d50,2025-05-17 00:57:28.352,88.45044,88.08763686974594,0.36280313025406485,0.41017673880883443,88.45044,88.08763686974594,0.36280313025406485,0.41017673880883443,0.0
5230913a-4b3c-4a62-9b18-56b1a2c3a29b,2025-01-09 00:24:05.254,104.32616,99.82600402832033,4.500155971679675,4.313545108609072,104.32616,99.82600402832033,4.500155971679675,4.313545108609072,0.0
0c4d5115-5910-446d-98a2-395957a231ac,2025-01-27 20:16:38.986,136.531192,137.3476576,-0.8164655999999866,-0.5980066445182626,136.531192,137.3476576,-0.8164655999999866,-0.5980066445182626,0.0
0db3d0b9-5c62-46ba-b47e-be2cdc106f0a,2025-03-19 15:44:47.757,127.912944,126.0570068359375,1.855937164062496,1.4509377284463847,127.912944,126.0570068359375,1.855937164062496,1.4509377284463847,0.0
bcc66fb7-7ce8-4e1a-83df-e394a56e85f3,2025-01-18 23:51:46.747,102.511792,101.76000213623048,0.7517898637695168,0.7333691559791646,102.511792,101.76000213623048,0.7517898637695168,0.7333691559791646,0.0
472ef00f-bc3e-4d82-a662-eed7989a779a,2025-06-12 00:40:44.607,88.904032,87.23900604248047,1.665025957519532,1.8728351460139985,88.904032,87.23900604248047,1.665025957519532,1.8728351460139985,0.0
dd556552-bc22-42c2-8cb1-7d2936875c1c,2025-02-18 22:47:39.580,71.667536,67.38999938964844,4.277536610351561,5.968583335070374,71.667536,67.38999938964844,4.277536610351561,5.968583335070374,0.0
386e3199-9bbd-439d-a9c6-5182b2253260,2025-02-10 19:48:54.689,95.70799007,92.396765769,3.3112243009999958,3.459715639810422,95.70799007,92.396765769,3.3112243009999958,3.459715639810422,0.0
00a65477-b39a-4e7f-9ffe-8d20c77e7008,2025-01-17 19:59:42.424,98.429464,93.14700317382812,5.282460826171871,5.366747528130267,98.429464,93.14700317382812,5.282460826171871,5.366747528130267,0.0
571e1b88-58e8-42df-9538-923e1ef01e1a,2025-01-06 17:25:06.330,78.017824,75.795285027,2.222538972999999,2.848757962026727,78.017824,75.795285027,2.222538972999999,2.848757962026727,0.0
e9a0f064-bf75-4465-9edf-446dcae6b695,2025-01-14 21:24:18.736,84.821704,76.22900390625,8.592700093749997,10.130308268447422,84.821704,76.22900390625,8.592700093749997,10.130308268447422,0.0
dc6cb784-1e0d-4f41-8b1c-f6ea67c2e7af,2025-02-18 23:39:30.497,156.48924,152.270958609,4.218281391000005,2.695572801682726,156.48924,152.270958609,4.218281391000005,2.695572801682726,0.0
f49846db-f2b8-44b0-b1f3-51d6c073c387,2025-05-29 18:42:47.202,117.480328,108.453935667,9.026392333000004,7.6833223797264205,117.480328,108.453935667,9.026392333000004,7.6833223797264205,0.0
ea543edb-71d7-4eab-b245-f19a749b9944,2025-02-12 20:25:42.107,142.88148,144.24237366,-1.360893659999988,-0.9524633003521434,142.88148,144.24237366,-1.360893659999988,-0.9524633003521434,0.0
d4bdcbe5-12c5-4772-b0aa-1215f1072a17,2025-02-07 02:18:00.734,125.191392,129.4860076904297,-4.294615690429694,-3.4304400820383036,125.191392,129.4860076904297,-4.294615690429694,-3.4304400820383036,0.0
cbd9cc74-4ba7-4dcb-a071-a7d7ce9727eb,2025-02-12 04:58:46.691,97.975872,,,,97.975872,,,,
21b731b4-4c13-463f-a6de-4400aa0d2545,2025-01-01 18:55:10.681,120.20188,,,,120.20188,,,,
3ae15a9b-18d0-495e-9c8d-4bace02150f5,2025-01-03 16:15:58.753,115.66596,110.0414192,5.624540799999991,4.862745098039208,115.66596,110.0414192,5.624540799999991,4.862745098039208,0.0
46b50d50-0b7e-456a-826f-95b2e5e1eff1,2025-01-01 22:42:13.350,122.016248,121.1570053100586,0.8592426899414107,0.704203500784101,122.016248,121.1570053100586,0.8592426899414107,0.704203500784101,0.0
53d3dff0-229e-4992-ae8a-8b30cb7b1084,2025-01-09 00:42:19.744,120.20188,108.317857956,11.884022044000005,9.886718946492355,120.20188,108.317857956,11.884022044000005,9.886718946492355,0.0
9aeaa462-957f-43fb-b461-1f03e6a47c71,2025-02-04 01:35:48.832,92.41100311279295,93.01200103759766,-0.6009979248047017,-0.6503532096401433,92.41100311279295,93.01200103759766,-0.6009979248047017,-0.6503532096401433,0.0
ab682178-1503-4bc7-a60f-3145a009add7,2025-01-02 17:57:01.499,95.25432,91.94300079345705,3.3113192065429615,3.476292945603896,95.25432,91.94300079345705,3.3113192065429615,3.476292945603896,0.0
bfddfd72-b6ca-44e5-8861-e58f33fc1320,2025-03-11 19:15:24.355,192.7766,176.55300903320312,16.223590966796877,8.415747018464314,192.7766,176.55300903320312,16.223590966796877,8.415747018464314,0.0
7caf88ab-e031-4253-89be-0bb376614636,2025-01-22 22:32:15.710,100.697424,94.664727619,6.032696380999994,5.990914306804903,100.697424,94.664727619,6.032696380999994,5.990914306804903,0.0
3d6f517e-9bea-4aca-9cad-31b50f365947,2025-01-31 21:36:03.044,90.7184,86.86800384521484,3.850396154785159,4.244338695110538,90.7184,86.86800384521484,3.850396154785159,4.244338695110538,0.0
eddf3878-c55b-46e3-99fe-c8da0ce100ca,2025-01-07 03:43:27.374,117.42200469970705,119.1830062866211,-1.7610015869140483,-1.4997202538123944,117.42200469970705,119.1830062866211,-1.7610015869140483,-1.4997202538123944,0.0
2cc20ef8-e24a-4d9c-8345-ce07874b76d0,2025-01-30 20:22:12.822,113.398,109.90300750732422,3.4949924926757774,3.0820583190847963,113.398,109.90300750732422,3.4949924926757774,3.0820583190847963,0.0
2ad8981f-d4e2-4731-b236-3510cae0312a,2025-02-14 01:16:31.277,122.46984,116.0,6.469840000000005,5.2828026884006745,122.46984,116.0,6.469840000000005,5.2828026884006745,0.0
d33b27d1-a604-4fe8-bc49-9c454207d48b,2025-01-01 22:03:36.841,86.18248,77.39600372314453,8.786476276855467,10.195200088063684,86.18248,77.39600372314453,8.786476276855467,10.195200088063684,0.0
0945d57f-ec57-41ba-afbf-e7b319f982aa,2025-01-02 03:50:17.801,84.00000762939453,82.96800231933594,1.0320053100585938,1.228577638482808,84.00000762939453,82.96800231933594,1.0320053100585938,1.228577638482808,0.0
984673e1-eca3-4862-9b00-9255a5962fb1,2025-01-13 17:36:22.458,57.243357094,,,,57.243357094,,,,
8f9c4a3b-3789-423b-b9f1-6d66a88b87ec,2025-01-13 19:10:34.319,102.0582,103.84300231933594,-1.7848023193359381,-1.7488083459594017,102.0582,103.84300231933594,-1.7848023193359381,-1.7488083459594017,0.0
f1764b21-c55e-4a2f-9882-49063dbd9ccd,2025-01-01 17:46:57.995,136.0776,128.70700073242188,7.370599267578115,5.416467712230459,136.0776,128.70700073242188,7.370599267578115,5.416467712230459,0.0
e4142dca-a936-47f2-8e85-29061ba486b8,2025-01-04 18:54:56.461,109.73600769042967,107.2030029296875,2.5330047607421733,2.3082712903934834,109.73600769042967,107.2030029296875,2.5330047607421733,2.3082712903934834,0.0
df30c99f-af3b-43b0-bdab-864e0a22aba5,2025-02-04 23:03:09.565,112.490816,115.0988189486202,-2.6080029486202108,-2.3184141082416994,112.490816,115.0988189486202,-2.6080029486202108,-2.3184141082416994,0.0
7a91cc60-3c3e-4a70-b8a0-bac7ccadf609,2025-01-23 17:11:16.912,140.61352,133.1110076904297,7.502512309570307,5.335555435615513,140.61352,133.1110076904297,7.502512309570307,5.335555435615513,0.0
c53b1a0a-4fae-479b-a698-d8795850e09b,2025-04-19 06:06:22.776,116.754676038,112.56500244140624,4.189673596593764,3.588441798451101,116.754676038,112.56500244140624,4.189673596593764,3.588441798451101,0.0
61f40af3-f241-4a44-ba7c-5a2bd5487b11,2025-01-17 19:21:55.616,92.079176,92.4490513624899,-0.3698753624898927,-0.4016927372263765,92.079176,92.4490513624899,-0.3698753624898927,-0.4016927372263765,0.0
d1229fe6-7b29-4dc6-9189-12e1b9d60d4b,2025-01-06 19:46:12.975,107.11200714111328,108.181780245,-1.0697731038867175,-0.9987424682252095,107.11200714111328,108.181780245,-1.0697731038867175,-0.9987424682252095,0.0
d59ebaae-935b-484d-8b0a-2de10abf0002,2025-01-13 18:49:54.098,80.28584949,,,,80.28584949,,,,
2de568f6-5ce3-425f-8ce5-eedc72f32ef3,2025-01-14 03:00:17.864,105.686936,99.94100189208984,5.745934107910159,5.436749635650482,105.686936,99.94100189208984,5.745934107910159,5.436749635650482,0.0
50b3f9ae-20c7-46cf-9dd0-8f5286732475,2025-05-06 16:07:47.666,107.501304,107.593,-0.09169599999999889,-0.08529756997180135,107.501304,107.593,-0.09169599999999889,-0.08529756997180135,0.0
24d5c204-fa19-477e-a9ed-857dee6e95b5,2025-01-01 21:50:00.641,106.59412,106.59400177001952,0.00011822998048671707,0.00011091604348036934,106.59412,106.59400177001952,0.00011822998048671707,0.00011091604348036934,0.0
a58516e8-bf8f-4f3d-aff6-cbcc26ee429a,2025-01-26 15:32:47.253,89.357624,,,,89.357624,,,,
cd645354-02da-495b-a2ea-f328b104266f,2025-01-04 21:45:36.333,90.7184,84.7491303729445,5.969269627055496,6.579998795233928,90.7184,84.7491303729445,5.969269627055496,6.579998795233928,0.0
144e0d76-ae8e-4dfa-8af2-dfc054eeb13e,2025-01-16 03:57:54.699,106.59412,107.501304,-0.9071840000000009,-0.8510638297872347,106.59412,107.501304,-0.9071840000000009,-0.8510638297872347,0.0
4fb3bdf9-f6bb-4fc6-b917-fd4665f827ff,2025-01-08 09:34:01.346,154.22128,147.41752025,6.803759750000012,4.41168673350397,154.22128,147.41752025,6.803759750000012,4.41168673350397,0.0
df75ac76-e41e-4b37-87ff-c36f133feaff,2025-01-08 19:12:39.892,86.817579618,84.00530692400001,2.8122726939999865,3.2392894461859827,86.817579618,84.00530692400001,2.8122726939999865,3.2392894461859827,0.0
db1fa0e5-1051-4f0b-97ce-86f26824559f,2025-02-01 17:49:28.174,63.50288,67.70100402832031,-4.198124028320315,-6.610919108425185,63.50288,67.70100402832031,-4.198124028320315,-6.610919108425185,0.0
f5da54a5-c450-484f-9f56-40fe26a0e746,2025-01-10 00:34:59.541,92.079176,86.636072,5.443104000000005,5.911330049261089,92.079176,86.636072,5.443104000000005,5.911330049261089,0.0
60a50798-96a8-47e0-8f1b-8484013c6f56,2025-05-29 17:06:50.792,117.026736,118.2987861131066,-1.2720501131066015,-1.0869739314156395,117.026736,118.2987861131066,-1.2720501131066015,-1.0869739314156395,0.0
dc472b30-f0a3-44d9-b286-4c55e94989b3,2025-03-25 15:58:16.594,97.52228,95.3290023803711,2.193277619628901,2.2490015816169406,97.52228,95.3290023803711,2.193277619628901,2.2490015816169406,0.0
24110e81-0052-4e8d-a4b7-e74e0cfd7763,2025-01-14 06:45:33.110,112.490816,114.89494732100002,-2.4041313210000226,-2.137180088550538,112.490816,114.89494732100002,-2.4041313210000226,-2.137180088550538,0.0
edc92613-645b-40b7-9e75-4d6bcfc580f8,2025-01-31 04:30:30.091,102.965384,100.425350718,2.540033281999996,2.46688079364614,102.965384,100.425350718,2.540033281999996,2.46688079364614,0.0
827e93c4-ebbc-48c7-b81a-697919a54df3,2025-01-03 02:33:07.318,162.839528,132.1840057373047,30.655522262695314,18.825602505243882,162.839528,132.1840057373047,30.655522262695314,18.825602505243882,0.0
47b39aa9-9144-4b10-b43e-f0deb5fec553,2025-02-28 04:43:38.999,67.131616,67.47600555419922,-0.3443895541992248,-0.513006500840416,67.131616,67.47600555419922,-0.3443895541992248,-0.513006500840416,0.0
5c9f3032-3e41-4448-bae3-9a7df577d715,2025-04-26 17:48:12.548,76.657048,55.42898622974594,21.228061770254065,27.69225051590046,76.657048,55.42898622974594,21.228061770254065,27.69225051590046,0.0
57c24759-970e-4f44-8846-6462499457d7,2025-03-05 19:07:24.577,124.7378,121.12700653076172,3.610793469238274,2.8947067121901093,124.7378,121.12700653076172,3.610793469238274,2.8947067121901093,0.0
81f8ed33-27c9-49e6-a523-a9e39965de7e,2025-01-13 17:46:26.312,139.706336,132.90256441,6.803771589999997,4.870052271645001,139.706336,132.90256441,6.803771589999997,4.870052271645001,0.0
9ae50555-2ec0-42ca-96d1-84d8390fc8dd,2025-01-07 22:29:06.465,72.121128,70.760352,1.3607760000000013,1.8867924528301907,72.121128,70.760352,1.3607760000000013,1.8867924528301907,0.0
40249948-442e-45dc-b98b-7e67852a915c,2025-01-05 22:39:57.266,92.98636,98.51300811767578,-5.5266481176757765,-5.943504098532061,92.98636,98.51300811767578,-5.5266481176757765,-5.943504098532061,0.0
76a4c12f-62c0-4543-bad5-ad5c8dcd4a39,2025-04-17 05:05:52.286,83.007336,78.925008,4.08232799999999,4.918032786885234,83.007336,78.925008,4.08232799999999,4.918032786885234,0.0
3daf42a4-d6c6-4cf1-8c1a-0a7f1853870a,2025-01-01 20:55:49.762,117.9340162,115.419,2.515016200000005,2.1325621572446756,117.9340162,115.419,2.515016200000005,2.1325621572446756,0.0
73809c80-ae19-4c52-ac7d-cff19a1f2cb2,2025-01-15 23:46:26.347,90.7184,87.43500518798828,3.2833948120117213,3.619326191832882,90.7184,87.43500518798828,3.2833948120117213,3.619326191832882,0.0
3a98939c-a6bd-4c09-8b50-983758024a26,2025-01-10 15:08:03.283,102.511792,99.79024,2.7215520000000026,2.654867256637171,102.511792,99.79024,2.7215520000000026,2.654867256637171,0.0
6ac5d9f2-dcab-46fd-983c-4e6209d300b1,2025-04-30 22:44:53.404,90.7184,93.1990436666664,-2.4806436666663956,-2.734443802653481,90.7184,93.1990436666664,-2.4806436666663956,-2.734443802653481,0.0
1652c846-7d74-45c3-9469-d1d57866342a,2025-01-26 15:17:04.236,109.315672,86.046472589,23.269199411000002,21.286242846313932,109.315672,86.046472589,23.269199411000002,21.286242846313932,0.0
ee4edb9e-06d3-4834-afb7-a8228bc24799,2025-01-07 21:41:32.533,76.79318824100001,74.16699981689453,2.6261884241054787,3.4198194973540015,76.79318824100001,74.16699981689453,2.6261884241054787,3.4198194973540015,0.0
e0f0da70-96b0-4c68-941e-b784a046926c,2025-05-27 20:35:08.019,116.16700744628906,112.16900634765624,3.9980010986328267,3.441597736329174,116.16700744628906,112.16900634765624,3.9980010986328267,3.441597736329174,0.0
b1101470-cffb-4dc9-ae86-2e8e8f23eced,2025-01-02 20:28:12.237,101.604608,101.63200378417967,-0.027395784179674365,-0.026963131612765406,101.604608,101.63200378417967,-0.027395784179674365,-0.026963131612765406,0.0
0c37f92f-b0f1-4669-9894-0d276ff94470,2025-04-24 01:58:16.492,83.460928,81.42400360107422,2.036924398925777,2.440572430402136,83.460928,81.42400360107422,2.036924398925777,2.440572430402136,0.0
234c5f13-cd48-4326-8242-f4a8f111816a,2025-01-14 03:18:50.192,88.55,85.25,3.299999999999997,3.7267080745341583,88.55,85.25,3.299999999999997,3.7267080745341583,0.0
8b7d0f17-8997-4bf5-9962-c4ab6df41b30,2025-02-22 01:36:50.805,98.429464,,,,98.429464,,,,
b93005f3-da81-4d21-8223-63ca1a058adc,2025-01-04 19:27:08.195,123.830616,117.26400756835938,6.566608431640631,5.3028957165493145,123.830616,117.26400756835938,6.566608431640631,5.3028957165493145,0.0
fa9f347a-a793-41db-bc3a-ee784dd37e97,2025-01-05 06:37:59.551,91.171992,86.54700469970703,4.624987300292972,5.072815893167029,91.171992,86.54700469970703,4.624987300292972,5.072815893167029,0.0
b7053901-c067-45ad-86fa-89a6d3561a21,2025-02-12 18:09:47.667,102.511792,101.3,1.2117920000000026,1.182100104151923,102.511792,101.3,1.2117920000000026,1.182100104151923,0.0
4079fc60-9111-4081-96c0-fc411ffd264a,2025-04-07 18:49:39.084,76.203456,71.7492637672185,4.454192232781509,5.845131528918463,76.203456,71.7492637672185,4.454192232781509,5.845131528918463,0.0
f043a0e9-b391-4adb-8087-671956bcbaf0,2025-01-02 01:05:07.917,97.975872,99.7903214,-1.8144494000000009,-1.8519349335313913,97.975872,99.7903214,-1.8144494000000009,-1.8519349335313913,0.0
e176ca89-b740-49aa-b3df-59559b628861,2025-05-16 02:25:47.862,112.490816,108.14200592041016,4.348810079589839,3.865924556534321,112.490816,108.14200592041016,4.348810079589839,3.865924556534321,0.0
fb821272-303f-42db-b09b-9f75640b8499,2025-06-10 16:46:36.928,86.18248,83.38500213623047,2.7974778637695294,3.2459936912578167,86.18248,83.38500213623047,2.7974778637695294,3.2459936912578167,0.0
66b91943-54ad-40ab-b7a5-b1dae3a8fe33,2025-02-23 02:04:34.001,120.655472,122.016248,-1.3607760000000013,-1.1278195488721814,120.655472,122.016248,-1.3607760000000013,-1.1278195488721814,0.0
c3222864-8ed0-4abc-9bdd-5ac619562deb,2025-03-17 19:27:14.847,92.532768,91.6240005493164,0.9087674506835981,0.9821033892378515,92.532768,91.6240005493164,0.9087674506835981,0.9821033892378515,0.0
e0abb915-fc49-4bd1-bc08-a1c952f9d7a0,2025-01-27 23:29:10.307,116.119552,109.088964985,7.030587014999995,6.054610867771859,116.119552,109.088964985,7.030587014999995,6.054610867771859,0.0
92dda9ff-ed6a-4c6d-a9fe-e0a4247d3571,2025-01-08 15:17:52.068,108.590013378,114.533,-5.9429866220000065,-5.472866645031686,108.590013378,114.533,-5.9429866220000065,-5.472866645031686,0.0
def43635-c50b-4893-95fe-a09de343a318,2025-01-13 23:18:36.629,108.86208,107.047712,1.8143680000000018,1.666666666666668,108.86208,107.047712,1.8143680000000018,1.666666666666668,0.0
a6d1757f-8e74-4c24-919a-4d6a52801f5a,2025-01-05 23:07:32.927,104.3262451,94.37700653076172,9.949238569238275,9.536659313005675,104.3262451,94.37700653076172,9.949238569238275,9.536659313005675,0.0
f2080f9d-fa1d-435d-9ddf-dd5a06639702,2025-01-07 23:13:24.984,72.57472,71.1500015258789,1.424718474121093,1.9631057124589568,72.57472,71.1500015258789,1.424718474121093,1.9631057124589568,0.0
4491c5b8-b6da-4bdb-87da-0e8172fb43fe,2025-01-25 02:24:35.415,84.00530692400001,82.916685236,1.0886216880000035,1.2958963282937406,84.00530692400001,82.916685236,1.0886216880000035,1.2958963282937406,0.0
e63a00f2-5af1-428b-a11e-17306ae625c5,2025-01-01 19:12:53.039,142.88148,134.4720001220703,8.409479877929698,5.88563323807235,142.88148,134.4720001220703,8.409479877929698,5.88563323807235,0.0
df038fcf-ab8c-4426-a63f-1762c78e7e6c,2025-01-02 22:51:01.579,79.83219199999999,81.78270437958221,-1.9505123795822215,-2.4432654681237134,79.83219199999999,81.78270437958221,-1.9505123795822215,-2.4432654681237134,0.0
7bc365df-bec8-4b60-b3d7-c10bb8c3fc52,2025-01-27 16:05:11.224,106.59412,103.41905975341795,3.175060246582049,2.978644831987026,106.59412,103.41905975341795,3.175060246582049,2.978644831987026,0.0
da002ec1-f336-4b0c-9523-cd59fd5aa630,2025-01-01 20:27:41.920,102.511792,95.481193885,7.030598115000004,6.858331103020815,102.511792,95.481193885,7.030598115000004,6.858331103020815,0.0
f1e0a348-fe48-442e-af86-5538521304ea,2025-01-09 03:17:52.778,105.686936,105.98503239709,-0.29809639708999214,-0.28205605004008455,105.686936,105.98503239709,-0.29809639708999214,-0.28205605004008455,0.0
3282a896-ac05-4def-ae4a-20d776968531,2025-01-24 19:01:23.864,108.86208,103.23763275146484,5.624447248535162,5.166580730898364,108.86208,103.23763275146484,5.624447248535162,5.166580730898364,0.0
88dd0c46-ff0b-458f-89fb-2451cfde32f1,2025-01-08 19:15:30.393,109.86007062974592,104.77983747,5.080233159745916,4.624276254898367,109.86007062974592,104.77983747,5.080233159745916,4.624276254898367,0.0
b90ccdb4-2a84-4fbc-baba-4d0f9103dda3,2025-01-02 00:01:30.351,103.20000457763672,91.444221792,11.755782785636725,11.391261883901297,103.20000457763672,91.444221792,11.755782785636725,11.391261883901297,0.0
90f46535-b7fe-400a-86b7-1b19e82f6a6c,2025-02-08 07:40:03.589,89.357624,90.855,-1.4973760000000027,-1.675711520709193,89.357624,90.855,-1.4973760000000027,-1.675711520709193,0.0
23f07484-ad31-42bb-ac6f-6298d46a61b8,2025-03-04 04:42:53.290,116.79994201660156,111.54800415039062,5.2519378662109375,4.4965243779525546,116.79994201660156,111.54800415039062,5.2519378662109375,4.4965243779525546,0.0
1a6bcb71-9da5-4382-a8b3-94ce143224ba,2025-01-09 21:52:56.958,113.398,,,,113.398,,,,
97363945-3390-4369-a804-11ecc829551a,2025-01-10 20:17:39.925,111.13004,106.82400512695312,4.306034873046869,3.8747712797069713,111.13004,106.82400512695312,4.306034873046869,3.8747712797069713,0.0
7d8451a6-a34a-48f4-8f2c-990b4d4237d3,2025-04-30 01:01:02.526,88.904032,101.15109851,-12.247066509999996,-13.775603012020868,88.904032,101.15109851,-12.247066509999996,-13.775603012020868,0.0
6959f84d-5856-451c-91c1-b6874e998cc0,2025-05-24 18:04:33.820,104.779752,105.7989143768316,-1.019162376831602,-0.9726711099980481,104.779752,105.7989143768316,-1.019162376831602,-0.9726711099980481,0.0
64a70760-eb53-46ee-867b-92c0c4b86113,2025-04-28 21:30:22.812,99.79024,102.6310043334961,-2.8407643334960966,-2.8467356461875393,99.79024,102.6310043334961,-2.8407643334960966,-2.8467356461875393,0.0
87c6a630-2b8e-49c7-8329-c8f6b474b13b,2025-01-21 21:45:15.600,86.18248,83.4491437123719,2.7333362876280916,3.171568383304926,86.18248,83.4491437123719,2.7333362876280916,3.171568383304926,0.0
5ba1a85d-9cbb-4051-8e55-ebbf338955ec,2025-01-06 22:16:36.834,92.079176,90.95000457763672,1.1291714223632852,1.2263048730619452,92.079176,90.95000457763672,1.1291714223632852,1.2263048730619452,0.0
b48c1fd9-5ba7-40fd-8945-eb9e13bedebe,2025-02-19 02:56:53.258,100.24391377,97.781005859375,2.462907910625006,2.456915156241715,100.24391377,97.781005859375,2.462907910625006,2.456915156241715,0.0
ad6e8164-7323-49e9-b010-b4678cd46bec,2025-04-22 14:56:19.196,87.08973504,,,,87.08973504,,,,
d6d739e7-59fe-4206-b4da-a7ceebaafeb6,2025-01-14 19:16:40.898,156.48924,153.8990020751953,2.5902379248046827,1.6552179081479867,156.48924,153.8990020751953,2.5902379248046827,1.6552179081479867,0.0
b39cf294-ead6-437d-bdfc-6c2fbad27aa1,2025-01-10 15:37:50.191,62.232873164,62.142104,0.09076916399999391,0.145854046880968,62.232873164,62.142104,0.09076916399999391,0.145854046880968,0.0
4202c635-f174-4332-a0be-89519b74503e,2025-01-31 02:10:59.942,127.00576,127.6820068359375,-0.6762468359375049,-0.5324536744927986,127.00576,127.6820068359375,-0.6762468359375049,-0.5324536744927986,0.0
2f541740-7f0b-4bcc-a30b-b913e85f9acf,2025-01-07 18:47:46.838,108.86208,105.460226025,3.4018539750000087,3.1249209779934466,108.86208,105.460226025,3.4018539750000087,3.1249209779934466,0.0
59cd7117-b6ff-4b6a-b04a-0d8548042e8d,2025-01-08 00:13:32.659,98.883056,102.92900848388672,-4.0459524838867225,-4.091653967376092,98.883056,102.92900848388672,-4.0459524838867225,-4.091653967376092,0.0
ab67e65e-3f56-42b8-ad6d-b694edb67fba,2025-01-11 15:14:31.766,138.799152,134.99861475276998,3.800537247230011,2.73815595590239,138.799152,134.99861475276998,3.800537247230011,2.73815595590239,0.0
a7039984-4e31-4ed4-a39f-dba2aa957d07,2025-02-10 23:13:02.329,80.739376,76.03900146484375,4.700374535156243,5.821663193379453,80.739376,76.03900146484375,4.700374535156243,5.821663193379453,0.0
0a726a3c-7eaa-41dc-a3df-605740ead24b,2025-01-14 18:27:59.153,138.34556,,,,138.34556,,,,
04a1d218-a63a-404a-beaa-e6e20d88c9a8,2025-03-01 00:57:25.957,84.821704,,,,84.821704,,,,
2f08d02f-76d4-45b1-a751-21b7ef9b9bbe,2025-01-10 16:57:56.416,124.7378,,,,124.7378,,,,
12ba5905-8cb9-45f4-8448-111ab8ee0925,2025-05-22 18:45:19.328,112.944408,103.8,9.144407999999999,8.096379592338913,112.944408,103.8,9.144407999999999,8.096379592338913,0.0
96f8e2ee-446c-4936-8668-40dadee74061,2025-02-12 19:11:11.428,108.62300872802734,98.0770034790039,10.546005249023438,9.708813420394897,108.62300872802734,98.0770034790039,10.546005249023438,9.708813420394897,0.0
4ced7d19-5162-4c62-9dcd-2bc39d9c76ef,2025-01-06 19:27:11.663,114.758776,112.94450013,1.814275870000003,1.5809473865423616,114.758776,112.94450013,1.814275870000003,1.5809473865423616,0.0
8f368d56-d24a-4e44-b69e-5ebcde398b9b,2025-01-09 01:07:35.744,63.50288,59.353004455566406,4.149875544433591,6.534940689986961,63.50288,59.353004455566406,4.149875544433591,6.534940689986961,0.0
8256aab3-b358-450d-adae-7756fd5d4b1c,2025-01-04 02:58:01.366,102.0582,94.04903494373312,8.00916505626688,7.847644830368242,102.0582,94.04903494373312,8.00916505626688,7.847644830368242,0.0
569e679d-df22-4cc7-8ebb-1152436279c7,2025-01-29 23:38:37.247,97.975872,,,,97.975872,,,,
1819413c-44ca-4425-a752-8e2c64f0f2bc,2025-01-09 22:28:46.921,124.3000030517578,114.00000762939452,10.299995422363281,8.28639997544845,124.3000030517578,114.00000762939452,10.299995422363281,8.28639997544845,0.0
3e361051-4895-47c0-a69c-77d0868fc945,2025-01-09 23:56:14.587,72.121128,68.11278850928252,4.008339490717475,5.557788129322485,72.121128,68.11278850928252,4.008339490717475,5.557788129322485,0.0
05877be3-b412-4b0d-9bf0-92d10ce9630a,2025-01-19 18:13:47.566,121.562656,122.154,-0.5913439999999923,-0.4864520235556488,121.562656,122.154,-0.5913439999999923,-0.4864520235556488,0.0
99518101-ca9c-4a76-b86c-cca12a6bbbd6,2025-02-07 20:54:47.772,84.822,95.3990210922508,-10.577021092250803,-12.46966717626418,84.822,84.822,0.0,0.0,12.46966717626418
195f206a-72bb-4ab1-8097-ad3e89460426,2025-01-20 05:11:04.679,102.31000518798828,101.468613169,0.8413920189882873,0.8223946596838517,102.31000518798828,101.468613169,0.8413920189882873,0.8223946596838517,0.0
696447f9-3e24-47f8-869d-bfcea634e3e7,2025-03-07 20:06:31.626,131.995272,122.47400665283205,9.521265347167954,7.213338177118915,131.995272,122.47400665283205,9.521265347167954,7.213338177118915,0.0
5fb03527-ada9-4d40-8df8-c73dd0e27395,2025-01-05 22:44:42.968,97.52228,,,,97.52228,,,,
78b118bf-0f85-49f5-812b-0b1fb5c67443,2025-01-07 13:28:58.583,161.02516,144.70700073242188,16.318159267578125,10.133918989789002,161.02516,144.70700073242188,16.318159267578125,10.133918989789002,0.0
3ce5ef49-4b52-4eaa-9a3c-5f493eefc709,2025-02-21 19:55:25.620,99.79024,93.62146239949188,6.168777600508122,6.181744427619497,99.79024,93.62146239949188,6.168777600508122,6.181744427619497,0.0
487cfbc0-eac4-4f15-8b9f-cec2c91ab3e7,2025-01-30 20:41:25.242,106.140528,98.64898774368233,7.491540256317677,7.058133587122985,106.140528,98.64898774368233,7.491540256317677,7.058133587122985,0.0
86cd40d1-62ca-4488-b1bc-85305e3e3a6f,2025-03-19 03:46:26.997,120.20188,108.89700317382812,11.304876826171878,9.404908497414414,120.20188,108.89700317382812,11.304876826171878,9.404908497414414,0.0
de6c1c30-186d-4624-b69d-b1d58689c7ee,2025-01-04 20:00:53.440,97.068688,90.39500427246094,6.673683727539057,6.875217812297059,97.068688,90.39500427246094,6.673683727539057,6.875217812297059,0.0
8cc381ea-80d5-4311-92b5-6c01abbf09c7,2025-01-07 21:10:05.122,120.20188,,,,120.20188,,,,
740c86a2-e358-46b2-8095-002001da8726,2025-01-07 17:15:46.838,104.32616,98.15738609949187,6.168773900508128,5.912969384196762,104.32616,98.15738609949187,6.168773900508128,5.912969384196762,0.0
ae5239d7-8d39-474d-bf5a-a3ce5cf983e4,2025-01-24 06:02:37.165,89.357624,87.0250015258789,2.332622474121095,2.6104347560999326,89.357624,87.0250015258789,2.332622474121095,2.6104347560999326,0.0
92b6176a-461f-4eb9-b4b2-7b582fc3aa54,2025-01-29 00:41:39.069,74.84268,74.84268,0.0,0.0,74.84268,74.84268,0.0,0.0,0.0
35cde1d4-11b1-450c-a037-64cbd7a9b5da,2025-05-01 01:55:15.722,112.037224,105.98200225830078,6.055221741699214,5.404651709059851,112.037224,105.98200225830078,6.055221741699214,5.404651709059851,0.0
52d17b13-6c79-4ef7-a05b-1c5842b3fa0d,2025-01-24 00:02:13.839,90.77400207519533,89.68000793457031,1.0939941406250142,1.2051844312414164,90.77400207519533,89.68000793457031,1.0939941406250142,1.2051844312414164,0.0
6b7eef28-5cda-4e0e-b592-0df50809a5e1,2025-02-19 06:34:15.420,79.3786,78.6570053100586,0.7215946899414121,0.9090544428113018,79.3786,78.6570053100586,0.7215946899414121,0.9090544428113018,0.0
f4eeae37-a3ae-4448-a7ae-70f2079f526f,2025-06-10 16:45:39.922,89.811216,83.87,5.941215999999997,6.615227211710392,89.811216,83.87,5.941215999999997,6.615227211710392,0.0
b9f5616e-5b1a-490f-ad2a-1b42c8dee166,2025-06-02 22:07:50.435,121.562656,117.298986882,4.26366911800001,3.507383976539645,121.562656,117.298986882,4.26366911800001,3.507383976539645,0.0
83445878-3971-40d2-a1ee-4b88b3c18b9d,2025-01-02 01:22:18.461,115.66596,118.2987861131066,-2.632826113106603,-2.2762324482558247,115.66596,118.2987861131066,-2.632826113106603,-2.2762324482558247,0.0
280f5d8c-ac08-4707-8d13-78af592f3a60,2025-03-31 21:07:40.626,107.501304,102.51187562,4.989428380000007,4.64127242586751,107.501304,102.51187562,4.989428380000007,4.64127242586751,0.0
6f568a4b-2dbb-45d5-af20-e897a0a322b0,2025-01-04 19:10:25.588,86.18248,90.26488163,-4.082401630000007,-4.7369275402610915,86.18248,90.26488163,-4.082401630000007,-4.7369275402610915,0.0
89b4b586-c94a-4cad-b044-035b20d5f5db,2025-01-08 22:35:07.729,153.31422106000002,148.99200439453125,4.322216665468773,2.8191883542083542,153.31422106000002,148.99200439453125,4.322216665468773,2.8191883542083542,0.0
f5fcb740-43c7-4d3b-82ac-739e38a5948e,2025-04-09 02:30:15.705,151.95332,144.423810608,7.529509391999994,4.9551463515242675,151.95332,144.423810608,7.529509391999994,4.9551463515242675,0.0
ad3570dc-9da3-4349-b2fb-68af6884170f,2025-01-15 05:49:48.771,79.3786,75.47776759949188,3.900832400508122,4.914211639545321,79.3786,75.47776759949188,3.900832400508122,4.914211639545321,0.0
17296a1d-2a47-4f19-ad43-14c4f2ba64e4,2025-05-31 22:16:15.284,81.64656,83.38800048828125,-1.7414404882812562,-2.132901237089788,81.64656,83.38800048828125,-1.7414404882812562,-2.132901237089788,0.0
a7634815-8c4b-426f-9e10-bd6c1f5ac99d,2025-01-02 14:17:04.306,73.935496,70.14800262451172,3.787493375488282,5.122699623856289,73.935496,70.14800262451172,3.787493375488282,5.122699623856289,0.0
f83590b8-4630-4968-848c-d5d599b7be82,2025-01-12 04:01:55.341,77.38286109050811,76.38495233949187,0.9979087510162401,1.2895733460269343,77.38286109050811,76.38495233949187,0.9979087510162401,1.2895733460269343,0.0
cf5f5678-0294-4f7e-b174-1f0525e32956,2025-01-09 17:44:03.943,81.64656,80.12600708007812,1.5205529199218688,1.862360055245278,81.64656,80.12600708007812,1.5205529199218688,1.862360055245278,0.0
6a454c14-c1ab-4485-b3ba-b70c22a15f65,2025-01-09 23:08:14.742,107.2292334994919,104.64375837474594,2.5854751247459546,2.41116628401359,107.2292334994919,104.64375837474594,2.5854751247459546,2.41116628401359,0.0
f8f70e69-3036-43e9-978e-7a4c943b8a30,2025-01-02 00:43:02.076,88.45044,86.20100402832031,2.249435971679688,2.543159730669161,88.45044,86.20100402832031,2.249435971679688,2.543159730669161,0.0
34187469-3948-4aed-a2f0-c3ffc6682a2a,2025-04-22 21:26:30.623,89.811216,87.69999694824219,2.111219051757814,2.350729837304301,89.811216,87.69999694824219,2.111219051757814,2.350729837304301,0.0
8f3769e5-3783-40e9-aa5f-4f8ad6570c10,2025-01-27 17:39:26.467,91.171992,85.275296,5.896696000000006,6.467661691542295,91.171992,85.275296,5.896696000000006,6.467661691542295,0.0
700160bd-a715-4304-bce0-2091f76c8d51,2025-01-02 18:38:54.622,82.28165314949189,77.38286109050811,4.898792058983773,5.953686966015977,82.28165314949189,77.38286109050811,4.898792058983773,5.953686966015977,0.0
175b2459-b605-4ace-b072-8f52a5092e83,2025-01-09 05:03:27.508,93.7030029296875,93.5580062866211,0.14499664306640625,0.15474065775160725,93.7030029296875,93.5580062866211,0.14499664306640625,0.15474065775160725,0.0
333ada28-0b64-4719-86a2-39b7da999404,2025-03-11 19:41:21.972,105.686936,95.77999877929688,9.906937220703128,9.37385224291404,105.686936,95.77999877929688,9.906937220703128,9.37385224291404,0.0
f3744d2e-d7d4-4aa7-bb10-bd2ee941e709,2025-02-06 19:16:09.812,115.66596,108.0,7.665959999999998,6.627671615745894,115.66596,108.0,7.665959999999998,6.627671615745894,0.0
c72c5cfa-cb32-4050-a6b3-3206907c1592,2025-01-29 18:34:29.419,71.667536,74.84274105,-3.1752050500000024,-4.430464931848644,71.667536,74.84274105,-3.1752050500000024,-4.430464931848644,0.0
015f1bf9-a3a5-44ba-9e6c-cfa859d8ccc0,2025-01-23 21:20:57.842,120.655472,114.66815113600002,5.987320863999983,4.962328491823382,120.655472,114.66815113600002,5.987320863999983,4.962328491823382,0.0
02e11b7d-c40f-4163-8d3f-a6169a147156,2025-01-01 12:09:39.510,102.0582,105.27700805664062,-3.2188080566406256,-3.1538945980240936,102.0582,105.27700805664062,-3.2188080566406256,-3.1538945980240936,0.0
e95c7f21-9d80-4d85-900e-ecdddeacaf27,2025-01-01 14:50:29.358,96.615096,97.94400787353516,-1.3289118735351622,-1.3754702200318283,96.615096,97.94400787353516,-1.3289118735351622,-1.3754702200318283,0.0
5b29f000-e7b7-4f23-bb81-7e76e73ae4d2,2025-02-21 18:55:56.847,80.739376,80.84917039122669,-0.10979439122669987,-0.135986177582918,80.739376,80.84917039122669,-0.10979439122669987,-0.135986177582918,0.0
9a388c18-a0ff-41a6-a549-d0fba7b09327,2025-05-28 17:11:58.173,103.872568,97.977,5.895567999999997,5.6757699491938975,103.872568,97.977,5.895567999999997,5.6757699491938975,0.0
cc0ca791-778d-44e9-a28e-2533468ad333,2025-01-02 00:05:06.033,100.697424,87.4072494506836,13.290174549316404,13.198127639607153,100.697424,87.4072494506836,13.290174549316404,13.198127639607153,0.0
a6a249b7-098f-4604-bd18-0a57e8361bd1,2025-01-09 18:46:52.531,133.356048,132.95,0.4060479999999984,0.3044841280839385,133.356048,132.95,0.4060479999999984,0.3044841280839385,0.0
166f816d-e678-4c1e-8e47-6903e5c2f9c6,2025-01-10 18:41:40.345,67.131616,61.099373047912195,6.032242952087799,8.985696027469084,67.131616,61.099373047912195,6.032242952087799,8.985696027469084,0.0
b1521e91-6d69-4b2f-9290-f986a69d2bfb,2025-01-19 23:38:03.922,96.433737862,88.26907520200001,8.16466265999999,8.466603951081835,96.433737862,88.26907520200001,8.16466265999999,8.466603951081835,0.0
de0f1fe9-2270-4641-b816-01643b5fd381,2025-01-08 00:01:08.061,106.140528,,,,106.140528,,,,
d6776d45-7e7d-41d2-a490-3b339418ecf9,2025-02-04 16:27:49.032,64.1820068359375,64.863656,-0.681649164062506,-1.0620564822862932,64.1820068359375,64.863656,-0.681649164062506,-1.0620564822862932,0.0
fd119951-78d1-4523-9051-4ef2d0992cfe,2025-01-19 21:24:19.975,68.0388,,,,68.0388,,,,
8f09d09b-dc12-4677-a55b-746eb2526403,2025-04-24 18:42:39.279,97.975872,95.43583187949189,2.5400401205081096,2.592515961999409,97.975872,95.43583187949189,2.5400401205081096,2.592515961999409,0.0
5f9a238e-bc87-4105-ac25-9b7e3c2d8656,2025-02-13 21:01:24.981,128.366536,124.86500549316406,3.501530506835934,2.7277595983706644,128.366536,124.86500549316406,3.501530506835934,2.7277595983706644,0.0
97d6b970-2579-424b-9a40-1ec04f293917,2025-01-07 00:12:10.105,88.45044,87.4320068359375,1.0184331640625004,1.151416730162677,88.45044,87.4320068359375,1.0184331640625004,1.151416730162677,0.0
803bb648-597b-4a7b-a097-17e7ba9e4f6a,2025-01-14 10:28:38.388,118.841104,,,,118.841104,,,,
27e6d84e-8c8e-4d1a-884e-c4e88c7f5879,2025-02-20 16:21:00.612,147.870992,127.8986876065658,19.9723043934342,13.506573617518033,147.870992,127.8986876065658,19.9723043934342,13.506573617518033,0.0
4b2e5038-ae05-4a0f-b9d0-409dc69221e7,2025-01-06 19:29:04.775,82.100152,79.4000015258789,2.700150474121088,3.288849543324948,82.100152,79.4000015258789,2.700150474121088,3.288849543324948,0.0
a2a38cc0-f86e-449f-9c5a-f9a9bd83a073,2025-01-12 20:18:46.603,99.7903214,98.88313666,0.907184739999991,0.9090909090909002,99.7903214,98.88313666,0.907184739999991,0.9090909090909002,0.0
9caf70ce-497f-49f4-81d9-07e68bd29e95,2025-01-06 18:18:24.339,75.296272,69.76000213623047,5.536269863769533,7.352648035177005,75.296272,69.76000213623047,5.536269863769533,7.352648035177005,0.0
b7b50773-6a00-43b9-8a25-23563b40b474,2025-02-13 01:33:17.888,104.32616,101.13600158691406,3.190158413085939,3.057870061627821,104.32616,101.13600158691406,3.190158413085939,3.057870061627821,0.0
eb5f7911-c81d-4df9-9a6a-6998e5bfff50,2025-03-07 22:07:46.827,117.026736,107.92400360107422,9.102732398925781,7.778335712042573,117.026736,107.92400360107422,9.102732398925781,7.778335712042573,0.0
b08af235-b6bf-4b24-9194-f045fb9eee40,2025-01-24 20:44:41.097,116.19600677490234,109.1090087890625,7.086997985839844,6.099175163195534,116.19600677490234,109.1090087890625,7.086997985839844,6.099175163195534,0.0
5c1fcd46-2bab-464b-be49-24382c974ddc,2025-02-24 22:54:52.738,133.80964,153.85000610351562,-20.040366103515623,-14.976773051265683,133.80964,153.85000610351562,-20.040366103515623,-14.976773051265683,0.0
81c46671-97a9-4473-b5bf-e829b6257549,2025-02-07 23:06:05.041,88.45044,87.03500366210938,1.4154363378906254,1.6002592388354715,88.45044,87.03500366210938,1.4154363378906254,1.6002592388354715,0.0
10a900f0-c3b2-46b2-92c0-53da902f03b1,2025-01-02 21:51:12.353,87.996848,,,,87.996848,,,,
feed6b18-c154-4a9d-a9ec-101833e6dd55,2025-01-06 19:20:12.049,101.604608,99.608884452,1.9957235480000008,1.9642057454717021,101.604608,99.608884452,1.9957235480000008,1.9642057454717021,0.0
2f539f08-c740-446f-a0eb-42a08b7fd3de,2025-03-21 07:31:30.370,100.697424,98.202748105,2.4946758950000003,2.4773979272796494,100.697424,98.202748105,2.4946758950000003,2.4773979272796494,0.0
7cd6278c-1193-4d2f-b280-bc0acc2be99a,2025-01-02 00:23:45.478,90.7184,90.0834503173828,0.6349496826172043,0.6999127879429138,90.7184,90.0834503173828,0.6349496826172043,0.6999127879429138,0.0
9c54cc60-5f0b-4d7a-bc8a-803c67a6a521,2025-01-27 22:44:53.829,112.34200286865234,114.22400665283205,-1.8820037841797017,-1.6752449984179976,112.34200286865234,114.22400665283205,-1.8820037841797017,-1.6752449984179976,0.0
2c249c18-070d-41d6-8f7e-e983d810d0fc,2025-01-09 19:15:09.064,104.779752,105.12600708007812,-0.346255080078123,-0.33045991565061444,104.779752,105.12600708007812,-0.346255080078123,-0.33045991565061444,0.0
f995cd39-a9c8-4c17-b65a-bb1cba5cfc5b,2025-05-08 21:11:30.150,97.52228,,,,97.52228,,,,
164c2f69-be62-41da-96f4-51b86ca374f4,2025-02-21 23:21:28.965,91.171992,79.46918455054195,11.70280744945805,12.835967705365094,91.171992,79.46918455054195,11.70280744945805,12.835967705365094,0.0
2d26d9b1-5b68-4ae9-920b-8ca7462e4443,2025-05-10 00:50:00.231,109.769264,105.369507551,4.399756449000009,4.008186161291934,109.769264,105.369507551,4.399756449000009,4.008186161291934,0.0
6047b4c3-332c-49ee-be8e-4b4fecb3d932,2025-01-02 23:47:47.383,101.151016,95.24902263041552,5.901993369584474,5.834833502398507,101.151016,95.24902263041552,5.901993369584474,5.834833502398507,0.0
af715596-f96b-4e4c-b780-1ac1b7feff01,2025-02-05 01:59:23.744,105.01500701904295,102.12400817871094,2.890998840332017,2.752938767892265,105.01500701904295,102.12400817871094,2.890998840332017,2.752938767892265,0.0
eb0fabc0-9d32-444e-9498-b4ab203ca921,2025-01-20 13:20:28.035,94.347136,92.351406532,1.9957294680000075,2.1153047698236516,94.347136,92.351406532,1.9957294680000075,2.1153047698236516,0.0
6351b1e8-5f0c-4393-a2c4-109a1f15c31f,2025-01-01 17:48:37.447,91.05500793457033,81.031005859375,10.024002075195327,11.00873230651773,91.05500793457033,81.031005859375,10.024002075195327,11.00873230651773,0.0
dbbb4d51-e706-4c76-9645-9d73904ded68,2025-01-10 05:01:03.792,65.77083999999999,63.53900146484375,2.2318385351562426,3.393355680353547,65.77083999999999,63.53900146484375,2.2318385351562426,3.393355680353547,0.0
3cd2987e-2bff-40f4-9ea6-96d21ee3bc84,2025-01-12 18:51:01.645,74.84268,74.64923401003432,0.19344598996568152,0.25847015361513176,74.84268,74.64923401003432,0.19344598996568152,0.25847015361513176,0.0
406627e1-a5c8-4db8-924a-e0293e3231f2,2025-01-27 20:13:57.556,90.264808,84.47600555419922,5.788802445800783,6.413133284237178,90.264808,84.47600555419922,5.788802445800783,6.413133284237178,0.0
8c4b84d6-2730-4952-9fce-985f8372f384,2025-03-26 19:15:33.027,120.20188,114.6290054321289,5.5728745678710965,4.6362624011131075,120.20188,114.6290054321289,5.5728745678710965,4.6362624011131075,0.0
1e314fd0-d907-4f76-b7a1-042496f940da,2025-02-03 20:33:41.044,133.356048,135.399,-2.042952000000014,-1.5319530164841224,133.356048,135.399,-2.042952000000014,-1.5319530164841224,0.0
08c12246-4780-49c9-ac10-388f78816696,2025-01-05 02:50:33.019,99.79024,94.30502781755692,5.485212182443078,5.496742148774347,99.79024,94.30502781755692,5.485212182443078,5.496742148774347,0.0
45c83215-4c0d-4d18-8308-3ca7528df069,2025-01-01 20:17:03.036,87.543256,,,,87.543256,,,,
f70cc24c-01f2-411f-8633-f1a441e0b24c,2025-01-02 14:07:40.122,85.366084034,84.08200073242188,1.2840833015781214,1.5042078081813979,85.366084034,84.08200073242188,1.2840833015781214,1.5042078081813979,0.0
83123f96-1533-45b2-82d4-f1873f29e09e,2025-05-16 18:01:49.774,86.636072,81.91878509521484,4.717286904785155,5.444945501205497,86.636072,81.91878509521484,4.717286904785155,5.444945501205497,0.0
15b5ab74-47f0-41bf-9dbc-c2ab9054338f,2025-04-05 21:50:07.303,78.925008,76.657048,2.267960000000002,2.8735632183908075,78.925008,76.657048,2.267960000000002,2.8735632183908075,0.0
eaae31b9-3f2c-403e-a1f3-6fc4e20002a7,2025-01-10 14:40:56.681,94.800728,,,,94.800728,,,,
226d7b11-9646-4ccc-8273-e14c21519c42,2025-05-02 14:22:11.689,181.4368,171.44000244140625,9.996797558593755,5.50979600532734,181.4368,171.44000244140625,9.996797558593755,5.50979600532734,0.0
faa723a9-a6de-482f-b92a-a2f3d419dacd,2025-03-17 15:28:59.967,81.64656,77.564232,4.08232799999999,4.999999999999988,81.64656,77.564232,4.08232799999999,4.999999999999988,0.0
6f8a58e9-7d86-437c-a1d5-0a3dffd96ef7,2025-01-06 17:45:52.531,105.233344,100.13300323486328,5.100340765136721,4.84669646641346,105.233344,100.13300323486328,5.100340765136721,4.84669646641346,0.0
8deccd49-c319-4273-abbd-fde89d11ed0a,2025-03-07 11:44:45.770,117.93392,117.389705356,0.5442146440000073,0.4614572669169373,117.93392,117.389705356,0.5442146440000073,0.4614572669169373,0.0
f26765e6-64ae-4ae1-845d-96c12608f317,2025-02-07 17:27:18.976,131.54168,133.19200134277344,-1.6503213427734238,-1.2545995632513007,131.54168,133.19200134277344,-1.6503213427734238,-1.2545995632513007,0.0
57232418-cf19-4469-9b51-33f65a45a305,2025-01-02 16:19:58.799,125.644984,120.61400604248048,5.030977957519511,4.004121611030259,125.644984,120.61400604248048,5.030977957519511,4.004121611030259,0.0
5fa70ff5-8a11-4123-bba8-cc1c772cab86,2025-05-27 04:52:28.114,90.7184,,,,90.7184,,,,
3442e949-534f-4c30-921a-9e80e3460dcc,2025-03-15 09:19:42.252,81.11100006103516,83.93500518798828,-2.824005126953125,-3.481654923287953,81.11100006103516,83.93500518798828,-2.824005126953125,-3.481654923287953,0.0
a5ff6b32-1a3f-40b4-87d8-d337f7caa582,2025-01-04 04:54:59.177,128.820128,123.20000457763672,5.620123422363292,4.362768077953852,128.820128,123.20000457763672,5.620123422363292,4.362768077953852,0.0
f4fea865-3ba6-4eeb-be60-b8506876eebd,2025-04-21 20:24:32.725,95.50300598144533,93.26200103759766,2.2410049438476705,2.3465281755456586,95.50300598144533,93.26200103759766,2.2410049438476705,2.3465281755456586,0.0
55e2e1f4-0af3-4fc5-a67c-d5eb35b088df,2025-01-03 19:00:25.751,99.79024,90.98906634269298,8.801173657307018,8.819673805080555,99.79024,90.98906634269298,8.801173657307018,8.819673805080555,0.0
170db38c-eced-4e8d-86bd-f77100fc42e6,2025-01-22 21:44:30.621,165.56108,163.2932532,2.2678267999999946,1.3697825600074574,165.56108,163.2932532,2.2678267999999946,1.3697825600074574,0.0
8ea81d72-afe0-4799-b029-ee9288689170,2025-01-15 18:37:16.363,114.532073425,116.0988086875222,-1.5667352625222009,-1.3679445553285643,114.532073425,116.0988086875222,-1.5667352625222009,-1.3679445553285643,0.0
3d043c7f-5670-4339-af0a-60bc4e59c757,2025-01-14 16:52:00.383,114.758776,,,,114.758776,,,,
8a7038cb-4749-4b77-bbdc-bfe720ce31b4,2025-02-10 22:18:26.347,68.0388,66.678024,1.3607760000000013,2.000000000000002,68.0388,66.678024,1.3607760000000013,2.000000000000002,0.0
c58ab1cc-982b-42bd-95bc-7fd00b1c500c,2025-04-21 15:39:28.142,77.11064,72.91600036621094,4.194639633789066,5.43976762971889,77.11064,72.91600036621094,4.194639633789066,5.43976762971889,0.0
46f8a441-9303-4cb0-b390-5db25b9f82dc,2025-01-07 00:18:16.215,107.047712,102.8330078125,4.214704187500004,3.9372202439039556,107.047712,102.8330078125,4.214704187500004,3.9372202439039556,0.0
8009378b-e356-43a2-afa9-754c6fddc4ac,2025-01-06 19:33:06.854,141.974296,139.5250157805081,2.4492802194918966,1.7251575028002932,141.974296,139.5250157805081,2.4492802194918966,1.7251575028002932,0.0
999a9973-2c83-4b69-a260-f05067462b1e,2025-01-22 19:31:04.780,81.3530044555664,76.11700439453125,5.236000061035156,6.436148358718538,81.3530044555664,76.11700439453125,5.236000061035156,6.436148358718538,0.0
a9a401ff-7085-42e4-80fb-d9bbc51128a1,2025-03-10 17:59:02.078,102.0582,100.25700378417967,1.801196215820326,1.764871627973378,102.0582,100.25700378417967,1.801196215820326,1.764871627973378,0.0
d28b350e-4e95-458b-bd41-d9b2edcb9187,2025-05-24 00:01:58.769,84.368112,86.63614267,-2.2680306700000017,-2.6882558068859024,84.368112,86.63614267,-2.2680306700000017,-2.6882558068859024,0.0
cdfc5af9-ae0e-46ab-b68f-90c10fb5882c,2025-02-14 19:34:49.974,84.821704,83.49400329589844,1.3277007041015594,1.565284168426467,84.821704,83.49400329589844,1.3277007041015594,1.565284168426467,0.0
2edaa59e-ca22-4ce5-b873-50c3979ca4f5,2025-05-21 18:14:43.098,122.92353227,,,,122.92353227,,,,
5641faf7-5624-4f8a-9d89-04a8e2d0b74d,2025-01-01 18:44:52.600,140.61352,,,,140.61352,,,,
1c4bdd29-2799-4558-bc5b-a563ed66ead7,2025-01-10 13:55:00.126,99.79024,94.80080533,4.989434669999994,4.9999225074516245,99.79024,94.80080533,4.989434669999994,4.9999225074516245,0.0
42a6ac7c-be6d-4265-a5c5-b5f9022287ec,2025-02-06 17:37:13.279,74.84268,74.1492391405833,0.6934408594166968,0.926531304620167,74.84268,74.1492391405833,0.6934408594166968,0.926531304620167,0.0
6d51319a-b7af-4dde-a8ec-137615764d6b,2025-01-14 15:08:47.845,163.29312,139.706336,23.586783999999994,14.444444444444443,163.29312,139.706336,23.586783999999994,14.444444444444443,0.0
296419a6-f768-4ac2-8a60-4a043f69dcea,2025-01-13 22:32:44.175,119.249434073,,,,119.249434073,,,,
8c3a05a6-ebb1-4064-ab20-3763d9fe0e4a,2025-02-03 01:16:31.720,107.954896,109.3988774368788,-1.4439814368788007,-1.3375784613592705,107.954896,109.3988774368788,-1.4439814368788007,-1.3375784613592705,0.0
c5216ed5-84ea-42ae-b88f-3078c666307e,2025-06-04 23:35:45.715,77.11064,74.58900451660156,2.521635483398441,3.270152450295369,77.11064,74.58900451660156,2.521635483398441,3.270152450295369,0.0
00775c99-feba-4683-af8b-21c493841508,2025-01-13 18:58:06.842,124.7378,123.2863998413086,1.4514001586913992,1.1635608121126069,124.7378,123.2863998413086,1.4514001586913992,1.1635608121126069,0.0
5edb256c-21b9-4436-a687-756615dd2031,2025-05-30 02:09:05.970,83.460928,86.49100494384766,-3.0300769438476607,-3.6305334920882513,83.460928,86.49100494384766,-3.0300769438476607,-3.6305334920882513,0.0
f8636fd7-0dd1-4e56-8961-a7faaf4bfcf6,2025-01-30 19:54:00.519,61.557003021240234,64.09600067138672,-2.5389976501464844,-4.124628434672824,61.557003021240234,64.09600067138672,-2.5389976501464844,-4.124628434672824,0.0
e5b72c27-68f9-4779-b162-9325d67d64a7,2025-02-24 21:54:02.009,102.0582,107.2310028076172,-5.172802807617202,-5.068483284652485,102.0582,107.2310028076172,-5.172802807617202,-5.068483284652485,0.0
7f89336a-0acf-432a-800d-9c4677e1cc56,2025-02-06 01:53:36.053,149.68536,141.3,8.385359999999991,5.60199073576734,149.68536,141.3,8.385359999999991,5.60199073576734,0.0
03de147f-5e59-49b5-864b-da235f1dab54,2025-01-04 04:11:30.603,93.34931113025408,,,,93.34931113025408,,,,
3823afed-9cae-4c7e-b95f-d88b76961f16,2025-06-03 00:11:05.693,90.7184,90.31024169921876,0.4081583007812384,0.4499178786015167,90.7184,90.31024169921876,0.4081583007812384,0.4499178786015167,0.0
46d6adb8-7da9-4817-b13c-5c6c7ab2e18b,2025-01-01 23:34:46.420,89.72057342529297,,,,89.72057342529297,,,,
2e9549f0-fef9-4d88-812c-a211589a8dcd,2025-02-04 17:08:44.458,120.20188,110.75000762939452,9.451872370605486,7.863331564036674,120.20188,110.75000762939452,9.451872370605486,7.863331564036674,0.0
f4966072-6c79-4f94-963d-06f3cda07e0f,2025-01-10 14:52:58.594,79.3786,73.48196394,5.896636060000006,7.428495917035581,79.3786,73.48196394,5.896636060000006,7.428495917035581,0.0
d5750fe3-ae34-4014-a2c7-908a3116d75d,2025-05-14 14:05:42.083,139.252744,124.0987265987382,15.154017401261811,10.882383331176447,139.252744,124.0987265987382,15.154017401261811,10.882383331176447,0.0
0c9adfca-ab0c-4cdc-beda-dae272e51d4e,2025-01-02 21:51:47.907,90.7184,88.315,2.403400000000005,2.6492971657348505,90.7184,88.315,2.403400000000005,2.6492971657348505,0.0
6ebb0b53-59eb-490c-aa1a-93d7ee7dc950,2025-01-09 02:52:25.095,80.46728643800002,76.203456,4.263830438000014,5.298837113496168,80.46728643800002,76.203456,4.263830438000014,5.298837113496168,0.0
ab4ba3b8-9b68-4dd4-b311-bfc504759c74,2025-01-27 20:02:01.056,69.1492904460733,66.4493181510379,2.699972295035394,3.904555314477149,69.1492904460733,66.4493181510379,2.699972295035394,3.904555314477149,0.0
dbb32e23-e1cc-4df9-ab34-5f036b417382,2025-01-03 22:39:10.121,82.100152,79.46800231933594,2.6321496806640567,3.2060229080502274,82.100152,79.46800231933594,2.6321496806640567,3.2060229080502274,0.0
475ff64b-6115-42a3-bf58-05cda9ceacdb,2025-04-01 00:31:55.473,60.327736,,,,60.327736,,,,
c1771050-35b8-4cdb-8633-800df6f76688,2025-01-06 20:15:59.545,95.25432,97.52235955,-2.2680395499999975,-2.381035894225057,95.25432,97.52235955,-2.2680395499999975,-2.381035894225057,0.0
4ade37f0-92e1-4ec2-a6df-ddd89dc71968,2025-01-11 02:56:33.634,111.13004,114.552001953125,-3.421961953125006,-3.079241178285373,111.13004,114.552001953125,-3.421961953125006,-3.079241178285373,0.0
c9f3552e-54f7-4a4c-997d-e8a9e64f5191,2025-04-28 14:38:20.481,106.59412,106.6989051418434,-0.1047851418433936,-0.09830292875760277,106.59412,106.6989051418434,-0.1047851418433936,-0.09830292875760277,0.0
38650920-f9a4-49c3-8e0c-89e7e61ac092,2025-05-02 22:34:08.982,74.84268,,,,74.84268,,,,
42d4672a-1c62-4d31-933a-fcb5e84fc13c,2025-03-22 22:33:53.478,83.460928,88.32100677490234,-4.860078774902348,-5.823178451720964,83.460928,88.32100677490234,-4.860078774902348,-5.823178451720964,0.0
fd9a48d2-6a7f-45dd-9dc0-ca93a2541d1d,2025-03-21 23:53:52.049,144.242256,146.510216,-2.2679600000000164,-1.5723270440251687,144.242256,146.510216,-2.2679600000000164,-1.5723270440251687,0.0
d0116dff-bc54-44c5-b9be-7cace90623d9,2025-01-01 23:42:57.905,108.86208,106.19000244140624,2.67207755859377,2.454553099292031,108.86208,106.19000244140624,2.67207755859377,2.454553099292031,0.0
56ac56ab-8768-418e-a230-f592d06f601d,2025-03-12 00:23:08.704,74.12600708007812,71.89200592041016,2.2340011596679688,3.0137886116738803,74.12600708007812,71.89200592041016,2.2340011596679688,3.0137886116738803,0.0
8afc103f-c3b8-4af6-b2ba-df74d5d1e11b,2025-01-06 18:15:05.928,84.368112,84.5491324251641,-0.18102042516410677,-0.21456024186496764,84.368112,84.5491324251641,-0.18102042516410677,-0.21456024186496764,0.0
711d08c7-3337-4204-aa0e-0c8ce3f4276f,2025-01-27 22:55:03.255,80.739376,71.81300354003906,8.92637245996093,11.05578579150888,80.739376,71.81300354003906,8.92637245996093,11.05578579150888,0.0
30ec22ec-70bf-4e0c-9ede-698cc0c6f041,2025-01-10 05:00:34.475,81.64656,75.31600189208984,6.33055810791015,7.7536127767172935,81.64656,75.31600189208984,6.33055810791015,7.7536127767172935,0.0
3ce4d693-1511-413a-8d49-bfa23575829f,2025-01-13 19:19:11.920,115.212368,107.64900207519533,7.563365924804671,6.564717014413479,115.212368,107.64900207519533,7.563365924804671,6.564717014413479,0.0
cb25ac40-cf27-490d-9749-5d075075b53c,2025-01-01 23:32:36.630,121.60700225830078,,,,121.60700225830078,,,,
0ad94b0c-01fa-418d-aa96-9e31bdca973d,2025-01-06 14:46:25.108,109.769264,109.11200714111328,0.6572568588867256,0.5987621989400653,109.769264,109.11200714111328,0.6572568588867256,0.5987621989400653,0.0
1c646e68-95b2-4fed-ac69-05d367526395,2025-03-11 04:03:49.884,99.79024,102.39900207519533,-2.6087620751953295,-2.614245717011333,99.79024,102.39900207519533,-2.6087620751953295,-2.614245717011333,0.0
13f1a4f6-b86f-4ccf-b215-9217a7049a86,2025-01-10 21:11:21.140,64.863656,66.20500183105469,-1.3413458310546815,-2.0679466958425556,64.863656,66.20500183105469,-1.3413458310546815,-2.0679466958425556,0.0
b5ad7b28-132a-4651-b78c-25b7207f83da,2025-01-01 22:56:10.876,100.472,99.474,0.9979999999999905,0.993311569392458,100.472,99.474,0.9979999999999905,0.993311569392458,0.0
f3d2c5fa-0be5-4534-b08d-731d1cc10c2e,2025-01-14 20:57:39.943,96.615096,89.14500427246094,7.470091727539057,7.731805935936819,96.615096,89.14500427246094,7.470091727539057,7.731805935936819,0.0
638d8a73-e14a-448f-b1bd-3e2c37ec2ff6,2025-01-01 21:49:47.301,127.912944,123.7,4.212943999999993,3.2936025614420954,127.912944,123.7,4.212943999999993,3.2936025614420954,0.0
51fe0f62-3e00-4ed9-80dc-5172fa38f5eb,2025-01-09 19:58:56.859,131.48300170898438,123.56000518798828,7.922996520996094,6.025871343074689,131.48300170898438,123.56000518798828,7.922996520996094,6.025871343074689,0.0
799007a0-e9aa-4274-acf9-1a7b03153afb,2025-01-16 18:01:21.726,108.86208,110.998861019122,-2.1367810191219974,-1.9628331730589728,108.86208,110.998861019122,-2.1367810191219974,-1.9628331730589728,0.0
621f24a1-6f7b-427e-9457-f1d5360d2e11,2025-04-01 14:02:11.089,120.292696524,,,,120.292696524,,,,
3d515e0e-fd46-4d0f-92af-9515d47028bd,2025-05-18 19:39:52.653,107.954896,103.73900604248048,4.215889957519522,3.9052327534265068,107.954896,103.73900604248048,4.215889957519522,3.9052327534265068,0.0
fba091ff-32ef-42a6-9312-d0c90e2f5c20,2025-02-21 21:00:47.014,103.872568,106.100000001,-2.227432000999997,-2.144389075853017,103.872568,106.100000001,-2.227432000999997,-2.144389075853017,0.0
926bf1ef-2f41-4fb7-9612-c6d0927f5334,2025-04-17 23:54:41.632,122.46984,130.98001098632812,-8.51017098632812,-6.948789176443866,122.46984,130.98001098632812,-8.51017098632812,-6.948789176443866,0.0
7b950b23-bd01-46a8-be29-8ce3e5805b1b,2025-01-06 21:01:47.038,83.91452,87.8490985635407,-3.934578563540697,-4.688793505034286,83.91452,87.8490985635407,-3.934578563540697,-4.688793505034286,0.0
060e6561-f6e7-4b83-acff-34122daabd0f,2025-03-04 20:05:40.478,101.604608,,,,101.604608,,,,
9ca9723a-c196-4009-9ca3-931587361dfe,2025-02-05 22:04:17.209,118.3870086669922,101.81400299072266,16.573005676269545,13.999007038759911,118.3870086669922,101.81400299072266,16.573005676269545,13.999007038759911,0.0
d336630a-8eca-4e6b-811f-5c917d1f2e63,2025-01-13 21:25:41.291,,77.10000610351562,,,,77.10000610351562,,,
394d6898-b162-4063-8a27-fbf90aa3caf0,2025-03-13 00:03:42.978,106.59412,108.5780029296875,-1.9838829296874962,-1.8611560653509747,106.59412,108.5780029296875,-1.9838829296874962,-1.8611560653509747,0.0
ebbacf30-2de6-45c4-9647-0d5ee2503a5d,2025-01-11 20:10:08.655,81.20301326213999,,,,81.20301326213999,,,,
fcbb0cfd-484c-4366-8514-9332fba1d518,2025-01-07 19:46:51.221,122.923432,119.294696,3.6287360000000035,2.9520295202952056,122.923432,119.294696,3.6287360000000035,2.9520295202952056,0.0
e2a80a65-02f7-4e66-8b41-c8325b280d1b,2025-02-22 17:13:16.272,89.357624,88.81338604600002,0.544237953999982,0.609055981613815,89.357624,88.81338604600002,0.544237953999982,0.609055981613815,0.0
32acfde2-0857-4cc9-959d-5e459fb6896f,2025-01-03 03:17:36.056,95.25432,88.88300323486328,6.371316765136726,6.6887431091174925,95.25432,88.88300323486328,6.371316765136726,6.6887431091174925,0.0
e56fb021-71d2-488a-83ae-d1293731da5f,2025-01-17 19:13:18.813,115.66596,111.13600158691406,4.529958413085936,3.916414486237728,115.66596,111.13600158691406,4.529958413085936,3.916414486237728,0.0
f1cf6026-3c77-4e0a-a394-4b0fa2a054ca,2025-06-04 03:58:32.612,68.0388,66.6,1.4388000000000005,2.11467574384028,68.0388,66.6,1.4388000000000005,2.11467574384028,0.0
0acff441-3e44-473a-82af-3bd43eca7d6b,2025-01-01 23:21:38.744,95.25432,92.2310028076172,3.0233171923828053,3.1739423391850417,95.25432,92.2310028076172,3.0233171923828053,3.1739423391850417,0.0
8b4af122-c33e-429f-8542-6c91e94fd085,2025-01-01 21:03:16.888,89.811216,85.47300720214844,4.338208797851564,4.830364169494781,89.811216,85.47300720214844,4.338208797851564,4.830364169494781,0.0
e2c1273a-fe30-413c-bc39-5cd4e96dea0b,2025-01-02 03:46:16.446,99.79024,88.178356728,11.611883272,11.63629155717032,99.79024,88.178356728,11.611883272,11.63629155717032,0.0
17b00824-f602-432c-875b-1b37620d357e,2025-01-16 02:40:52.506,94.347136,89.32100677490234,5.026129225097662,5.327272706081573,94.347136,89.32100677490234,5.026129225097662,5.327272706081573,0.0
1e7e2459-21e4-429c-9c79-7d52ebebf2d8,2025-03-25 00:32:53.057,146.056624,142.5830078125,3.4736161874999993,2.378266792952848,146.056624,142.5830078125,3.4736161874999993,2.378266792952848,0.0
94f0a594-73e4-4c2c-bd84-ea1b34667ceb,2025-02-07 02:53:53.907,87.543256,89.96900177001953,-2.4257457700195317,-2.7709110682603946,87.543256,89.96900177001953,-2.4257457700195317,-2.7709110682603946,0.0
08cfe1ca-cb68-4377-b9ac-736b07435f82,2025-01-02 00:47:16.690,114.305184,107.53600311279295,6.7691808872070425,5.922024400229339,114.305184,107.53600311279295,6.7691808872070425,5.922024400229339,0.0
3720e340-87f5-415b-8621-d0b3d65c04b3,2025-01-20 19:51:43.632,83.460928,82.16900634765625,1.2919216523437456,1.547935882457173,83.460928,82.16900634765625,1.2919216523437456,1.547935882457173,0.0
8c621959-e2a5-4d42-8298-ea1d4e2e430e,2025-02-03 19:50:27.852,135.624008,124.86200714111328,10.762000858886722,7.93517388078276,135.624008,124.86200714111328,10.762000858886722,7.93517388078276,0.0
8ab07c0b-dec4-4d0b-a26b-af64d88dc2ea,2025-03-24 17:48:08.288,78.471416,75.21200561523438,3.25941038476563,4.153627589395901,78.471416,75.21200561523438,3.25941038476563,4.153627589395901,0.0
9cda64c0-ec65-4454-bee3-ec4aa2bfa3e1,2025-01-28 15:34:48.863,84.17000579833984,77.75700378417969,6.413002014160156,7.619106061991795,84.17000579833984,77.75700378417969,6.413002014160156,7.619106061991795,0.0
3e56925e-842d-41f2-91c8-f171a0e7eed3,2025-01-07 00:29:05.515,71.667536,63.66800308227539,7.999532917724608,11.162003557265605,71.667536,63.66800308227539,7.999532917724608,11.162003557265605,0.0
63d741b2-09bd-4426-b96b-85ab208973d4,2025-01-01 16:12:44.576,99.336648,100.4070053100586,-1.070357310058597,-1.077504960765937,99.336648,100.4070053100586,-1.070357310058597,-1.077504960765937,0.0
f5213bbb-0bc1-4bea-bf43-fcca058695d1,2025-01-17 23:45:16.929,86.18248,87.635,-1.452520000000007,-1.68540055937124,86.18248,87.635,-1.452520000000007,-1.68540055937124,0.0
28a96701-2311-49f2-a847-7a822d8b19e4,2025-01-13 22:17:38.563,88.45044,88.56300354003906,-0.1125635400390621,-0.12726170727817987,88.45044,88.56300354003906,-0.1125635400390621,-0.12726170727817987,0.0
467a9814-75fc-485f-bd4b-a3a4e7b8eb93,2025-01-07 19:21:50.820,72.57472,73.028312,-0.45359200000000044,-0.6250000000000007,72.57472,73.028312,-0.45359200000000044,-0.6250000000000007,0.0
c284c78c-aa92-4ab0-971a-1ddf915f9684,2025-01-03 14:02:55.203,192.323008,177.989645988,14.33336201199998,7.45275469693152,192.323008,177.989645988,14.33336201199998,7.45275469693152,0.0
2ab0003c-3bfc-4600-ad3a-b762d85f4771,2025-01-16 22:59:02.220,109.67863645025406,106.32204875949188,3.3565876907621828,3.06038422741023,109.67863645025406,106.32204875949188,3.3565876907621828,3.06038422741023,0.0
9c436cc8-9e78-4bd9-8635-82c6b07d9276,2025-02-16 07:43:14.972,77.11064,,,,77.11064,,,,
c5a5d6ec-f118-4cc9-9586-18a80e071d7b,2025-01-02 19:17:51.946,90.990629422,88.45051215000001,2.540117271999989,2.7916251246261097,90.990629422,88.45051215000001,2.540117271999989,2.7916251246261097,0.0
7279f147-dfbd-4935-b747-9940abc72f4e,2025-03-09 04:16:09.719,108.7800064086914,99.84800720214844,8.931999206542969,8.211066997904966,108.7800064086914,99.84800720214844,8.931999206542969,8.211066997904966,0.0
b25a8cb7-bdaa-4fc5-b3b4-7cac072a96bd,2025-01-09 04:25:47.425,104.32616,,,,104.32616,,,,
2e00499e-a356-47e9-a282-274cb46bebd2,2025-01-22 18:14:11.418,80.739376,77.59900665283203,3.1403693471679617,3.889514017507346,80.739376,77.59900665283203,3.1403693471679617,3.889514017507346,0.0
6cb312b9-ef24-4095-809d-d5c4820a25a5,2025-05-27 17:49:41.651,85.275296,76.61175129300001,8.663544706999986,10.159501184258552,85.275296,76.61175129300001,8.663544706999986,10.159501184258552,0.0
8a8c4ef9-88a6-419d-a2bb-8a6f48ff4a20,2025-01-01 22:37:55.131,137.393128873,135.62411863,1.7690102429999968,1.2875536480686673,137.393128873,135.62411863,1.7690102429999968,1.2875536480686673,0.0
8ad8f37c-3e03-4afa-8cd2-f4a9e08f8362,2025-01-06 01:46:53.997,97.52228,,,,97.52228,,,,
8bc0888b-64dc-4298-9756-4c46c3316d25,2025-06-06 00:26:06.102,103.34700775146484,102.4310073852539,0.9160003662109375,0.8863346759044934,103.34700775146484,102.4310073852539,0.9160003662109375,0.8863346759044934,0.0
bc2593b8-ca8a-4128-8a79-b4c42c07b631,2025-03-23 15:44:38.878,83.460928,77.406005859375,6.054922140624996,7.2547984856159236,83.460928,77.406005859375,6.054922140624996,7.2547984856159236,0.0
055b0c48-d5b4-44cb-8772-48154999e6c3,2025-01-01 21:45:36.101,79.3786,75.069537235,4.309062765000007,5.428494285613512,79.3786,75.069537235,4.309062765000007,5.428494285613512,0.0
64172e5a-c64a-4be1-b8f2-79020dc4a0e0,2025-04-27 00:32:08.131,88.904032,91.0990652149722,-2.1950332149721987,-2.468991749409294,88.904032,91.0990652149722,-2.1950332149721987,-2.468991749409294,0.0
8c7b86c3-2722-4735-afc5-619e66a5aa96,2025-01-10 03:06:29.365,102.511792,,,,102.511792,,,,
659be81e-9a3d-400d-9dd7-de99d2cb95df,2025-01-13 21:50:24.083,132.99328842101625,132.63040621949187,0.36288220152437134,0.27285752975413075,132.99328842101625,132.63040621949187,0.36288220152437134,0.27285752975413075,0.0
6e2dbfde-9d74-415c-a7e4-85e6985b0b74,2025-02-12 18:50:35.682,97.975872,100.4330062866211,-2.4571342866210983,-2.5078973388683883,97.975872,100.4330062866211,-2.4571342866210983,-2.5078973388683883,0.0
0d4a424d-c7dd-494a-abc0-6f1604916247,2025-02-20 00:43:26.715,97.52228,90.73200225830078,6.790277741699214,6.962796339153693,97.52228,90.73200225830078,6.790277741699214,6.962796339153693,0.0
d38ae263-ad3e-4b7c-8030-365ac2b05789,2025-02-15 05:21:27.776,124.73700714111328,118.53500366210938,6.202003479003906,4.972063721224018,124.73700714111328,118.53500366210938,6.202003479003906,4.972063721224018,0.0
a080b432-1e45-479f-ba08-13e07b1be603,2025-03-13 02:52:15.220,117.93392,,,,117.93392,,,,
4371af04-363a-40b1-bf23-3c673ea62a1b,2025-01-10 17:32:52.532,80.332,79.107,1.2249999999999943,1.5249215754618264,80.332,79.107,1.2249999999999943,1.5249215754618264,0.0
0800b1e4-7627-4e55-a319-2b3d167caa7e,2025-01-02 21:01:20.389,115.66596,111.7830047607422,3.8829552392577966,3.3570423305679533,115.66596,111.7830047607422,3.8829552392577966,3.3570423305679533,0.0
6133951b-d07c-4529-8cbe-25442c34aed1,2025-02-11 06:56:13.019,78.925008,79.96833483100002,-1.0433268310000159,-1.321921729802062,78.925008,79.96833483100002,-1.0433268310000159,-1.321921729802062,0.0
a3146bfb-fcbf-4b6a-a17d-e9251c8044bb,2025-01-08 20:12:58.163,121.10916279,120.8600082397461,0.24915455025390543,0.20572725012221632,121.10916279,120.8600082397461,0.24915455025390543,0.20572725012221632,0.0
772bf7a6-e398-4360-b698-c754888ba3a9,2025-04-05 01:52:05.517,125.463649542,116.800035275,8.663614267,6.905278380332611,125.463649542,116.800035275,8.663614267,6.905278380332611,0.0
ea360989-27a2-4b57-b5d6-d00e4ede0179,2025-01-09 17:24:16.276,82.553744,75.5999984741211,6.953745525878901,8.42329516378918,82.553744,75.5999984741211,6.953745525878901,8.42329516378918,0.0
e042940c-15f1-4392-bff2-61bd184bd7f4,2025-01-05 02:36:01.446,86.86200714111328,,,,86.86200714111328,,,,
2e7d7df5-471c-40e1-9981-a31937ec0b4a,2025-01-13 17:50:13.407,126.552168,127.74500274658205,-1.1928347465820508,-0.942563660056816,126.552168,127.74500274658205,-1.1928347465820508,-0.942563660056816,0.0
85bf2cac-469b-414a-8fa7-21455bf42f25,2025-01-07 22:36:09.395,129.27372,119.59000396728516,9.683716032714841,7.4908620504730905,129.27372,119.59000396728516,9.683716032714841,7.4908620504730905,0.0
2c38831c-1586-48eb-8318-b179fdc5a471,2025-05-05 05:11:07.489,109.769264,110.0,-0.23073599999999317,-0.2102009174444252,109.769264,110.0,-0.23073599999999317,-0.2102009174444252,0.0
eca7551d-879f-4dfa-a646-dfb22949d201,2025-01-18 00:00:43.127,65.317248,66.01100158691406,-0.6937535869140561,-1.0621292356255672,65.317248,66.01100158691406,-0.6937535869140561,-1.0621292356255672,0.0
09104479-99e1-4217-880d-a45c6e537dc6,2025-04-08 23:25:53.256,79.83219199999999,75.205614946,4.626577053999995,5.795377701767221,79.83219199999999,75.205614946,4.626577053999995,5.795377701767221,0.0
7df3b9d0-ffbc-442d-b330-e44170e89902,2025-01-31 13:45:02.031,85.45679973949188,,,,85.45679973949188,,,,
62266b5a-6391-4c43-a38e-2f15c01f4df2,2025-06-10 22:30:16.581,91.625584,86.8,4.825584000000006,5.2666338257664,91.625584,86.8,4.825584000000006,5.2666338257664,0.0
75d688d4-67b9-41a8-802f-48be849054d3,2025-05-07 14:05:11.518,103.418976,99.608884452,3.8100915480000026,3.6841319604634286,103.418976,99.608884452,3.8100915480000026,3.6841319604634286,0.0
3df4485f-ad98-4f5d-9e95-030a6bf38ef4,2025-02-01 16:45:36.960,94.664727619,92.668921191,1.9958064280000087,2.1082894106372874,115.66596,92.668921191,22.997038809000003,19.88228758832763,17.773998177690345
b1cb43ca-1e24-4b89-a2a9-21ecd14ecbcd,2025-03-22 15:40:30.216,104.32616,100.24391377,4.0822462299999955,3.912965099070066,104.32616,100.24391377,4.0822462299999955,3.912965099070066,0.0
b61de4ec-da59-4760-8fee-f5de6473c280,2025-01-17 21:21:24.145,73.935496,71.5992653063832,2.3362306936167982,3.1598228456015205,73.935496,71.5992653063832,2.3362306936167982,3.1598228456015205,0.0
f96d5c19-92cc-41a6-bb6b-487c4307b3e7,2025-01-02 17:17:24.750,97.068688,,,,97.068688,,,,
5122c34a-e9b9-4f33-9fb3-41c1f3729d22,2025-04-19 01:45:04.090,89.811216,79.69918219148941,10.112033808510589,11.259210440387077,89.811216,79.69918219148941,10.112033808510589,11.259210440387077,0.0
8a329d5e-2ce6-4222-9612-60dbd4523bce,2025-02-05 04:19:42.257,72.121128,66.800003,5.321124999999995,7.378039067830436,72.121128,66.800003,5.321124999999995,7.378039067830436,0.0
76b17d67-3aa6-480d-930a-86e604f6452b,2025-01-08 23:29:55.472,106.99900817871094,102.13300323486328,4.866004943847656,4.547710326174613,106.99900817871094,102.13300323486328,4.866004943847656,4.547710326174613,0.0
3b59f259-c90c-4e76-98d2-75b5078566a3,2025-01-21 18:51:32.274,80.14917757399532,75.6992232358814,4.449954338113912,5.552089831496556,80.14917757399532,75.6992232358814,4.449954338113912,5.552089831496556,0.0
17ffbc3a-e08f-4fc8-b950-d634422d4e53,2025-01-01 18:12:27.077,106.59412,102.78403381050812,3.8100861894918836,3.57438683249309,106.59412,102.78403381050812,3.8100861894918836,3.57438683249309,0.0
e50dc846-4e36-4f93-b639-de08e7201f96,2025-01-23 22:09:14.375,71.213944,71.53145839999999,-0.3175143999999932,-0.44585987261145543,71.213944,71.53145839999999,-0.3175143999999932,-0.44585987261145543,0.0
b4fdbe0e-9714-43ab-8a4e-24d6ddeb9b5a,2025-01-01 15:17:40.618,120.20188,117.49100494384766,2.7108750561523465,2.2552684335322764,120.20188,117.49100494384766,2.7108750561523465,2.2552684335322764,0.0
0a30d91f-5e9e-4676-a38f-c09724390438,2025-01-01 20:31:46.359,65.77083999999999,65.997689835,-0.2268498350000101,-0.3449094385901262,65.77083999999999,65.997689835,-0.2268498350000101,-0.3449094385901262,0.0
8c86cb54-9d83-4521-9536-c7125b28395f,2025-01-08 17:36:55.722,89.811216,83.02000427246094,6.791211727539064,7.561652129884383,89.811216,83.02000427246094,6.791211727539064,7.561652129884383,0.0
3cc40192-6d25-42a7-a04e-7ee09a81b8ca,2025-02-26 15:26:33.920,99.79024,102.6,-2.809759999999997,-2.8156661412979838,99.79024,102.6,-2.809759999999997,-2.8156661412979838,0.0
32a069f1-51d5-45d7-a85b-832977523884,2025-02-12 01:38:19.522,94.1203384399414,92.532768,1.587570439941402,1.6867453583950267,94.1203384399414,92.532768,1.587570439941402,1.6867453583950267,0.0
ba474943-d289-47d8-b572-e47ce1f04ebe,2025-04-04 18:55:52.093,242.218128,221.35307656,20.865051440000002,8.614157665358558,242.218128,221.35307656,20.865051440000002,8.614157665358558,0.0
41f61751-563e-450c-8ec8-ad7fc3e69ecf,2025-03-31 22:53:04.478,108.86208,106.0770034790039,2.7850765209960997,2.5583532126118658,108.86208,106.0770034790039,2.7850765209960997,2.5583532126118658,0.0
3ee95e73-3fd6-478e-956f-c643f5860d9d,2025-01-02 15:48:23.507,98.883056,100.470709955,-1.5876539550000075,-1.6055874678873272,98.883056,100.470709955,-1.5876539550000075,-1.6055874678873272,0.0
d667a580-5c4b-467a-ad84-1d757826830f,2025-04-02 19:15:01.933,105.19600677490234,109.18900299072266,-3.9929962158203125,-3.795767860622787,105.19600677490234,109.18900299072266,-3.9929962158203125,-3.795767860622787,0.0
f0134430-5692-4073-b7c6-1e72f0adc8d5,2025-01-02 18:45:30.836,64.863656,60.45,4.413656000000003,6.804513146776683,64.863656,60.45,4.413656000000003,6.804513146776683,0.0
3774d1a7-1c76-4e8f-becd-e94a4e405029,2025-01-18 01:59:39.477,95.76900482177734,90.28900146484376,5.4800033569335795,5.722105358755338,95.76900482177734,90.28900146484376,5.4800033569335795,5.722105358755338,0.0
7f51b155-d7a5-48a8-91bd-3d126f234e51,2025-03-02 06:26:05.067,104.91400146484376,94.0040054321289,10.909996032714858,10.398989534653056,104.91400146484376,94.0040054321289,10.909996032714858,10.398989534653056,0.0
8de0ed46-3657-4a79-a552-f1c930bc635b,2025-01-21 20:21:56.209,120.20188,115.29600524902344,4.905874750976565,4.081362746553186,120.20188,115.29600524902344,4.905874750976565,4.081362746553186,0.0
895af96e-bd73-4043-9663-c615664f0482,2025-01-12 15:06:53.477,92.802001953125,86.93600463867188,5.865997314453125,6.320981434663538,92.802001953125,86.93600463867188,5.865997314453125,6.320981434663538,0.0
75ca76d3-d690-437a-a36b-552d893b1005,2025-02-16 23:22:57.140,72.57472,74.389088,-1.8143680000000018,-2.5000000000000027,72.57472,74.389088,-1.8143680000000018,-2.5000000000000027,0.0
a4a076cb-1588-40f8-a283-e4fd41464285,2025-01-05 17:11:16.282,113.398,,,,113.398,,,,
2c5f11cc-de0f-417d-ac24-052de322f203,2025-01-02 05:36:45.434,99.79024,101.96756616025408,-2.1773261602540828,-2.1819029198186946,99.79024,101.96756616025408,-2.1773261602540828,-2.1819029198186946,0.0
53f1dfec-d86e-47d0-a827-843c473016ec,2025-01-03 15:53:52.607,89.811216,85.32600402832031,4.485211971679689,4.994044364881653,89.811216,85.32600402832031,4.485211971679689,4.994044364881653,0.0
c37aafac-58ec-49db-b46c-473b5de580ed,2025-02-14 04:41:36.377,181.4368,166.55911,14.877690000000001,8.199929672480996,181.4368,166.55911,14.877690000000001,8.199929672480996,0.0
10c1086f-9f27-4dba-9f27-4fcb9f2809d9,2025-01-13 23:29:47.498,72.57472,71.67400360107422,0.9007163989257805,1.2410883554573555,72.57472,71.67400360107422,0.9007163989257805,1.2410883554573555,0.0
aa3ec34e-59af-4759-8dc5-5989e6b385d8,2025-01-24 03:07:17.680,140.61352,131.09600830078125,9.517511699218744,6.768560874671755,140.61352,131.09600830078125,9.517511699218744,6.768560874671755,0.0
9e46e2aa-b6d9-4bb9-a0d9-60dd5f6d4319,2025-01-01 22:13:02.421,84.368112,81.30000305175781,3.068108948242184,3.6365741457414433,84.368112,81.30000305175781,3.068108948242184,3.6365741457414433,0.0
5d17ca20-9a34-4537-b963-abe58d098f0a,2025-02-03 19:06:09.610,77.11064,77.1107029,-6.290000000319651e-05,-8.157110355094512e-05,77.11064,77.1107029,-6.290000000319651e-05,-8.157110355094512e-05,0.0
ea96f51b-8feb-403e-a89c-5f046d1ce642,2025-01-09 21:49:08.918,147.4174,146.3000030517578,1.117396948242174,0.7579817228103155,147.4174,146.3000030517578,1.117396948242174,0.7579817228103155,0.0
e37c7db0-57fb-4a24-b67f-639fd8476303,2025-03-24 20:11:49.536,107.5988959068552,101.9674816,5.631414306855206,5.233710122574245,107.5988959068552,101.9674816,5.631414306855206,5.233710122574245,0.0
8ccde8a0-f8a8-4f08-baff-db292b059d50,2025-03-11 23:35:59.042,63.50288,63.41221618652344,0.09066381347656005,0.1427711837267224,63.50288,63.41221618652344,0.09066381347656005,0.1427711837267224,0.0
cdaf39b1-c9ee-43cc-80fe-3484cc5ec5b2,2025-01-03 03:54:44.750,81.64656,81.07500457763672,0.5715554223632751,0.700036134239183,81.64656,81.07500457763672,0.5715554223632751,0.700036134239183,0.0
ca6eb9a1-6a0b-47a4-a582-c4480b9b288b,2025-01-01 15:23:01.531,117.93392,111.493004546,6.440915454000006,5.461461345472114,117.93392,111.493004546,6.440915454000006,5.461461345472114,0.0
f4b0eb0c-03ae-421e-9bd1-29b310b280f7,2025-03-24 01:14:23.541,134.49861988331898,,,,134.49861988331898,,,,
c8b7177a-fb9a-43aa-afc6-d0eb65af3e43,2025-02-04 18:26:58.422,146.510216,139.88788690799998,6.6223290920000295,4.520045955020658,146.510216,139.88788690799998,6.6223290920000295,4.520045955020658,0.0
40b4fc01-b5cd-41b4-ac5b-824903abe045,2025-01-07 18:46:52.311,161.02516,152.40703632,8.618123679999997,5.352035470730162,161.02516,152.40703632,8.618123679999997,5.352035470730162,0.0
3443b4fe-63d9-43af-8a6c-af2dcd9e0f57,2025-01-08 23:06:06.326,95.70799007,82.34600067138672,13.361989398613275,13.961205735112014,95.70799007,82.34600067138672,13.361989398613275,13.961205735112014,0.0
71d6e57c-a1bc-4f41-abf1-8b8fb4e55031,2025-01-01 23:29:14.990,73.02837157,69.1550064086914,3.873365161308598,5.303918296460788,73.02837157,69.1550064086914,3.873365161308598,5.303918296460788,0.0
c9585025-cd7e-46b4-b6d2-937fb74ba7c3,2025-01-05 03:50:58.906,72.57472,69.85322498,2.721495020000006,3.749921487812845,72.57472,69.85322498,2.721495020000006,3.749921487812845,0.0
189dafe7-7a4a-46b9-b596-9021a9421666,2025-03-04 21:04:31.064,136.0776,121.01844024658205,15.059159753417944,11.066597113277972,136.0776,121.01844024658205,15.059159753417944,11.066597113277972,0.0
089979af-eacc-4d21-85cb-59b288d4abae,2025-01-03 02:49:01.275,140.61352,,,,140.61352,,,,
ae618358-0188-4131-b82b-2151089ab550,2025-06-12 16:51:41.427,102.0582,98.1570053100586,3.9011946899414056,3.822519591704935,102.0582,98.1570053100586,3.9011946899414056,3.822519591704935,0.0
4ab9eb93-2be0-4ffb-a367-f7a32ec20a7a,2025-02-07 01:22:38.382,91.625584,77.972528403,13.653055597000005,14.900920682808422,91.625584,77.972528403,13.653055597000005,14.900920682808422,0.0
f8bd71fc-cbda-442d-9716-771984e824fa,2025-02-14 19:41:32.555,130.94700622558594,,,,130.94700622558594,,,,
d23a939e-ea4f-48bf-b406-ee0c76839353,2025-01-05 22:06:20.325,112.037224,113.53600311279295,-1.4987791127929597,-1.337751025313658,112.037224,113.53600311279295,-1.4987791127929597,-1.337751025313658,0.0
413144b5-0038-4ee7-90f5-d0ded01e1259,2025-01-28 01:12:49.616,63.956472,63.549,0.4074719999999985,0.6371083132915751,63.956472,63.549,0.4074719999999985,0.6371083132915751,0.0
29a292f9-bbaa-4fdc-8111-402cce5a290d,2025-03-12 06:03:01.666,100.243832,,,,100.243832,,,,
9ddc196d-2743-4699-a621-99ba51252e12,2025-01-10 03:38:50.300,102.511792,101.498958499553,1.0128335004470017,0.9880165790556092,102.511792,101.498958499553,1.0128335004470017,0.9880165790556092,0.0
4a65d188-2806-43d4-8c8b-dfe7dc5325e1,2025-02-04 19:30:50.723,71.667536,,,,71.667536,,,,
de6bb3b4-d798-4a63-a508-3b29db673571,2025-03-07 02:01:22.515,102.965384,95.45,7.515383999999997,7.298942331920015,102.965384,95.45,7.515383999999997,7.298942331920015,0.0
e79acdf5-b4c4-416f-b537-688c8cc77d64,2025-02-04 23:46:46.976,88.178356728,82.46309286600001,5.715263861999986,6.481481481481466,88.178356728,82.46309286600001,5.715263861999986,6.481481481481466,0.0
6d3424c0-20f6-440f-bbd6-e44c71512c58,2025-01-30 22:19:32.737,50.98378238800001,,,,50.98378238800001,,,,
2203a444-335b-4bed-9c7f-752084321d91,2025-01-10 15:22:35.318,65.77083999999999,,,,65.77083999999999,,,,
82cea8b6-8a0f-4354-9fd6-a0ae30b2fb60,2025-01-11 04:53:16.215,92.98636,,,,92.98636,,,,
ad1cfaa3-fc80-4477-bc90-ef07036769d9,2025-01-21 06:51:49.844,124.7378,122.83600616455078,1.9017938354492117,1.524633138831382,124.7378,122.83600616455078,1.9017938354492117,1.524633138831382,0.0
a86741c3-28fe-4be4-9723-d3595b32db01,2025-01-06 22:14:23.123,99.973,93.893544,6.079455999999993,6.08109789643203,99.973,93.893544,6.079455999999993,6.08109789643203,0.0
987923f0-746f-4b49-a474-c938774d7f32,2025-02-24 18:53:01.451,83.91452,83.007336,0.9071840000000009,1.0810810810810823,83.91452,83.007336,0.9071840000000009,1.0810810810810823,0.0
d1ceb48c-fb73-4316-a936-2340e261f9da,2025-01-13 19:01:49.485,117.93392,117.97937774658205,-0.04545774658204493,-0.03854509930819304,117.93392,117.97937774658205,-0.04545774658204493,-0.03854509930819304,0.0
1afe5d8e-ff12-4774-9577-f56f2581bf80,2025-01-10 01:24:19.125,75.29633342000001,72.82300567626953,2.4733277437304793,3.284791744020726,75.29633342000001,72.82300567626953,2.4733277437304793,3.284791744020726,0.0
6ec86a85-5f32-4f83-930a-0a24c2b96a54,2025-01-02 17:24:45.798,67.131616,60.45100402832031,6.6806119716796815,9.951513712525083,67.131616,60.45100402832031,6.6806119716796815,9.951513712525083,0.0
c4cd5cf2-bfc2-4e3d-8abb-bbe0322ebeb0,2025-01-03 22:43:43.059,95.25432,85.49700164794922,9.757318352050788,10.243439197351666,95.25432,85.49700164794922,9.757318352050788,10.243439197351666,0.0
ce214445-78a7-4661-bc99-5bccae61c1d1,2025-01-02 22:02:23.326,83.82600402832031,79.10800170898438,4.7180023193359375,5.6283278369585386,83.82600402832031,79.10800170898438,4.7180023193359375,5.6283278369585386,0.0
c565345e-31ef-4f4e-83f3-0ecdb6b24638,2025-01-13 18:46:50.098,99.79024,97.99500274658205,1.7952372534179517,1.7990108585949405,99.79024,97.99500274658205,1.7952372534179517,1.7990108585949405,0.0
9c3ff0de-ee29-401f-aad9-3b8a5bb752ce,2025-03-03 01:51:59.762,124.375027854,124.601824039,-0.22679618499999776,-0.18234865061998362,124.375027854,124.601824039,-0.22679618499999776,-0.18234865061998362,0.0
49a93462-33b1-40ce-81f1-64fc28aaca8a,2025-01-11 00:02:37.220,136.0776,130.90675798200002,5.1708420179999735,3.799921528598369,136.0776,130.90675798200002,5.1708420179999735,3.799921528598369,0.0
6e7aa4fa-ab3c-449d-840f-632e0ab90a6f,2025-02-18 16:55:54.933,83.460928,79.7490005493164,3.7119274506835893,4.447503208547585,83.460928,79.7490005493164,3.7119274506835893,4.447503208547585,0.0
8965476f-62ac-4245-80c6-8c2b9bca9a85,2025-03-14 02:46:59.888,83.4000015258789,,,,83.4000015258789,,,,
4173c5f6-437b-4911-bf72-fc9c7f21f067,2025-05-29 20:59:01.561,96.61500549316406,94.57100677490234,2.0439987182617188,2.1156120706388,96.61500549316406,94.57100677490234,2.0439987182617188,2.1156120706388,0.0
76ea67e6-2c4d-47a0-873a-f8d80b914171,2025-01-31 00:23:23.009,117.026736,104.282,12.744736000000003,10.890448145114465,117.026736,104.282,12.744736000000003,10.890448145114465,0.0
e2a20ba2-ae05-40b8-8000-5f5f9fb3c9db,2025-01-01 21:48:10.104,99.84900665283205,91.625584,8.223422652832042,8.235858250873044,99.84900665283205,91.625584,8.223422652832042,8.235858250873044,0.0
33752815-476a-426c-8816-176aecf9e217,2025-01-02 17:55:19.267,82.916685236,78.290043062,4.626642174000011,5.579868708971566,82.916685236,78.290043062,4.626642174000011,5.579868708971566,0.0
80d04052-7120-427b-a6fe-37cc422ca883,2025-01-28 18:05:42.225,153.314096,150.592544,2.7215520000000026,1.7751479289940846,153.314096,150.592544,2.7215520000000026,1.7751479289940846,0.0
b8d3dbaa-27d1-4ab2-a612-d22c1f5b2160,2025-03-05 07:06:41.479,78.471416,71.213944,7.257472000000007,9.248554913294806,78.471416,71.213944,7.257472000000007,9.248554913294806,0.0
b436346a-b5c1-4d15-91b9-4b2cf7fdef0f,2025-04-04 16:21:30.773,83.91452,79.16200256347656,4.7525174365234335,5.663522161031766,83.91452,79.16200256347656,4.7525174365234335,5.663522161031766,0.0
3ad67fc1-543f-44ad-9c34-6e4ae09e70c3,2025-04-16 01:38:24.886,161.932344,155.85101318359375,6.0813308164062505,3.7554763095421198,161.932344,155.85101318359375,6.0813308164062505,3.7554763095421198,0.0
0aab97c3-a52c-40ef-9014-df6c32aa43db,2025-01-04 21:54:12.972,137.801362006,128.910951554,8.890410451999998,6.451612903225805,137.801362006,128.910951554,8.890410451999998,6.451612903225805,0.0
0f4f78c7-25ed-4fa5-85c4-25df5e5ee605,2025-01-01 17:56:02.493,104.32616,94.31000518798828,10.01615481201172,9.600808476044474,104.32616,94.31000518798828,10.01615481201172,9.600808476044474,0.0
1e615339-086f-43e2-9494-8ac95a76d79c,2025-02-07 01:36:26.960,97.975872,98.883056,-0.9071840000000009,-0.9259259259259269,97.975872,98.883056,-0.9071840000000009,-0.9259259259259269,0.0
76709143-22f0-4ce6-898c-51d3e5d350a9,2025-02-05 23:47:38.044,99.79024,93.49400329589844,6.29623670410156,6.309471451418054,99.79024,93.49400329589844,6.29623670410156,6.309471451418054,0.0
f68ac505-6d26-4426-9673-c0fa66f12ed6,2025-01-01 21:15:53.675,118.6987820086674,114.89882100083982,3.7999610078275765,3.2013479359460515,126.552168,114.89882100083982,11.653346999160178,9.208334541657301,6.0069866057112495
f11134d5-dc4d-4385-9b5a-fd62f0d5a41a,2025-01-01 16:58:05.704,92.98636,76.88390671500001,16.102453284999996,17.31700572535584,92.98636,76.88390671500001,16.102453284999996,17.31700572535584,0.0
0994b8ed-671a-4ad6-98f8-982e67bbf140,2025-01-24 01:20:46.551,76.65711053000001,73.99000549316406,2.667105036835949,3.479266330801979,76.65711053000001,73.99000549316406,2.667105036835949,3.479266330801979,0.0
c6b63008-8dcd-4605-beaa-947ab464c217,2025-01-08 22:52:55.427,88.904032,84.821704,4.082328000000004,4.5918367346938815,88.904032,84.821704,4.082328000000004,4.5918367346938815,0.0
62b9f47c-6939-44da-a022-bc3e8decc0a6,2025-02-13 02:32:18.173,77.2921370794919,77.518936033,-0.22679895350810853,-0.2934308224326296,77.2921370794919,77.518936033,-0.22679895350810853,-0.2934308224326296,0.0
73792aee-48a8-4824-b991-45a0c476094d,2025-04-28 23:53:11.393,208.65232,202.1979252069844,6.454394793015609,3.093373125693311,208.65232,202.1979252069844,6.454394793015609,3.093373125693311,0.0
011366d4-1cb9-423a-a3ca-5d249966e549,2025-01-28 16:34:33.730,95.25432,,,,95.25432,,,,
39fce2da-03b2-4bce-8a3e-5622009a3287,2025-01-13 18:15:45.207,104.08000183105467,98.71200561523438,5.367996215820298,5.157567372581111,104.08000183105467,98.71200561523438,5.367996215820298,5.157567372581111,0.0
bc963c6e-7383-4d85-b69a-494bfaf5782f,2025-01-18 02:40:56.110,83.91452,81.9010009765625,2.013519023437496,2.3994882213918354,83.91452,81.9010009765625,2.013519023437496,2.3994882213918354,0.0
06694177-c0ec-4ac6-85e3-3e103b7a6d9a,2025-01-02 18:45:49.300,145.14944,136.80599975585938,8.343440244140623,5.748172534555162,145.14944,136.80599975585938,8.343440244140623,5.748172534555162,0.0
85dc92b7-669e-4a75-a3f2-3d35fbe70942,2025-03-05 16:44:11.832,122.46984,,,,122.46984,,,,
87f26165-666f-4664-8666-745042315a2d,2025-04-25 20:49:53.270,79.83219199999999,77.11064,2.7215519999999884,3.409090909090895,79.83219199999999,77.11064,2.7215519999999884,3.409090909090895,0.0
ca43b9b3-6b4b-4bf1-aefc-710145c287bf,2025-01-10 17:17:50.157,142.88148,143.93800354003906,-1.056523540039052,-0.7394405069425737,142.88148,143.93800354003906,-1.056523540039052,-0.7394405069425737,0.0
606d87f2-1064-46f6-a687-2e69a4b5fc4e,2025-01-02 17:44:09.655,98.883056,100.03600311279295,-1.1529471127929583,-1.1659703486439157,98.883056,100.03600311279295,-1.1529471127929583,-1.1659703486439157,0.0
552aa3b9-6908-45fb-b28c-3569c40f9409,2025-01-16 01:32:15.234,77.11064,74.9,2.210639999999998,2.8668417224912126,77.11064,74.9,2.210639999999998,2.8668417224912126,0.0
562c6149-c95d-41a0-a40c-7cadc9c81805,2025-02-05 18:15:08.695,142.427888,130.3050079345703,12.122880065429683,8.51159153987433,142.427888,130.3050079345703,12.122880065429683,8.51159153987433,0.0
75a4fae3-f691-4b21-985f-dda4dacec870,2025-01-29 22:07:31.866,77.11064,71.79600524902344,5.314634750976566,6.8922197390354505,77.11064,71.79600524902344,5.314634750976566,6.8922197390354505,0.0
81a45137-ab19-4f29-9c7e-bcc341fa1f80,2025-01-07 20:23:30.231,93.712183642,95.70799007,-1.9958064279999945,-2.1297192642787937,93.712183642,95.70799007,-1.9958064279999945,-2.1297192642787937,0.0
edd49620-da81-483f-8e93-37c94b592813,2025-03-04 13:56:25.441,104.32616,109.317,-4.9908399999999915,-4.783881626621732,104.32616,109.317,-4.9908399999999915,-4.783881626621732,0.0
360d0de5-b0e1-4d2d-91b7-cf378846e1bc,2025-04-25 01:06:48.872,125.191392,109.498876410769,15.692515589230993,12.534819957294662,125.191392,109.498876410769,15.692515589230993,12.534819957294662,0.0
0ae0549e-fc56-4e83-a0f4-d94c71e9c837,2025-01-17 23:06:36.699,86.18248,90.310240867,-4.127760867000006,-4.789559162140619,86.18248,90.310240867,-4.127760867000006,-4.789559162140619,0.0
8cdfd5e1-8527-4d34-beb5-82363b27f65a,2025-01-09 17:30:25.950,80.73944186,83.76400756835938,-3.0245657083593755,-3.7460820123130034,80.73944186,83.76400756835938,-3.0245657083593755,-3.7460820123130034,0.0
b08697e7-30a3-4dcb-96ba-27f25d465060,2025-01-26 18:16:42.748,80.739376,80.376567964,0.3628080359999899,0.4493569977553331,80.739376,80.376567964,0.3628080359999899,0.4493569977553331,0.0
935783e1-35ea-47e1-a3f9-216a8b7d50f8,2025-01-16 23:33:55.010,94.347136,83.460928,10.88620800000001,11.538461538461549,94.347136,83.460928,10.88620800000001,11.538461538461549,0.0
4a12ec96-8727-40a3-9c0a-8b5d0b5f2df7,2025-04-15 20:24:09.523,80.28578399999999,,,,80.28578399999999,,,,
ff580072-5fd7-43cf-b5a8-579ef2941946,2025-01-10 18:53:36.848,104.099448915,100.56188384858535,3.5375650664146434,3.3982553253506276,104.099448915,100.56188384858535,3.5375650664146434,3.3982553253506276,0.0
a4c1fdee-a9df-47ab-9a56-4dc754b57a94,2025-01-22 20:51:34.206,106.140528,102.81300354003906,3.327524459960941,3.135017813328515,106.140528,102.81300354003906,3.327524459960941,3.135017813328515,0.0
a86ecb3d-25c7-4636-8791-1a0f15e3b2fa,2025-01-07 20:49:35.036,83.460928,83.4491437123719,0.011784287628088919,0.014119526238779562,83.460928,83.4491437123719,0.011784287628088919,0.014119526238779562,0.0
15306604-4e00-4c83-8ffe-2c9bbc992cf1,2025-01-07 20:17:21.429,128.820128,127.8860092163086,0.9341187836914173,0.7251341837600233,128.820128,127.8860092163086,0.9341187836914173,0.7251341837600233,0.0
b7f3cd6b-a096-46b9-81b3-0794dc1b7d89,2025-01-03 01:32:39.250,70.30676,,,,70.30676,,,,
5c4f3754-7b79-46d5-960d-4bffbceb1da8,2025-01-02 05:06:16.910,73.481904,69.28900146484375,4.19290253515625,5.706034148429592,73.481904,69.28900146484375,4.19290253515625,5.706034148429592,0.0
378e5d2d-6b64-455e-84b2-b6faa142dc86,2025-03-19 23:00:50.716,92.532768,87.6491006157603,4.8836673842397005,5.277770772230331,92.532768,87.6491006157603,4.8836673842397005,5.277770772230331,0.0
02ebfb68-80e2-45af-943c-280595b91761,2025-04-15 23:40:47.743,78.01788764,76.83854747800001,1.1793401619999884,1.5116279069767293,78.01788764,76.83854747800001,1.1793401619999884,1.5116279069767293,0.0
47a57b5b-08b5-4a0e-a134-5795e05662ac,2025-02-11 22:36:32.108,130.634496,130.26800537109375,0.3664906289062628,0.2805465938386311,130.634496,130.26800537109375,0.3664906289062628,0.2805465938386311,0.0
ff432e17-2b43-4882-ba5b-b6c59e2ddfc4,2025-01-14 17:24:06.838,85.728888,76.7492124617285,8.979675538271493,10.474503691534519,85.728888,76.7492124617285,8.979675538271493,10.474503691534519,0.0
a424af12-52d6-4310-a0da-732817364065,2025-02-20 18:47:52.999,98.883056,99.97175557949188,-1.0886995794918874,-1.100997100546617,98.883056,99.97175557949188,-1.0886995794918874,-1.100997100546617,0.0
4f44893b-4b98-4fcc-9a19-5a0cefe09649,2025-01-06 22:33:51.079,110.4,106.7,3.700000000000003,3.351449275362321,110.4,106.7,3.700000000000003,3.351449275362321,0.0
2dfdcf26-218b-4575-a85f-7b6536a4fd19,2025-01-06 19:08:11.237,77.24920733117949,69.7492842894145,7.499923041764987,9.708737863951972,77.24920733117949,69.7492842894145,7.499923041764987,9.708737863951972,0.0
8a472121-cadd-43c7-ac3a-5af5dec65453,2025-01-03 20:28:14.581,82.100152,83.46099608,-1.3608440800000068,-1.657541486646708,82.100152,83.46099608,-1.3608440800000068,-1.657541486646708,0.0
8bec032b-6f23-4022-9fba-9ae74b839ac0,2025-06-02 02:07:11.884,68.1,66.0,2.0999999999999943,3.0837004405286264,68.1,66.0,2.0999999999999943,3.0837004405286264,0.0
75a005ab-4578-4f5b-a126-0c8d7741051a,2025-01-09 16:11:16.778,86.1825503,,,,96.615096,,,,
318f9b8c-211c-41ca-9aea-a74f2b171af4,2025-01-22 23:39:43.117,68.945984,66.89300537109375,2.0529786289062457,2.9776623811856044,68.945984,66.89300537109375,2.0529786289062457,2.9776623811856044,0.0
305f138a-bf14-4150-8e84-80b8e8ad29ae,2025-02-03 23:21:35.700,92.305972,91.0812736,1.224698399999994,1.3267813267813204,92.305972,91.0812736,1.224698399999994,1.3267813267813204,0.0
e371b6f3-d169-4679-b49f-774810bcb7ea,2025-01-26 20:37:16.963,118.841104,115.66700744628906,3.174096553710939,2.670874341348208,118.841104,115.66700744628906,3.174096553710939,2.670874341348208,0.0
405768a8-ba60-4ac8-aa1a-8f73e8a28ccf,2025-01-21 14:07:50.263,114.305184,117.255,-2.9498159999999984,-2.580649360574931,114.305184,117.255,-2.9498159999999984,-2.580649360574931,0.0
9b908dc5-898e-41f6-bd72-6020cd7f9b29,2025-01-31 18:00:28.771,145.89850290680178,146.49849675014298,-0.5999938433411955,-0.4112405757339843,145.89850290680178,146.49849675014298,-0.5999938433411955,-0.4112405757339843,0.0
77a3ec83-92ff-4913-b1f3-1bc9948574f1,2025-05-05 16:43:11.680,90.627755526,88.54123062400001,2.0865249019999936,2.3023023023022953,90.627755526,88.54123062400001,2.0865249019999936,2.3023023023022953,0.0
08943b91-a2c0-4290-a6db-ebc1b42936ca,2025-03-11 17:51:18.195,104.0050048828125,106.2830047607422,-2.2779998779297017,-2.190279093295976,104.0050048828125,106.2830047607422,-2.2779998779297017,-2.190279093295976,0.0
056a5897-6c54-4b64-9a38-1bfca819da84,2025-03-07 20:41:35.073,94.347136,94.35,-0.0028639999999882093,-0.003035598240086704,94.347136,94.35,-0.0028639999999882093,-0.003035598240086704,0.0
f345bf4c-0cc2-446c-b8f6-e17901f96259,2025-03-22 15:15:27.810,84.821704,,,,84.821704,,,,
3ac8b2a8-5590-4d4d-948d-e6e2bc4e3495,2025-05-29 23:41:30.511,53.977448,,,,53.977448,,,,
9af3dc9b-6d35-4392-bd32-8b557130f1bf,2025-01-10 03:03:26.249,94.347136,87.61600494384766,6.73113105615235,7.134430722043697,94.347136,87.61600494384766,6.73113105615235,7.134430722043697,0.0
4350e450-da2f-4863-88de-3d6b6776bc1e,2025-06-10 20:41:54.498,82.553744,76.00800323486328,6.545740765136713,7.929065900556507,82.553744,76.00800323486328,6.545740765136713,7.929065900556507,0.0
53712ee5-b99a-446b-8caf-6afb3de04cac,2025-01-24 16:42:05.012,86.636072,85.048569375,1.587502624999999,1.8323806566391871,86.636072,85.048569375,1.587502624999999,1.8323806566391871,0.0
74df6bae-da95-43b0-be1c-52103bea5e28,2025-01-03 13:49:33.163,81.64656,84.96800231933594,-3.3214423193359437,-4.068073804133259,81.64656,84.96800231933594,-3.3214423193359437,-4.068073804133259,0.0
5f25c8a6-ddb9-40d1-8a5e-885fc8b0e07c,2025-01-06 17:31:28.602,111.13004,110.086868199,1.0431718009999997,0.9386947048700781,111.13004,110.086868199,1.0431718009999997,0.9386947048700781,0.0
42e40885-bd04-40a7-8983-eb7608d8683d,2025-01-02 18:55:25.555,97.975872,96.32000732421876,1.6558646757812312,1.6900739355310164,97.975872,96.32000732421876,1.6558646757812312,1.6900739355310164,0.0
ff5fa560-5f1a-4cc0-b0a8-fd39950fa9f8,2025-03-13 14:55:02.318,98.883056,92.3330078125,6.550048187499996,6.624034948414212,98.883056,92.3330078125,6.550048187499996,6.624034948414212,0.0
09dd4351-ca49-4c1b-be5d-de89b97c181c,2025-01-07 00:56:39.176,77.11064,79.37866475,-2.268024749999995,-2.9412604408418797,77.11064,79.37866475,-2.268024749999995,-2.9412604408418797,0.0
1a5e05bd-f421-44aa-b1bd-f7a7eb76743d,2025-02-08 15:24:52.530,114.758776,112.808422419,1.9503535810000017,1.6995245583658034,114.758776,112.808422419,1.9503535810000017,1.6995245583658034,0.0
48f916c8-d373-47aa-87e4-38f71daeccc7,2025-01-13 19:38:59.118,83.91452,82.80400085449219,1.1105191455078085,1.3233933120368306,83.91452,82.80400085449219,1.1105191455078085,1.3233933120368306,0.0
1feec03d-f5de-4a5b-adfe-699a8092bc73,2025-01-05 14:16:06.595,123.64928283050811,117.69879226976542,5.9504905607426934,4.812393913274297,123.64928283050811,117.69879226976542,5.9504905607426934,4.812393913274297,0.0
bc047387-5fc3-4b05-a804-7753cd72ca57,2025-01-03 21:59:57.599,81.42300415039062,76.91300201416016,4.510002136230469,5.538977815041515,81.42300415039062,76.91300201416016,4.510002136230469,5.538977815041515,0.0
7080f142-558d-4d05-9503-a12e487c2607,2025-01-10 20:27:06.763,97.52228,94.846164567,2.6761154329999925,2.744106713870915,97.52228,94.846164567,2.6761154329999925,2.744106713870915,0.0
c08008cf-e00c-4c51-87ea-20cddca51483,2025-02-19 21:05:16.455,104.32616,98.0489938993411,6.277166100658903,6.01686681524452,104.32616,98.0489938993411,6.277166100658903,6.01686681524452,0.0
648ebcd6-9f78-402c-b4fe-71a3033934c8,2025-01-02 06:08:18.034,81.64656,78.0491991213011,3.5973608786988933,4.406016467440751,81.64656,78.0491991213011,3.5973608786988933,4.406016467440751,0.0
04fc553e-a920-41a9-a85a-91be5c3ab212,2025-02-07 01:04:17.946,87.996848,83.79914012098759,4.1977078790124125,4.770293453025059,87.996848,83.79914012098759,4.1977078790124125,4.770293453025059,0.0
627ec292-5351-4c7c-9777-4d9c160d4265,2025-01-20 20:35:17.546,147.4174,139.706336,7.711063999999993,5.230769230769226,147.4174,139.706336,7.711063999999993,5.230769230769226,0.0
8f64aa27-47aa-4b31-a9bd-a0f69846f1a0,2025-01-11 19:25:34.839,96.88600158691406,99.25300598144533,-2.367004394531264,-2.4430819269674187,96.88600158691406,99.25300598144533,-2.367004394531264,-2.4430819269674187,0.0
a0c9562d-2e0b-4738-b7f8-c21a8982a5c2,2025-02-01 02:02:44.654,116.119552,111.71980211525404,4.399749884745958,3.788982827582695,116.119552,111.71980211525404,4.399749884745958,3.788982827582695,0.0
3cbf2c92-7f07-4664-8e5d-43ad841c017f,2025-01-08 04:36:59.173,117.93392,116.29110042772768,1.642819572272316,1.3930000565336216,117.93392,116.29110042772768,1.642819572272316,1.3930000565336216,0.0
eda086f1-8b79-4dac-ab44-96839fcc6f9b,2025-01-09 23:58:42.847,129.27372,134.48800659179688,-5.214286591796878,-4.033524054074469,129.27372,134.48800659179688,-5.214286591796878,-4.033524054074469,0.0
e5af21ff-7fd4-494b-a322-1dcdc982e9d5,2025-01-01 21:50:18.966,109.769264,104.598400522,5.170863478000001,4.710666073155051,109.769264,104.598400522,5.170863478000001,4.710666073155051,0.0
8ff99dd6-91de-462f-b891-d1e068207b89,2025-05-16 16:44:04.189,70.760352,,,,70.760352,,,,
91fc38bf-38a3-4151-b3d5-e1d797c82b68,2025-01-02 23:37:01.367,167.557021478,148.32470499,19.23231648800001,11.478072550081219,167.557021478,148.32470499,19.23231648800001,11.478072550081219,0.0
2339f5f7-b722-4a13-a25e-ca379737507a,2025-01-01 18:17:42.571,77.11064,69.56400299072266,7.546637009277347,9.786764847597357,77.11064,69.56400299072266,7.546637009277347,9.786764847597357,0.0
6020de9b-6937-416f-a20f-0b7e36e13e4e,2025-05-23 04:08:32.591,115.66596,116.438,-0.7720400000000041,-0.6674738185720364,115.66596,116.438,-0.7720400000000041,-0.6674738185720364,0.0
9aac46df-ee44-43dd-a8e3-bcfa35327803,2025-01-04 23:22:24.887,145.14944,142.72500610351562,2.4244338964843735,1.6703019291596117,145.14944,142.72500610351562,2.4244338964843735,1.6703019291596117,0.0
caa7acb6-4945-43fa-b361-76ce6db4c24d,2025-01-10 05:53:06.158,115.37600708007812,114.65900421142578,0.7170028686523438,0.6214488495469419,115.37600708007812,114.65900421142578,0.7170028686523438,0.6214488495469419,0.0
b8d9edce-e404-4dfa-99d3-2cf13ebfe888,2025-05-04 19:07:50.640,126.098576,123.6987307031774,2.3998452968225905,1.9031501964166437,126.098576,123.6987307031774,2.3998452968225905,1.9031501964166437,0.0
63fcc97b-f7e9-4885-b689-f44101c560f9,2025-01-29 02:56:18.095,101.604608,94.55900573730467,7.045602262695326,6.934333394303657,101.604608,94.55900573730467,7.045602262695326,6.934333394303657,0.0
a1a6a543-c8eb-4081-8d42-ef46cdb05b93,2025-02-13 23:54:44.267,106.59412,,,,106.59412,,,,
19d38923-9bf9-4306-877f-5c0e33036b8c,2025-03-17 16:59:07.061,134.716824,127.21500396728516,7.501820032714846,5.568584390554551,134.716824,127.21500396728516,7.501820032714846,5.568584390554551,0.0
596fb430-d3d0-4781-a96d-e450836f63de,2025-01-01 21:03:40.545,98.883056,97.930592683,0.9524633169999959,0.9632219669667127,98.883056,97.930592683,0.9524633169999959,0.9632219669667127,0.0
362bb287-433c-466d-99e6-f5cb37b220fe,2025-05-17 21:31:33.934,102.0582,99.05504717156708,3.003152828432917,2.9425884724920848,102.0582,99.05504717156708,3.003152828432917,2.9425884724920848,0.0
0295b2d7-78fd-4560-bfc6-da996c037179,2025-02-27 18:01:06.955,168.73636164,166.921856,1.8145056400000215,1.0753495111333973,168.73636164,166.921856,1.8145056400000215,1.0753495111333973,0.0
4da62cc2-b95a-4bb6-9477-7e9c8ce9cc6b,2025-01-14 23:46:42.405,92.079176,90.0,2.079176000000004,2.2580306322463226,92.079176,90.0,2.079176000000004,2.2580306322463226,0.0
424fe2f3-053d-4602-a334-743963442b27,2025-01-11 22:13:09.319,86.18248,80.14977039474594,6.032709605254055,6.99992574506333,86.18248,80.14977039474594,6.032709605254055,6.99992574506333,0.0
28fed958-cc53-4a71-9612-cf6d24dd643a,2025-01-27 23:55:19.720,96.615096,91.30806732177734,5.30702867822265,5.492960104518916,96.615096,91.30806732177734,5.30702867822265,5.492960104518916,0.0
5d623b0c-5705-4824-b64c-7ac450d49b4c,2025-01-13 17:38:35.811,87.543256,75.07300567626953,12.470250323730468,14.244672740674014,87.543256,75.07300567626953,12.470250323730468,14.244672740674014,0.0
b40243cc-8752-4602-9579-179c9f0825ad,2025-02-05 20:05:26.087,,68.6738288,,,,68.6738288,,,
33152190-a88c-490e-99d4-d58c4fef1e3c,2025-02-07 14:17:16.256,99.7903214,,,,99.7903214,,,,
a6d2d378-5b4b-454f-b690-b0bd5b00722d,2025-02-26 20:24:39.859,82.78070597200426,82.35,0.43070597200426164,0.5202975342465946,82.78070597200426,82.35,0.43070597200426164,0.5202975342465946,0.0
9de723fc-51eb-4411-ba46-a12b6a3d5d3d,2025-05-15 02:13:19.633,111.13004,101.4600067138672,9.670033286132792,8.701547561876872,111.13004,101.4600067138672,9.670033286132792,8.701547561876872,0.0
5c15fb15-777c-4447-a5e8-b78398225317,2025-01-29 19:08:06.032,58.96696,59.4,-0.4330399999999983,-0.7343773530125994,58.96696,59.4,-0.4330399999999983,-0.7343773530125994,0.0
ab7b20f4-3628-48fc-b3f9-df1f1465224c,2025-01-07 21:08:01.491,117.93392,111.998850758024,5.935069241975995,5.032537917823808,117.93392,111.998850758024,5.935069241975995,5.032537917823808,0.0
ce292758-e1cf-40bb-85a2-6ea724d9481f,2025-03-21 19:45:12.599,68.0388,63.049288,4.989511999999998,7.33333333333333,68.0388,63.049288,4.989511999999998,7.33333333333333,0.0
1d38ed3e-2dfb-4c48-8da7-abdc5046be13,2025-03-18 23:06:03.764,87.543256,79.45,8.093255999999997,9.244865189843974,87.543256,79.45,8.093255999999997,9.244865189843974,0.0
37a9cb8f-b11b-4296-bfb3-d99af2f14902,2025-02-26 19:34:52.370,92.532768,76.65711053000001,15.875657469999993,17.15679516903676,92.532768,76.65711053000001,15.875657469999993,17.15679516903676,0.0
f97b788c-ef50-4d4a-9192-34e574d5b25a,2025-01-11 00:18:08.372,149.68536,,,,149.68536,,,,
ca1e18f0-1f6e-4ee6-b8af-f048d86109e7,2025-01-10 00:40:36.235,95.25432,93.3000030517578,1.9543169482422087,2.0516832708922896,95.25432,93.3000030517578,1.9543169482422087,2.0516832708922896,0.0
da7d5898-334b-4fae-ae4f-61c104246a5a,2025-02-11 22:34:21.336,76.9288119166687,66.78285950098373,10.145952415684974,13.188754853871048,76.9288119166687,66.78285950098373,10.145952415684974,13.188754853871048,0.0
0463d66a-89f9-4fec-9e20-c1a152d37a9d,2025-02-25 22:37:47.192,200.487664,178.71539306640625,21.772270933593745,10.859656150013173,200.487664,178.71539306640625,21.772270933593745,10.859656150013173,0.0
6ca1b5f0-0dfc-4ff5-86fe-3f42cfd9d3eb,2025-01-01 22:59:11.101,127.0058636,118.56100463867188,8.444858961328123,6.64918825159512,127.0058636,118.56100463867188,8.444858961328123,6.64918825159512,0.0
dc8d1293-af20-469e-8808-f8dd87c15a0c,2025-01-14 17:36:47.350,106.59412,106.59420695,-8.694999999647735e-05,-8.157110354349502e-05,106.59412,106.59420695,-8.694999999647735e-05,-8.157110354349502e-05,0.0
f0f9d95c-56d2-4b92-bc4f-092949f5d31e,2025-02-04 16:40:12.470,95.25432,92.1760025024414,3.0783174975586007,3.2316828229508126,95.25432,92.1760025024414,3.0783174975586007,3.2316828229508126,0.0
1de6c186-a49d-4489-8ecb-18c9e987e1c9,2025-01-06 21:16:23.491,97.52228,98.7300033569336,-1.2077233569335988,-1.2384076304754144,97.52228,98.7300033569336,-1.2077233569335988,-1.2384076304754144,0.0
dd7f8f69-85dd-4d95-a7ed-bf2eeba74179,2025-01-01 19:44:00.488,85.77794668114228,78.15900421142578,7.618942469716501,8.88216932731904,85.77794668114228,78.15900421142578,7.618942469716501,8.88216932731904,0.0
3689c01d-9a3c-4e2c-8fc4-a7fae4831665,2025-02-23 02:53:43.842,71.667536,68.31101092200001,3.35652507799999,4.683466553112681,71.667536,68.31101092200001,3.35652507799999,4.683466553112681,0.0
258f1f5e-b246-4dce-bafb-e7461a21b3c9,2025-01-07 16:38:10.725,99.79024,,,,99.79024,,,,
062d797d-8425-43f4-a732-81e10392925e,2025-01-28 16:42:20.724,128.366536,129.455262398,-1.0887263980000057,-0.8481387999751008,128.366536,129.455262398,-1.0887263980000057,-0.8481387999751008,0.0
0f7510ca-11b5-4746-a272-92fba3b1d533,2025-01-19 01:23:48.874,90.7184,90.406005859375,0.3123941406250026,0.3443558755721029,90.7184,90.406005859375,0.3123941406250026,0.3443558755721029,0.0
bdc05928-d036-40b6-9711-dad5c3c70f2e,2025-01-07 04:04:44.261,92.079176,89.76593002300001,2.313245976999994,2.5122357491556984,92.079176,89.76593002300001,2.313245976999994,2.5122357491556984,0.0
3a4c0a41-1aa8-4ab6-9870-edbc6df4e95f,2025-01-24 17:40:52.267,68.492392,60.5,7.992391999999995,11.66902157541818,68.492392,60.5,7.992391999999995,11.66902157541818,0.0
ad359e9f-447b-4d13-8b05-e93119d96c63,2025-01-03 20:54:40.467,68.945984,66.56100463867188,2.3849793613281207,3.4591998300120297,68.945984,66.56100463867188,2.3849793613281207,3.4591998300120297,0.0
036e84d3-265c-44d4-bdc8-967751044c31,2025-03-01 03:31:53.489,111.13004,,,,111.13004,,,,
52ff8c18-66b7-417e-b4ce-2852f65fece9,2025-05-21 05:40:05.561,95.25432,94.67400360107422,0.5803163989257882,0.6092284307166207,95.25432,94.67400360107422,0.5803163989257882,0.6092284307166207,0.0
2453e696-1528-47ae-a0ea-671c7b1af6c6,2025-01-07 03:26:24.521,70.30676,70.46400451660156,-0.15724451660156546,-0.22365490402568045,70.30676,70.46400451660156,-0.15724451660156546,-0.22365490402568045,0.0
5cf67440-a3bf-4c5a-9205-3895e65f5834,2025-01-23 15:23:08.972,113.398,104.77983747,8.618162529999992,7.5999246283003155,113.398,104.77983747,8.618162529999992,7.5999246283003155,0.0
4c7b64ab-26b6-4157-a211-2eabf3f60915,2025-01-22 00:10:37.333,87.543256,67.6305672,19.912688799999998,22.746113989637305,87.543256,67.6305672,19.912688799999998,22.746113989637305,0.0
57260320-3800-4ab8-aec7-810816bd9a09,2025-02-07 04:24:15.426,75.84064287974594,74.11699048949188,1.7236523902540597,2.272729139423447,75.84064287974594,74.11699048949188,1.7236523902540597,2.272729139423447,0.0
9d405c06-67a2-46a0-a919-c536cda3efec,2025-01-10 02:18:49.781,95.25432,95.707912,-0.45359199999998623,-0.4761904761904617,95.25432,95.707912,-0.45359199999998623,-0.4761904761904617,0.0
35c13902-fcb2-4ce7-82b1-61db31ef9d50,2025-04-16 05:39:53.363,104.32616,101.3989595256628,2.927200474337198,2.80581636891188,104.32616,101.3989595256628,2.927200474337198,2.80581636891188,0.0
9794352f-fa2a-4d0c-8d0c-6694d2754a66,2025-03-08 00:14:10.105,142.88148,132.8590087890625,10.02247121093751,7.014534851498956,142.88148,132.8590087890625,10.02247121093751,7.014534851498956,0.0
918e4fc4-c359-4fb3-af54-fa359e7f8074,2025-04-28 20:40:43.554,92.98636,82.6991514081954,10.2872085918046,11.063137208300873,92.98636,82.6991514081954,10.2872085918046,11.063137208300873,0.0
26d6f5c1-9671-40d3-b001-fe829aee0412,2025-04-14 14:54:54.466,75.6591456,73.75800323486328,1.901142365136721,2.5127727124858263,75.6591456,73.75800323486328,1.901142365136721,2.5127727124858263,0.0
0a79b803-7e25-4438-8df4-e605fb191f36,2025-01-01 21:55:28.258,108.86208,116.11900329589844,-7.2569232958984315,-6.666162630640928,108.86208,116.11900329589844,-7.2569232958984315,-6.666162630640928,0.0
a1b8643f-30d4-441e-bb1f-a6ca9300d0b1,2025-02-19 20:51:47.152,100.3999468875122,97.44700622558594,2.952940661926263,2.9411775140028,100.3999468875122,97.44700622558594,2.952940661926263,2.9411775140028,0.0
ce6e0f1f-a661-4fe9-ac36-895403c74c8c,2025-01-01 18:56:59.858,84.821704,84.596,0.22570399999999324,0.266092272798473,84.821704,84.596,0.22570399999999324,0.266092272798473,0.0
20c22748-6d87-4066-86d6-95741d0c665e,2025-01-01 16:14:06.792,105.233344,99.24601194025406,5.987332059745938,5.689576927010832,105.233344,99.24601194025406,5.987332059745938,5.689576927010832,0.0
fb7592f7-8291-47ab-ae7f-5f755925ef57,2025-02-12 11:07:48.987,68.0388,63.820446459,4.218353540999992,6.199923486304862,68.0388,63.820446459,4.218353540999992,6.199923486304862,0.0
b8f181f7-5e54-4692-8bc9-ddcd76cd054d,2025-01-24 19:12:22.404,113.398,116.37200927734376,-2.974009277343768,-2.6226293914740717,113.398,116.37200927734376,-2.974009277343768,-2.6226293914740717,0.0
43b10bc6-9cf5-47de-87a1-fbbf0f5ffa5c,2025-02-02 21:00:16.031,86.18248,87.44400787353516,-1.261527873535158,-1.4637869245990114,86.18248,87.44400787353516,-1.261527873535158,-1.4637869245990114,0.0
e84a033d-3848-4762-8a42-7737c3021206,2025-03-23 22:08:54.040,91.625584,84.59100341796875,7.0345805820312535,7.677528780641936,91.625584,84.59100341796875,7.0345805820312535,7.677528780641936,0.0
c6fde300-824a-44de-8015-586a85d30daf,2025-01-05 03:25:38.169,97.975872,92.0999984741211,5.875873525878902,5.997265863455548,97.975872,92.0999984741211,5.875873525878902,5.997265863455548,0.0
662530de-f082-48bf-bdf2-6cf61adefd06,2025-01-02 17:29:56.353,87.543256,,,,87.543256,,,,
65093cce-e383-4d9f-9a38-a022c7e5fd82,2025-01-08 21:55:39.749,95.25432,91.53494165025404,3.7193783497459663,3.9046820655965693,95.25432,91.53494165025404,3.7193783497459663,3.9046820655965693,0.0
cbdfde79-8c32-4be5-820b-3d04e39bb260,2025-01-03 06:13:19.904,81.64656,80.55800768050811,1.0885523194918818,1.3332494589997201,81.64656,80.55800768050811,1.0885523194918818,1.3332494589997201,0.0
8ef4b3da-7996-4610-96a5-cedad54c7dc6,2025-03-26 01:03:05.180,88.45044,80.47000122070312,7.980438779296875,9.022497546984361,88.45044,80.47000122070312,7.980438779296875,9.022497546984361,0.0
f8b3e57d-8b2b-405a-a0a1-2c90584638fa,2025-01-01 20:16:50.390,95.25432,95.980145492,-0.7258254919999985,-0.7619869545024293,95.25432,95.980145492,-0.7258254919999985,-0.7619869545024293,0.0
4400302c-81a0-4a0c-91c1-1799c7d5f202,2025-01-02 13:10:29.918,95.25432,84.14100646972656,11.113313530273444,11.666991618095057,95.25432,84.14100646972656,11.113313530273444,11.666991618095057,0.0
548ff362-b3ea-411c-b3eb-b2a7ce9cb940,2025-04-03 16:06:28.475,111.13004,108.136421008,2.9936189919999947,2.693798177342503,111.13004,108.136421008,2.9936189919999947,2.693798177342503,0.0
d1fbbe7f-faa2-4fb3-8d04-d2a5a02af95f,2025-02-13 02:38:40.784,168.736224,173.6280059814453,-4.89178198144532,-2.8990704340078866,168.736224,173.6280059814453,-4.89178198144532,-2.8990704340078866,0.0
00879ed6-bbf9-4c63-8a28-4709c89c0b2d,2025-02-04 23:14:50.003,142.427888,140.069323856,2.3585641439999847,1.6559707351694948,142.427888,140.069323856,2.3585641439999847,1.6559707351694948,0.0
b276ef68-8163-4463-9d67-b31cfb6fd423,2025-01-28 22:31:49.576,108.408488,106.37200164794922,2.0364863520507868,1.8785303527624024,108.408488,106.37200164794922,2.0364863520507868,1.8785303527624024,0.0
08e18aeb-db18-4d0c-9318-273155a57ee3,2025-03-25 19:57:25.256,83.460928,83.733151502,-0.2722235020000028,-0.32616879361801826,83.460928,83.733151502,-0.2722235020000028,-0.32616879361801826,0.0
41c64e98-0e56-4dd7-832d-24e5d3b4f419,2025-04-09 17:31:20.380,114.758776,109.769264,4.989511999999991,4.347826086956514,114.758776,109.769264,4.989511999999991,4.347826086956514,0.0
5d02948f-e8b9-4f95-ab3c-8fb65d49a3ae,2025-05-27 18:31:40.247,85.728888,76.203456,9.525431999999995,11.111111111111105,85.728888,76.203456,9.525431999999995,11.111111111111105,0.0
944ce48e-a14d-428a-946c-74054666630d,2025-01-27 20:12:25.112,94.800728,93.32100677490234,1.4797212250976628,1.5608753817773031,94.800728,93.32100677490234,1.4797212250976628,1.5608753817773031,0.0
323c17a5-f5b4-403d-9cc4-aa6e8f9435de,2025-01-04 13:28:58.143,113.398,113.86600494384766,-0.4680049438476601,-0.41271005118931564,113.398,113.86600494384766,-0.4680049438476601,-0.41271005118931564,0.0
67332e4d-c315-43e7-9fae-6a9f37334670,2025-02-05 20:13:32.250,74.84268,67.2223344,7.620345600000007,10.181818181818192,74.84268,67.2223344,7.620345600000007,10.181818181818192,0.0
51d9898a-ef6b-4336-b335-ce0155e1e98b,2025-01-24 23:05:09.136,136.0776,119.63900756835938,16.438592431640615,12.080307436081043,136.0776,119.63900756835938,16.438592431640615,12.080307436081043,0.0
4cb0c6ed-0bdd-4cbc-a9cf-03b35114c1ff,2025-01-07 02:33:50.377,94.02000427246094,93.72200775146484,0.29799652099609375,0.31695012492504093,94.02000427246094,93.72200775146484,0.29799652099609375,0.31695012492504093,0.0
b94725e5-eeaf-44d1-882f-d0444bb2f4e1,2025-01-26 02:04:46.867,83.007336,,,,83.007336,,,,
e81e26c1-a119-46e0-a88a-6aee33af1266,2025-01-09 19:10:43.564,95.12400817871094,,,,95.12400817871094,,,,
92f967bf-9c4a-4991-8a07-3274aaed1120,2025-06-03 20:37:55.078,127.00576,116.25563049316406,10.750129506835933,8.464285011038816,127.00576,116.25563049316406,10.750129506835933,8.464285011038816,0.0
24c36df4-7364-4430-8f04-d219842065c8,2025-04-12 03:08:20.599,146.510216,146.46485900878906,0.04535699121095149,0.03095824472127697,146.510216,146.46485900878906,0.04535699121095149,0.03095824472127697,0.0
2cf104ec-ed19-473b-a65c-db32df589bed,2025-05-29 21:59:13.222,85.18464708600001,84.00530553974593,1.1793415462540793,1.384453169200137,85.18464708600001,84.00530553974593,1.1793415462540793,1.384453169200137,0.0
ce28f065-3772-41f2-965f-7594d7d4e964,2025-01-15 23:14:12.640,81.192968,71.21400209000001,9.978965909999985,12.290431247691286,81.192968,71.21400209000001,9.978965909999985,12.290431247691286,0.0
f0d41f4f-628d-497a-a93d-6037fb6b3e17,2025-01-01 16:11:17.867,96.978048706,89.99272620800001,6.985322497999988,7.202993451824123,96.978048706,89.99272620800001,6.985322497999988,7.202993451824123,0.0
f203605a-b0d5-4d53-83a7-9027b7bfc86d,2025-01-29 16:59:54.094,116.301083668,117.162909171,-0.8618255029999915,-0.7410296411856401,116.301083668,117.162909171,-0.8618255029999915,-0.7410296411856401,0.0
5d3b11a4-9477-4c63-907e-ec6a29fab17b,2025-01-22 21:28:38.722,85.728888,80.739376,4.989512000000005,5.820105820105826,85.728888,80.739376,4.989512000000005,5.820105820105826,0.0
f331a329-f1d6-4e01-b955-d9c5246c671a,2025-05-02 02:22:44.106,109.769264,101.7,8.069264000000004,7.351114242690016,109.769264,101.7,8.069264000000004,7.351114242690016,0.0
a69eb439-322b-4c63-9bc9-515c9c650a57,2025-01-06 13:45:18.555,80.28578399999999,75.41500091552734,4.870783084472649,6.066806403077099,80.28578399999999,75.41500091552734,4.870783084472649,6.066806403077099,0.0
8b96aa31-9b35-4139-9572-f2b69bb974a6,2025-01-03 22:31:47.889,83.42,85.77400207519531,-2.354002075195311,-2.821867747776685,83.42,85.77400207519531,-2.354002075195311,-2.821867747776685,0.0
22cab745-8af7-4677-ac36-7c5df467dfb4,2025-01-02 13:12:54.386,72.57472,70.896487431,1.6782325690000022,2.3124203152282257,72.57472,70.896487431,1.6782325690000022,2.3124203152282257,0.0
c623401a-4160-409d-bfbd-1ab2a1c6cc40,2025-03-03 16:08:53.962,65.77083999999999,63.68400192260742,2.0868380773925708,3.172892542337259,65.77083999999999,63.68400192260742,2.0868380773925708,3.172892542337259,0.0
9628a7d3-279a-4641-874c-6baedcef05e7,2025-01-01 16:09:27.239,163.29312,158.31100463867188,4.982115361328113,3.0510258860435227,163.29312,158.31100463867188,4.982115361328113,3.0510258860435227,0.0
8de9d580-8af7-4955-80c4-3d9aee1d9494,2025-01-01 20:56:08.272,136.0776,132.04074167550812,4.036858324491874,2.9665854809989844,136.0776,132.04074167550812,4.036858324491874,2.9665854809989844,0.0
38c03d48-53d5-4b4c-81bf-87f74453e54c,2025-01-06 20:18:58.430,113.398,101.62600708007812,11.771992919921871,10.381129226196116,113.398,101.62600708007812,11.771992919921871,10.381129226196116,0.0
e50754ce-06b9-4781-a452-bf7eebd06218,2025-03-05 18:56:33.482,126.552168,117.3000030517578,9.252164948242196,7.310949385112231,126.552168,117.3000030517578,9.252164948242196,7.310949385112231,0.0
da99c840-07ca-4a69-8b4e-08b3b00481ad,2025-01-07 20:52:37.957,71.213944,63.74500274658203,7.468941253417967,10.488032025607186,71.213944,63.74500274658203,7.468941253417967,10.488032025607186,0.0
373e2d0c-afcc-4e66-8fb1-d947f5579e7a,2025-04-09 20:58:19.505,77.11064,72.88200378417969,4.228636215820316,5.483855685571169,77.11064,72.88200378417969,4.228636215820316,5.483855685571169,0.0
73ca3a1b-5763-4bb1-a066-6579a3839315,2025-01-07 03:00:35.788,78.017824,,,,78.017824,,,,
8cd07cbb-2c07-4fd4-9b58-a39162e77d81,2025-01-09 21:39:44.075,112.490816,100.3290023803711,12.161813619628902,10.811383588531264,112.490816,100.3290023803711,12.161813619628902,10.811383588531264,0.0
3f15d4fd-2603-4832-89af-5407ebb3b81f,2025-03-24 21:46:17.550,88.905,,,,88.905,,,,
830d6828-d980-4af1-8296-60a55199215f,2025-02-11 04:57:56.350,100.3330078125,94.347136,5.985871812499994,5.966004551250225,100.3330078125,94.347136,5.985871812499994,5.966004551250225,0.0
fafefee7-fdc4-4588-9297-61d032c613ef,2025-01-09 22:21:26.486,74.84268,,,,74.84268,,,,
4a885017-6c0a-4259-931c-cc976457d5f8,2025-01-17 20:40:06.586,78.471416,75.09902184645325,3.3723941535467503,4.297608384620904,78.471416,75.09902184645325,3.3723941535467503,4.297608384620904,0.0
edd38d12-a062-4fd6-94b1-b383dd7bd756,2025-02-03 12:27:21.994,83.91452,83.00740371,0.9071162899999905,1.081000391827291,83.91452,83.00740371,0.9071162899999905,1.081000391827291,0.0
24a0cb10-d4bc-464b-ad7e-a0c3ce0d776d,2025-02-20 22:02:56.100,88.904032,88.6990898416074,0.20494215839259766,0.2305206566925982,88.904032,88.6990898416074,0.20494215839259766,0.2305206566925982,0.0
9002d135-3195-4299-a0a5-e78490873147,2025-01-27 20:08:54.918,81.64656,71.667536,9.979023999999995,12.222222222222218,81.64656,71.667536,9.979023999999995,12.222222222222218,0.0
0c750e44-494d-45b1-8d0e-e0881cfc6aaf,2025-05-13 20:22:10.847,72.57472,71.213944,1.3607760000000013,1.8750000000000018,72.57472,71.213944,1.3607760000000013,1.8750000000000018,0.0
b54e58fb-3753-4f61-9a1f-431f6ae2be8c,2025-01-01 16:42:36.630,100.697424,99.88104248046876,0.8163815195312338,0.8107273126780621,100.697424,99.88104248046876,0.8163815195312338,0.8107273126780621,0.0
6a4459a8-4c6b-48e2-b8d9-2d7674161291,2025-02-24 22:22:32.424,92.532768,87.63404449974594,4.898723500254064,5.294041890386402,92.532768,87.63404449974594,4.898723500254064,5.294041890386402,0.0
72e20206-899d-4797-aa1c-3e695d01eef3,2025-01-06 23:40:10.815,96.37000274658205,89.42500305175781,6.944999694824233,7.20659904211796,96.37000274658205,89.42500305175781,6.944999694824233,7.20659904211796,0.0
1d7bfefa-2894-45b2-8c4c-dda536f2b57b,2025-02-12 18:19:29.377,92.98636,81.6,11.38636000000001,12.245193811221355,92.98636,81.6,11.38636000000001,12.245193811221355,0.0
7c1594f6-99c5-487b-ac34-a42cc51c3712,2025-01-02 02:52:48.067,102.558,98.975,3.5830000000000126,3.493632871155846,102.558,98.975,3.5830000000000126,3.493632871155846,0.0
af900574-197a-4efc-a27b-d8e14a51670b,2025-01-07 16:46:10.526,101.332535458,97.09000396728516,4.242531490714839,4.186741673382159,101.332535458,97.09000396728516,4.242531490714839,4.186741673382159,0.0
ac8597c0-f1d9-4f5f-a92b-d71aef1d235f,2025-01-09 22:55:53.832,90.990629422,85.45680250800001,5.533826913999988,6.081754735792609,90.990629422,85.45680250800001,5.533826913999988,6.081754735792609,0.0
111d82d0-de53-400c-87f9-dc9fe102dc7b,2025-01-01 13:25:39.360,125.28900909423828,121.17900848388672,4.1100006103515625,3.2804159279926584,125.28900909423828,121.17900848388672,4.1100006103515625,3.2804159279926584,0.0
11f693ac-21b2-4dae-afc6-232bd81879b9,2025-01-16 23:03:37.464,127.00576,127.0050048828125,0.0007551171874951024,0.000594553497018641,127.00576,127.0050048828125,0.0007551171874951024,0.000594553497018641,0.0
c2967d41-41d9-4621-8cb7-432fb0110c7f,2025-01-19 16:54:07.319,138.799152,140.7985552384016,-1.9994032384016123,-1.4405010474427196,138.799152,140.7985552384016,-1.9994032384016123,-1.4405010474427196,0.0
a631b34b-577f-4887-b067-779dd31c1ba5,2025-01-02 17:08:11.315,80.558,74.81199645996094,5.746003540039069,7.132753469598388,80.558,74.81199645996094,5.746003540039069,7.132753469598388,0.0
53746ac2-2772-41b2-ba0f-e612d5e4c2da,2025-03-28 18:12:07.937,156.035648,143.879499764,12.156148236000007,7.790622458273129,156.035648,143.879499764,12.156148236000007,7.790622458273129,0.0
d61b6ecf-811b-49e7-b7ef-e5ee4961c566,2025-03-04 21:29:22.664,126.86600494384766,114.90900421142578,11.957000732421875,9.424905227932557,126.86600494384766,121.83600616455078,5.029998779296875,3.964812150838367,-5.46009307709419
af4b5f63-c795-49f6-8bc4-c9e437d088ac,2025-03-13 17:15:05.760,148.84400939941406,144.6590118408203,4.18499755859375,2.8116667748203135,148.84400939941406,144.6590118408203,4.18499755859375,2.8116667748203135,0.0
0ee8da71-89a6-4e09-b528-a7a011a21977,2025-01-13 18:49:58.382,81.64656,73.799478599,7.847081400999997,9.611037379896958,81.64656,73.799478599,7.847081400999997,9.611037379896958,0.0
3b640689-2dd6-4c7f-a059-489ab564cc4f,2025-01-03 21:02:07.517,120.20188,113.398,6.803880000000007,5.660377358490572,120.20188,113.398,6.803880000000007,5.660377358490572,0.0
1afe3f63-38b6-4982-b837-0d1c5c57d77b,2025-01-09 19:52:44.556,98.429464,99.519,-1.0895360000000096,-1.1069205862992504,98.429464,99.519,-1.0895360000000096,-1.1069205862992504,0.0
5b181619-9d15-4b4b-bbf6-a8f7fae485b9,2025-06-11 17:23:09.602,97.068688,,,,97.068688,,,,
486a807a-4813-4774-af19-ba73ad7f3693,2025-04-14 18:32:21.410,131.088088,120.94400787353516,10.144080126464843,7.738369123565859,131.088088,120.94400787353516,10.144080126464843,7.738369123565859,0.0
c609ae41-6064-4543-9608-592df5bdad0f,2025-03-11 20:50:14.968,89.811216,87.38400268554688,2.4272133144531267,2.7025725990093785,89.811216,87.38400268554688,2.4272133144531267,2.7025725990093785,0.0
04db9e04-88b5-4395-850e-e7fc37884314,2025-04-21 21:40:51.043,87.54300689697266,81.14600372314453,6.397003173828125,7.30726919325105,87.54300689697266,81.14600372314453,6.397003173828125,7.30726919325105,0.0
0357abf4-6629-4751-bc8c-9dc9c6b81f4f,2025-01-03 23:25:57.977,108.86208,102.48400115966795,6.378078840332051,5.858861818855612,108.86208,102.48400115966795,6.378078840332051,5.858861818855612,0.0
9276a5de-f5bc-44e6-8c94-d2bbd80856eb,2025-03-18 21:32:39.763,136.984784,136.984890625,-0.000106625000000804,-7.783711218671118e-05,136.984784,136.984890625,-0.000106625000000804,-7.783711218671118e-05,0.0
8f0a6145-3b13-4e2e-bbe9-449767359062,2025-01-06 18:54:41.803,107.954896,104.91400146484376,3.040894535156241,2.8168194753818674,107.954896,104.91400146484376,3.040894535156241,2.8168194753818674,0.0
0fa33efe-a96d-4537-b86f-4ef8e672e6ea,2025-01-14 22:50:06.682,117.93392,120.065900339,-2.1319803389999947,-1.8077753533504142,117.93392,120.065900339,-2.1319803389999947,-1.8077753533504142,0.0
61cabe47-55ef-43a5-8e7d-8be37097ab79,2025-01-12 21:18:40.208,112.037224,110.63600158691406,1.4012224130859323,1.2506757692299948,112.037224,110.63600158691406,1.4012224130859323,1.2506757692299948,0.0
873ce57b-f2ac-4b5f-832d-ccfa458afc11,2025-05-12 06:08:45.407,108.86208,100.6989667084314,8.163113291568607,7.498582878049552,108.86208,100.6989667084314,8.163113291568607,7.498582878049552,0.0
984bf2c0-35cc-4786-9a77-05c2ba422183,2025-01-18 01:37:15.063,131.54168,,,,131.54168,,,,
7b981d73-bdd3-4253-af5a-f942fbebbfbe,2025-04-23 15:34:37.913,91.171992,99.177001953125,-8.005009953124997,-8.780119615160977,91.171992,99.177001953125,-8.005009953124997,-8.780119615160977,0.0
01b77681-2fe5-4ccb-9257-60ade9c188e0,2025-01-16 02:34:01.040,111.13004,112.7270050048828,-1.5969650048828044,-1.437023693038178,111.13004,112.7270050048828,-1.5969650048828044,-1.437023693038178,0.0
085b2efd-c65f-4652-b424-a9bbc7f433b0,2025-01-06 08:20:04.371,90.750000001,,,,90.750000001,,,,
dd20ca24-ba9d-48db-95bc-1930ad614bcc,2025-01-09 23:25:02.829,120.20188,121.06700897216795,-0.8651289721679518,-0.7197299843962106,120.20188,121.06700897216795,-0.8651289721679518,-0.7197299843962106,0.0
9f0b0a05-0144-4831-b666-9e99a73dd05c,2025-01-02 19:46:37.784,120.20188,114.078481055,6.123398945000005,5.094262207047016,120.20188,114.078481055,6.123398945000005,5.094262207047016,0.0
df16f50e-fde6-4648-9dae-0a9bda5b41c5,2025-04-20 04:21:53.229,93.07715293974594,89.72057217025406,3.3565807694918846,3.6062348959736528,93.07715293974594,89.72057217025406,3.3565807694918846,3.6062348959736528,0.0
3f37337f-5646-4a4f-b3dc-98f853b400eb,2025-01-14 17:12:03.447,104.32616,103.59800720214844,0.7281527978515641,0.697958017290739,104.32616,103.59800720214844,0.7281527978515641,0.697958017290739,0.0
ab23700e-9082-4327-9864-800e528b3d70,2025-01-01 13:41:15.363,100.7280044555664,100.12800598144533,0.5999984741210795,0.5956620280169985,100.7280044555664,100.12800598144533,0.5999984741210795,0.5956620280169985,0.0
0bfa3739-8b1c-4b8a-bbf1-b351f4976620,2025-03-27 15:24:05.222,111.13004,111.5988548624632,-0.4688148624632049,-0.4218615078904002,111.13004,111.5988548624632,-0.4688148624632049,-0.4218615078904002,0.0
085a9056-208b-4470-8a1e-e2713e7aace3,2025-04-10 22:10:07.153,88.45044,86.5,1.9504400000000004,2.2051218738991016,88.45044,86.5,1.9504400000000004,2.2051218738991016,0.0
c9a57a18-50ef-41a1-826a-8a74082b3d7e,2025-05-01 22:10:46.608,91.625584,86.34300231933594,5.282581680664066,5.765400284558149,91.625584,86.34300231933594,5.282581680664066,5.765400284558149,0.0
c9309f2c-01f3-459f-962b-59702cb6233e,2025-01-01 15:31:12.562,77.11064,70.5790023803711,6.53163761962891,8.470475176485255,77.11064,70.5790023803711,6.53163761962891,8.470475176485255,0.0
a6d435c0-a192-477e-9c5d-824a85dae576,2025-01-02 14:36:49.867,146.963808,,,,146.963808,,,,
d193ccf2-2568-4e17-bf92-caa7e92c55ae,2025-01-13 17:53:22.301,98.883056,95.98014826050812,2.90290773949188,2.935697840378113,98.883056,95.98014826050812,2.90290773949188,2.935697840378113,0.0
69b4fbd6-4586-4019-8dbe-4bdbbe731d40,2025-02-15 05:50:09.975,122.46984,123.7070083618164,-1.2371683618164013,-1.0101820675330362,122.46984,123.7070083618164,-1.2371683618164013,-1.0101820675330362,0.0
928b727d-52f6-49c7-8b8b-25855742e795,2025-01-26 16:50:44.411,95.25432,97.1990026222744,-1.9446826222743994,-2.041568951701507,95.25432,97.1990026222744,-1.9446826222743994,-2.041568951701507,0.0
6339848f-f1b9-415a-bad6-44ae18c40d13,2025-01-06 17:52:09.104,138.34556,133.23300170898438,5.112558291015631,3.6954986419626557,138.34556,133.23300170898438,5.112558291015631,3.6954986419626557,0.0
bad13b21-b802-4f27-9033-84f473a7297a,2025-01-07 01:07:28.641,120.20188,118.498784060887,1.7030959391129983,1.416862980107298,120.20188,118.498784060887,1.7030959391129983,1.416862980107298,0.0
8ad2a7f4-fd1a-4ac6-9bd0-4d12ec64e55b,2025-01-01 21:23:37.507,94.0,88.677308335,5.322691664999994,5.662437941489355,94.0,88.677308335,5.322691664999994,5.662437941489355,0.0
c70919e5-324e-4eca-8f51-9648ce41d9af,2025-01-01 18:00:10.103,105.233344,103.71500396728516,1.5183400327148462,1.4428316871835283,105.233344,103.71500396728516,1.5183400327148462,1.4428316871835283,0.0
1e681ef8-1b19-4774-b1ff-ea2043940efa,2025-01-21 21:50:32.445,122.46984,117.498794321985,4.9710456780150025,4.0589958131855175,122.46984,117.498794321985,4.9710456780150025,4.0589958131855175,0.0
be903417-8afb-410c-b43c-62eb8de57cb4,2025-02-02 05:38:45.020,79.14800262451172,,,,79.14800262451172,,,,
1fa105ca-9b41-4f0d-99d1-b304ad985c8f,2025-06-10 23:00:46.677,108.86208,101.515,7.347080000000005,6.748979993768265,108.86208,101.515,7.347080000000005,6.748979993768265,0.0
435e3125-7b7a-434a-b1e6-e86f99d8dd70,2025-02-11 00:39:10.805,92.98636,,,,92.98636,,,,
5b1e9f20-cd42-445a-81dc-8da681e50c7e,2025-01-03 23:48:35.783,121.109064,115.2988168964006,5.8102471035994085,4.797532828425962,121.109064,115.2988168964006,5.8102471035994085,4.797532828425962,0.0
25873ca7-7fb7-4243-9754-e27d15710d69,2025-01-01 17:18:05.204,112.944408,107.50139169,5.44301630999999,4.8191994684676995,112.944408,107.50139169,5.44301630999999,4.8191994684676995,0.0
eb4bede9-8763-4a86-9e8d-8bacc7b2e5be,2025-01-13 17:27:30.823,70.30676,,,,70.30676,,,,
653cb7ac-5de7-4b6a-9d25-ba5370ae6ce5,2025-03-12 18:18:34.863,104.32616,97.13500213623048,7.191157863769519,6.892957493853428,104.32616,97.13500213623048,7.191157863769519,6.892957493853428,0.0
0f96da06-0bfa-4659-9f1e-6b84580bab40,2025-01-02 20:24:50.614,121.109064,116.48600769042967,4.62305630957033,3.817266979761589,121.109064,116.48600769042967,4.62305630957033,3.817266979761589,0.0
4f5e087d-5da5-4534-8165-e4ad61aaa3e1,2025-04-17 19:09:09.083,170.097,163.99831718092798,6.098682819072025,3.585414686368381,170.097,163.99831718092798,6.098682819072025,3.585414686368381,0.0
94175c72-2be9-4bbf-91bd-45c8f655d361,2025-01-05 22:44:51.054,133.80964,129.3350067138672,4.474633286132814,3.3440290894832496,133.80964,129.3350067138672,4.474633286132814,3.3440290894832496,0.0
bbc65260-a6ed-4db5-98cc-4f47c3a071b8,2025-02-13 19:23:50.739,80.739376,77.44700622558594,3.2923697744140554,4.077774609521451,80.739376,77.44700622558594,3.2923697744140554,4.077774609521451,0.0
b23b80c4-7c60-4de4-ad09-756fe9b22f35,2025-01-13 04:02:27.482,70.760352,69.85322498,0.9071270200000043,1.2819707567311203,70.760352,69.85322498,0.9071270200000043,1.2819707567311203,0.0
2c91ac12-74ec-441d-82fd-6fe700c11c15,2025-01-20 02:13:05.555,74.84268,80.28500366210938,-5.442323662109374,-7.271684635169897,74.84268,80.28500366210938,-5.442323662109374,-7.271684635169897,0.0
671d317a-e8c7-487f-9886-f5b921e01cbc,2025-01-18 16:21:16.942,127.08000946044922,119.73900604248048,7.341003417968736,5.776678369113167,127.08000946044922,119.73900604248048,7.341003417968736,5.776678369113167,0.0
4dd0ea8b-f9c4-498c-b0fe-0a06520ba916,2025-01-13 00:49:22.569,88.90410452,,,,88.90410452,,,,
754f149d-87d1-4c2d-8990-8cc133fb1643,2025-02-12 01:13:00.358,106.684925424,99.064573608,7.620351815999996,7.14285714285714,106.684925424,99.064573608,7.620351815999996,7.14285714285714,0.0
2c685a9d-aa12-4b50-a836-e7e45439a285,2025-02-12 03:03:01.615,82.100152,85.1830062866211,-3.0828542866210995,-3.7549921790901184,82.100152,85.1830062866211,-3.0828542866210995,-3.7549921790901184,0.0
8d381b55-4ce0-4256-8660-06055b84be2f,2025-01-09 14:24:26.090,122.46984,117.3560028076172,5.113837192382803,4.175589020433768,122.46984,117.3560028076172,5.113837192382803,4.175589020433768,0.0
e39ea1bf-b033-4ed5-9460-fc24827f3016,2025-01-21 03:04:43.725,106.59412,,,,106.59412,,,,
5d40635c-9508-4a02-9f27-74c7cd387e55,2025-05-15 00:03:46.652,70.9,67.8,3.1000000000000085,4.372355430183369,70.9,67.8,3.1000000000000085,4.372355430183369,0.0
e4ca0990-ec37-4a3d-9eb3-ea20f7748aec,2025-03-07 16:23:03.074,111.583632,110.179,1.4046319999999923,1.258815450638847,111.583632,110.179,1.4046319999999923,1.258815450638847,0.0
bd73f3f4-4dbb-47a4-9a92-6cd6daa4ad25,2025-01-10 05:55:50.202,146.056624,137.9600067138672,8.096617286132812,5.54347831984177,146.056624,137.9600067138672,8.096617286132812,5.54347831984177,0.0
c0821775-c116-444c-b245-0e049998b22a,2025-01-20 21:32:52.612,145.14944,136.0760040283203,9.073435971679686,6.2510995369184235,145.14944,136.0760040283203,9.073435971679686,6.2510995369184235,0.0
d146ca53-9c9a-4c2e-b25f-38b4b31a9111,2025-01-04 02:04:59.379,120.0,117.29300689697266,2.7069931030273438,2.2558275858561196,120.0,117.29300689697266,2.7069931030273438,2.2558275858561196,0.0
5dc358be-b630-4152-b18e-31fcad187561,2025-04-24 16:27:39.277,190.50864,185.52500915527344,4.9836308447265765,2.6159605384441234,190.50864,185.52500915527344,4.9836308447265765,2.6159605384441234,0.0
2aca01f8-477a-471e-9316-f12405cfb6f6,2025-01-04 15:17:59.583,93.893544,80.45000457763672,13.443539422363287,14.31785280398329,93.893544,80.45000457763672,13.443539422363287,14.31785280398329,0.0
20a3e8c8-6d4a-4959-8e4e-f8675adb214d,2025-01-05 01:26:52.800,83.91452,,,,83.91452,,,,
f657e7df-5deb-48d8-a3b2-4244df3b32cc,2025-01-02 20:44:05.625,138.34556,138.2130126953125,0.13254730468750608,0.09580886057167724,138.34556,138.2130126953125,0.13254730468750608,0.09580886057167724,0.0
da756501-7151-49b4-ad08-b1e368c35466,2025-01-22 21:24:09.804,64.863656,65.4260025024414,-0.5623465024414003,-0.8669670153057674,64.863656,65.4260025024414,-0.5623465024414003,-0.8669670153057674,0.0
012e3d9e-146e-4974-98ff-01997a2045f8,2025-01-09 17:49:10.011,149.68536,149.0070037841797,0.6783562158203154,0.45318808453967396,149.68536,149.0070037841797,0.6783562158203154,0.45318808453967396,0.0
5f49aa75-779a-4d2e-869c-56f4ef2d5a3b,2025-01-02 21:36:06.127,95.25432,,,,95.25432,,,,
a209a4f8-a392-43c2-8fdc-889af96f5201,2025-01-17 02:00:03.826,116.573144,112.77100372314452,3.802140276855482,3.2615919468170835,116.573144,112.77100372314452,3.802140276855482,3.2615919468170835,0.0
3f46aa7a-6222-4afa-9ad6-6a40a99d5c47,2025-01-03 01:34:23.972,83.007336,77.157,5.850335999999999,7.047974651300698,83.007336,77.157,5.850335999999999,7.047974651300698,0.0
3413a0ed-e18d-433d-bb90-4c07185d8c77,2025-01-01 18:26:28.640,122.46984,120.76900482177734,1.7008351782226612,1.3887788031915949,122.46984,120.76900482177734,1.7008351782226612,1.3887788031915949,0.0
895ed23f-3225-4028-aede-b02d551e71fd,2025-03-11 23:39:55.171,91.625584,87.5,4.1255840000000035,4.502655066296771,91.625584,87.5,4.1255840000000035,4.502655066296771,0.0
e867c3be-3221-48c7-abb1-7cfafc805489,2025-01-04 15:29:20.957,90.7184,89.35769689,1.3607031100000029,1.4999196524630096,90.7184,89.35769689,1.3607031100000029,1.4999196524630096,0.0
235d4cde-d951-4d14-8c3c-dfbfdee9c15e,2025-01-09 16:40:42.610,111.13004,112.0988497319142,-0.9688097319142059,-0.8717802422407172,111.13004,112.0988497319142,-0.9688097319142059,-0.8717802422407172,0.0
61a62ccc-df03-488c-866b-299225bcec34,2025-01-01 14:58:49.556,161.02516,,,,161.02516,,,,
68d931de-3555-43bc-afb1-68f1af5ab9a2,2025-01-01 14:31:46.498,115.3031768798828,106.18597412109376,9.117202758789034,7.907156598370997,115.3031768798828,106.18597412109376,9.117202758789034,7.907156598370997,0.0
0b099763-a6bd-41f9-9ba4-8c177084dc1f,2025-02-11 03:25:42.181,164.200304,153.8990020751953,10.301301924804676,6.273619277102359,164.200304,153.8990020751953,10.301301924804676,6.273619277102359,0.0
f55a2fda-75c4-446d-abd4-8db2a86c028d,2025-04-26 16:20:47.377,83.91458845000001,78.66,5.254588450000014,6.261829494797473,83.91458845000001,78.66,5.254588450000014,6.261829494797473,0.0
1ff757a7-48c0-4c17-bb71-3c54f74c1964,2025-01-02 20:01:04.308,129.727312,133.87600708007812,-4.148695080078113,-3.1980120578449296,129.727312,133.87600708007812,-4.148695080078113,-3.1980120578449296,0.0
a92202bc-e9d5-4a52-b10e-b2a7e2a6a6a7,2025-01-12 00:43:29.823,163.29312,146.33700561523438,16.956114384765613,10.383851067801029,163.29312,146.33700561523438,16.956114384765613,10.383851067801029,0.0
a8188df4-3501-4247-9826-f368080d898b,2025-05-29 17:29:48.182,116.573144,105.77800750732422,10.79513649267578,9.260397482867736,116.573144,105.77800750732422,10.79513649267578,9.260397482867736,0.0
96523254-7faf-453f-ae16-014356a70589,2025-01-01 12:51:22.756,106.59412,108.49929351974596,-1.9051735197459578,-1.7873157729018805,106.59412,108.49929351974596,-1.9051735197459578,-1.7873157729018805,0.0
2878894c-c46e-4bd9-8567-d1290c59e744,2025-02-03 18:53:05.234,76.657048,73.57268102974595,3.0843669702540524,4.023592155875937,76.657048,73.57268102974595,3.0843669702540524,4.023592155875937,0.0
9aa96cd5-63bd-4812-b8f4-e8411fcdcb8e,2025-05-19 18:04:32.889,110.222856,94.256494486,15.966361513999999,14.485526952776473,110.222856,94.256494486,15.966361513999999,14.485526952776473,0.0
f57adfd5-d6d0-4645-9e6c-6a1b9749144a,2025-01-02 18:02:31.027,125.191392,121.3987543037028,3.7926376962971915,3.0294716239733095,125.191392,121.3987543037028,3.7926376962971915,3.0294716239733095,0.0
ed705dc5-122a-4d74-8090-1c9ea7760a15,2025-02-06 03:02:35.613,77.11064,73.44924632335191,3.661393676648089,4.74823406555579,77.11064,73.44924632335191,3.661393676648089,4.74823406555579,0.0
9d9a0648-51fa-4298-bfc9-2d31506f79f4,2025-01-02 21:33:23.824,117.026736,117.026736,0.0,0.0,117.026736,117.026736,0.0,0.0,0.0
9a58fa58-88e5-49f1-9787-c83dcf5338b9,2025-04-20 05:25:04.308,93.893544,89.0990857371682,4.79445826283181,5.106270419222657,93.893544,89.0990857371682,4.79445826283181,5.106270419222657,0.0
1a1a3395-79d8-4387-b444-7df193615f62,2025-02-01 17:02:38.325,81.64656,71.84200286865234,9.80455713134765,12.008536711586688,81.64656,71.84200286865234,9.80455713134765,12.008536711586688,0.0
bf4191a2-ed76-4241-baa9-124c0261d487,2025-01-13 04:46:52.219,86.18248,75.1510009765625,11.031479023437498,12.800141076744948,86.18248,75.1510009765625,11.031479023437498,12.800141076744948,0.0
2dabbd7e-abaf-412a-a925-ec62efd27743,2025-01-01 20:40:43.220,161.932344,138.69857678670738,23.233767213292623,14.347823689437005,161.932344,138.69857678670738,23.233767213292623,14.347823689437005,0.0
bdfbbc89-85ce-466f-9e9f-de35aa7ed360,2025-01-20 15:26:08.139,175.993696,166.56300354003906,9.430692459960937,5.358539921771367,175.993696,166.56300354003906,9.430692459960937,5.358539921771367,0.0
11a8ce94-f52c-451c-80e2-850430037984,2025-01-08 15:59:15.728,106.730284661,,,,106.730284661,,,,
74d33c3b-11e7-424b-9a66-edba83f9a6c2,2025-01-04 20:04:15.636,142.88159655,131.3986516927228,11.482944857277204,8.036685713585836,142.88159655,131.3986516927228,11.482944857277204,8.036685713585836,0.0
2241a106-cfb0-4ce1-9dc2-fe697ecf5cc3,2025-01-02 07:18:01.912,83.1500015258789,,,,83.1500015258789,,,,
9c8c4a92-893d-4bc6-95b8-76a961eb326e,2025-02-25 23:08:27.273,103.872568,103.418976,0.45359200000000044,0.436681222707424,103.872568,103.418976,0.45359200000000044,0.436681222707424,0.0
a93cbce9-c4ab-4cce-a2e2-88d00c02e9c3,2025-01-03 01:46:23.900,103.418976,90.04907598912509,13.369900010874915,12.927898271662364,103.418976,90.04907598912509,13.369900010874915,12.927898271662364,0.0
33a29de9-fc51-4fd1-8650-ff06c55c1601,2025-03-05 19:07:43.622,81.192968,85.275296,-4.082328000000004,-5.027932960893859,81.192968,85.275296,-4.082328000000004,-5.027932960893859,0.0
5ed41beb-dc89-4fe2-b9c2-765a7d54164f,2025-01-15 04:53:39.691,105.68702221,,,,105.68702221,,,,
aef8aa8e-8ed0-4cee-8899-ef98f2099f87,2025-01-07 02:13:52.645,75.296272,73.119090044,2.1771819559999983,2.891487052639204,75.296272,73.119090044,2.1771819559999983,2.891487052639204,0.0
6427333a-9b1f-475e-9f41-8ea5e6f60cd7,2025-03-10 19:04:00.070,102.511792,97.5989985178352,4.912793482164801,4.792417912433724,102.511792,97.5989985178352,4.912793482164801,4.792417912433724,0.0
a41fde49-6246-456d-99d9-1eaa3005b0e7,2025-01-04 02:26:33.839,123.74100494384766,121.22300720214844,2.5179977416992188,2.0348935608223475,123.74100494384766,121.22300720214844,2.5179977416992188,2.0348935608223475,0.0
253d9a33-938d-4fc1-aa96-bd040c59738c,2025-01-02 19:31:36.480,92.23400115966795,90.39300537109376,1.8409957885741903,1.9960055569824073,92.23400115966795,90.39300537109376,1.8409957885741903,1.9960055569824073,0.0
bc292a90-eb34-490c-984a-163e0c582713,2025-01-13 18:56:32.080,104.32616,100.51200103759766,3.8141589624023453,3.655994778684795,104.32616,100.51200103759766,3.8141589624023453,3.655994778684795,0.0
0c5d0701-93d8-48ce-a0ed-16f9100f64a1,2025-02-26 23:26:34.525,93.89362059,88.95,4.943620589999995,5.265129365483759,93.89362059,88.95,4.943620589999995,5.265129365483759,0.0
5675c550-9d3c-49da-b27e-fd0c511d4e09,2025-02-13 01:19:17.611,65.77083999999999,63.59364888974594,2.17719111025405,3.310268061429731,65.77083999999999,63.59364888974594,2.17719111025405,3.310268061429731,0.0
1187dfa3-b8bf-4910-b03c-a67efb0e50da,2025-02-12 08:44:51.874,107.229236268,109.088964985,-1.85972871700001,-1.734348561759739,107.229236268,109.088964985,-1.85972871700001,-1.734348561759739,0.0
b1be778b-da09-48c3-8c4c-158674e2e3e4,2025-01-02 01:31:58.609,75.65920870025407,67.94813841025406,7.711070290000009,10.19184633631268,75.65920870025407,67.94813841025406,7.711070290000009,10.19184633631268,0.0
9020370c-bd52-4702-8007-abed43228bbd,2025-03-11 16:56:11.315,90.7490005493164,87.73400115966797,3.0149993896484375,3.3223499668296332,90.7490005493164,87.73400115966797,3.0149993896484375,3.3223499668296332,0.0
2baedc6b-ea02-419b-a907-590df266b565,2025-01-21 14:34:58.161,99.79024,91.171992,8.618247999999994,8.636363636363631,99.79024,91.171992,8.618247999999994,8.636363636363631,0.0
554d9098-f8dc-4d0b-97af-9aebe6bd78f9,2025-05-09 22:27:55.891,106.140528,101.75800323486328,4.382524765136722,4.128983384307945,106.140528,101.75800323486328,4.382524765136722,4.128983384307945,0.0
358c078b-7228-44a4-8518-018795b80621,2025-01-02 15:38:42.508,140.61352,140.16004233,0.45347766999998385,0.32249933719032414,140.61352,140.16004233,0.45347766999998385,0.32249933719032414,0.0
5e0f1f2e-4d18-4fce-92bb-295c0e3ccc0b,2025-01-03 18:20:05.320,76.657048,73.028312,3.6287360000000035,4.733727810650891,76.657048,73.028312,3.6287360000000035,4.733727810650891,0.0
9c144621-5a91-4312-a5be-5fc51dff4a20,2025-01-03 18:43:57.519,74.84268,70.760352,4.082328000000004,5.4545454545454595,74.84268,70.760352,4.082328000000004,5.4545454545454595,0.0
239fc1ae-a4c4-4459-a99d-aac640105cfe,2025-01-03 22:44:24.619,77.564232,74.88300323486328,2.681228765136723,3.456785036093341,77.564232,74.88300323486328,2.681228765136723,3.456785036093341,0.0
1ce67835-10b1-4fcd-befc-c59a25dca6c1,2025-01-10 19:20:21.303,92.98636,93.439952,-0.45359200000000044,-0.4878048780487809,92.98636,93.439952,-0.45359200000000044,-0.4878048780487809,0.0
442690b8-3fb1-48c0-a5c8-cee65644f339,2025-02-28 20:36:16.490,81.81500244140625,74.19000244140625,7.625,9.319806603270377,81.81500244140625,74.19000244140625,7.625,9.319806603270377,0.0
90a37fa7-a239-4811-ae1e-3f5ba00822ba,2025-01-02 01:06:16.181,97.52228,93.24200439453124,4.280275605468759,4.389023313922479,97.52228,93.24200439453124,4.280275605468759,4.389023313922479,0.0
9f9ad14c-e050-418d-ad2d-89964c9fe6ac,2025-03-20 17:51:45.866,90.7184,83.91452,6.803880000000007,7.500000000000007,90.7184,83.91452,6.803880000000007,7.500000000000007,0.0
5e4a3ecb-c8a1-472f-a7b0-a66e8ee256e1,2025-01-09 23:21:18.929,117.93392,115.54800415039062,2.3859158496093755,2.0230955179047516,117.93392,115.54800415039062,2.3859158496093755,2.0230955179047516,0.0
71b58761-c3d8-45e6-a58a-621bb02928fb,2025-05-07 12:09:03.467,136.0776,122.39100646972656,13.686593530273427,10.057932775323366,136.0776,122.39100646972656,13.686593530273427,10.057932775323366,0.0
597e48de-f0c3-4a70-86ae-98319e11710b,2025-01-15 02:19:56.896,117.026736,114.486714188,2.540021812000006,2.1704628350909543,117.026736,114.486714188,2.540021812000006,2.1704628350909543,0.0
c04130d8-0a7b-4c2d-9de1-3d7abf8bb085,2025-01-01 14:50:23.408,135.170416,127.82232432898375,7.348091671016235,5.436168570359534,135.170416,127.82232432898375,7.348091671016235,5.436168570359534,0.0
1afebfc4-1947-4aa3-9be6-8aec167f4e32,2025-01-08 22:51:20.610,109.769264,108.08700561523438,1.6822583847656318,1.5325404612038136,109.769264,108.08700561523438,1.6822583847656318,1.5325404612038136,0.0
4f4768c1-d845-48a0-bdb0-a31124b4bd57,2025-02-06 15:45:16.908,127.36200714111328,119.60006285759552,7.761944283517764,6.094395383481797,127.36200714111328,119.60006285759552,7.761944283517764,6.094395383481797,0.0
937b02d6-0f1f-41fe-a5b8-084da1349f26,2025-04-01 21:25:08.374,116.119552,114.1988281836084,1.9207238163916003,1.654091652361525,116.119552,114.1988281836084,1.9207238163916003,1.654091652361525,0.0
30cbcf4c-0feb-47c1-aa30-cb938de6b688,2025-01-02 15:42:27.739,79.3786,,,,79.3786,,,,
b7302bdf-7aeb-47a1-b88d-8c8e94b82d4b,2025-03-10 08:05:53.319,117.93392,116.1999969482422,1.7339230517577988,1.4702496548557014,117.93392,116.1999969482422,1.7339230517577988,1.4702496548557014,0.0
81583184-db7e-45e2-ad9d-a5d7530e17c4,2025-01-10 21:29:22.954,98.429464,95.8490164747567,2.580447525243301,2.6216210272599887,98.429464,95.8490164747567,2.580447525243301,2.6216210272599887,0.0
50b03ec1-a84d-4f82-8e13-c7bd4b196ec4,2025-01-01 19:50:05.837,127.00576,129.5,-2.494240000000005,-1.963879433499713,127.00576,129.5,-2.494240000000005,-1.963879433499713,0.0
01ef881e-ebd6-4016-9791-17a88a536fb4,2025-01-03 18:23:51.220,102.0582,107.1999969482422,-5.141796948242202,-5.038102718098303,102.0582,107.1999969482422,-5.141796948242202,-5.038102718098303,0.0
e2d7bef7-dc26-41a4-9682-5484e26e49de,2025-06-01 17:46:29.693,78.471416,79.83219199999999,-1.360775999999987,-1.7341040462427582,78.471416,79.83219199999999,-1.360775999999987,-1.7341040462427582,0.0
0f0c6289-19d4-4343-91bf-124ed270bfdd,2025-01-14 19:46:00.626,126.098576,116.19880766041244,9.899768339587553,7.850816919286665,126.098576,116.19880766041244,9.899768339587553,7.850816919286665,0.0
2e8c24a1-e90a-4976-ac24-1a6b85e911a5,2025-03-18 19:37:19.251,122.46984,119.21100616455078,3.2588338354492237,2.660927649982415,122.46984,119.21100616455078,3.2588338354492237,2.660927649982415,0.0
d412ed6f-380d-415e-9eb4-e17a3bebf3a5,2025-03-26 00:08:11.998,76.203456,71.667536,4.535920000000004,5.952380952380958,76.203456,71.667536,4.535920000000004,5.952380952380958,0.0
5002d543-a286-4edc-b168-cf54395afb61,2025-03-02 02:31:15.321,111.1300048828125,111.15,-0.019995117187505684,-0.01799254594525637,111.1300048828125,111.15,-0.019995117187505684,-0.01799254594525637,0.0
11e49f7d-cec8-449e-a811-054f5854a5cb,2025-05-19 19:26:27.622,60.781328,62.13900375366211,-1.3576757536621074,-2.233705314339475,60.781328,62.13900375366211,-1.3576757536621074,-2.233705314339475,0.0
7d1361c8-7506-43b3-8cc1-93ca2744dbdd,2025-01-06 17:19:46.675,107.954896,,,,107.954896,,,,
97e7d447-7b71-4227-97b1-0d32b25f0a19,2025-01-15 22:33:57.734,79.06800079345703,75.61400604248047,3.4539947509765625,4.368385081594709,79.06800079345703,75.61400604248047,3.4539947509765625,4.368385081594709,0.0
7ff7af0e-f865-4dd0-89bb-76c814b25bac,2025-01-17 15:50:44.697,76.657048,75.28900146484375,1.3680465351562532,1.7846324256528285,76.657048,75.28900146484375,1.3680465351562532,1.7846324256528285,0.0
631170e7-d4cb-4925-928c-523d0a60b5c5,2025-01-14 18:25:59.469,81.64656,,,,81.64656,,,,
949be099-1c84-4a27-9802-31b703a53e37,2025-01-03 02:52:20.822,77.11064,58.513368,18.597272000000004,24.117647058823533,77.11064,58.513368,18.597272000000004,24.117647058823533,0.0
2c75d32c-7db6-4570-86a6-fe982a8f33bb,2025-01-26 18:48:48.086,94.347136,86.908298092,7.438837908000011,7.884540245079628,94.347136,86.908298092,7.438837908000011,7.884540245079628,0.0
cbf3d0f1-e01c-41fe-98d8-97c9434370b0,2025-04-22 19:26:04.552,123.830616,109.952,13.878616000000008,11.207742033682532,123.830616,109.952,13.878616000000008,11.207742033682532,0.0
11bcf7a3-6da9-4b94-9d71-42cff343ccaf,2025-01-06 23:53:03.137,170.097,169.8590087890625,0.2379912109375084,0.13991499611251723,170.097,169.8590087890625,0.2379912109375084,0.13991499611251723,0.0
5ce84a2e-9249-49c0-8e70-1908165c9412,2025-02-25 17:59:50.025,158.303608,148.9,9.403607999999991,5.940236055769487,158.303608,148.9,9.403607999999991,5.940236055769487,0.0
bb7d764a-dd62-4a78-9c00-df1301a299da,2025-01-09 22:56:29.433,88.45044,83.27955913199999,5.170880868000012,5.84607704382252,88.45044,83.27955913199999,5.170880868000012,5.84607704382252,0.0
fbedafa9-90e7-425b-8c60-674728d5838f,2025-05-14 21:06:03.924,104.32616,95.5490195530861,8.777140446913904,8.413173116803979,104.32616,95.5490195530861,8.777140446913904,8.413173116803979,0.0
86fca53d-fd1c-4d0f-834a-a3ba015dc336,2025-01-10 00:36:44.537,110.67653828,99.1989820990784,11.477556180921596,10.3703606557377,110.67653828,99.1989820990784,11.477556180921596,10.3703606557377,0.0
388002ad-b377-4656-9221-de633f3dd532,2025-01-13 17:43:18.541,92.079176,90.39300537109376,1.6861706289062397,1.8312181995484405,92.079176,90.39300537109376,1.6861706289062397,1.8312181995484405,0.0
c20325cc-0023-4ff0-91e9-162004ccf0cb,2025-01-05 20:53:17.319,72.57472,,,,72.57472,,,,
cebfae44-a4da-4165-83a3-276ae7f4f62a,2025-01-30 00:40:09.911,67.131616,66.04305184050813,1.0885641594918667,1.6215372492922957,67.131616,66.04305184050813,1.0885641594918667,1.6215372492922957,0.0
bba1082a-670f-4985-b5f1-762842fdf909,2025-02-10 19:54:54.458,81.64656,81.64600372314453,0.0005562768554625563,0.0006813230777421074,81.64656,81.64600372314453,0.0005562768554625563,0.0006813230777421074,0.0
6e501963-3eac-46c3-aad2-675decf87eb6,2025-05-08 17:33:33.082,84.821704,78.34919604397169,6.472507956028309,7.630721443686523,84.821704,78.34919604397169,6.472507956028309,7.630721443686523,0.0
1ef08f17-d701-436d-91cf-de9004e1b2a3,2025-03-18 15:18:38.727,122.016248,120.5,1.5162480000000045,1.2426607315445435,122.016248,120.5,1.5162480000000045,1.2426607315445435,0.0
76f3dafe-894b-4411-86d3-ae6424d73a03,2025-02-01 19:55:03.889,120.20188,117.100000001,3.1018799990000048,2.5805586393490723,120.20188,117.100000001,3.1018799990000048,2.5805586393490723,0.0
070a05df-27d0-4ab1-825a-c5952628a470,2025-01-02 13:46:10.774,83.91452,,,,83.91452,,,,
d4b0caa7-814e-476e-a808-b735ebe115ad,2025-01-15 00:17:23.351,74.84268,70.35600280761719,4.486677192382814,5.994810972005297,74.84268,70.35600280761719,4.486677192382814,5.994810972005297,0.0
b47f4f97-0c90-42a1-a655-a8c95311e45e,2025-05-08 20:02:04.380,103.418976,95.3990210922508,8.019954907749195,7.754819490524829,103.418976,95.3990210922508,8.019954907749195,7.754819490524829,0.0
7d864a7e-116d-4704-bb90-ff4cf465148f,2025-01-20 22:12:25.645,84.413540057,86.02000427246094,-1.6064642154609317,-1.9030883130551939,84.413540057,86.02000427246094,-1.6064642154609317,-1.9030883130551939,0.0
d12ce3ad-1c96-4b81-a58c-a156c4aa34ea,2025-01-09 18:31:58.854,81.64656,82.10021897,-0.45365897000000643,-0.5556375798319078,81.64656,82.10021897,-0.45365897000000643,-0.5556375798319078,0.0
77c8fbf5-2dca-419a-a602-93f47e3d5d84,2025-01-01 21:00:35.127,105.27400207519533,,,,105.27400207519533,,,,
a3d22b3b-516d-46e4-843a-eafefe32d961,2025-01-10 03:26:33.782,103.57400512695312,103.50200653076172,0.07199859619140625,0.06951415666812909,103.57400512695312,103.50200653076172,0.07199859619140625,0.06951415666812909,0.0
5e44d1e5-d8f6-4a18-9520-01d8254dca04,2025-01-12 03:31:21.169,117.480328,116.482520616,0.9978073839999979,0.8493399711992614,117.480328,116.482520616,0.9978073839999979,0.8493399711992614,0.0
061cab78-a8e2-4468-a88b-4eebb7328371,2025-03-27 16:30:05.478,124.7378,122.74800872802734,1.9897912719726492,1.595179065185252,124.7378,122.74800872802734,1.9897912719726492,1.595179065185252,0.0
50ccacd4-1234-4337-b406-bf827304148d,2025-05-31 02:09:51.076,113.398,101.0,12.397999999999996,10.933173424575386,113.398,101.0,12.397999999999996,10.933173424575386,0.0
d6bf9f70-0f0e-4b5c-b382-aa334aba6496,2025-03-14 20:33:36.355,81.64656,81.4491642345679,0.19739576543209125,0.24176862495136506,81.64656,81.4491642345679,0.19739576543209125,0.24176862495136506,0.0
80144463-316e-4b7e-afae-502bd2a1361e,2025-01-01 14:43:01.795,65.77083999999999,63.23100280761719,2.539837192382805,3.861646274219404,65.77083999999999,63.23100280761719,2.539837192382805,3.861646274219404,0.0
73101e90-b6de-4649-afb3-c61b5739c857,2025-01-01 14:08:34.362,90.7184,85.5491221640661,5.169277835933897,5.69815807590731,90.7184,85.5491221640661,5.169277835933897,5.69815807590731,0.0
e977cf8b-28a2-4dfb-b9e0-f7e438182c8a,2025-01-21 04:35:10.294,102.466516383,101.015020799,1.451495584,1.4165559982293048,102.466516383,101.015020799,1.451495584,1.4165559982293048,0.0
f94f568b-395a-4fae-bc79-b53d8c0dbe0b,2025-01-01 18:10:33.436,116.119552,117.3000030517578,-1.1804510517577995,-1.0165825060690894,116.119552,117.3000030517578,-1.1804510517577995,-1.0165825060690894,0.0
d5785a82-0976-492f-83a3-986e5132657c,2025-01-02 22:41:21.750,89.811216,85.72895793,4.082258069999995,4.545376682128426,89.811216,85.72895793,4.082258069999995,4.545376682128426,0.0
0e0a4b1c-b0e1-49a1-a210-671d61aefe22,2025-01-07 02:39:10.050,92.126,88.542,3.584000000000003,3.890324121312119,92.126,88.542,3.584000000000003,3.890324121312119,0.0
f25a0611-c502-4814-bcbf-909e49006892,2025-01-01 21:11:35.877,96.81700134277344,91.27200317382812,5.5449981689453125,5.727297986965798,96.81700134277344,91.27200317382812,5.5449981689453125,5.727297986965798,0.0
104795fb-8f33-47c6-99f5-abdfbb037728,2025-01-13 18:45:39.486,95.25432,95.617271596,-0.36295159599998783,-0.3810342628029761,95.25432,95.617271596,-0.36295159599998783,-0.3810342628029761,0.0
87c8e705-eced-42b4-964b-d9efd12d2d60,2025-01-03 21:59:13.230,118.84120094,117.2987963732046,1.5424045667953976,1.2978702290076316,118.84120094,117.2987963732046,1.5424045667953976,1.2978702290076316,0.0
63ce682b-389a-47a6-a78a-acfac50dec7f,2025-01-03 19:44:52.959,99.14400482177734,,,,99.14400482177734,,,,
965a945b-87fd-4a96-86f1-de12fe5e16cf,2025-01-09 18:47:28.853,95.25432,91.4280014038086,3.8263185961914132,4.01695019836519,95.25432,91.4280014038086,3.8263185961914132,4.01695019836519,0.0
30365f0c-16eb-4ed3-ad3a-0091f7b7e3f4,2025-01-08 01:14:33.447,102.0582,,,,102.0582,,,,
590919bb-9320-4746-9fa7-c392f694a5fa,2025-01-01 20:41:13.492,94.347136,91.171992,3.175144000000003,3.3653846153846185,94.347136,91.171992,3.175144000000003,3.3653846153846185,0.0
52f4dc65-8ea1-47e2-90d9-eead21d84e24,2025-01-21 06:22:44.959,63.049288,,,,63.049288,,,,
f38cf12b-4dc0-496b-b708-dfd1149b66bd,2025-01-28 01:49:49.435,102.375797909,101.3340072631836,1.0417906458164055,1.01761418918799,102.375797909,101.3340072631836,1.0417906458164055,1.01761418918799,0.0
9e699110-3f15-4663-afd1-a40a1d517dd8,2025-01-10 17:21:16.648,102.0582,,,,102.0582,,,,
0535471d-070b-445d-a4b2-6b09d6de0255,2025-01-23 00:40:45.426,108.86208,110.222856,-1.360775999999987,-1.249999999999988,108.86208,110.222856,-1.360775999999987,-1.249999999999988,0.0
9e7cd09f-f185-4f58-b49c-10836a819c07,2025-01-13 15:28:21.055,81.64656,74.570585628,7.07597437199999,8.666592165058749,81.64656,74.570585628,7.07597437199999,8.666592165058749,0.0
4ba22619-bbf7-46ed-b683-ef4130a7d3ca,2025-01-10 16:35:34.853,104.89892361081982,102.2989502896746,2.599973321145228,2.478551000953315,104.89892361081982,102.2989502896746,2.599973321145228,2.478551000953315,0.0
3a64b412-f88f-4149-9a89-f3fa55557ca2,2025-01-02 03:06:26.744,139.706336,138.19300842285156,1.5133275771484307,1.0832204325710975,139.706336,138.19300842285156,1.5133275771484307,1.0832204325710975,0.0
1401eed2-0ebf-4814-9710-244b4f309251,2025-04-15 22:43:16.717,108.86208,105.097352129,3.764727871000005,3.458254583230455,108.86208,105.097352129,3.764727871000005,3.458254583230455,0.0
0d2fc86d-38a6-4f83-8589-e37a20cca3c5,2025-02-01 20:08:16.099,82.29200744628906,70.09300231933594,12.199005126953125,14.824046107898461,82.29200744628906,70.09300231933594,12.199005126953125,14.824046107898461,0.0
527a7277-9687-4e36-b00a-7767a91ac4bc,2025-03-20 14:45:02.948,113.398,107.093158557,6.304841443000001,5.559922964249811,113.398,107.093158557,6.304841443000001,5.559922964249811,0.0
d5e9e3b7-cd74-45fe-9783-74c173fc62c0,2025-01-14 01:59:20.797,95.25432,95.41700744628906,-0.16268744628905552,-0.17079272235532783,95.25432,95.41700744628906,-0.16268744628905552,-0.17079272235532783,0.0
be575c46-3735-4454-9a48-4222d056f099,2025-04-28 17:58:26.529,116.119552,120.3,-4.180447999999998,-3.600124120354855,116.119552,120.3,-4.180447999999998,-3.600124120354855,0.0
9cd60c4e-7ca0-4a45-878e-52f39dc18e41,2025-01-20 23:21:58.266,74.84268,77.11064,-2.267960000000002,-3.030303030303033,74.84268,77.11064,-2.267960000000002,-3.030303030303033,0.0
e6a1df2d-d9ef-4bc9-9fbc-58973dfd5b33,2025-01-09 17:41:34.527,77.1107029,77.5999984741211,-0.48929557412108693,-0.6345365243987251,77.1107029,77.5999984741211,-0.48929557412108693,-0.6345365243987251,0.0
628cde5e-56a1-4168-822e-4b594469e7b3,2025-03-13 03:36:59.232,144.695848,142.6985357423154,1.997312257684598,1.3803521561203318,144.695848,142.6985357423154,1.997312257684598,1.3803521561203318,0.0
6aabfc41-b60c-41ae-920e-910315a9b15f,2025-01-14 14:16:40.652,134.716824,132.988635376577,1.7281886234229944,1.2828305864922962,134.716824,132.988635376577,1.7281886234229944,1.2828305864922962,0.0
0940e232-51ad-4ad6-a22b-ae1014de8d10,2025-04-21 15:20:13.965,94.80080533,94.78400421142578,0.01680111857422162,0.017722548364159152,94.80080533,94.78400421142578,0.01680111857422162,0.017722548364159152,0.0
ceea07fc-f6d7-4ea6-9285-34d29f66a046,2025-01-09 22:50:18.545,86.454705722,82.23629668100001,4.218409040999987,4.879328436516249,86.454705722,82.23629668100001,4.218409040999987,4.879328436516249,0.0
457f8407-f28c-4ae3-8591-e5440f8d10d2,2025-01-01 16:14:31.763,99.79024,102.96546799,-3.1752279899999962,-3.181902348365929,99.79024,102.96546799,-3.1752279899999962,-3.181902348365929,0.0
6568740f-9a6b-416d-8f11-eb0db7d5e29b,2025-02-08 04:24:28.832,82.553744,81.01160005050812,1.542143949491873,1.8680484673013413,82.553744,81.01160005050812,1.542143949491873,1.8680484673013413,0.0
b93b6cbd-fac7-49cf-a116-67c81fe70c22,2025-03-11 20:26:40.660,103.418976,102.30500793457033,1.113968065429674,1.077140877346991,103.418976,102.30500793457033,1.113968065429674,1.077140877346991,0.0
8cda775c-764a-435f-aea3-ede6b5662146,2025-05-16 00:21:24.090,78.925008,79.2090072631836,-0.28399926318358837,-0.3598343166257118,78.925008,79.2090072631836,-0.28399926318358837,-0.3598343166257118,0.0
12e462e3-ae8b-4427-80d1-fcba94bf885d,2025-01-22 06:08:08.878,75.749864,71.5492658184381,4.200598181561901,5.54535409009038,75.749864,71.5492658184381,4.200598181561901,5.54535409009038,0.0
a4bbc48f-f42c-4fe5-9f8c-5314cb8ce132,2025-02-18 01:28:01.824,77.11064,77.564232,-0.45359200000000044,-0.5882352941176475,77.11064,77.564232,-0.45359200000000044,-0.5882352941176475,0.0
6e0fd38d-afa9-429d-ac7b-f32a50b03c02,2025-01-13 21:34:48.904,114.305184,107.50139169,6.8037923099999915,5.952304236700229,114.305184,107.50139169,6.8037923099999915,5.952304236700229,0.0
c46d85ca-488e-4828-a309-5a3e9da0a9cc,2025-01-01 21:27:47.217,105.686936,103.77800750732422,1.9089284926757841,1.8062104598015636,105.686936,103.77800750732422,1.9089284926757841,1.8062104598015636,0.0
57bfa0ac-9fdf-4d9f-be4d-00de1487cb2a,2025-02-06 02:52:50.412,117.026736,116.98,0.04673599999999567,0.03993617321771298,117.026736,116.98,0.04673599999999567,0.03993617321771298,0.0
e8b6ab71-75ec-48b9-a4dd-4e6b495c81bb,2025-01-09 23:07:31.569,108.86208,122.787454559,-13.92537455899999,-12.791758672073867,108.86208,122.787454559,-13.92537455899999,-12.791758672073867,0.0
3ff6e0a1-c7dc-454b-a369-c5cf613bc153,2025-01-30 03:18:04.436,147.4174,142.1090087890625,5.3083912109374864,3.600925814006682,147.4174,142.1090087890625,5.3083912109374864,3.600925814006682,0.0
eaf1d8ee-3c03-4112-b246-f755db17c371,2025-02-20 11:01:03.961,115.66596,111.75,3.9159599999999983,3.3855768801815143,115.66596,111.75,3.9159599999999983,3.3855768801815143,0.0
45792d03-e968-4f60-9190-64bd31095d05,2025-04-15 14:31:37.144,87.543256,79.106509328,8.436746671999998,9.637231989634927,87.543256,79.106509328,8.436746671999998,9.637231989634927,0.0
36291f71-45da-48bb-8e2b-ff732b092b04,2025-05-29 17:43:33.886,144.242256,126.3,17.942256,12.438973500248084,144.242256,126.3,17.942256,12.438973500248084,0.0
aef20156-0e5e-4cd2-af68-df1af8f55c75,2025-01-01 18:48:43.663,108.408488,103.59700775146484,4.811480248535162,4.438287386256288,108.408488,103.59700775146484,4.811480248535162,4.438287386256288,0.0
837e231f-ca4b-4c22-81d2-1a9741d426e3,2025-01-14 23:02:40.777,81.419830415,77.01998442600001,4.399845988999999,5.403899721448466,81.419830415,77.01998442600001,4.399845988999999,5.403899721448466,0.0
b0b8974e-783f-4798-b7a4-3eb42813de6e,2025-01-01 20:46:09.766,106.140528,102.85400390625,3.2865240937500033,3.0963894335912885,106.140528,102.85400390625,3.2865240937500033,3.0963894335912885,0.0
acf08597-50c9-4695-9b64-a11d4705fb09,2025-03-19 23:34:40.346,106.140528,102.35,3.790528000000009,3.571235296662562,106.140528,102.35,3.790528000000009,3.571235296662562,0.0
0bb3accc-e4ed-47ef-8d28-adf7faee99e7,2025-05-01 18:43:13.765,97.52228,99.8989749173098,-2.3766949173098055,-2.437078908850168,97.52228,99.8989749173098,-2.3766949173098055,-2.437078908850168,0.0
45008c26-7284-4582-9528-7b3ea601ddc2,2025-01-09 01:33:10.482,48.62510067974594,49.62300597012703,-0.997905290381091,-2.052243134576693,48.62510067974594,49.62300597012703,-0.997905290381091,-2.052243134576693,0.0
13bf705a-6b7d-4d94-aa74-94436d38925f,2025-05-29 18:49:29.574,,87.40724969899999,,,,87.40724969899999,,,
1e34b93a-445d-4b9f-bf72-be19efadaf81,2025-02-05 22:27:00.964,74.84268,74.25100708007812,0.5916729199218764,0.7905554957704299,74.84268,74.25100708007812,0.5916729199218764,0.7905554957704299,0.0
ce3c0a45-3240-4540-a642-db4c12f900bd,2025-06-04 23:27:48.291,103.71300506591795,95.25432,8.458685065917948,8.155857657910667,103.71300506591795,95.25432,8.458685065917948,8.155857657910667,0.0
851596fe-aefc-4101-a1ad-1cd7b06701e7,2025-03-11 00:31:13.187,99.79000854492188,106.8010025024414,-7.010993957519531,-7.0257474267711215,99.79000854492188,106.8010025024414,-7.010993957519531,-7.0257474267711215,0.0
65d5eb80-f07f-43a6-ada0-04182eae744c,2025-01-01 21:02:35.374,117.01500701904295,115.04600524902344,1.969001770019517,1.682691665094788,117.01500701904295,115.04600524902344,1.969001770019517,1.682691665094788,0.0
50b91e32-0e7a-47a2-b880-6678e0a89ead,2025-05-13 21:20:35.116,106.59412,102.26600646972656,4.328113530273441,4.06036799241219,106.59412,102.26600646972656,4.328113530273441,4.06036799241219,0.0
d4e195a6-405a-418f-8caa-a8118c703e73,2025-01-10 16:43:21.883,115.66596,107.7988938546356,7.867066145364404,6.8015396624593825,115.66596,107.7988938546356,7.867066145364404,6.8015396624593825,0.0
87631807-2b41-4ad8-b954-10ae88fd30e3,2025-01-13 21:05:30.994,69.39963261,69.671788032,-0.2721554219999973,-0.3921568627450942,69.39963261,69.671788032,-0.2721554219999973,-0.3921568627450942,0.0
67898e0a-c708-45ff-9138-2ce8f14a4115,2025-01-16 06:16:43.622,108.86208,111.5988548624632,-2.736774862463193,-2.513983622638106,108.86208,111.5988548624632,-2.736774862463193,-2.513983622638106,0.0
5de99cc1-dc1b-4408-9c20-e18082934ac8,2025-01-08 01:32:20.383,115.66596,,,,115.66596,,,,
dc8a9a38-a7ec-4cb6-9f42-01525c28c49d,2025-02-13 20:09:15.636,238.1358,217.72416,20.411639999999977,8.571428571428562,238.1358,217.72416,20.411639999999977,8.571428571428562,0.0
3ad022e2-8462-4dc9-ab0c-58155343a905,2025-01-03 03:04:18.886,98.429464,95.98014831542967,2.4493156845703226,2.488396852969069,98.429464,95.98014831542967,2.4493156845703226,2.488396852969069,0.0
8842909a-a213-4ae1-a224-c419d4f05db8,2025-01-20 12:59:12.281,112.037224,113.4000015258789,-1.3627775258789114,-1.2163613817126633,112.037224,113.4000015258789,-1.3627775258789114,-1.2163613817126633,0.0
c2acd135-cde0-46b3-b5e1-b897266e6b65,2025-02-19 17:10:08.840,85.728888,80.9010009765625,4.827887023437498,5.631575465480782,85.728888,80.9010009765625,4.827887023437498,5.631575465480782,0.0
1a360f92-f8ab-47aa-be55-92e96e206d22,2025-01-14 05:54:13.771,92.98636,92.76500701904295,0.22135298095705025,0.23804887185287202,92.98636,92.76500701904295,0.22135298095705025,0.23804887185287202,0.0
9c092601-dd28-4f41-95fd-ea397067fad3,2025-01-16 01:27:52.359,145.14944,141.08399963378906,4.065440366210936,2.8008653469217215,145.14944,141.08399963378906,4.065440366210936,2.8008653469217215,0.0
2ecf356d-4101-44a4-92f0-487832aea64e,2025-05-28 00:01:03.180,105.59100341796876,,,,105.59100341796876,,,,
a74729b3-e9b6-4244-a246-62970c73632d,2025-01-27 23:10:08.686,115.66596,111.03500366210938,4.630956337890623,4.003733110320982,115.66596,111.03500366210938,4.630956337890623,4.003733110320982,0.0
6a3926a7-17b8-4b0c-8ebe-c5d0cf46fb9b,2025-01-08 02:08:59.827,275.33056859000004,262.62998223,12.700586360000045,4.612850082372338,275.33056859000004,262.62998223,12.700586360000045,4.612850082372338,0.0
faec4ec3-8033-4fa6-8fa5-689adce3b790,2025-01-13 18:19:56.184,88.40300750732422,88.20100402832031,0.20200347900390625,0.22850294882464287,88.40300750732422,88.20100402832031,0.20200347900390625,0.22850294882464287,0.0
7dc26c3c-726a-45ce-8f4b-71ef07b8e1cd,2025-01-19 04:05:00.526,78.017824,74.752022576,3.265801424000003,4.185968355128698,78.017824,74.752022576,3.265801424000003,4.185968355128698,0.0
94e241dc-3f93-4a40-9b4b-71fbbd541266,2025-01-29 03:58:43.070,120.20188,110.85797522800002,9.343904771999988,7.773509675555814,120.20188,110.85797522800002,9.343904771999988,7.773509675555814,0.0
db15bebe-2a2d-4273-96b9-8d5893844cf1,2025-04-24 02:40:54.547,108.86208,102.965384,5.896696000000006,5.416666666666671,108.86208,102.965384,5.896696000000006,5.416666666666671,0.0
50f14912-0257-4794-926c-90fab28eb6ef,2025-01-09 22:24:45.660,113.398,104.327,9.070999999999998,7.999259246194816,113.398,104.327,9.070999999999998,7.999259246194816,0.0
b7cfd525-59dc-41de-8c85-42f894e53e9d,2025-02-13 10:49:56.278,76.657048,71.44,5.2170480000000055,6.805699066314171,76.657048,71.44,5.2170480000000055,6.805699066314171,0.0
2232d1b9-ad23-403b-9a84-161af309cab2,2025-01-10 19:38:25.759,68.492392,61.40400314331055,7.088388856689448,10.349162366368295,68.492392,61.40400314331055,7.088388856689448,10.349162366368295,0.0
982be346-8b06-4b98-a26c-2aa5a3da9429,2025-01-02 15:36:54.590,68.0493017332811,61.79936586514359,6.249935868137506,9.184423218086938,68.0493017332811,61.79936586514359,6.249935868137506,9.184423218086938,0.0
0fb9ae4c-3ff9-4fda-95e2-a004122f1850,2025-01-22 22:27:41.305,72.30262377800001,70.17073963899999,2.1318841390000216,2.9485570890840944,72.30262377800001,70.17073963899999,2.1318841390000216,2.9485570890840944,0.0
eb18e7a0-c113-4b1b-bf9c-8469412a8167,2025-01-08 20:19:07.832,134.71693389,136.6540069580078,-1.9370730680078054,-1.4378838740417577,134.71693389,136.6540069580078,-1.9370730680078054,-1.4378838740417577,0.0
af4ecb91-998b-4a94-8594-dd5e0f48ef25,2025-01-09 23:00:40.561,124.7378,,,,124.7378,,,,
5fc0a3af-a44d-406a-92fa-f159019e73b6,2025-01-23 04:59:27.872,93.893544,92.73900604248048,1.1545379575195227,1.2296244324524832,93.893544,92.73900604248048,1.1545379575195227,1.2296244324524832,0.0
7ec1d81c-2db3-41db-ae4e-a7da5bb53508,2025-05-20 16:32:05.531,87.08973504,83.5062872,3.583447839999991,4.114661548062038,87.08973504,83.5062872,3.583447839999991,4.114661548062038,0.0
ea1fbfbd-e787-4db6-98ff-4df6721af533,2025-03-13 07:00:36.221,85.03800201416016,83.85900115966797,1.1790008544921875,1.386439975736807,85.03800201416016,83.85900115966797,1.1790008544921875,1.386439975736807,0.0
7010793c-9743-4bea-89af-de1819ad3df0,2025-01-06 16:58:56.890,118.841104,113.76700592041016,5.074098079589845,4.269649059798237,118.841104,113.76700592041016,5.074098079589845,4.269649059798237,0.0
c7167d61-e6ee-4fdc-94da-3828ee411d18,2025-01-06 16:19:08.638,119.748288,123.48800659179688,-3.7397185917968727,-3.1229829288222244,119.748288,123.48800659179688,-3.7397185917968727,-3.1229829288222244,0.0
ddb0a5dc-e837-485a-8dde-5d3a09f5b56e,2025-01-01 19:10:41.897,98.429464,100.69750614,-2.2680421400000057,-2.3042309160598555,98.429464,100.69750614,-2.2680421400000057,-2.3042309160598555,0.0
762b21e0-e726-4abb-8b82-3151f405ac25,2025-01-09 14:45:55.489,112.32600402832033,,,,112.32600402832033,,,,
69ec3ac7-3955-4062-9a35-196ae875902e,2025-01-14 20:52:03.594,87.90620269025406,87.86084068474594,0.045362005508124525,0.051602735779592145,87.90620269025406,87.86084068474594,0.045362005508124525,0.051602735779592145,0.0
f27acbcd-94a7-48e5-92dc-7e74cc3d6e57,2025-01-21 19:05:59.955,111.13004,99.699602926,11.430437073999997,10.285641104781387,111.13004,99.699602926,11.430437073999997,10.285641104781387,0.0
eff532bc-1b5c-4aa4-8bf9-4fc50efff4cf,2025-01-03 20:29:52.967,102.511792,98.4850082397461,4.026783760253906,3.928117616219123,102.511792,98.4850082397461,4.026783760253906,3.928117616219123,0.0
e4ffd863-b7f2-4bde-bc48-d239c6d4f36c,2025-01-01 18:46:55.087,163.746712,149.45868591500002,14.288026084999984,8.7256873194498,163.746712,149.45868591500002,14.288026084999984,8.7256873194498,0.0
91018d9f-1286-4a23-9ad3-2a1fa5845ae3,2025-02-25 18:51:33.184,98.429464,97.068688,1.3607760000000013,1.3824884792626744,98.429464,97.068688,1.3607760000000013,1.3824884792626744,0.0
6c7c70a4-457d-46a4-8de9-07751bba8a81,2025-06-03 05:32:20.123,98.429464,93.0990446927762,5.330419307223792,5.415471232499846,98.429464,93.0990446927762,5.330419307223792,5.415471232499846,0.0
c6466ab4-2a7f-4b08-b155-d7679f4929d0,2025-01-09 17:44:19.390,98.429464,91.625584,6.803879999999992,6.912442396313356,98.429464,91.625584,6.803879999999992,6.912442396313356,0.0
151263e9-362d-4156-a5b9-64c1ecdc2d86,2025-03-20 00:51:23.437,92.98636,95.25432,-2.267960000000002,-2.4390243902439046,92.98636,95.25432,-2.267960000000002,-2.4390243902439046,0.0
6d55895b-31cb-4f52-b05c-aa05d9e78a8c,2025-01-13 21:54:40.670,97.52228,99.3989800478588,-1.8767000478588045,-1.9243808162184115,97.52228,99.3989800478588,-1.8767000478588045,-1.9243808162184115,0.0
d94622a9-1090-4bad-b7f3-8b824abdcb98,2025-02-21 20:54:28.843,127.912944,121.47300720214844,6.4399367978515585,5.034624797511937,127.912944,121.47300720214844,6.4399367978515585,5.034624797511937,0.0
5565b37e-fafb-427c-a34c-5f4b777e2407,2025-01-11 21:54:43.944,119.748288,113.398,6.350288000000006,5.303030303030308,119.748288,113.398,6.350288000000006,5.303030303030308,0.0
d55a80c8-eb02-4ccd-b489-2af0250f7d91,2025-02-18 15:38:36.672,127.459352,132.087,-4.6276479999999935,-3.630685334097724,127.459352,132.087,-4.6276479999999935,-3.630685334097724,0.0
fbb9025f-f259-44a8-9cd5-58157af96a90,2025-01-01 23:34:35.407,140.61352,143.7,-3.0864799999999946,-2.195009413035101,140.61352,143.7,-3.0864799999999946,-2.195009413035101,0.0
c29d25d5-fdd7-4607-ac1a-5e78eef1289b,2025-05-20 18:50:35.520,118.387512,,,,118.387512,,,,
838abc8c-dadf-4b8d-91bb-47c687913e5a,2025-05-23 21:06:40.117,113.83900451660156,106.90100860595705,6.937995910644517,6.094568324894938,113.83900451660156,106.90100860595705,6.937995910644517,6.094568324894938,0.0
c395c0f5-6520-493f-848f-2afc957ba150,2025-02-16 17:29:20.229,118.387512,112.2988476796946,6.088664320305398,5.14299542024787,118.387512,112.2988476796946,6.088664320305398,5.14299542024787,0.0
952fe760-485f-47c2-a4a3-ba7991bb2068,2025-01-03 00:25:22.037,109.769264,103.691215782,6.078048218000006,5.537113028288142,109.769264,103.691215782,6.078048218000006,5.537113028288142,0.0
76dcffd9-bd19-44e1-973e-e617aae58f11,2025-02-18 15:07:45.813,138.799152,131.69864861439336,7.100503385606629,5.1156676991849555,138.799152,131.69864861439336,7.100503385606629,5.1156676991849555,0.0
4f13646d-ec07-44db-8353-712edca7b782,2025-01-05 05:51:56.245,138.34556,136.8280029296875,1.517557070312506,1.096932254502787,138.34556,136.8280029296875,1.517557070312506,1.096932254502787,0.0
1a264d86-6198-4a6b-a1f7-c0bf72837789,2025-02-11 22:11:44.401,111.13004,108.3177696,2.8122703999999885,2.530612244897949,111.13004,108.3177696,2.8122703999999885,2.530612244897949,0.0
3809f5cb-ed1f-4d99-9f09-02a195aee2d6,2025-01-29 20:21:54.458,88.45044,85.71500396728516,2.735436032714844,3.092620039781423,88.45044,85.71500396728516,2.735436032714844,3.092620039781423,0.0
e3ce8685-db37-4dbc-a656-aa9c444ae32b,2025-02-16 23:49:14.979,62.777184008000006,,,,62.777184008000006,,,,
e62a8311-1140-474e-b7fc-3efb90e32aab,2025-01-01 23:10:18.710,111.13004,,,,111.13004,,,,
694b9b28-428b-4553-a3fb-53e8dcb5997e,2025-02-28 15:27:29.268,82.553744,81.5840072631836,0.9697367368164009,1.1746732368872344,82.553744,81.5840072631836,0.9697367368164009,1.1746732368872344,0.0
8ca5d9b2-69f6-4f51-87d5-caaad99301b1,2025-02-10 20:34:57.411,93.39466857910156,90.5823974609375,2.8122711181640625,3.0111687968378846,93.39466857910156,90.5823974609375,2.8122711181640625,3.0111687968378846,0.0
56e9218d-b9b8-430c-973b-61a3deeb588c,2025-01-02 20:00:19.230,90.25800323486328,,,,90.25800323486328,,,,
6218f82a-062c-42ed-9431-6a1531548cbd,2025-01-02 16:00:15.080,81.64656,81.192968,0.45359200000000044,0.5555555555555561,81.64656,81.192968,0.45359200000000044,0.5555555555555561,0.0
ca397362-d078-4af7-82da-40772eea9aae,2025-01-06 20:00:50.711,78.925008,70.89643096923828,8.028577030761724,10.172412058243598,78.925008,70.89643096923828,8.028577030761724,10.172412058243598,0.0
4e59fc91-e6ab-481a-813e-d4e8ede7f385,2025-01-09 20:31:27.256,93.439952,85.68353271484375,7.756419285156255,8.300966684097027,93.439952,85.68353271484375,7.756419285156255,8.300966684097027,0.0
7ca4b572-cca2-4695-a4a3-cddac081eddf,2025-03-20 17:27:57.866,106.59412,95.04000000000106,11.554119999998946,10.839359619460197,106.59412,95.04000000000106,11.554119999998946,10.839359619460197,0.0
1537145e-eba5-4f53-92ff-6d76d4e240d5,2025-01-02 16:14:14.714,111.13004,107.98300170898438,3.147038291015619,2.831852027602635,111.13004,107.98300170898438,3.147038291015619,2.831852027602635,0.0
1d3975e0-fe04-413d-bb72-fe46ce0410cd,2025-01-14 12:02:38.030,89.357624,,,,89.357624,,,,
cbadea01-579c-48d4-a6d8-27d9d42a43ca,2025-01-01 10:19:55.094,111.583632,88.542,23.041631999999993,20.64965227158047,111.583632,85.185,26.398631999999992,23.658158035221504,3.0085057636410326
41fe5e92-58d8-4731-b188-cffd8ed96456,2025-01-09 23:24:51.066,87.089664,76.84800720214844,10.241656797851562,11.759899312335802,87.089664,76.84800720214844,10.241656797851562,11.759899312335802,0.0
c8dcf14f-0fc4-4f01-bd52-935e36ad0df3,2025-01-09 17:32:40.445,86.636072,86.18248,0.45359200000000044,0.5235602094240843,86.636072,86.18248,0.45359200000000044,0.5235602094240843,0.0
49b66e0d-ab03-45e3-a1e2-d454c1d2feb6,2025-01-28 19:42:41.121,69.671788032,68.129573974,1.542214057999999,2.213541666666665,69.671788032,68.129573974,1.542214057999999,2.213541666666665,0.0
e5627952-67e2-4d44-97c0-824677277be9,2025-01-08 04:21:02.201,102.874749516,98.384185053,4.490564462999998,4.365079365079364,102.874749516,98.384185053,4.490564462999998,4.365079365079364,0.0
0f61e084-ce67-4f51-9111-057385708a20,2025-02-27 22:34:14.018,87.543256,83.18900299072266,4.354253009277343,4.973830319125145,87.543256,83.18900299072266,4.354253009277343,4.973830319125145,0.0
a594245b-7fdf-4a21-8448-d923e8288296,2025-04-13 03:25:52.030,73.890197073,74.15900421142578,-0.2688071384257853,-0.36379269385385,73.890197073,74.15900421142578,-0.2688071384257853,-0.36379269385385,0.0
cbc5c263-6e4b-47be-a778-d8f939c095f3,2025-04-25 07:12:57.126,95.25432,92.66100311279295,2.5933168872070524,2.722518923243641,95.25432,92.66100311279295,2.5933168872070524,2.722518923243641,0.0
d3f6d8e5-2a83-436c-9a1f-15a0271e1b83,2025-02-13 18:44:37.680,116.119552,108.72200775146484,7.397544248535155,6.370627617074474,116.119552,108.72200775146484,7.397544248535155,6.370627617074474,0.0
1e2510ac-e4c9-4649-98ee-59fc9e8f8a78,2025-01-21 16:14:35.416,78.925008,,,,78.925008,,,,
0358ec81-b2b6-44dc-9935-cc6c94b83d71,2025-01-01 20:38:00.287,126.46900939941406,120.746288894,5.72272050541406,4.5249982842362435,126.46900939941406,120.746288894,5.72272050541406,4.5249982842362435,0.0
9b324d05-0969-4959-b662-e7bd15bf25c8,2025-01-13 19:30:21.439,91.625584,84.413540057,7.212043942999998,7.871211978305095,91.625584,84.413540057,7.212043942999998,7.871211978305095,0.0
5c58be3c-073c-4981-ba44-a8de49b1c171,2025-02-21 16:20:22.253,113.443451737,111.0250015258789,2.4184502111210975,2.1318552759906115,113.443451737,111.0250015258789,2.4184502111210975,2.1318552759906115,0.0
bd8aae91-5b77-49c5-ab68-acac966e690a,2025-01-13 21:38:23.059,67.88400268554688,,,,67.88400268554688,,,,
80b71573-600d-45af-a77f-b7407c53e489,2025-05-28 04:45:40.474,99.79000854492188,97.3530044555664,2.4370040893554688,2.4421323586302903,99.79000854492188,97.3530044555664,2.4370040893554688,2.4421323586302903,0.0
9f728516-9db8-4f71-b5f0-705a7d2f4ed5,2025-01-17 21:26:10.205,87.089664,88.20700073242188,-1.117336732421876,-1.282972836388341,87.089664,88.20700073242188,-1.117336732421876,-1.282972836388341,0.0
67a7daf4-b138-44a6-a45a-afc81ad2d185,2025-01-07 19:41:42.038,87.996848,87.089664,0.9071840000000009,1.0309278350515474,87.996848,87.089664,0.9071840000000009,1.0309278350515474,0.0
6f72c4e8-4ed0-45a3-aea6-7f83ce048cb3,2025-01-24 01:16:14.183,106.59412,,,,106.59412,,,,
5e38970b-202a-41d8-b362-bc36da16c1e3,2025-01-24 23:44:36.161,99.336648,96.56500244140624,2.771645558593761,2.7901541016300055,99.336648,96.56500244140624,2.771645558593761,2.7901541016300055,0.0
212d5760-b947-4755-b1d8-bce58d87890c,2025-01-01 18:07:27.723,88.45044,86.227909537,2.2225304629999982,2.512740991452387,88.45044,86.227909537,2.2225304629999982,2.512740991452387,0.0
33a8565e-aa90-4bd5-937c-7a8d0cd92ebd,2025-04-01 13:17:20.666,112.490816,111.447645309,1.0431706910000003,0.9273385402413655,112.490816,111.447645309,1.0431706910000003,0.9273385402413655,0.0
ac8c6118-5860-4b91-88fa-21d01a5ef117,2025-01-02 22:43:10.385,82.100152,77.745732218,4.354419781999994,5.303790158634534,82.100152,77.745732218,4.354419781999994,5.303790158634534,0.0
806496bb-ac92-428a-8082-bd385b3d9d33,2025-01-21 18:28:16.443,104.59840329050812,96.615096,7.983307290508122,7.6323414501228575,104.59840329050812,96.615096,7.983307290508122,7.6323414501228575,0.0
8b29d45e-9c69-40cc-84b4-3a04d8c88719,2025-02-24 02:28:33.818,84.00531005859375,83.2795639038086,0.7257461547851562,0.8639289043501511,84.00531005859375,83.2795639038086,0.7257461547851562,0.8639289043501511,0.0
24bcf401-d6c9-4c0e-88ae-98a4a16ebbe6,2025-01-06 17:55:33.274,94.483290671,90.491677815,3.9916128560000033,4.224675948151708,94.483290671,90.491677815,3.9916128560000033,4.224675948151708,0.0
9e456b39-d5e5-4ddb-9790-34616fa10f88,2025-01-22 18:04:14.997,97.52228,92.50100708007812,5.02127291992187,5.148846930077794,97.52228,92.50100708007812,5.02127291992187,5.148846930077794,0.0
475dffa2-71a4-467e-83af-93130621357c,2025-01-02 19:48:47.899,146.056624,144.19701442299998,1.8596095770000147,1.2732113930005768,146.056624,144.19701442299998,1.8596095770000147,1.2732113930005768,0.0
dc1be963-767f-404e-8282-5736126be82f,2025-01-15 15:15:10.463,64.410064,,,,64.410064,,,,
2d0d409f-ba7c-4419-bdd9-169da512c7f8,2025-01-01 21:03:37.867,125.644984,127.91304834,-2.2680643400000093,-1.8051371951306943,125.644984,127.91304834,-2.2680643400000093,-1.8051371951306943,0.0
648582a0-51e3-440f-be37-f4e8384cebd2,2025-01-03 14:28:24.654,69.853168,75.9000015258789,-6.04683352587891,-8.656491464895206,69.853168,75.9000015258789,-6.04683352587891,-8.656491464895206,0.0
ea00ab86-1ce1-4478-93f1-36b4e185fc0b,2025-03-22 23:06:59.172,83.91452,78.48200225830078,5.432517741699215,6.47387096023336,83.91452,78.48200225830078,5.432517741699215,6.47387096023336,0.0
e4f51f72-c6fe-4995-b48f-8b633fd5b23e,2025-01-02 17:28:42.216,83.91452,82.281655918,1.6328640819999976,1.945865962171979,83.91452,82.281655918,1.6328640819999976,1.945865962171979,0.0
e23897a9-29b4-483a-9622-bc1c7e78929b,2025-01-03 18:24:06.755,110.49886614967102,109.1988794890984,1.299986660572614,1.1764705882246598,110.49886614967102,109.1988794890984,1.299986660572614,1.1764705882246598,0.0
0b077271-e6eb-47a9-bf64-31ac0ca47373,2025-01-03 02:55:22.958,74.79919618247999,76.74782761974595,-1.9486314372659592,-2.6051502378609546,74.79919618247999,76.74782761974595,-1.9486314372659592,-2.6051502378609546,0.0
e30d2d4c-502f-4536-a653-9517f6a8033e,2025-01-10 00:34:39.951,61.779280794,,,,61.779280794,,,,
6cce55f1-0078-4e58-8678-eb663f38019b,2025-01-02 02:29:21.568,113.851592,112.54800415039062,1.3035878496093716,1.1449886880891147,113.851592,112.54800415039062,1.3035878496093716,1.1449886880891147,0.0
a2fd4827-cb5a-4909-b8ce-fc4746ea24f8,2025-03-26 15:20:18.069,92.98600769042967,91.67300415039062,1.3130035400390483,1.412044212512401,92.98600769042967,91.67300415039062,1.3130035400390483,1.412044212512401,0.0
65635e98-bd71-4fbc-b901-e5ccb5b0bf4d,2025-04-02 21:08:23.697,70.30676,64.98391088805,5.322849111949992,7.570892346553862,70.30676,64.98391088805,5.322849111949992,7.570892346553862,0.0
034ed67a-d5c4-42fb-8dcd-39be5c82c37e,2025-01-27 18:54:49.880,88.858745283,89.72057078600001,-0.8618255030000057,-0.9698825931597818,88.858745283,89.72057078600001,-0.8618255030000057,-0.9698825931597818,0.0
859feb23-0faa-4d77-8f72-d00c784c73bc,2025-01-17 20:01:46.058,75.749864,,,,75.749864,,,,
0ccd252c-5ebb-40de-9d8f-9925537d7d01,2025-01-14 22:01:25.446,111.13004,108.227139482,2.9029005179999956,2.612165457692624,111.13004,108.227139482,2.9029005179999956,2.612165457692624,0.0
cdf17f54-1b12-4630-8cdd-311da5e7adc1,2025-01-03 08:29:55.475,121.109064,113.50800323486328,7.601060765136722,6.276211304165245,121.109064,113.50800323486328,7.601060765136722,6.276211304165245,0.0
b2844402-717d-46b5-9d48-f349a1a6ece7,2025-04-28 20:39:34.319,131.54168,127.5780029296875,3.9636770703125137,3.0132480217011928,131.54168,127.5780029296875,3.9636770703125137,3.0132480217011928,0.0
938fa6f3-5a36-4670-8774-6927c18bf2b1,2025-01-19 15:11:53.224,95.25432,99.109932845,-3.855612844999996,-4.047703920410115,95.25432,99.109932845,-3.855612844999996,-4.047703920410115,0.0
0da3ab86-f605-45f1-81d7-050ec960b943,2025-01-23 00:11:22.463,119.24200439453124,111.3000030517578,7.9420013427734375,6.66040577152331,119.24200439453124,111.3000030517578,7.9420013427734375,6.66040577152331,0.0
27df69f9-4c83-482d-9cdf-39c7b49a9125,2025-02-05 21:42:33.775,74.84268,64.33200073242188,10.510679267578126,14.043697082437623,74.84268,64.33200073242188,10.510679267578126,14.043697082437623,0.0
fd7ee06f-cf34-493c-a909-51af56ba4274,2025-01-03 05:13:19.871,118.841104,119.3520050048828,-0.5109010048827969,-0.4299026075042157,118.841104,119.3520050048828,-0.5109010048827969,-0.4299026075042157,0.0
d7823b84-91dc-4c0d-8ea8-7acaef8c7010,2025-01-22 22:25:47.975,139.706336,135.07980224898375,4.62653375101624,3.3116134052905375,139.706336,135.07980224898375,4.62653375101624,3.3116134052905375,0.0
cbfe49a7-4c37-40a4-9619-c6ad4032ee8f,2025-02-02 23:42:27.875,98.429464,82.89700317382812,15.53246082617187,15.78029605664811,98.429464,82.89700317382812,15.53246082617187,15.78029605664811,0.0
81cd8981-b0bd-4ee5-830b-5df620dccb13,2025-02-24 20:30:40.968,99.79024,100.6989667084314,-0.9087267084314021,-0.9106368603095876,99.79024,100.6989667084314,-0.9087267084314021,-0.9106368603095876,0.0
e4f412cf-a4d5-41a6-a2d8-f20645cadc76,2025-01-01 20:56:24.110,85.72895793,81.63300323486328,4.095954695136726,4.777795967706948,85.72895793,81.63300323486328,4.095954695136726,4.777795967706948,0.0
69df779f-f02e-4076-9606-d528f70ca0f8,2025-01-01 15:21:55.384,82.100152,74.47986715399999,7.620284846000004,9.281693955938113,82.100152,74.47986715399999,7.620284846000004,9.281693955938113,0.0
df605bec-e119-4628-853a-a7ead61d1e3a,2025-04-30 18:02:01.156,127.459352,124.6290054321289,2.8303465678710893,2.2205876018191977,127.459352,124.6290054321289,2.8303465678710893,2.2205876018191977,0.0
395dba01-c4ec-4a1c-abb3-6095179efb95,2025-01-10 00:47:43.956,89.35769689,86.409346485,2.9483504049999993,3.2994923857868015,89.35769689,86.409346485,2.9483504049999993,3.2994923857868015,0.0
568f80e5-bf2c-4558-b642-4ec9ccbaca1e,2025-01-02 17:02:27.419,119.294696,120.56484640898375,-1.2701504089837528,-1.064716581350568,119.294696,120.56484640898375,-1.2701504089837528,-1.064716581350568,0.0
5e875277-6a02-431d-9a9d-8c27696a138c,2025-02-19 11:34:19.277,97.068688,92.07925111,4.989436889999993,5.1401095376914885,97.068688,92.07925111,4.989436889999993,5.1401095376914885,0.0
75f1f7f3-d8d5-4d19-893d-90d8c54350cc,2025-01-08 17:34:48.233,69.00700378417969,69.5260009765625,-0.5189971923828125,-0.7520935034449301,69.00700378417969,69.5260009765625,-0.5189971923828125,-0.7520935034449301,0.0
9204290e-5383-46e9-9e06-79316e55e9ea,2025-01-03 18:03:37.702,85.275296,84.55,0.7252960000000002,0.8505347199263902,85.275296,84.55,0.7252960000000002,0.8505347199263902,0.0
75c1fe4c-7543-4737-a70b-1ca5390068b9,2025-01-06 14:49:07.297,140.61352,134.87001037597656,5.743509624023432,4.084606959575034,140.61352,134.87001037597656,5.743509624023432,4.084606959575034,0.0
d7bedbe2-7f37-42fb-a965-e748610f853e,2025-04-25 15:19:36.452,79.3786,79.25,0.12860000000000582,0.16200840024894092,79.3786,79.25,0.12860000000000582,0.16200840024894092,0.0
510e3af4-4b7f-4192-bb99-9d628b75d00a,2025-01-03 18:42:29.925,114.305184,114.59882407816922,-0.29364007816921855,-0.25689130439544944,114.305184,114.59882407816922,-0.29364007816921855,-0.25689130439544944,0.0
ad2a541a-064a-43f1-9e12-fd275e09b5c1,2025-01-16 18:02:14.714,59.420552,57.12200164794922,2.298550352050782,3.8682749901932616,59.420552,57.12200164794922,2.298550352050782,3.8682749901932616,0.0
2c9c01cf-ceb2-465d-bc69-0c56a96232bf,2025-01-01 19:40:56.560,104.32616,97.78500366210938,6.541156337890627,6.269909999458072,104.32616,97.78500366210938,6.541156337890627,6.269909999458072,0.0
74efea12-43b5-4a1d-b6b8-18055b49c56c,2025-02-28 17:37:20.487,107.501304,108.1050033569336,-0.6036993569335891,-0.5615739851244866,107.501304,108.1050033569336,-0.6036993569335891,-0.5615739851244866,0.0
7cd2c1e5-49c2-42ff-a502-3e9a85d4310f,2025-02-10 01:05:49.050,140.61352,,,,140.61352,,,,
f96d914c-e128-42d6-ad88-ba781351e7fb,2025-01-31 21:38:36.375,95.25432,91.7990580322036,3.455261967796403,3.6274071011124773,95.25432,91.7990580322036,3.455261967796403,3.6274071011124773,0.0
dd2ce71b-bd31-4081-8f6f-3c5b5e6e29b4,2025-06-03 22:19:01.839,89.357624,86.76200103759766,2.595622962402345,2.904758258122827,89.357624,86.76200103759766,2.595622962402345,2.904758258122827,0.0
b7f74d94-446b-464c-8040-575d49ced31d,2025-01-07 16:40:32.191,90.7184,87.69301372265244,3.0253862773475646,3.3349202337646657,90.7184,87.69301372265244,3.0253862773475646,3.3349202337646657,0.0
cfc18a75-4d17-4480-bd9f-b43124a61462,2025-06-04 22:52:47.833,79.3786,79.05,0.32860000000000866,0.4139654768413762,79.3786,79.05,0.32860000000000866,0.4139654768413762,0.0
a686193a-3d1d-4b87-a013-826bb905859b,2025-01-15 00:51:34.178,104.32616,104.24400329589844,0.08215670410156406,0.07874985919309602,104.32616,104.24400329589844,0.08215670410156406,0.07874985919309602,0.0
21d7b26a-86be-4491-bf20-9b63dea78b5d,2025-01-08 20:37:55.892,120.20188,112.445548523,7.756331477000003,6.452753881220497,120.20188,112.445548523,7.756331477000003,6.452753881220497,0.0
e9103081-2e2a-460f-8ab4-84a8e191ae81,2025-01-08 22:20:09.880,73.7,70.15,3.549999999999997,4.816824966078694,73.7,70.15,3.549999999999997,4.816824966078694,0.0
d6465d88-ebc3-4154-b3c3-63e7e46ff401,2025-01-10 14:47:11.025,123.830616,111.998850758024,11.831765241976,9.55479801697506,123.830616,111.998850758024,11.831765241976,9.55479801697506,0.0
057526ae-986e-42de-98c9-30a6973fee24,2025-01-27 15:06:49.267,118.387512,125.55436247898376,-7.166850478983761,-6.053721678840384,118.387512,125.55436247898376,-7.166850478983761,-6.053721678840384,0.0
381b4394-0275-41ca-b74d-61405f36ed23,2025-02-21 19:00:31.970,67.585208,,,,67.585208,,,,
23dbb956-818b-4b45-8173-82a9ba7cb6d3,2025-01-02 23:59:20.018,107.501304,,,,107.501304,,,,
e50d0bc9-8cc9-4669-83db-17ce6e867010,2025-01-11 15:32:53.845,108.86208,96.16158244,12.700497560000002,11.666594612191869,108.86208,96.16158244,12.700497560000002,11.666594612191869,0.0
05a9304d-ed81-4714-874d-4a8d89f85a2e,2025-01-02 01:24:39.975,111.13004,116.06200408935548,-4.931964089355489,-4.438011620760228,111.13004,116.06200408935548,-4.931964089355489,-4.438011620760228,0.0
9704a1c7-1cee-45c3-921c-2562f4f2a255,2025-02-12 16:52:22.630,113.398,110.3589336,3.039066399999996,2.679999999999996,113.398,110.3589336,3.039066399999996,2.679999999999996,0.0
763565cb-d453-438d-a3bb-9de507fde991,2025-03-14 03:34:46.026,81.64656,73.4,8.246559999999988,10.100315310283726,81.64656,73.4,8.246559999999988,10.100315310283726,0.0
c85ac8b2-57f6-4678-a394-61aa35a63ded,2025-02-05 16:42:21.930,73.481904,,,,73.481904,,,,
5417b197-41b5-4bd5-8143-965ed78152d4,2025-01-18 22:28:47.157,109.76935354,110.7620086669922,-0.9926551269922044,-0.9043098961409847,109.76935354,107.46600341796876,2.303350122031233,2.09835445663975,3.0026643527807346
541285b1-fb95-44b7-a179-38c531ba4182,2025-03-20 20:56:53.525,160.57156799999998,132.54200744628906,28.029560553710922,17.456116859811026,160.57156799999998,132.54200744628906,28.029560553710922,17.456116859811026,0.0
5ebfbffb-7477-4b2a-bc40-6da0272200d4,2025-05-29 21:44:08.887,112.490816,108.9580078125,3.5328081874999953,3.1405303233821282,112.490816,108.9580078125,3.5328081874999953,3.1405303233821282,0.0
068fe832-a5ac-4430-bd08-17ec2c2acf49,2025-01-11 16:42:55.402,135.25401306152344,,,,135.25401306152344,,,,
1323831c-4a35-4a22-bb87-933fd2137550,2025-01-01 16:11:15.528,109.52100372314452,97.89899543850582,11.622008284638696,10.61167072027361,109.52100372314452,97.89899543850582,11.622008284638696,10.61167072027361,0.0
3e08bc97-8f45-4471-930a-5adceb84225a,2025-01-12 18:45:24.477,102.0582,97.04600524902344,5.012194750976562,4.911114198542167,102.0582,97.04600524902344,5.012194750976562,4.911114198542167,0.0
b2e680ac-36a2-4e1a-9386-dfc948ed8a44,2025-01-28 01:05:51.282,93.439952,95.62700653076172,-2.1870545307617135,-2.3405989450441,93.439952,95.62700653076172,-2.1870545307617135,-2.3405989450441,0.0
9f4af616-120c-46e5-b523-929da458894c,2025-04-16 20:00:25.356,127.00576,128.9109649658203,-1.9052049658203174,-1.5000933546795967,127.00576,128.9109649658203,-1.9052049658203174,-1.5000933546795967,0.0
73a44e00-d53d-44f6-84b7-b8a87a4521d8,2025-01-02 18:02:48.049,87.78010262714001,84.11300659179688,3.6670960353431354,4.1775936978790185,87.78010262714001,84.11300659179688,3.6670960353431354,4.1775936978790185,0.0
0fe80e95-c7f5-4d36-8171-1e70201f8d6f,2025-01-23 03:49:31.737,90.7184,88.724,1.9943999999999988,2.1984514718072616,90.7184,88.724,1.9943999999999988,2.1984514718072616,0.0
d42753b8-bea1-4d3d-a331-908e3847d0aa,2025-03-21 17:04:47.253,120.20188,117.391,2.8108799999999974,2.338465920832517,120.20188,117.391,2.8108799999999974,2.338465920832517,0.0
67871738-fe50-49b4-97ab-4138ba6c6f32,2025-02-19 15:39:09.161,136.0776,138.41000366210938,-2.3324036621093853,-1.7140246904041412,136.0776,138.41000366210938,-2.3324036621093853,-1.7140246904041412,0.0
3d4a997d-0d78-42cf-b5fa-f8793d95d083,2025-03-14 22:06:29.307,110.10400390625,,,,110.10400390625,,,,
240a9595-62a9-4c19-88b5-030516e50dac,2025-01-01 20:47:11.157,65.14933148946531,61.499368942473,3.649962546992313,5.602455871066788,65.14933148946531,61.499368942473,3.649962546992313,5.602455871066788,0.0
42095b56-1600-4205-962e-f4d53a058a6a,2025-04-30 22:19:27.833,110.495101332,98.928495897,11.566605435,10.467980295566502,110.495101332,98.928495897,11.566605435,10.467980295566502,0.0
9e54a921-6370-4863-9ee0-cff37b39fde8,2025-01-02 20:45:03.929,79.83225712000001,79.469383224,0.36287389600001063,0.4545454545454678,79.83225712000001,79.469383224,0.36287389600001063,0.4545454545454678,0.0
1730c68b-7cb4-4e2f-91a4-cbc7319d961f,2025-02-27 05:56:31.584,90.7184,83.3060073852539,7.412392614746096,8.170770885229564,90.7184,83.3060073852539,7.412392614746096,8.170770885229564,0.0
3b1891fb-7fe3-438d-9283-a055ca98f685,2025-01-27 22:50:08.367,90.7184,91.1990641888624,-0.4806641888623915,-0.5298420043369277,90.7184,91.1990641888624,-0.4806641888623915,-0.5298420043369277,0.0
85b537e5-0b06-4bcb-9483-fad50e81e8d8,2025-01-28 20:13:32.125,73.481904,73.54600524902344,-0.06410124902343739,-0.08723406108725407,73.481904,73.54600524902344,-0.06410124902343739,-0.08723406108725407,0.0
924ec000-81ce-45e5-885e-475daaa64672,2025-06-10 16:05:40.018,105.686936,,,,105.686936,,,,
48b0475d-4f5a-4932-8c9f-c75af2220b4e,2025-01-06 23:38:22.216,95.25432,,,,95.25432,,,,
bbf7e528-bad1-44c7-8559-3d430cbd1914,2025-01-18 01:56:30.603,89.357624,83.3740005493164,5.983623450683595,6.696265167797652,89.357624,83.3740005493164,5.983623450683595,6.696265167797652,0.0
8920b891-39a1-484c-b8da-6a2e25ce16c0,2025-02-17 20:01:03.561,95.25432,91.95,3.304320000000004,3.468945030524604,95.25432,91.95,3.304320000000004,3.468945030524604,0.0
e0a8786e-eb20-4ce2-91b7-f7a785109259,2025-05-09 22:48:46.663,162.1139102694919,152.406912,9.70699826949189,5.987763945336555,162.1139102694919,,,,
3fccd783-898d-4aff-88f8-ba0d71ce7ba6,2025-01-14 19:35:17.797,103.872568,101.31900787353516,2.553560126464845,2.458358521053263,103.872568,101.31900787353516,2.553560126464845,2.458358521053263,0.0
93ea2e38-236c-40a0-a753-50fd889079d9,2025-01-03 23:47:46.131,94.347136,94.3290023803711,0.018133619628912356,0.019220106086646184,94.347136,94.3290023803711,0.018133619628912356,0.019220106086646184,0.0
63785cb9-1bd2-42e6-a2e8-9476bdcbafb4,2025-01-02 16:46:47.457,95.25432,95.71100616455078,-0.45668616455077427,-0.4794387955850971,95.25432,95.71100616455078,-0.45668616455077427,-0.4794387955850971,0.0
ee314e1d-b1d4-41f1-a5df-bcd381027df5,2025-04-08 18:54:55.394,140.61352,119.97,20.643519999999995,14.681034938887807,140.61352,119.97,20.643519999999995,14.681034938887807,0.0
538059c1-d4df-4621-add1-d1291f42e61b,2025-02-06 07:27:47.947,102.0582,102.19800567626952,-0.13980567626951768,-0.13698622577070502,102.0582,102.19800567626952,-0.13980567626951768,-0.13698622577070502,0.0
56af85a0-7906-48ce-adab-7d32367071ea,2025-01-08 17:00:26.461,129.727312,135.4010009765625,-5.673688976562488,-4.373550094495512,129.727312,135.4010009765625,-5.673688976562488,-4.373550094495512,0.0
f17bdaf3-fca6-4cd3-8a05-49eaa42980bb,2025-01-02 05:20:41.539,66.678024,62.249361247649496,4.4286627523504976,6.641862620809666,66.678024,62.249361247649496,4.4286627523504976,6.641862620809666,0.0
74503748-5634-4994-8a41-9d4958c17375,2025-01-02 22:32:20.773,72.57472,,,,72.57472,,,,
63730c87-55ab-47d3-afa7-c2c1dcdc7444,2025-01-15 22:23:35.096,86.636072,77.90800476074219,8.728067239257811,10.074403233860615,86.636072,77.90800476074219,8.728067239257811,10.074403233860615,0.0
e8fd9dc3-c613-45b3-a02a-6b33f1c71a24,2025-02-05 17:42:41.543,70.30676,67.8493037845007,2.457456215499292,3.4953341833691267,70.30676,67.8493037845007,2.457456215499292,3.4953341833691267,0.0
4f2567c9-e7a8-45ba-b33b-162cf632fa76,2025-01-10 01:15:22.247,116.573144,114.498825105279,2.074318894721003,1.7794140430157763,116.573144,114.498825105279,2.074318894721003,1.7794140430157763,0.0
5897cab6-3da7-4d86-867e-89bb044e2683,2025-01-09 19:46:44.652,187.787088,,,,187.787088,,,,
220792e4-7473-49e0-ac76-94bf42e4bdc4,2025-03-27 20:49:11.636,111.13004,111.5988548624632,-0.4688148624632049,-0.4218615078904002,111.13004,111.5988548624632,-0.4688148624632049,-0.4218615078904002,0.0
9aa445e9-5bee-4aeb-8d1c-6de7a99e958c,2025-04-06 18:31:18.786,116.573144,117.9330062866211,-1.3598622866210945,-1.1665313638800843,116.573144,117.9330062866211,-1.3598622866210945,-1.1665313638800843,0.0
fc5ad1d4-225a-4080-ad69-a883530a0c8d,2025-01-27 01:35:05.690,93.893544,87.543256,6.350288000000006,6.763285024154595,93.893544,87.543256,6.350288000000006,6.763285024154595,0.0
8f1fb140-d5e8-408a-baa0-4d6bb0eef47a,2025-05-02 16:29:55.797,127.0050048828125,124.2830047607422,2.7220001220702983,2.1432227214839976,127.0050048828125,124.2830047607422,2.7220001220702983,2.1432227214839976,0.0
a5dca039-b8a6-4382-a7cd-3a8f639515a6,2025-01-10 02:38:56.974,151.499728,146.864013671875,4.635714328125005,3.059882937958149,151.499728,146.864013671875,4.635714328125005,3.059882937958149,0.0
28999636-0d7c-4793-a1ef-177a46c8e576,2025-01-01 13:12:47.450,113.398,113.998830235828,-0.6008302358279991,-0.529842004116474,113.398,113.998830235828,-0.6008302358279991,-0.529842004116474,0.0
4df9908c-0621-4d0f-a042-3be43a39bb07,2025-02-25 07:27:23.161,98.88313666,96.16158244,2.7215542200000016,2.752293577981653,98.88313666,96.16158244,2.7215542200000016,2.752293577981653,0.0
1ff23e8b-75c8-4048-a087-86e334e61065,2025-01-12 17:19:34.732,175.086512,154.856435118,20.23007688199999,11.554331999029138,175.086512,154.856435118,20.23007688199999,11.554331999029138,0.0
c8468a75-24b0-44c4-9aa1-633785fbed97,2025-01-03 17:28:14.711,130.634496,124.24500274658205,6.389493253417967,4.891122520515536,130.634496,124.24500274658205,6.389493253417967,4.891122520515536,0.0
e6a32b77-666c-49e0-9ec9-487dce631ba5,2025-01-10 03:52:44.569,81.64656,80.56100463867188,1.0855553613281188,1.329578810580775,81.64656,80.56100463867188,1.0855553613281188,1.329578810580775,0.0
7a3f193a-04ff-41f8-a6ba-f180359b5fa5,2025-04-03 15:44:30.070,113.398,111.71980285644533,1.6781971435546694,1.4799177618253139,113.398,111.71980285644533,1.6781971435546694,1.4799177618253139,0.0
2768e0d8-e99a-41d1-a9c0-396235cc5483,2025-01-02 15:17:37.137,133.80964,130.861398745,2.9482412549999992,2.203310056734327,133.80964,130.861398745,2.9482412549999992,2.203310056734327,0.0
83f84bdc-f937-49c0-a149-603af8a57ac4,2025-05-12 18:13:10.129,108.86208,110.086868199,-1.2247881989999883,-1.125082488778451,108.86208,110.086868199,-1.2247881989999883,-1.125082488778451,0.0
edd5a70c-9122-4609-97fc-f26e05427e94,2025-01-14 17:22:49.449,104.32616,87.089664,17.236496000000002,16.521739130434785,104.32616,87.089664,17.236496000000002,16.521739130434785,0.0
5a1fc950-4d4d-4b7c-bd1a-f2f313401d04,2025-01-01 20:13:07.215,127.09900665283205,121.08800506591795,6.011001586914091,4.729385181847252,127.09900665283205,121.08800506591795,6.011001586914091,4.729385181847252,0.0
a6018023-8d08-4db3-a835-5d6376b9cf02,2025-01-09 09:04:46.393,116.69100189208984,120.21900939941406,-3.5280075073242188,-3.023375796007603,116.69100189208984,120.21900939941406,-3.5280075073242188,-3.023375796007603,0.0
ff416bb9-37c8-4c71-9335-ff3697847782,2025-01-10 19:48:55.655,109.088964985,137.66528429500002,-28.576319310000017,-26.195426195426208,109.088964985,137.66528429500002,-28.576319310000017,-26.195426195426208,0.0
d1f1702d-2a76-48f0-a7a9-361239c1c602,2025-04-15 19:04:51.023,105.04000000000116,,,,105.04000000000116,,,,
d4580c58-ddb0-47e3-8f1c-dd2513625276,2025-01-24 17:56:20.830,139.706336,134.5540008544922,5.152335145507806,3.687975286609625,139.706336,134.5540008544922,5.152335145507806,3.687975286609625,0.0
6ca78e6e-0cbf-4e19-9cd0-40084e847cd7,2025-02-21 18:50:16.986,111.998850758024,113.1988384447064,-1.199987686682391,-1.071428571418997,111.998850758024,113.1988384447064,-1.199987686682391,-1.071428571418997,0.0
3b0b76d2-6c43-430e-ba80-552b4f5b52c0,2025-01-29 16:49:10.083,105.233344,105.52100372314452,-0.2876597231445146,-0.27335415963262993,105.233344,105.52100372314452,-0.2876597231445146,-0.27335415963262993,0.0
9a5a7f6c-24e8-4389-a9b0-30e070d7cbea,2025-01-01 20:58:29.155,130.180904,123.5,6.680903999999998,5.132015368398424,130.180904,123.5,6.680903999999998,5.132015368398424,0.0
c7cabd60-a1ff-457d-b5dc-4984aba28b04,2025-01-16 21:01:11.711,110.676448,108.7988835935376,1.8775644064623975,1.696444402030681,110.676448,108.7988835935376,1.8775644064623975,1.696444402030681,0.0
45401f5f-6ba0-42c4-8360-4754882c78f9,2025-01-12 01:50:01.578,110.268305147,105.6,4.668305147000012,4.23358746720251,110.268305147,105.6,4.668305147000012,4.23358746720251,0.0
676d4b51-512f-4931-ad16-d612d1155683,2025-02-10 23:09:55.928,83.91452,80.059053305,3.85546669499999,4.59451677135255,83.91452,80.059053305,3.85546669499999,4.59451677135255,0.0
9a805045-c943-4792-9a6e-2b4bb8c84603,2025-01-16 21:00:56.726,88.45044,90.446318578,-1.9958785780000028,-2.256493668092553,88.45044,90.446318578,-1.9958785780000028,-2.256493668092553,0.0
b75c01e6-be8d-43e8-8110-027b8af066c7,2025-03-26 23:45:36.773,85.58900451660156,86.30400085449219,-0.714996337890625,-0.8353834022592684,85.58900451660156,86.30400085449219,-0.714996337890625,-0.8353834022592684,0.0
d871d73b-30a8-412a-af00-48ed9d4ff4f4,2025-02-26 20:21:26.554,103.418976,99.336648,4.082328000000004,3.9473684210526354,103.418976,99.336648,4.082328000000004,3.9473684210526354,0.0
63087c58-8ccf-41ee-85ce-b755031a993b,2025-01-30 04:32:07.488,73.481904,73.028312,0.45359200000000044,0.6172839506172845,73.481904,73.028312,0.45359200000000044,0.6172839506172845,0.0
347d1bb8-5bfa-46a5-b226-4893cb15b8a8,2025-01-02 03:31:28.350,151.95332,144.2985193245586,7.654800675441379,5.037600149467862,151.95332,144.2985193245586,7.654800675441379,5.037600149467862,0.0
78375c83-1a42-4248-8e62-4a871ca141ff,2025-05-31 13:55:27.605,108.0,97.5,10.5,9.722222222222223,108.0,97.5,10.5,9.722222222222223,0.0
a33f2188-9b1d-44e8-996e-0753f35a021b,2025-05-29 16:24:44.792,105.686936,94.37000274658205,11.316933253417957,10.70797743007514,105.686936,94.37000274658205,11.316933253417957,10.70797743007514,0.0
0ff89185-83a3-4b10-8727-a5507be5bbcb,2025-01-01 17:32:33.535,145.14944,142.27200317382812,2.8774368261718735,1.9823960920358172,145.14944,142.27200317382812,2.8774368261718735,1.9823960920358172,0.0
8cae6fac-00be-424a-b619-7739f2477bfa,2025-01-23 19:43:01.207,129.27372,132.2519989013672,-2.97827890136719,-2.303854875814814,129.27372,132.2519989013672,-2.97827890136719,-2.303854875814814,0.0
369a0447-4113-43d8-8555-8072f2ecbc90,2025-01-10 02:58:14.701,97.340922602,96.433737862,0.9071847400000053,0.9319664492078338,97.340922602,96.433737862,0.9071847400000053,0.9319664492078338,0.0
31c97102-ab1b-4f4b-ac9e-83da6e2844ee,2025-03-22 00:25:24.958,135.624008,136.89300537109375,-1.2689973710937466,-0.9356731081813676,135.624008,136.89300537109375,-1.2689973710937466,-0.9356731081813676,0.0
95d1425d-c262-4822-97d6-d9d8ff4c6120,2025-02-05 00:38:36.953,69.853168,65.77083999999999,4.082328000000004,5.84415584415585,69.853168,65.77083999999999,4.082328000000004,5.84415584415585,0.0
352e471f-f1f6-49dd-991c-f62839521a87,2025-01-27 19:08:16.552,98.883056,89.8330078125,9.050048187499996,9.152273962386435,98.883056,89.8330078125,9.050048187499996,9.152273962386435,0.0
b73c6d21-6a6f-41f3-ad04-d7a4d27b5ab3,2025-03-24 20:56:51.245,111.13004,107.954896,3.175143999999989,2.8571428571428474,111.13004,107.954896,3.175143999999989,2.8571428571428474,0.0
7719b62e-8ce4-4f19-8d9b-49a6189c163b,2025-01-06 19:29:26.767,90.89990817949187,87.95155777449189,2.948350404999985,3.2435130728384705,90.89990817949187,87.95155777449189,2.948350404999985,3.2435130728384705,0.0
9c5a35e0-9f48-4a36-b0c2-8b0f11a1fe4d,2025-03-03 20:07:37.661,113.398,111.13013065,2.267869349999998,1.9999200603185225,113.398,111.13013065,2.267869349999998,1.9999200603185225,0.0
b8d60f4d-47df-4c95-9948-41e3baefb711,2025-02-11 21:21:45.732,85.728888,82.33700561523438,3.3918823847656228,3.956522082457926,85.728888,82.33700561523438,3.3918823847656228,3.956522082457926,0.0
d6293cc0-cadd-404c-92c7-20fbfe4905b5,2025-03-17 17:36:50.909,131.088088,123.2987348076166,7.789353192383402,5.942075524347721,131.088088,123.2987348076166,7.789353192383402,5.942075524347721,0.0
3b2d2daa-c2dc-4fca-8be9-32fe7c9aa973,2025-02-14 20:04:35.010,53.977448,52.616672,1.3607760000000013,2.521008403361347,53.977448,52.616672,1.3607760000000013,2.521008403361347,0.0
a6d8ba05-815a-47b2-ad39-04cb4fc079ed,2025-02-13 03:33:05.661,103.418976,104.59300231933594,-1.1740263193359368,-1.1352136375203876,103.418976,104.59300231933594,-1.1740263193359368,-1.1352136375203876,0.0
c95d7c0d-bc3b-4a0b-98c1-88b20b50c879,2025-01-01 16:28:17.009,117.026736,118.523686281,-1.4969502809999966,-1.279152381896729,117.026736,118.523686281,-1.4969502809999966,-1.279152381896729,0.0
968ca5fa-f753-4ee3-aa50-1e551fec198b,2025-01-23 00:18:21.390,117.93392,115.3,2.6339200000000034,2.2333862895424854,117.93392,115.3,2.6339200000000034,2.2333862895424854,0.0
c2f8af70-0a57-4567-91ae-09ca7d9d154f,2025-02-26 21:51:13.241,125.53700256347656,118.94100189208984,6.596000671386719,5.254228264731361,125.53700256347656,118.94100189208984,6.596000671386719,5.254228264731361,0.0
c2a05937-66bb-43f2-94a0-4140522f41b0,2025-01-09 20:27:20.562,75.66500091552734,74.82200622558594,0.8429946899414062,1.1141144250860822,75.66500091552734,74.82200622558594,0.8429946899414062,1.1141144250860822,0.0
c2449aed-240b-40ff-9765-d6a4c513ce7c,2025-06-12 00:39:50.041,99.79024,97.52228,2.267960000000002,2.2727272727272747,99.79024,97.52228,2.267960000000002,2.2727272727272747,0.0
68e5a394-1b90-46b8-b7ca-2c47f8c5e1ac,2025-01-14 09:21:23.124,107.047712,106.98600769042967,0.061704309570330906,0.057641876148021645,107.047712,106.98600769042967,0.061704309570330906,0.057641876148021645,0.0
8932a005-cb63-402a-a88c-92ceb438c2b4,2025-02-04 22:12:21.301,96.161504,98.09800720214844,-1.9365032021484438,-2.0138029477455386,96.161504,98.09800720214844,-1.9365032021484438,-2.0138029477455386,0.0
f9a3d107-ad7b-443c-8cdc-cc38f1133d2b,2025-01-11 14:47:21.383,103.418976,103.2070083618164,0.21196763818359443,0.20496010150361038,103.418976,103.2070083618164,0.21196763818359443,0.20496010150361038,0.0
e16b3b84-8597-41f3-b1e9-bf001c11e9b0,2025-01-16 00:21:19.434,127.0058636,120.610211183,6.395652416999994,5.035714285714281,127.0058636,120.610211183,6.395652416999994,5.035714285714281,0.0
71a60a6d-090a-4505-b511-0115af643e33,2025-02-11 22:29:18.485,73.93549346923828,70.61400604248047,3.3214874267578125,4.4924126030750795,73.93549346923828,70.61400604248047,3.3214874267578125,4.4924126030750795,0.0
51ae0bb9-8dcb-4459-85ec-fc8097697e90,2025-01-01 22:10:05.727,97.52228,94.0,3.522279999999995,3.611769536151119,97.52228,94.0,3.522279999999995,3.611769536151119,0.0
2d61feed-2dd2-4ae5-a218-39708f153869,2025-01-01 16:45:17.749,102.51187562,98.701699712,3.810175907999991,3.7168141592920265,102.51187562,98.701699712,3.810175907999991,3.7168141592920265,0.0
2c1b7157-4bf9-47e6-862b-fb5d04040bf1,2025-03-05 17:42:52.048,104.32616,92.532768,11.793391999999997,11.304347826086953,104.32616,92.532768,11.793391999999997,11.304347826086953,0.0
6459556c-b735-4982-acbb-7de7f8fed887,2025-01-19 05:47:31.405,117.93392,116.484,1.4499200000000059,1.2294342458895675,117.93392,116.484,1.4499200000000059,1.2294342458895675,0.0
d5fc78b2-887f-4681-a00d-a030d6864a20,2025-03-19 03:14:51.549,97.068688,94.24903289151352,2.8196551084864723,2.904803976011783,97.068688,94.24903289151352,2.8196551084864723,2.904803976011783,0.0
23982987-75fa-42d3-a998-1fdd05699f30,2025-01-06 15:38:02.164,108.86208,106.231333054,2.630746946000002,2.416587066864791,108.86208,106.231333054,2.630746946000002,2.416587066864791,0.0
8ed0632f-f992-4997-a1b5-12fc325b4c2b,2025-01-13 20:13:53.886,123.377024,,,,123.377024,,,,
ac18cac5-8f7d-440c-847f-e6f144a8d7fc,2025-05-27 21:58:36.550,149.231768,146.39999389648438,2.831774103515613,1.8975678848190107,149.231768,146.39999389648438,2.831774103515613,1.8975678848190107,0.0
d2e110c9-83b0-497e-b3cb-deea12d0147c,2025-01-04 02:58:52.653,77.11064,76.65711053000001,0.45352946999999233,0.5881542028441111,77.11064,76.65711053000001,0.45352946999999233,0.5881542028441111,0.0
e58ecb6c-dac4-4e00-9fea-2959d262b805,2025-05-06 19:52:50.762,115.66596,114.67000579833984,0.9959542016601546,0.8610607664174963,115.66596,114.67000579833984,0.9959542016601546,0.8610607664174963,0.0
5950e827-0f54-4d23-9f39-913cb9f97bdf,2025-01-09 00:03:02.658,72.57472,67.7550048828125,4.819715117187499,6.641038528550299,72.57472,67.7550048828125,4.819715117187499,6.641038528550299,0.0
9ff89765-ba23-4315-bc95-233516e2125c,2025-01-02 03:58:20.639,90.84700775146484,77.2750015258789,13.572006225585938,14.939409190796487,90.84700775146484,77.2750015258789,13.572006225585938,14.939409190796487,0.0
8374614b-4519-4e89-9f9f-8f9941f2a336,2025-01-10 14:37:40.909,106.59412,105.5999984741211,0.99412152587891,0.9326232308863847,106.59412,105.5999984741211,0.99412152587891,0.9326232308863847,0.0
b075b492-d4cf-4c0d-b525-6221b7d53836,2025-01-06 17:26:57.803,58.96696,52.798151868000005,6.168808131999995,10.461465424027278,58.96696,52.798151868000005,6.168808131999995,10.461465424027278,0.0
5cf53639-40fd-4cc6-b2fc-f99b45581d9f,2025-01-03 00:58:47.026,72.57472,71.03256514200001,1.5421548579999893,2.124920162282389,72.57472,71.03256514200001,1.5421548579999893,2.124920162282389,0.0
7befeeef-c821-4b12-a2b5-d49deed619bb,2025-01-02 01:50:19.000,107.501304,104.01500701904295,3.48629698095705,3.2430276203505866,107.501304,104.01500701904295,3.48629698095705,3.2430276203505866,0.0
bacc9292-d80f-4c61-a8ec-9e7359e217be,2025-05-13 16:23:26.882,75.749864,74.7300033569336,1.0198606430664086,1.3463531011308596,75.749864,74.7300033569336,1.0198606430664086,1.3463531011308596,0.0
fee06a02-818b-40b2-b69d-2b98d27a9cf5,2025-01-10 05:50:42.731,105.233344,107.95498406,-2.7216400599999986,-2.5862905772527753,105.233344,107.95498406,-2.7216400599999986,-2.5862905772527753,0.0
7e2841a7-de4e-4d9c-af27-6f397a468d18,2025-01-02 17:36:57.693,138.799152,132.85720517299998,5.9419468270000095,4.28096767262671,138.799152,132.85720517299998,5.9419468270000095,4.28096767262671,0.0
687cf6b5-072f-4611-889b-ad5840852828,2025-01-10 22:22:55.377,95.25432,95.34900665283205,-0.09468665283203848,-0.0994040509995121,95.25432,95.34900665283205,-0.09468665283203848,-0.0994040509995121,0.0
8e61e7e4-e247-4659-89e9-b0feec28c470,2025-01-16 17:29:33.854,109.769264,107.77354988050811,1.9957141194918933,1.8180992080733027,109.769264,107.77354988050811,1.9957141194918933,1.8180992080733027,0.0
80d13b5f-4748-4b29-828b-4f82e65ae9be,2025-01-19 23:28:57.682,60.327736,57.063,3.264735999999999,5.411666700039927,60.327736,57.063,3.264735999999999,5.411666700039927,0.0
b7651781-6cd6-4430-90d6-e4ff5d87c2dc,2025-01-02 02:06:58.515,93.439952,85.592880219,7.847071781000011,8.397983531712443,93.439952,85.592880219,7.847071781000011,8.397983531712443,0.0
90861a11-5315-4aeb-b378-6a7313878ccc,2025-01-05 22:22:45.324,108.86208,101.55932887449188,7.302751125508124,6.708259777424906,108.86208,101.55932887449188,7.302751125508124,6.708259777424906,0.0
d44d474d-6d34-4823-b5b8-f29f291d1577,2025-05-02 17:08:52.799,136.0776,,,,136.0776,,,,
326dd109-a8b6-4b3c-a058-b7cda9d809e6,2025-02-04 17:51:16.842,74.389088,71.84700012207031,2.5420878779296885,3.4172859841078957,74.389088,71.84700012207031,2.5420878779296885,3.4172859841078957,0.0
ce7df9d4-8a45-4a8b-a6fc-1ef66f7e303c,2025-03-10 03:30:33.888,88.54123062400001,86.091831826,2.4493987980000043,2.766393442622955,88.54123062400001,86.091831826,2.4493987980000043,2.766393442622955,0.0
4bce22ad-044d-45d8-98d4-3339e933c835,2025-01-12 08:14:25.974,77.11064,80.01369129949188,-2.903051299491878,-3.764786934062378,77.11064,80.01369129949188,-2.903051299491878,-3.764786934062378,0.0
f6cece48-af71-43fe-ada6-0cda9b98829d,2025-01-09 17:15:18.043,110.00100708007812,110.69700622558594,-0.6959991455078125,-0.632720703185146,110.00100708007812,110.69700622558594,-0.6959991455078125,-0.632720703185146,0.0
dc8b97db-6159-40ed-b96f-326af9e60eee,2025-01-28 01:56:07.372,105.233344,105.64100646972656,-0.40766246972656006,-0.387389067220519,105.233344,105.64100646972656,-0.40766246972656006,-0.387389067220519,0.0
b24c9155-de96-4d0c-8b56-3957c3700dda,2025-01-08 01:01:57.035,127.00576,127.0058636,-0.00010360000000275704,-8.157110354897057e-05,127.00576,127.0058636,-0.00010360000000275704,-8.157110354897057e-05,0.0
f5010473-6602-4754-9b1f-3af79ad49606,2025-01-02 22:57:58.198,122.46984,111.99200439453124,10.47783560546877,8.555441572773157,122.46984,111.99200439453124,10.47783560546877,8.555441572773157,0.0
40c56147-96f2-4ad4-8a85-8ff655def5b3,2025-01-13 19:10:49.392,94.80080533,95.2540054321289,-0.4532001021289034,-0.47805511836246695,94.80080533,95.2540054321289,-0.4532001021289034,-0.47805511836246695,0.0
2f9d4663-0c0d-4127-b5f8-3ca8bb553b4c,2025-04-11 16:46:11.923,94.800728,,,,94.800728,,,,
1d1be1d0-673f-40c1-a90b-d201d57d0a2e,2025-01-01 19:53:44.068,129.727312,125.28221813101624,4.445093868983776,3.426490382367419,129.727312,125.28221813101624,4.445093868983776,3.426490382367419,0.0
b61059f2-de7a-4bac-b78c-971c6dda040c,2025-01-04 00:39:26.862,106.59412,100.062476822,6.53164317800001,6.127583001764084,106.59412,100.062476822,6.53164317800001,6.127583001764084,0.0
2f3c48f4-04c2-47c6-acb6-0ffdb1edaa8c,2025-03-13 22:47:53.319,127.7986886326756,126.5987009459932,1.1999876866824053,0.9389671361428917,127.7986886326756,126.5987009459932,1.1999876866824053,0.9389671361428917,0.0
424c90be-82c5-43c9-a7b3-3576c576459a,2025-01-28 03:41:13.862,93.37000274658205,,,,93.37000274658205,,,,
af3d06de-6fad-4c91-9a18-0760896f1b09,2025-03-02 19:40:47.739,144.9820098876953,139.4860076904297,5.496002197265625,3.7908166685803915,144.9820098876953,139.4860076904297,5.496002197265625,3.7908166685803915,0.0
5508dff8-0618-41c5-a26c-6e6e52f67562,2025-01-14 01:07:12.811,133.80974915000002,131.43800354003906,2.3717456099609535,1.7724759406747257,133.80974915000002,131.43800354003906,2.3717456099609535,1.7724759406747257,0.0
227a3893-d46c-4c71-b952-8193ea990684,2025-04-07 23:30:01.075,86.18248,89.39700317382812,-3.214523173828127,-3.729903309614816,86.18248,89.39700317382812,-3.214523173828127,-3.729903309614816,0.0
5e7f69b2-2944-4de0-b080-d5e559798aa3,2025-01-23 17:13:23.896,131.06300354003906,124.193590906,6.869412634039065,5.241305668643933,131.06300354003906,124.193590906,6.869412634039065,5.241305668643933,0.0
7b7a544c-3d3b-46c5-aa5a-5f27d97c2157,2025-01-10 00:41:36.030,179.16884,171.49824022269297,7.670599777307018,4.281213059875266,179.16884,171.49824022269297,7.670599777307018,4.281213059875266,0.0
c2ac65d6-8758-4f88-9198-190937228d4d,2025-02-07 22:49:48.474,84.821704,79.6780014038086,5.143702596191403,6.064134948516718,84.821704,79.6780014038086,5.143702596191403,6.064134948516718,0.0
870a385d-d020-4ff1-895b-a5694ea4bce8,2025-01-10 02:17:37.348,102.0582,99.88200378417967,2.176196215820326,2.132309031337341,102.0582,99.88200378417967,2.176196215820326,2.132309031337341,0.0
f783d2d0-faf8-48b3-8b36-5ea80686f0cb,2025-01-02 15:57:55.427,107.501304,104.59840329050812,2.902900709491888,2.700339997263557,107.501304,104.59840329050812,2.902900709491888,2.700339997263557,0.0
8fdf2f12-a2a5-41eb-893f-fdc578f4ee58,2025-06-11 23:34:47.856,105.233344,103.8989338729178,1.334410127082208,1.268048772718092,105.233344,103.8989338729178,1.334410127082208,1.268048772718092,0.0
1e1c5913-b586-4580-9fa4-4d2e32d8bbbb,2025-06-01 18:19:11.031,100.697424,100.334632244,0.3627917559999929,0.3602790832067292,100.697424,100.334632244,0.3627917559999929,0.3602790832067292,0.0
4ac13b5e-4db0-4791-bf18-c39e5f8dd77a,2025-01-07 21:56:37.300,114.305184,103.41400146484376,10.891182535156233,9.52816150066845,114.305184,103.41400146484376,10.891182535156233,9.52816150066845,0.0
25d1c302-6ee9-48e8-b41b-90f8f76b6556,2025-01-03 00:51:12.346,96.615096,97.58100128173828,-0.9659052817382872,-0.9997457144153614,96.615096,97.58100128173828,-0.9659052817382872,-0.9997457144153614,0.0
ea25a9ec-8dc4-497d-8947-215df450c821,2025-01-14 22:56:47.307,79.3786,75.28400421142578,4.094595788574225,5.158311923584221,79.3786,75.28400421142578,4.094595788574225,5.158311923584221,0.0
505eef46-525e-44e2-8ecb-b51a6cc8c982,2025-01-01 19:19:40.917,149.959,155.629,-5.6699999999999875,-3.781033482485204,149.959,155.629,-5.6699999999999875,-3.781033482485204,0.0
9b6772bf-52f3-4893-af71-79ec251f9152,2025-01-02 16:51:31.768,115.66596,111.31156482949189,4.354395170508113,3.7646297756990155,115.66596,111.31156482949189,4.354395170508113,3.7646297756990155,0.0
54e51443-3949-4b19-bae8-166497cbf369,2025-01-03 21:25:39.507,118.841104,117.81800842285156,1.023095577148439,0.8608936998333834,118.841104,117.81800842285156,1.023095577148439,0.8608936998333834,0.0
f41be36f-6b6e-4c10-87c5-90066b4a42f8,2025-01-12 21:22:09.520,59.10308581100001,59.10308581100001,0.0,0.0,59.10308581100001,59.10308581100001,0.0,0.0,0.0
5ee8c5f7-66bf-4024-b015-a947fff13694,2025-02-04 16:18:14.978,88.5840072631836,,,,88.5840072631836,,,,
863d2cfd-cb13-4b0b-a369-8797fafe4d9f,2025-01-22 21:39:09.147,111.13004,106.459,4.671039999999991,4.203219939451107,111.13004,106.459,4.671039999999991,4.203219939451107,0.0
bbc57c95-9508-4dfe-9215-b1e70ed39ebe,2025-02-12 02:26:12.620,90.7184,87.5,3.2184000000000026,3.5476816169597374,90.7184,87.5,3.2184000000000026,3.5476816169597374,0.0
ff2fa648-cf96-432a-81cf-0470be9cf2e5,2025-05-08 00:06:57.290,95.25432,90.02400207519531,5.2303179248046945,5.4908983915949365,95.25432,90.02400207519531,5.2303179248046945,5.4908983915949365,0.0
2eabab16-3867-49c6-b850-fd4d1ca1a403,2025-01-28 21:33:10.910,107.047712,,,,107.047712,,,,
3ba1490a-785f-42c9-830b-0b37759b4deb,2025-01-13 21:02:47.321,96.25229952974594,94.07505476949189,2.1772447602540552,2.2620184358101456,96.25229952974594,94.07505476949189,2.1772447602540552,2.2620184358101456,0.0
ef90e472-2ee7-4fa5-b389-5c9267eb04bf,2025-02-07 04:12:44.710,95.25432,101.3,-6.04567999999999,-6.346882745055542,95.25432,101.3,-6.04567999999999,-6.346882745055542,0.0
d5d4ea61-4ca3-40a6-9c30-22d91b4f48e1,2025-01-08 23:58:04.134,94.347136,94.211135249,0.13600075100001163,0.14414931577786488,94.347136,94.211135249,0.13600075100001163,0.14414931577786488,0.0
e3a1bfd8-9c14-41ad-a62e-b1c480a6ea49,2025-01-24 00:45:58.559,113.398,,,,113.398,,,,
bc401469-a1fb-4a76-ab7a-19a659eced92,2025-03-26 16:53:10.616,80.28578399999999,82.28165314949189,-1.9958691494918952,-2.4859558567577733,80.28578399999999,82.28165314949189,-1.9958691494918952,-2.4859558567577733,0.0
029246e5-c806-4246-acef-88da85a85040,2025-02-06 02:41:26.677,66.224432,,,,66.224432,,,,
84410692-da96-4075-ad52-00396502d47e,2025-02-20 14:57:49.068,122.46984,120.973085079,1.4967549210000044,1.2221416480988334,122.46984,120.973085079,1.4967549210000044,1.2221416480988334,0.0
012ba2fc-3aa6-4426-a791-924873191637,2025-04-26 17:21:05.434,112.037224,110.29700469970705,1.7402193002929494,1.5532509983404708,112.037224,110.29700469970705,1.7402193002929494,1.5532509983404708,0.0
2cf44b7b-5c36-4686-b0ca-423e9840b1cf,2025-01-01 23:50:49.203,122.46984,114.896,7.573840000000004,6.184249117986929,122.46984,114.896,7.573840000000004,6.184249117986929,0.0
b34dfe07-07db-4ab9-a8bc-2279f14e5cd2,2025-01-10 00:40:24.718,86.273268774,85.81967640399999,0.45359237000000974,0.5257623554153635,86.273268774,85.81967640399999,0.45359237000000974,0.5257623554153635,0.0
e2c9c90c-c8f6-4b7a-aa2f-db0d24cfd80e,2025-01-07 16:46:57.172,132.448864,130.770680271,1.6781837289999828,1.2670427501741224,132.448864,130.770680271,1.6781837289999828,1.2670427501741224,0.0
9f608dfe-3ddb-40ec-a0ef-7c14d5803060,2025-05-29 20:44:07.388,85.3,83.95,1.3499999999999943,1.5826494724501692,85.3,83.95,1.3499999999999943,1.5826494724501692,0.0
5fd83996-2e55-41d1-a8d9-20ddb0b185e4,2025-03-10 13:54:58.828,108.86208,95.64900207519533,13.21307792480468,12.137447607839826,108.86208,95.64900207519533,13.21307792480468,12.137447607839826,0.0
66ffe129-15ae-4d6d-8881-ee3cbb29087e,2025-01-11 15:17:38.811,103.2480010986328,98.89300537109376,4.354995727539034,4.217995197193898,103.2480010986328,98.89300537109376,4.354995727539034,4.217995197193898,0.0
b8787520-6e02-4de3-868e-07a6d9e8ebdf,2025-01-08 12:19:51.141,78.925008,78.017824,0.9071840000000009,1.1494252873563229,78.925008,78.017824,0.9071840000000009,1.1494252873563229,0.0
c33f0114-0986-4503-a551-f8e6da8fe786,2025-01-30 18:36:01.928,87.49789428710938,79.9990005493164,7.498893737792969,8.5703705202169,87.49789428710938,79.9990005493164,7.498893737792969,8.5703705202169,0.0
ca6efa3b-9fb1-4432-9c7d-2958d887d325,2025-04-25 22:04:48.736,112.944408,110.49886614967102,2.445541850328979,2.1652615597657383,112.944408,110.49886614967102,2.445541850328979,2.1652615597657383,0.0
f545048f-851c-4833-bebb-b8902e5dedab,2025-03-12 20:15:14.978,118.387512,106.73700714111328,11.65050485888672,9.840991386732343,118.387512,106.73700714111328,11.65050485888672,9.840991386732343,0.0
a49b79e2-1402-47a9-b10e-57d7454aaa35,2025-01-20 01:17:31.168,124.7378,119.929822628,4.807977371999996,3.854467027637169,124.7378,119.929822628,4.807977371999996,3.854467027637169,0.0
acfdc80d-4fca-463f-aef6-84243d5c47f9,2025-02-18 19:37:22.974,68.492392,63.69600296020508,4.796389039794917,7.0028055667772815,68.492392,63.69600296020508,4.796389039794917,7.0028055667772815,0.0
bacea73e-2c15-46cd-9253-5891b9c125cd,2025-05-30 20:56:38.083,83.460928,79.29300689697266,4.167921103027339,4.993859046268141,83.460928,79.29300689697266,4.167921103027339,4.993859046268141,0.0
1c381036-9f39-4468-8dc8-a9514e37117e,2025-02-19 16:18:43.910,97.068688,102.921,-5.852312000000012,-6.029042032586257,97.068688,102.921,-5.852312000000012,-6.029042032586257,0.0
9e964ad6-a48f-4b9c-bee0-893a9a343f38,2025-01-03 18:58:35.965,101.0,103.19226837158205,-2.1922683715820455,-2.170562744140639,101.0,103.19226837158205,-2.1922683715820455,-2.170562744140639,0.0
09e6912a-83d3-4ada-a899-45bbd5a409a4,2025-03-08 01:01:17.436,79.67900085449219,80.61500549316406,-0.936004638671875,-1.1747193471730193,79.67900085449219,80.61500549316406,-0.936004638671875,-1.1747193471730193,0.0
1a6ddc0d-473a-4e76-ad90-f5633195fe1f,2025-01-10 12:52:25.151,111.13004,96.070863966,15.05917603399999,13.550949890776598,111.13004,96.070863966,15.05917603399999,13.550949890776598,0.0
8e267aa5-3062-4061-863e-468efe0f86cc,2025-02-09 21:52:01.250,132.494331277,134.72900390625,-2.2346726292500136,-1.686617538812346,132.494331277,134.72900390625,-2.2346726292500136,-1.686617538812346,0.0
8cd9e914-72d9-4498-935b-84f567e111e6,2025-01-09 17:26:11.402,74.84268,74.617,0.225679999999997,0.30153917524064744,74.84268,74.617,0.225679999999997,0.30153917524064744,0.0
1b672cf3-12ef-43c6-8f6b-57516db12ed3,2025-02-12 14:55:42.022,64.86370891,,,,64.86370891,,,,
89b2b745-1277-4214-a066-fdcae1277b42,2025-01-08 04:23:27.942,93.893544,,,,93.893544,,,,
4b68c139-3130-4a2b-b41f-c8216bca2114,2025-03-19 14:17:19.363,167.375448,156.035648,11.339799999999997,6.775067750677505,167.375448,156.035648,11.339799999999997,6.775067750677505,0.0
c9ef64d6-8aa3-4fc9-ae6d-e55e59ff4eeb,2025-01-04 02:17:10.374,83.91452,,,,83.91452,,,,
fd67b00e-44d6-4353-b15a-e82e83951e0e,2025-01-03 21:47:13.069,75.74992579,,,,75.74992579,,,,
91dc5018-f2d6-4c04-b42f-05cc3e24d2ad,2025-01-03 02:11:57.923,113.3980925,,,,113.3980925,,,,
86f05174-1241-4207-9ca4-27ac93ddd462,2025-01-24 16:10:02.377,74.84268,69.218195662,5.624484338000002,7.515076074239994,74.84268,69.218195662,5.624484338000002,7.515076074239994,0.0
6cdcca8c-08c7-41da-a8de-3781d6490fa8,2025-01-01 16:37:43.397,90.7184,85.68359869300001,5.034801306999995,5.549922956092694,90.7184,85.68359869300001,5.034801306999995,5.549922956092694,0.0
1092f768-c571-4fcb-986d-037dcda53ec7,2025-03-07 15:10:39.556,81.192968,78.78900146484375,2.4039665351562434,2.9608063288882893,81.192968,78.78900146484375,2.4039665351562434,2.9608063288882893,0.0
8eeb28b3-0d09-4736-a06d-d4505e06f2d9,2025-01-21 21:28:41.968,69.853168,69.01300048828125,0.8401675117187466,1.2027622164806422,69.853168,69.01300048828125,0.8401675117187466,1.2027622164806422,0.0
6a756ce5-07ba-4e81-9307-c1ac46db2e85,2025-01-18 21:43:20.156,136.0776,137.1663299194919,-1.0887299194918967,-0.8000801891655178,136.0776,137.1663299194919,-1.0887299194918967,-0.8000801891655178,0.0
fd89c96e-2e72-4e6b-9bbf-308561eeac48,2025-01-07 15:24:46.379,90.264808,82.51400756835938,7.750800431640627,8.586735631942657,90.264808,82.51400756835938,7.750800431640627,8.586735631942657,0.0
83ca16b0-100e-4cbe-af87-a1317a86c008,2025-03-13 01:17:03.664,92.98636,97.52228,-4.53591999999999,-4.878048780487794,92.98636,97.52228,-4.53591999999999,-4.878048780487794,0.0
cfdd2388-47cf-4b3d-9e5e-2ef33e4acf42,2025-01-23 18:45:09.052,83.460928,87.40717839999999,-3.9462503999999967,-4.728260869565213,83.460928,87.40717839999999,-3.9462503999999967,-4.728260869565213,0.0
ad167316-d341-4571-b175-1c1573ccc192,2025-01-23 20:21:45.915,90.7184,86.99901656600001,3.719383433999994,4.099921773311692,90.7184,86.99901656600001,3.719383433999994,4.099921773311692,0.0
a83cf3eb-2a5f-4cfb-a20a-ac791f006c5b,2025-02-02 15:35:20.411,131.54168,132.6986383532954,-1.15695835329538,-0.8795374616588293,131.54168,132.6986383532954,-1.15695835329538,-0.8795374616588293,0.0
fe13428d-e82a-4e8f-a80f-f7efb718a0a5,2025-01-24 21:53:29.106,104.32616,103.41906036,0.9070996399999984,0.8694843556016999,104.32616,103.41906036,0.9070996399999984,0.8694843556016999,0.0
2444c498-6db0-4325-a01f-a6f574e83e6d,2025-03-01 02:47:59.888,72.57472,,,,72.57472,,,,
aa41c104-fa5d-401c-b5ed-d09dc45d2338,2025-04-24 21:47:04.943,85.728888,85.89700317382812,-0.16811517382812724,-0.19610096170631217,85.728888,85.89700317382812,-0.16811517382812724,-0.19610096170631217,0.0
f89411f5-8bb7-45b1-8845-716ff05edf91,2025-01-29 20:31:02.610,83.91452,75.91900634765625,7.995513652343746,9.528164675605302,83.91452,75.91900634765625,7.995513652343746,9.528164675605302,0.0
3a36fb64-29d9-4c96-9385-fb44c82ca24e,2025-01-02 18:48:17.880,142.427888,139.706336,2.7215520000000026,1.910828025477709,142.427888,139.706336,2.7215520000000026,1.910828025477709,0.0
a257ad10-a064-44aa-ba7e-1b19fc7963a8,2025-01-28 23:55:33.974,89.97000122070312,,,,89.97000122070312,,,,
42ec256b-449b-4a0a-9eba-482567bea2ee,2025-01-02 17:58:20.856,135.170416,134.626215416,0.5442005839999808,0.4026033211290708,135.170416,134.626215416,0.5442005839999808,0.4026033211290708,0.0
daa53578-dc2c-43e7-b9bc-f875add5e289,2024-11-26 20:55:10.662,113.398,71.53151536474594,41.866484635254054,36.919949765652,113.398,71.53151536474594,41.866484635254054,36.919949765652,0.0
edf51241-dcf6-4494-9de3-44c6bb50fd9d,2025-01-15 16:01:43.981,58.96696,56.56,2.406959999999998,4.081879072619646,58.96696,56.56,2.406959999999998,4.081879072619646,0.0
0a096226-a4d1-4bfb-8770-5402c687b720,2025-01-11 14:44:03.009,102.0582,97.69881041488006,4.359389585119942,4.271474105089,102.0582,97.69881041488006,4.359389585119942,4.271474105089,0.0
f2402ff0-8efa-4bd4-a8df-c4f70c74e48c,2025-01-03 01:59:49.145,98.883056,96.6990077528234,2.184048247176591,2.208718394763802,98.883056,96.6990077528234,2.184048247176591,2.208718394763802,0.0
dba0b73e-2b48-4106-8996-bd1469e31015,2025-01-02 14:55:38.156,94.347136,95.36300659179688,-1.015870591796869,-1.0767370742413092,94.347136,95.36300659179688,-1.015870591796869,-1.0767370742413092,0.0
e26c1177-479c-4203-b601-85d8ee4f949b,2025-01-11 00:05:57.340,77.564232,77.4281544,0.13607760000000724,0.1754385964912374,77.564232,77.4281544,0.13607760000000724,0.1754385964912374,0.0
ebb98798-33c6-4f54-98d6-5766f0802e07,2025-01-03 16:17:07.040,111.13004,110.26886850872356,0.861171491276437,0.774922326381271,111.13004,110.26886850872356,0.861171491276437,0.774922326381271,0.0
c96dbe5a-f4d5-4a56-a712-b14754750df2,2025-02-06 02:35:00.053,67.585208,60.690659106000005,6.894548893999989,10.20126903212311,67.585208,60.690659106000005,6.894548893999989,10.20126903212311,0.0
89fbf23a-0b3c-4638-abee-b85479d2a344,2025-01-07 01:13:21.880,93.3080062866211,83.10400390625,10.204002380371094,10.935827252622573,93.3080062866211,83.10400390625,10.204002380371094,10.935827252622573,0.0
27df021f-e41b-405c-96bd-62e77f9d24b1,2025-01-06 18:38:28.481,78.05,,,,78.05,,,,
7510f027-5be9-403d-8e0d-088c9168d7ed,2025-01-08 21:46:16.738,79.83219199999999,81.11400604248047,-1.2818140424804767,-1.6056355341971278,79.83219199999999,81.11400604248047,-1.2818140424804767,-1.6056355341971278,0.0
450a1abf-86ff-4edb-9a55-084ca41b9e76,2025-03-24 18:23:04.251,92.98636,89.49908163272899,3.487278367271017,3.750311730958193,92.98636,89.49908163272899,3.487278367271017,3.750311730958193,0.0
eace5077-0bc3-46a2-9b63-0daa39949a9b,2025-01-01 19:27:32.201,106.59412,98.97385374974594,7.620266250254062,7.148861729196752,106.59412,98.97385374974594,7.620266250254062,7.148861729196752,0.0
f7ae9e73-00a8-4e46-9904-cdc95e531092,2025-02-27 23:41:48.067,90.78500366210938,91.94100189208984,-1.1559982299804688,-1.273336105468423,90.78500366210938,91.94100189208984,-1.1559982299804688,-1.273336105468423,0.0
cf36c4b4-88da-46e2-82fe-6916e7064f05,2025-01-19 01:13:07.931,102.0582,102.0,0.05819999999999936,0.057026285002086424,102.0582,102.0,0.05819999999999936,0.057026285002086424,0.0
84fa1940-3ec9-4c7c-988f-e81c43e80781,2025-02-20 13:44:53.761,127.00576,126.9604008,0.04535919999999294,0.03571428571428016,127.00576,126.9604008,0.04535919999999294,0.03571428571428016,0.0
3143f262-acf1-44e5-b623-da793778c90a,2025-02-10 18:55:43.304,179.16884,169.91570180200003,9.25313819799996,5.164479603707854,179.16884,169.91570180200003,9.25313819799996,5.164479603707854,0.0
38acb793-d452-46be-9858-5fbee5e988bd,2025-01-09 01:02:43.664,97.068688,93.99199676513672,3.076691234863276,3.1696021634322245,97.068688,93.99199676513672,3.076691234863276,3.1696021634322245,0.0
33a84323-13a2-41fc-9907-dd17462c9381,2025-01-23 00:56:09.528,87.996848,88.95,-0.9531520000000029,-1.0831660697665022,87.996848,88.95,-0.9531520000000029,-1.0831660697665022,0.0
3e94ede3-eb8e-4798-96a8-2ec92da8a5f9,2025-01-09 18:08:34.027,112.490816,114.63300323486328,-2.142187234863286,-1.9043218913651456,112.490816,114.63300323486328,-2.142187234863286,-1.9043218913651456,0.0
92ba3c17-be69-441a-ade4-8e7553e31d7e,2025-01-26 14:52:27.203,156.48924,152.27500915527344,4.214230844726558,2.6929844152393847,156.48924,152.27500915527344,4.214230844726558,2.6929844152393847,0.0
33308c56-1cc6-4f7c-bd87-572a35cb2482,2025-02-14 03:52:15.981,90.7184,94.10400390625,-3.3856039062499974,-3.7319925243941663,90.7184,94.10400390625,-3.3856039062499974,-3.7319925243941663,0.0
be60a3cd-6e89-4a61-9de1-8163ce800497,2025-01-06 19:13:31.705,83.91458845000001,91.491,-7.576411549999989,-9.028717997603417,97.52228,91.491,6.031279999999995,6.184514964170234,15.213232961773652
d72ebd85-62c1-4c3a-b5e3-e2073f1baa91,2025-01-01 19:31:16.037,72.39700317382812,66.6550064086914,5.741996765136719,7.931263054286865,72.39700317382812,66.6550064086914,5.741996765136719,7.931263054286865,0.0
72fa3056-ddd1-4b9f-9ab9-a4ac8e6f4f54,2025-02-02 15:25:37.666,112.944408,,,,112.944408,,,,
79c08845-4b7e-4511-873d-7620a4358cc3,2025-02-25 18:18:08.930,94.34700775146484,94.6,-0.25299224853515057,-0.2681507920225722,94.34700775146484,94.6,-0.25299224853515057,-0.2681507920225722,0.0
8f171bce-e56e-4e6c-aa1c-1333de9a6e14,2025-03-07 03:23:03.861,113.398,111.583632,1.8143680000000018,1.6000000000000019,113.398,111.583632,1.8143680000000018,1.6000000000000019,0.0
15832085-97be-4bf3-81d0-d8bc0327aa56,2025-01-01 20:27:13.105,117.93392,104.4,13.533919999999995,11.475850204928314,117.93392,104.4,13.533919999999995,11.475850204928314,0.0
1cef2da6-f87b-4632-bfc5-3e5295bbf550,2025-02-25 07:14:59.451,,87.68,,,,87.68,,,
ec72881f-42de-4cbf-bb6b-b658307f7fcf,2025-01-03 03:19:20.976,97.52228,96.6999969482422,0.8222830517577933,0.8431745563760337,97.52228,96.6999969482422,0.8222830517577933,0.8431745563760337,0.0
e16b7e0b-8e3d-434f-b959-1f41274253aa,2025-01-02 02:56:02.109,156.897600783,150.411229892,6.486370891000007,4.134142815842734,156.897600783,150.411229892,6.486370891000007,4.134142815842734,0.0
c2fe721e-5fc9-41ac-a207-8888de9c088f,2025-01-28 05:36:48.581,91.9040069580078,89.01300048828125,2.8910064697265483,3.1456805480173338,91.9040069580078,89.01300048828125,2.8910064697265483,3.1456805480173338,0.0
f0d66c26-51d6-4d09-9bd4-7736f9301468,2025-04-11 14:37:40.019,122.46984,122.4320068359375,0.03783316406250492,0.030891821253710233,122.46984,122.4320068359375,0.03783316406250492,0.030891821253710233,0.0
2cf58463-0034-4077-b80d-75f90fe2cafa,2025-01-13 23:29:59.996,99.79024,104.16400146484376,-4.373761464843767,-4.3829551515697,99.79024,104.16400146484376,-4.373761464843767,-4.3829551515697,0.0
07836fbc-7fe5-4492-8254-8c9b0e78a05c,2025-01-21 03:27:25.210,96.161504,93.53074530974595,2.6307586902540407,2.7357711566720515,96.161504,93.53074530974595,2.6307586902540407,2.7357711566720515,0.0
0301174c-644a-446d-a6ce-7bb37fe418b9,2025-01-10 18:27:18.338,90.7184,92.1820068359375,-1.4636068359374974,-1.6133516860278592,90.7184,92.1820068359375,-1.4636068359374974,-1.6133516860278592,0.0
aba0a29e-e071-4e2e-80a3-0c3cbb688271,2025-01-08 02:03:51.372,112.944408,115.0,-2.0555920000000043,-1.8200033418210526,112.944408,115.0,-2.0555920000000043,-1.8200033418210526,0.0
308c4cb0-d876-4898-ac26-b13cc400c0d5,2025-01-13 19:18:42.480,88.45044,,,,88.45044,,,,
0e260556-2045-4017-889b-756e995b2311,2025-02-17 18:21:13.831,75.296272,71.7,3.596271999999999,4.7761620920621395,75.296272,71.7,3.596271999999999,4.7761620920621395,0.0
07f54042-3d24-4a07-a594-b4bb5f3625df,2025-01-07 20:36:55.142,186.426312,184.294579931,2.1317320690000088,1.143471673140221,186.426312,184.294579931,2.1317320690000088,1.143471673140221,0.0
af39ed5c-1beb-4402-82b6-d3273ef7a33e,2025-01-13 18:21:53.957,104.32616,103.33900451660156,0.9871554833984391,0.9462204718341392,104.32616,103.33900451660156,0.9871554833984391,0.9462204718341392,0.0
abb6d6c0-fbb8-41de-8901-205036c16ff3,2025-02-26 20:20:42.921,119.96800231933594,118.11100769042967,1.8569946289062642,1.5479082697094821,119.96800231933594,118.11100769042967,1.8569946289062642,1.5479082697094821,0.0
bfb10305-66e0-4a80-8e09-fac2c9566a93,2025-02-11 02:18:32.870,134.263232,130.18101019,4.082221809999993,3.0404614496394617,134.263232,130.18101019,4.082221809999993,3.0404614496394617,0.0
c2ff870f-9635-4a10-a0ea-410f4baf10e0,2025-01-13 20:33:41.123,75.749864,,,,75.749864,,,,
a6e5ed28-3b98-4b68-80ac-7e9a036f71e2,2025-01-20 01:40:38.537,112.490816,115.25000762939452,-2.759191629394522,-2.452815018600738,112.490816,115.25000762939452,-2.759191629394522,-2.452815018600738,0.0
3eb78bb8-470d-47d7-9c64-fd627753bd09,2025-01-02 09:38:41.518,85.728888,79.287946276,6.440941723999998,7.5131520707465596,85.728888,79.287946276,6.440941723999998,7.5131520707465596,0.0
ae23786e-42d4-4259-9663-8bbacea871b5,2025-03-31 16:04:41.483,89.81128926000001,86.60200500488281,3.209284255117197,3.5733639741285197,89.81128926000001,86.60200500488281,3.209284255117197,3.5733639741285197,0.0
d5a33484-9db3-4345-82ba-24dab89f2b27,2025-04-28 17:31:24.949,86.36200714111328,83.69400024414062,2.6680068969726562,3.0893294230797603,86.36200714111328,83.69400024414062,2.6680068969726562,3.0893294230797603,0.0
ba463edd-a93f-45ee-87c5-1ec15d38fa0e,2025-04-08 20:25:41.600,156.035648,136.0,20.03564800000001,12.840429899711129,156.035648,136.0,20.03564800000001,12.840429899711129,0.0
571dc3e9-6f15-417a-9887-8d53d08b1a78,2025-04-24 22:30:22.962,79.83219199999999,76.7820053100586,3.0501866899413983,3.820747762934279,79.83219199999999,76.7820053100586,3.0501866899413983,3.820747762934279,0.0
3b7f7336-fe04-4fef-b7fc-a554af8184e0,2025-01-27 14:58:59.570,92.98636,89.56100463867188,3.42535536132813,3.6837180865324006,92.98636,89.56100463867188,3.42535536132813,3.6837180865324006,0.0
64fe1706-90f6-4e31-9da5-aa045bd32c45,2025-01-10 22:02:24.080,145.14944,143.609,1.5404399999999896,1.061278638071211,145.14944,143.609,1.5404399999999896,1.061278638071211,0.0
3c588808-8ee4-4f46-a35c-71dc7308ad2c,2025-01-20 16:46:33.277,157.396424,147.13600158691406,10.260422413085934,6.5188408683833465,157.396424,147.13600158691406,10.260422413085934,6.5188408683833465,0.0
06de26ca-074f-445f-a744-0da61b1ea569,2025-01-06 17:11:35.272,95.25432,95.435834648,-0.18151464799998962,-0.19055791695325694,95.25432,95.435834648,-0.18151464799998962,-0.19055791695325694,0.0
f21ccd1f-d235-4356-9d23-5d6429df9577,2025-04-01 22:32:30.408,108.86208,111.719800731,-2.8577207310000006,-2.625083712345015,108.86208,111.719800731,-2.8577207310000006,-2.625083712345015,0.0
8072956a-5aab-4c16-9401-c223b05bc43a,2025-01-23 04:56:47.843,112.944408,113.24500274658205,-0.30059474658204977,-0.26614398349146223,112.944408,113.24500274658205,-0.30059474658204977,-0.26614398349146223,0.0
02eebb42-c248-4134-9d8c-f0c97b4cfb96,2025-01-17 01:50:15.697,116.119552,104.32616,11.793391999999997,10.156249999999996,116.119552,104.32616,11.793391999999997,10.156249999999996,0.0
5f07d2d2-5979-4e2d-a00b-ac581c7d38ea,2025-03-17 21:07:12.513,131.859301959,126.552168,5.307133958999998,4.024846089849759,131.859301959,126.552168,5.307133958999998,4.024846089849759,0.0
435dc20c-b9f0-4211-b944-a028ec85381b,2025-01-08 20:54:48.936,110.676448,108.77600860595705,1.900439394042948,1.7171127447485015,110.676448,108.77600860595705,1.900439394042948,1.7171127447485015,0.0
dda9cafc-f4b3-4d5a-aeb4-a1243201b32a,2025-01-06 17:33:41.196,136.0776,129.66000366210938,6.417596337890615,4.71612986846521,136.0776,129.66000366210938,6.417596337890615,4.71612986846521,0.0
726d0ef4-b789-441d-ba60-125ea6e36f92,2025-03-12 23:43:12.058,111.13004,109.76935354,1.3606864599999966,1.2244092236446569,111.13004,109.76935354,1.3606864599999966,1.2244092236446569,0.0
47be3c22-588f-4371-9af7-58f62aff9f93,2025-01-01 20:10:47.541,101.151016,99.33600616455078,1.8150098354492172,1.7943565049798584,101.151016,99.33600616455078,1.8150098354492172,1.7943565049798584,0.0
925bc04c-2341-4dbf-a53f-7ea50cc2b504,2025-01-23 02:09:16.638,83.91452,82.69100189208984,1.2235181079101523,1.4580529185058229,83.91452,82.69100189208984,1.2235181079101523,1.4580529185058229,0.0
cf986e32-38ae-47fd-8764-045ad9fdf504,2025-01-02 07:28:06.991,99.79024,,,,99.79024,,,,
7921c275-4311-4775-a68d-7637528dcdd1,2025-01-02 07:29:21.731,120.20188,126.8350067138672,-6.633126713867199,-5.5183219379490565,120.20188,126.8350067138672,-6.633126713867199,-5.5183219379490565,0.0
13d865da-8e0e-4788-8bc8-49b7a561d3e4,2025-01-01 16:04:01.648,174.179328,176.79818583887362,-2.6188578388736232,-1.5035411313985683,174.179328,176.79818583887362,-2.6188578388736232,-1.5035411313985683,0.0
36d8bc40-e1c4-486e-8c35-3a752157e899,2025-01-06 18:06:18.256,72.57472,71.47600555419922,1.0987144458007805,1.5139079362631789,72.57472,71.47600555419922,1.0987144458007805,1.5139079362631789,0.0
92e62413-ed7f-45a5-8cc2-a0b7f74013f7,2025-01-01 18:34:23.731,119.748288,113.3988363924868,6.349451607513203,5.302331844204071,119.748288,113.3988363924868,6.349451607513203,5.302331844204071,0.0
8924979c-0dd3-427f-818c-c769600ededc,2025-05-23 17:07:53.486,115.66596,112.537,3.128959999999992,2.705169265011065,115.66596,112.537,3.128959999999992,2.705169265011065,0.0
86654060-ae24-429b-ab53-fb9a042c49a3,2025-01-01 15:57:14.712,170.097,169.54000854492188,0.5569914550781334,0.32745519031971954,170.097,169.54000854492188,0.5569914550781334,0.32745519031971954,0.0
134040a7-3f41-4deb-b715-a2674648559d,2025-02-27 16:23:15.428,113.851592,107.82,6.031592000000003,5.297766938559808,113.851592,107.82,6.031592000000003,5.297766938559808,0.0
0cf50683-621d-490c-83bc-bebff77cc1db,2025-01-05 23:37:43.559,82.553744,81.91900634765625,0.6347376523437447,0.768878092729198,82.553744,81.91900634765625,0.6347376523437447,0.768878092729198,0.0
5068bbe2-ab47-4f05-81db-781613b54ce3,2025-01-15 19:02:33.594,128.820128,127.00576,1.814368000000016,1.4084507042253644,128.820128,127.00576,1.814368000000016,1.4084507042253644,0.0
bce4f954-6fb7-4f20-94f6-4d626db54d71,2025-01-02 13:02:17.170,103.418976,104.5500030517578,-1.1310270517577976,-1.0936359027165359,103.418976,104.5500030517578,-1.1310270517577976,-1.0936359027165359,0.0
6344a38b-4335-441c-a231-141676adc2dc,2025-01-07 16:36:54.171,117.93392,118.87800598144533,-0.9440859814453262,-0.8005211574798211,117.93392,118.87800598144533,-0.9440859814453262,-0.8005211574798211,0.0
2c90a324-7f9e-481b-b828-1dcc5d83c816,2025-03-09 07:42:03.829,72.57472,73.17100524902344,-0.5962852490234383,-0.8216156383702732,72.57472,73.17100524902344,-0.5962852490234383,-0.8216156383702732,0.0
df25f1c6-027c-4475-95ad-24e84d49c7f7,2025-04-10 13:58:52.699,70.59200286865234,69.2229995727539,1.3690032958984375,1.9393178267596203,70.59200286865234,69.2229995727539,1.3690032958984375,1.9393178267596203,0.0
3b24ac9b-fca4-441a-84ca-3db996d06cdb,2025-05-31 03:46:38.378,84.368112,81.95800018310547,2.4101118168945277,2.856662025214607,84.368112,81.95800018310547,2.4101118168945277,2.856662025214607,0.0
126c5321-55e7-479d-9dc7-e3404b2f2167,2025-05-14 20:47:39.310,118.62000274658205,117.76800537109376,0.8519973754882812,0.7182577607155138,118.62000274658205,117.76800537109376,0.8519973754882812,0.7182577607155138,0.0
71a3fa7b-b3ee-4429-8f6f-61fd0a8d93a8,2025-01-15 19:56:16.849,89.675211549,84.458899294,5.216312254999991,5.816894284269085,89.675211549,84.458899294,5.216312254999991,5.816894284269085,0.0
23c824e6-ff23-4a5f-8ad5-f808e4aecbc3,2025-03-11 05:00:53.317,94.6,99.472806741,-4.872806741000005,-5.150958500000006,94.6,99.472806741,-4.872806741000005,-5.150958500000006,0.0
4e3e30b3-775f-40cb-a5e5-b6293d1060d2,2025-01-14 15:38:11.324,165.56108,,,,165.56108,,,,
41e7f65d-758a-4cb1-afbb-1617db570ed2,2025-01-08 01:03:28.502,94.347136,93.258591272,1.0885447280000022,1.15376552394765,94.347136,93.258591272,1.0885447280000022,1.15376552394765,0.0
fc714c62-7f06-4cbb-87ad-63ae421065b0,2025-01-17 23:35:24.288,52.16308,51.255937810000006,0.9071421899999947,1.7390502823069396,52.16308,51.255937810000006,0.9071421899999947,1.7390502823069396,0.0
eb61194e-491f-40e4-9064-d3d096e0fe64,2025-01-23 14:44:27.993,124.7378,47.0,77.7378,62.320964455040894,124.7378,37.0,87.7378,70.33778052843644,8.016816073395546
08975fe5-6ce4-47f5-8e02-374e6b770d3a,2025-02-14 04:54:39.390,109.06200408935548,106.64000701904295,2.4219970703125284,2.220752397258503,109.06200408935548,106.64000701904295,2.4219970703125284,2.220752397258503,0.0
764ad85b-603c-48e1-bb00-bfb7570fe465,2025-01-06 16:58:07.159,115.66596,,,,115.66596,,,,
f9ab9bf8-ab79-4649-87f0-c2b990daebb0,2025-01-05 23:18:52.617,100.697424,98.04400634765624,2.6534176523437623,2.635040249235931,100.697424,98.04400634765624,2.6534176523437623,2.635040249235931,0.0
2ea95b76-2bf4-41ca-bb43-0494e31f4db3,2025-03-08 18:20:07.286,95.707912,93.49000549316406,2.2179065068359307,2.3173700695047352,95.707912,93.49000549316406,2.2179065068359307,2.3173700695047352,0.0
f9225b86-d918-4f60-8e64-ba27c8413293,2025-01-02 18:20:06.592,98.883056,82.76300048828125,16.120055511718746,16.302141300850113,98.883056,82.76300048828125,16.120055511718746,16.302141300850113,0.0
f00f36cd-71ec-47d5-8b73-fe195f17bd2c,2025-04-01 02:10:50.705,132.902456,127.8986876065658,5.0037683934342,3.7649931717094827,132.902456,127.8986876065658,5.0037683934342,3.7649931717094827,0.0
afcbe14c-3f70-40e1-9263-53b4e03859ad,2025-01-21 14:17:45.322,90.7184,89.495,1.223399999999998,1.3485687578264145,90.7184,89.495,1.223399999999998,1.3485687578264145,0.0
a0966f35-2e73-4df2-8f69-bca1ba514035,2025-01-07 07:23:41.838,158.7572,154.2580108642578,4.499189135742199,2.834006354195085,158.7572,154.2580108642578,4.499189135742199,2.834006354195085,0.0
e23b21c2-9c8d-463a-a73d-4264efcbbf80,2025-01-22 17:39:34.717,83.460928,78.199324588,5.2616034119999995,6.3042713975095035,83.460928,78.199324588,5.2616034119999995,6.3042713975095035,0.0
72b669c5-7cb6-4ca5-9b3b-8ab30030b402,2025-05-21 22:17:22.339,129.27372,133.89862603997778,-4.6249060399777875,-3.5776072971194663,129.27372,133.89862603997778,-4.6249060399777875,-3.5776072971194663,0.0
53edde5c-8272-4298-bfca-b56efb688bfd,2025-05-30 19:46:39.081,117.93392,124.558,-6.624080000000006,-5.616772511250374,117.93392,124.558,-6.624080000000006,-5.616772511250374,0.0
4e702169-1b6b-4488-9fae-699cfb71a5d4,2025-01-05 20:35:55.459,89.16200256347656,88.34600067138672,0.8160018920898438,0.9151901803785895,89.16200256347656,88.34600067138672,0.8160018920898438,0.9151901803785895,0.0
2c078e60-6c4b-4d76-b434-6495340a5ea4,2025-01-14 22:42:40.009,112.944408,97.15,15.79440799999999,13.984231959496384,112.944408,97.15,15.79440799999999,13.984231959496384,0.0
a599f5d5-fb86-4fc7-96cb-146d8f73d9cb,2025-01-07 17:23:05.227,109.5040054321289,106.05500793457033,3.4489974975585795,3.1496541920526226,109.5040054321289,106.05500793457033,3.4489974975585795,3.1496541920526226,0.0
cb567a99-0b24-4dd4-a80c-12f140592ebd,2025-02-12 14:43:02.461,100.4570083618164,102.93600463867188,-2.4789962768554688,-2.467718596523259,100.4570083618164,102.93600463867188,-2.4789962768554688,-2.467718596523259,0.0
cae8842e-3691-4d4b-a445-960fac6a85c3,2025-03-19 19:09:19.640,95.16500091552734,93.8030014038086,1.36199951171875,1.4311979179485543,95.16500091552734,93.8030014038086,1.36199951171875,1.4311979179485543,0.0
9fc6b008-8bb6-4426-a08b-8c670a4fb156,2025-01-09 00:11:21.175,81.64656,75.27300262451172,6.373557375488275,7.8062779074688216,81.64656,75.27300262451172,6.373557375488275,7.8062779074688216,0.0
ad7da251-8f9b-4104-ac73-4c202f8402a8,2025-01-04 14:46:37.068,113.398,111.05500793457033,2.3429920654296694,2.0661670094972306,113.398,111.05500793457033,2.3429920654296694,2.0661670094972306,0.0
55f9050f-c670-41bb-a371-c4da19122017,2025-01-07 20:46:28.036,104.32616,103.99300384521484,0.3331561547851578,0.31934095416255887,104.32616,103.99300384521484,0.3331561547851578,0.31934095416255887,0.0
e43c93ab-767d-41b1-9a75-3947f78b10f3,2025-05-17 00:45:33.630,97.975872,98.52026137974596,-0.5443893797459651,-0.5556361669799327,97.975872,98.52026137974596,-0.5443893797459651,-0.5556361669799327,0.0
c1c82a12-5852-4f6e-bc20-c78b2ebbc3da,2025-01-13 18:01:29.689,97.975872,,,,97.975872,,,,
f923a34f-0893-4ec1-aab0-0cce363b01ac,2025-02-19 15:32:29.093,95.25432,92.4810028076172,2.7733171923828053,2.911487051067925,95.25432,92.4810028076172,2.7733171923828053,2.911487051067925,0.0
fc5b201a-8497-4654-9d6c-c2deecaf4e78,2025-01-03 18:02:31.883,111.13004,119.929822628,-8.799782628000003,-7.918455377141953,111.13004,119.929822628,-8.799782628000003,-7.918455377141953,0.0
60273e7d-d10e-486c-91d3-66e30645df1c,2025-01-01 18:17:47.061,115.22799682617188,,,,115.22799682617188,,,,
509a50cd-30b2-4c17-bec4-baf5f055bb01,2025-01-01 20:27:52.091,109.179683459,105.0999984741211,4.079684984878909,3.736670464346001,109.179683459,105.0999984741211,4.079684984878909,3.736670464346001,0.0
e0a87791-78a2-4ceb-9a68-23a6b58e2fb6,2025-01-01 13:48:48.947,112.808422419,97.27400207519533,15.534420343804669,13.770621032271658,112.808422419,97.27400207519533,15.534420343804669,13.770621032271658,0.0
6d30e646-1524-4bf2-a87f-5d3aaef5eea5,2025-02-07 16:13:37.436,94.80080533,93.439952,1.3608533299999976,1.4354870987254698,94.80080533,93.439952,1.3608533299999976,1.4354870987254698,0.0
0596a566-6d80-453a-801d-6b1070df89f5,2025-03-12 19:24:46.291,120.20197805,115.19200897216795,5.009969077832039,4.167958929717496,120.20197805,115.19200897216795,5.009969077832039,4.167958929717496,0.0
56cd70f1-cb77-4154-83e0-2a17a9435274,2025-01-18 02:46:46.998,87.996848,86.21300506591797,1.7838429340820312,2.027166852705941,87.996848,86.21300506591797,1.7838429340820312,2.027166852705941,0.0
813f5d30-fe6c-49f9-83e3-579ce64f60ee,2025-05-16 20:16:43.644,96.161504,92.66700744628906,3.494496553710931,3.6339869993203635,96.161504,92.66700744628906,3.494496553710931,3.6339869993203635,0.0
84f40c43-5bb1-4c45-829e-c65f30203e86,2025-06-06 02:12:39.025,129.27382545,126.55227123,2.7215542200000016,2.105263157894738,129.27382545,126.55227123,2.7215542200000016,2.105263157894738,0.0
dee2f996-e3bf-4dfb-ac46-03bf92a3cb8f,2025-03-20 14:20:46.286,102.965384,103.498937977357,-0.5335539773570019,-0.5181877215715545,102.965384,103.498937977357,-0.5335539773570019,-0.5181877215715545,0.0
bc4a4135-64ee-471d-ad6f-134884b9f505,2025-01-10 01:12:39.291,136.0776,130.802001953125,5.27559804687499,3.876904095071481,136.0776,130.802001953125,5.27559804687499,3.876904095071481,0.0
8737e04a-f2e1-4b0a-9001-bfccd43f9946,2025-02-14 22:25:54.633,70.760352,67.1493109682693,3.611041031730693,5.103198231307121,70.760352,67.1493109682693,3.611041031730693,5.103198231307121,0.0
72b134f2-a0c0-4128-93b0-0abb53753aee,2025-01-01 21:54:40.493,61.23492,61.688512,-0.45359200000000044,-0.7407407407407415,61.23492,61.688512,-0.45359200000000044,-0.7407407407407415,0.0
e67cf9da-129d-40d9-bfef-c9702c61e00e,2025-04-12 13:26:27.295,108.5,109.9000015258789,-1.4000015258789062,-1.290323986985167,108.5,109.9000015258789,-1.4000015258789062,-1.290323986985167,0.0
59d325f5-ac10-49a5-9094-2bed62be5e59,2025-01-03 18:24:35.724,108.86208,109.2518017112114,-0.38972171121139354,-0.3579958340051867,108.86208,109.2518017112114,-0.38972171121139354,-0.3579958340051867,0.0
c69e8019-2c0a-4d6d-a358-8d34c011acb1,2025-02-21 05:00:22.891,87.543256,84.9010009765625,2.6422550234374995,3.0182279528619538,87.543256,84.9010009765625,2.6422550234374995,3.0182279528619538,0.0
14c4b151-c7c7-4503-ad43-2054f68adf69,2025-01-13 19:03:45.557,82.09999999999998,80.1500015258789,1.9499984741210739,2.375150394788154,82.09999999999998,80.1500015258789,1.9499984741210739,2.375150394788154,0.0
c2e761c3-9c6e-47c3-bd8e-9a4d75042911,2025-01-17 07:59:14.821,,89.811216,,,,89.811216,,,
2146d3d0-33db-4f45-91cb-c47bfa0ab922,2025-01-11 03:53:38.973,99.79024,88.65400695800781,11.136233041992185,11.159641506015202,99.79024,88.65400695800781,11.136233041992185,11.159641506015202,0.0
ce863697-7010-4271-81c8-71cbf2f9089e,2025-01-17 20:35:04.767,104.32616,100.1999969482422,4.1261630517578,3.9550607937240287,104.32616,100.1999969482422,4.1261630517578,3.9550607937240287,0.0
a7a25f57-cdbe-4adb-9134-6675bf8bfc72,2025-01-01 22:55:30.658,89.357624,,,,89.357624,,,,
684232e4-9edc-4039-bc52-aaa1137ed52c,2025-04-04 00:29:10.478,88.45044,77.8290023803711,10.621437619628907,12.008349104457713,88.45044,77.8290023803711,10.621437619628907,12.008349104457713,0.0
4eff6a34-4245-495e-b3d3-adda847fb177,2025-01-13 20:08:14.702,158.303608,168.783,-10.47939199999999,-6.619806163862033,158.303608,168.783,-10.47939199999999,-6.619806163862033,0.0
2aa02171-4368-48e0-ae86-32175dc94efb,2025-01-28 19:27:00.651,127.00576,126.09200286865234,0.9137571313476514,0.7194611735307528,127.00576,126.09200286865234,0.9137571313476514,0.7194611735307528,0.0
89a87aae-d564-4ddd-aaeb-b947f2f4233e,2025-01-19 17:38:49.419,155.582056,142.3985388196448,13.183517180355182,8.47367461216426,155.582056,142.3985388196448,13.183517180355182,8.47367461216426,0.0
67d92568-dc64-4c26-a512-99518ce26002,2025-01-09 17:04:02.178,111.220849124,104.870555944,6.350293179999994,5.709624796084824,111.220849124,104.870555944,6.350293179999994,5.709624796084824,0.0
eb2a9121-2fa3-4cfc-bf28-1cc26482e2dc,2025-01-06 22:03:21.239,106.5,99.0,7.5,7.042253521126761,106.5,99.0,7.5,7.042253521126761,0.0
dcb52847-0642-4b63-beb1-0c783fe1e93f,2025-03-25 01:39:35.012,74.84268,71.213944,3.6287360000000035,4.848484848484853,74.84268,71.213944,3.6287360000000035,4.848484848484853,0.0
d2a01fcb-59fc-4ede-8e76-81b6ce24b9b6,2025-02-07 05:54:51.161,112.037224,107.9540023803711,4.083221619628901,3.6445223059336973,112.037224,107.9540023803711,4.083221619628901,3.6445223059336973,0.0
c5f9fd51-f936-4d07-9cae-0b9b42743337,2025-01-09 17:15:59.858,70.30676,66.89988433911789,3.4068756608821076,4.8457298571035095,70.30676,66.89988433911789,3.4068756608821076,4.8457298571035095,0.0
a3403db1-f688-41a9-908e-bb1837b6e473,2025-02-03 17:21:24.136,93.893544,90.60900115966795,3.284542840332051,3.498156210113925,93.893544,90.60900115966795,3.284542840332051,3.498156210113925,0.0
0865f0da-33cf-46f2-b137-c9216e30f88a,2025-03-11 17:58:44.581,78.471416,78.6520004272461,-0.1805844272460888,-0.23012765214544972,78.471416,78.6520004272461,-0.1805844272460888,-0.23012765214544972,0.0
40cb12ef-2d5e-4f2d-ba65-797e615b6c53,2025-01-02 18:20:14.590,104.32616,99.88900756835938,4.437152431640627,4.253154176901198,104.32616,99.88900756835938,4.437152431640627,4.253154176901198,0.0
a17f1ec7-ee0e-4a93-b578-bae0cf7f0a4c,2025-01-16 17:45:25.473,97.52228,95.25432,2.267959999999988,2.325581395348825,97.52228,95.25432,2.267959999999988,2.325581395348825,0.0
717c73bc-9701-4e1f-8676-a1f57e9b61bc,2025-01-03 14:59:13.615,117.026736,108.72100830078124,8.305727699218764,7.097290741509498,117.026736,108.72100830078124,8.305727699218764,7.097290741509498,0.0
91a9a2a7-4b51-49ec-888a-25dcbcd34df9,2025-01-07 21:12:20.445,103.418976,104.9000015258789,-1.4810255258789056,-1.4320636145912966,103.418976,104.9000015258789,-1.4810255258789056,-1.4320636145912966,0.0
7df8e4cd-4971-4861-8312-c83918f895e9,2025-04-30 01:23:24.681,129.727312,123.9840087890625,5.743303210937512,4.427212066906551,129.727312,123.9840087890625,5.743303210937512,4.427212066906551,0.0
fc0fd6a0-c6ff-444c-b54b-740b71097e6d,2025-01-06 18:59:39.192,99.79024,97.2990015961646,2.4912384038353963,2.4964750098159865,99.79024,97.2990015961646,2.4912384038353963,2.4964750098159865,0.0
8044ca42-0881-4b19-a3f2-7d092dceb68e,2025-04-04 00:29:39.039,90.30116985015243,86.18248,4.118689850152435,4.561059238753021,90.30116985015243,86.18248,4.118689850152435,4.561059238753021,0.0
278ee4af-4f67-4ba1-9aa4-3215b0bdae67,2025-04-15 00:44:13.305,124.7378,121.10916279,3.6286372099999937,2.9090117109649154,124.7378,121.10916279,3.6286372099999937,2.9090117109649154,0.0
0e5396a1-889c-4410-96f9-d332608542ff,2025-01-01 20:04:14.277,127.00576,,,,127.00576,,,,
aa222df8-858b-4de0-a68a-c0ddd52e63ef,2025-01-07 15:28:54.269,151.046136,142.16200256347656,8.884133436523427,5.881734992892125,151.046136,142.16200256347656,8.884133436523427,5.881734992892125,0.0
cc362fea-1003-4fe8-94ae-1df7d3421f86,2025-02-06 03:00:59.445,127.459352,127.64089014949188,-0.1815381494918853,-0.14242826959600838,127.459352,127.64089014949188,-0.1815381494918853,-0.14242826959600838,0.0
5a039888-1740-4afe-af27-23ab25735717,2025-01-13 22:24:39.502,102.0582,,,,102.0582,,,,
ed989c6c-cc6e-44dc-b079-eadb0df9dc2c,2025-01-02 15:36:16.424,83.91452,,,,83.91452,,,,
3f11f963-a352-4c5b-84cb-7829c75965dc,2025-01-23 17:47:20.805,89.14100646972656,88.45100402832031,0.69000244140625,0.7740572703098026,89.14100646972656,88.45100402832031,0.69000244140625,0.7740572703098026,0.0
51c85ce0-72df-4ccf-9142-796fc191e999,2025-02-01 03:55:15.778,86.18248,84.368112,1.8143680000000018,2.105263157894739,86.18248,84.368112,1.8143680000000018,2.105263157894739,0.0
d18729ed-c68b-43c5-a513-e2eea7c4934c,2025-02-27 21:20:55.377,83.46000671386719,73.028312,10.431694713867188,12.499034117779342,83.46000671386719,73.028312,10.431694713867188,12.499034117779342,0.0
8c756217-a3ab-4ef1-8f20-faea025bf93b,2025-02-24 18:56:00.542,69.8,70.85,-1.0499999999999972,-1.5042979942693369,69.8,70.85,-1.0499999999999972,-1.5042979942693369,0.0
d922b5c3-75b6-4844-b4a6-de1bda4dd312,2025-01-14 01:15:12.863,72.57472,75.29500579833984,-2.7202857983398445,-3.7482553130619647,72.57472,75.29500579833984,-2.7202857983398445,-3.7482553130619647,0.0
ea0e5b33-9459-4063-af35-bc069660848d,2025-01-25 04:53:43.068,139.706336,,,,139.706336,,,,
db85fe45-0843-4a31-989f-f7e353c06040,2025-01-30 23:01:40.905,59.53400421142578,,,,59.53400421142578,,,,
0f1f9263-49fe-4c83-815a-8455c09fe770,2025-01-02 05:15:56.391,108.86208,114.92100524902344,-6.0589252490234315,-5.565689401693804,108.86208,114.92100524902344,-6.0589252490234315,-5.565689401693804,0.0
7bb85e18-6a68-4807-82dc-115b38a185fc,2025-01-07 23:20:37.971,97.52228,92.98643585,4.535844149999988,4.651085013598932,97.52228,92.98643585,4.535844149999988,4.651085013598932,0.0
8e218d66-9a84-46fb-a892-a52815b5de79,2025-02-19 00:46:40.167,127.87500762939452,123.31400299072266,4.561004638671861,3.5667678330784525,127.87500762939452,123.31400299072266,4.561004638671861,3.5667678330784525,0.0
9d4b9757-f73c-45a8-8ee7-91afb54426a9,2025-01-05 09:08:09.326,157.54600524902344,143.82000732421875,13.725997924804688,8.712374460468759,157.54600524902344,143.82000732421875,13.725997924804688,8.712374460468759,0.0
a8201c34-5253-4cbe-99c4-ff97d0b9a8cc,2025-02-14 16:16:13.814,122.46984,122.5987419903852,-0.12890199038518801,-0.10525202807906665,122.46984,122.5987419903852,-0.12890199038518801,-0.10525202807906665,0.0
3fcdaed2-a17b-4be6-857c-a068a0285d29,2025-01-25 00:53:17.452,106.14061458,102.96546799,3.1751465900000113,2.991452991453002,106.14061458,102.96546799,3.1751465900000113,2.991452991453002,0.0
4b9863e1-35d5-4c84-8bf6-9425f2e1bd4f,2025-01-14 16:10:07.271,99.79024,96.61517481,3.175065189999998,3.1817392061588365,99.79024,96.61517481,3.175065189999998,3.1817392061588365,0.0
c40f7a0e-33c6-4e2c-a7a1-2fe60f4d9f15,2025-04-09 08:10:17.851,176.90088,167.4630126953125,9.4378673046875,5.335116085735414,176.90088,167.4630126953125,9.4378673046875,5.335116085735414,0.0
c42ce87b-d1e2-444e-96cb-a16d286e1b7b,2025-01-02 16:00:21.825,94.93500518798828,85.61300659179688,9.321998596191406,9.819348066324094,94.93500518798828,85.61300659179688,9.321998596191406,9.819348066324094,0.0
e1fd1373-99cc-4e6d-b7d5-d65b699caff9,2025-01-13 18:26:31.941,86.18248,85.72895793,0.4535220699999911,0.5262346476917247,86.18248,85.72895793,0.4535220699999911,0.5262346476917247,0.0
4d573011-05e0-4ef7-b3c8-6e7ec51e999c,2025-01-07 22:28:15.134,96.796611758,95.299756937,1.4968548209999994,1.5463917525773192,96.796611758,95.299756937,1.4968548209999994,1.5463917525773192,0.0
6b400158-2188-47a6-aa55-c1012c806020,2025-01-14 02:52:36.699,104.32616,105.959177632,-1.633017632000005,-1.5653002391729984,104.32616,105.959177632,-1.633017632000005,-1.5653002391729984,0.0
59073cbe-4415-40e3-99ea-fed5c4585ad4,2025-01-08 14:57:03.280,100.697424,100.64100646972656,0.056417530273435545,0.0560267860212944,100.697424,100.64100646972656,0.056417530273435545,0.0560267860212944,0.0
854bc592-8144-47ec-bfaf-7184f17d6063,2025-01-12 21:31:44.421,106.50348986025406,99.42744611974597,7.076043740508098,6.643954812929374,106.50348986025406,99.42744611974597,7.076043740508098,6.643954812929374,0.0
1a4e17ca-58a4-4fb0-a6fa-2758fc1ec1db,2025-01-29 20:10:32.573,105.04600524902344,96.64800262451172,8.398002624511719,7.994594943999349,105.04600524902344,96.64800262451172,8.398002624511719,7.994594943999349,0.0
7a946d85-7ce6-415e-8a71-c47e89e22428,2025-01-07 22:45:31.506,109.20000457763672,,,,109.20000457763672,,,,
d17bce1c-5b6d-4215-9f33-06c2f916ddba,2025-01-27 18:40:39.383,83.91452,80.999168852062,2.915351147937997,3.474191531975631,83.91452,80.999168852062,2.915351147937997,3.474191531975631,0.0
8b634622-7dac-4c1b-8bde-b40b3c9f9af0,2025-01-06 17:16:04.465,169.4870147705078,167.34800720214844,2.139007568359375,1.2620480520325859,169.4870147705078,167.34800720214844,2.139007568359375,1.2620480520325859,0.0
cea69f0f-b3d8-487e-9e29-5c0829d6224c,2025-01-13 23:47:38.574,133.80964,118.024734674,15.784905326,11.796538221013076,133.80964,118.024734674,15.784905326,11.796538221013076,0.0
6d587aeb-9142-4109-841b-fcaa377d26d9,2025-01-15 03:54:01.129,104.32616,101.34000396728516,2.9861560327148453,2.8623271792183718,104.32616,101.34000396728516,2.9861560327148453,2.8623271792183718,0.0
de37c604-099f-4415-98f5-553133bc7037,2025-01-31 01:49:14.050,127.2030029296875,126.50000762939452,0.702995300292983,0.552656214163096,127.2030029296875,126.50000762939452,0.702995300292983,0.552656214163096,0.0
127a6631-4fbd-4a8c-a5e6-17ebcc3f5a1b,2025-02-12 19:58:12.309,104.32616,97.6999969482422,6.6261630517578,6.351391685228134,104.32616,97.6999969482422,6.6261630517578,6.351391685228134,0.0
b0c2e02c-03ee-4d7f-8cb0-09c0d70537ee,2025-04-01 23:11:37.333,114.52400207519533,111.13900756835938,3.3849945068359517,2.9557074896958264,114.52400207519533,111.13900756835938,3.3849945068359517,2.9557074896958264,0.0
8222b7e9-be93-4e7a-b51b-54bfe60bdd16,2025-03-05 22:43:04.674,113.398,113.8270034790039,-0.4290034790039101,-0.3783166184623275,113.398,113.8270034790039,-0.4290034790039101,-0.3783166184623275,0.0
e8e576eb-8054-4b9f-b1ec-44e5f51829d1,2025-01-10 00:15:03.149,70.30676,69.19778068314025,1.1089793168597453,1.577343795759818,70.30676,69.19778068314025,1.1089793168597453,1.577343795759818,0.0
262e084b-6d5c-490c-af3a-d926d6c44966,2025-01-29 04:31:45.611,91.17206637,89.58441925048828,1.5876471195117148,1.741374505068942,91.17206637,41.14900207519531,50.02306429480468,54.86665629777223,53.12528179270329
65d8dbf5-3b35-44fd-976c-babcab06ff37,2025-03-05 23:48:46.217,114.758776,,,,114.758776,,,,
3e08563d-853e-4eb2-b678-ee17d09e332f,2025-01-07 01:02:46.561,88.76,84.95,3.8100000000000023,4.292474087426771,88.76,84.95,3.8100000000000023,4.292474087426771,0.0
947d0636-2d26-457e-8231-0cc906882dec,2025-03-29 18:32:42.538,170.550592,149.5830078125,20.967584187499995,12.294055354261095,170.550592,149.5830078125,20.967584187499995,12.294055354261095,0.0
da9e75f3-bf2e-459e-a64c-6bd37aa59169,2025-01-17 22:34:39.818,74.84274105,70.98720590500001,3.8555351449999904,5.151515151515139,74.84274105,70.98720590500001,3.8555351449999904,5.151515151515139,0.0
edde8d68-07e3-4b32-bcfb-fda525a18c11,2025-03-28 02:01:46.199,110.89800262451172,104.79500579833984,6.102996826171875,5.503252251382689,110.89800262451172,104.79500579833984,6.102996826171875,5.503252251382689,0.0
be730254-f25e-4c89-b2aa-423bfb5310bc,2025-05-10 22:46:16.892,129.27372,,,,129.27372,,,,
f9488fdc-b634-4db6-b608-59d04b0eb900,2025-01-27 18:53:20.218,116.573144,114.00800323486328,2.565140765136718,2.200456020244867,116.573144,114.00800323486328,2.565140765136718,2.200456020244867,0.0
adee028f-1f1d-4b56-ad4a-6be84e7a918e,2025-03-09 00:22:22.827,103.872568,98.02700805664062,5.845559943359376,5.627626288549424,103.872568,98.02700805664062,5.845559943359376,5.627626288549424,0.0
2089021b-d8e7-463a-868f-1e223b976bb2,2025-02-14 23:39:26.715,92.98636,94.982242278,-1.9958822779999963,-2.146424785312594,92.98636,94.982242278,-1.9958822779999963,-2.146424785312594,0.0
a1ea49f4-50d2-40b8-9f15-5463919a8f98,2025-01-06 15:26:02.895,80.739376,78.9590072631836,1.7803687368163992,2.20508112029055,80.739376,78.9590072631836,1.7803687368163992,2.20508112029055,0.0
8ca8d884-11cd-4eb6-911c-e870e914e7b2,2025-03-31 16:03:50.194,107.54800415039062,111.54600524902344,-3.9980010986328125,-3.7174107787645925,107.54800415039062,111.54600524902344,-3.9980010986328125,-3.7174107787645925,0.0
6805eb77-6249-48bf-92ae-5536c1cc2a24,2025-05-29 22:11:32.407,82.553744,79.38700103759766,3.1667429624023384,3.8359773996468753,82.553744,79.38700103759766,3.1667429624023384,3.8359773996468753,0.0
053371ad-bf54-4fa7-ab10-0e8c8cc5a222,2025-05-28 19:27:03.217,99.64700317382812,94.94100189208984,4.706001281738281,4.722672164589786,99.64700317382812,94.94100189208984,4.706001281738281,4.722672164589786,0.0
19ff69fb-d10f-4958-af39-3abe35205700,2025-01-02 17:33:06.768,197.31252,194.8,2.512519999999995,1.2733707926896858,197.31252,194.8,2.512519999999995,1.2733707926896858,0.0
5473c09d-a339-4200-857b-f6d42b74855b,2025-03-24 13:27:53.712,104.32600402832033,98.51100158691406,5.815002441406264,5.573876326968033,104.32600402832033,98.51100158691406,5.815002441406264,5.573876326968033,0.0
c69e4498-fc12-4a83-bf8d-5c0f564cc35b,2025-04-03 20:38:30.978,99.79024,102.08000183105467,-2.289761831054676,-2.2945749314308457,99.79024,102.08000183105467,-2.289761831054676,-2.2945749314308457,0.0
e614f319-9d97-4ef7-a5db-2122bb06aa48,2025-01-12 02:03:13.569,88.58658986100002,,,,88.58658986100002,,,,
ffb8e79a-59fd-4e50-8fc4-eaf9a68d3861,2025-01-09 19:21:37.693,63.50288,64.410064,-0.907184000000008,-1.4285714285714413,63.50288,64.410064,-0.907184000000008,-1.4285714285714413,0.0
dc7ff053-04bf-45dd-b12f-b4064bee2f32,2025-01-15 21:52:51.428,81.86000061035156,77.05173589190001,4.808264718451554,5.873765798437494,81.86000061035156,77.05173589190001,4.808264718451554,5.873765798437494,0.0
2d0e1ee2-6bba-4c80-8ecd-cd5d49e4f050,2025-05-29 20:36:54.904,95.25432,94.86200714111328,0.39231285888672573,0.41185833764466084,95.25432,94.86200714111328,0.39231285888672573,0.41185833764466084,0.0
a76e10b7-0625-46a8-a4ed-71dac6ed4031,2025-03-25 19:38:44.749,68.0388,66.44946883218293,1.5893311678170647,2.335918869552468,68.0388,66.44946883218293,1.5893311678170647,2.335918869552468,0.0
7d11c4df-cf7e-4f6c-84c3-5181ace2da4c,2025-01-17 20:07:42.271,124.7378,119.91000366210938,4.827796337890618,3.87035552806817,124.7378,119.91000366210938,4.827796337890618,3.87035552806817,0.0
5a281522-879c-49bd-983b-22caf8f9a231,2025-01-07 13:55:08.500,93.439952,89.02400207519531,4.415949924804693,4.725976234239389,93.439952,89.02400207519531,4.415949924804693,4.725976234239389,0.0
1fb73811-9d3e-4999-a566-6921d8128039,2025-01-28 22:31:18.264,105.233344,107.229236268,-1.9958922679999915,-1.8966348422796404,105.233344,107.229236268,-1.9958922679999915,-1.8966348422796404,0.0
c1587d7a-d179-4d0f-9e13-608c188ca179,2025-04-28 15:58:09.912,147.4174,132.90256441,14.51483558999999,9.846080306666643,147.4174,132.90256441,14.51483558999999,9.846080306666643,0.0
acd47dd4-1025-4324-8575-f7d886fa633b,2025-01-02 03:39:22.819,89.811216,78.51300048828125,11.298215511718752,12.579960515976927,89.811216,78.51300048828125,11.298215511718752,12.579960515976927,0.0
b5fa8cb7-fb36-4616-b67e-c15931d0f5a0,2025-02-10 20:24:18.263,93.622,87.0,6.622,7.073123838414048,93.622,87.0,6.622,7.073123838414048,0.0
c44c5ec5-c901-4a6c-bbe8-1418539174e7,2025-01-15 19:32:31.153,90.7184,89.22200775146484,1.4963922485351588,1.6494914466471617,90.7184,89.22200775146484,1.4963922485351588,1.6494914466471617,0.0
59cf6771-0f1b-464e-9a86-a03833b28b8f,2025-01-13 18:45:29.479,117.93392,108.95878397481,8.975136025189997,7.610309252155781,117.93392,108.95878397481,8.975136025189997,7.610309252155781,0.0
8e433b86-54ba-4b87-b135-3eadd81cd1af,2025-01-14 20:35:03.402,84.23210310900001,81.28500366210938,2.9470994468906326,3.498784119253152,84.23210310900001,81.28500366210938,2.9470994468906326,3.498784119253152,0.0
78f725ea-0255-4e48-9d47-ed0c3a89feba,2025-02-17 03:05:33.897,60.327736,,,,60.327736,,,,
bf2faf44-8aff-4875-86b5-f8f53409bfd1,2025-01-24 18:54:58.081,99.336648,95.163679226,4.172968773999997,4.200835097636873,99.336648,95.163679226,4.172968773999997,4.200835097636873,0.0
40ea7b2e-4033-42ff-8e8e-81cbbfbf6b94,2025-02-03 05:41:37.022,94.483290671,87.99300384521484,6.490286825785162,6.869242994917451,94.483290671,87.99300384521484,6.490286825785162,6.869242994917451,0.0
3103b161-d449-47d0-aac9-721e037854c3,2025-01-02 16:56:17.554,201.84844,203.3979128936668,-1.5494728936668025,-0.7676417482675627,201.84844,203.3979128936668,-1.5494728936668025,-0.7676417482675627,0.0
6d3deebd-3a61-4685-b5b2-3e5035b54575,2025-01-02 19:56:11.353,70.30676,66.95023381200001,3.3565261879999895,4.774115871645898,70.30676,66.95023381200001,3.3565261879999895,4.774115871645898,0.0
0bd27f80-29c6-4247-a3fa-1dd3ba028050,2025-04-30 21:30:42.437,126.098576,115.8988107397418,10.19976526025819,8.088723587376743,126.098576,115.8988107397418,10.19976526025819,8.088723587376743,0.0
e8f680ed-10fa-4313-8973-cf80538f2079,2025-05-18 14:47:02.578,109.315672,101.379,7.9366720000000015,7.260324027464242,109.315672,101.379,7.9366720000000015,7.260324027464242,0.0
c8897785-07c5-447d-9a5c-a68a79bde658,2025-01-09 15:33:21.406,112.175,113.218,-1.0430000000000064,-0.9297971918876812,112.175,113.218,-1.0430000000000064,-0.9297971918876812,0.0
41e19c4b-46a7-4049-b49d-2b7594dd1243,2025-03-25 18:35:00.366,89.811216,79.01200103759766,10.799214962402345,12.024350012589013,89.811216,79.01200103759766,10.799214962402345,12.024350012589013,0.0
19b964d6-f4f0-4052-9820-981ab291609a,2025-01-05 04:25:08.323,93.64000701904295,85.84300231933594,7.797004699707017,8.326574236716356,93.64000701904295,85.84300231933594,7.797004699707017,8.326574236716356,0.0
e09424f9-67c2-48ae-aa7f-99378beff33f,2025-01-07 14:51:57.665,109.769264,110.17758178710938,-0.40831778710936817,-0.3719782498581462,109.769264,110.17758178710938,-0.40831778710936817,-0.3719782498581462,0.0
c873dbb1-a140-4b1b-9402-71a7534ac09f,2025-01-13 17:55:56.843,88.45044,79.89918013926982,8.551259860730184,9.66785451912979,88.45044,79.89918013926982,8.551259860730184,9.66785451912979,0.0
5a1c266f-622b-405a-8df9-d06bec88466a,2025-01-08 18:40:23.408,101.15109851,98.88313666,2.267961849999992,2.242152466367705,101.15109851,98.88313666,2.267961849999992,2.242152466367705,0.0
9c9e46e3-4311-46d1-aa12-f31acdb723b0,2025-02-17 17:51:00.506,87.543256,83.65,3.893255999999994,4.44723691794145,87.543256,83.65,3.893255999999994,4.44723691794145,0.0
c7875d2e-9f54-46de-81c0-66a62f765a24,2025-02-05 03:15:06.031,131.54168,131.76858348500002,-0.22690348500000823,-0.172495504846835,131.54168,131.76858348500002,-0.22690348500000823,-0.172495504846835,0.0
ebb881c8-0fb6-4489-a3b6-f01d76cf69a1,2025-02-23 05:21:02.819,99.79024,100.243832,-0.45359200000000044,-0.454545454545455,99.79024,100.243832,-0.45359200000000044,-0.454545454545455,0.0
2ee7c053-b554-47c3-88ec-32083ca2b037,2025-01-31 02:21:33.808,137.77005848471342,128.96400451660156,8.806053968111854,6.391848900237601,137.77005848471342,128.96400451660156,8.806053968111854,6.391848900237601,0.0
b4d13ca2-3f45-49a5-9256-ec18284f448f,2025-01-16 23:27:26.491,144.65060679299998,139.2670135498047,5.383593243195293,3.7217909848794486,144.65060679299998,139.2670135498047,5.383593243195293,3.7217909848794486,0.0
27368d52-77ba-44ce-a6a1-71db794b8fea,2025-01-07 15:27:11.591,95.25432,102.05828325,-6.803963249999995,-7.142944540468081,95.25432,102.05828325,-6.803963249999995,-7.142944540468081,0.0
36e39ecc-e493-4797-aa55-f26d64a63844,2025-01-07 17:57:01.819,99.79024,99.61,0.18023999999999774,0.18061886613359956,99.79024,99.61,0.18023999999999774,0.18061886613359956,0.0
081763cb-2132-413d-aaaa-d4c6d803251b,2025-02-15 15:10:02.793,107.047712,72.30262100949187,34.74509099050813,32.4575746098227,107.047712,72.30262100949187,34.74509099050813,32.4575746098227,0.0
7639eed1-4ebd-45f5-8a25-5e8b7ca50cd7,2025-06-03 13:51:26.620,122.46984,114.6988230530594,7.771016946940605,6.345249529958237,122.46984,114.6988230530594,7.771016946940605,6.345249529958237,0.0
fbab3dd6-9479-4a30-8696-fbf9e276bf6a,2025-01-14 16:35:50.887,86.636072,78.32000732421875,8.316064675781249,9.598847782227764,86.636072,78.32000732421875,8.316064675781249,9.598847782227764,0.0
d3852340-12af-4ba8-b458-311ef4da7a2e,2025-01-08 01:07:13.256,90.264808,88.43600463867188,1.8288033613281272,2.0260424874865155,90.264808,88.43600463867188,1.8288033613281272,2.0260424874865155,0.0
017b15d2-4824-4246-b168-0c24ccd98f4b,2025-01-07 18:34:45.738,98.883056,91.41000366210938,7.473052337890621,7.557464989644556,98.883056,91.41000366210938,7.473052337890621,7.557464989644556,0.0
61fdd56a-d83b-4371-a24b-a1dff1272b77,2025-02-13 17:25:00.406,160.0,159.35000610351562,0.649993896484375,0.4062461853027344,160.0,159.35000610351562,0.649993896484375,0.4062461853027344,0.0
19477f84-434d-4a80-aebb-b293d3b1ec26,2025-01-29 02:20:44.521,90.7184,85.558,5.160399999999996,5.688371928958177,90.7184,85.558,5.160399999999996,5.688371928958177,0.0
6d1442ec-19b6-4c26-89c5-6c4ce719e6bc,2025-02-28 12:57:14.600,143.335072,132.2570037841797,11.07806821582031,7.728791049702273,143.335072,132.2570037841797,11.07806821582031,7.728791049702273,0.0
ef386d96-2c39-4336-bec8-802b70e93e02,2025-01-07 15:09:27.157,107.954896,105.505585262,2.4493107380000083,2.2688278426946087,107.954896,105.505585262,2.4493107380000083,2.2688278426946087,0.0
05183c3a-3c6a-4d4f-bb88-92f9396394cf,2025-01-03 20:28:24.360,101.73400115966795,99.40300750732422,2.330993652343736,2.2912631232161242,101.73400115966795,99.40300750732422,2.330993652343736,2.2912631232161242,0.0
ae753719-686a-4029-b407-373e95371f1e,2025-02-27 07:28:51.355,72.57472,71.27000427246094,1.3047157275390617,1.797755096456537,72.57472,71.27000427246094,1.3047157275390617,1.797755096456537,0.0
2bb01912-b40d-460c-a3a7-b9618a7316bc,2025-01-13 22:34:01.250,80.739376,80.28584949,0.453526509999989,0.561716639970055,80.739376,80.28584949,0.453526509999989,0.561716639970055,0.0
68d91c81-f930-4c51-9040-973532120af1,2025-01-09 15:59:11.129,120.655472,114.2598248,6.395647199999999,5.300751879699248,120.655472,114.2598248,6.395647199999999,5.300751879699248,0.0
c9102db1-e5cb-42d0-9069-5b32f2778489,2025-01-16 17:42:52.980,139.706336,142.42800418000002,-2.721668180000023,-1.9481351082029832,139.706336,142.42800418000002,-2.721668180000023,-1.9481351082029832,0.0
180b2476-d516-466d-87b7-106757c2f2dc,2025-01-13 18:00:16.812,106.140528,107.89700317382812,-1.7564751738281217,-1.6548581460119753,106.140528,107.89700317382812,-1.7564751738281217,-1.6548581460119753,0.0
ff331a14-b4c4-4e40-a3a1-76ca7d984eb8,2025-03-13 02:34:13.539,81.64656,84.70600128173828,-3.0594412817382874,-3.7471772010214366,81.64656,84.70600128173828,-3.0594412817382874,-3.7471772010214366,0.0
57c0d75f-ff35-40b8-a116-6a9604b65c9f,2025-06-02 23:40:39.809,136.0776,130.634496,5.443103999999977,3.9999999999999836,136.0776,130.634496,5.443103999999977,3.9999999999999836,0.0
11f74dd9-e73d-4d1b-8633-4cb7c5b1865d,2025-01-17 15:16:16.107,70.30676,,,,70.30676,,,,
18ee250a-44dc-4953-902c-29536feb63d7,2025-01-03 19:58:42.920,77.1107029,68.764603292,8.346099608000003,10.823529411764708,77.1107029,68.764603292,8.346099608000003,10.823529411764708,0.0
ea00038d-7907-4f2d-b45e-9cc7dc4198e0,2025-01-29 05:20:18.422,83.91452,79.83219199999999,4.082328000000004,4.86486486486487,83.91452,79.83219199999999,4.082328000000004,4.86486486486487,0.0
3b871ca3-9b77-4ef2-bed7-6c4c1eb6e619,2025-03-11 16:49:57.269,181.4368,171.457776,9.97902400000001,5.500000000000005,181.4368,171.457776,9.97902400000001,5.500000000000005,0.0
7bb523ea-4dac-4f07-b073-815f64321616,2025-01-02 19:53:00.187,102.0582,102.05819702148438,2.9785156243633537e-06,2.9184481250535023e-06,102.0582,102.05819702148438,2.9785156243633537e-06,2.9184481250535023e-06,0.0
8b9b9bef-5e7b-4f58-a9d6-ae45fc0e2147,2025-01-17 01:37:59.644,83.27955913199999,82.780607525,0.4989516069999951,0.5991285403050051,83.27955913199999,82.780607525,0.4989516069999951,0.5991285403050051,0.0
3463d01b-fb4e-49cc-bc00-bf7739bd92a4,2025-04-14 01:06:22.781,90.899910948,85.68900299072266,5.2109079572773425,5.732577626240231,90.899910948,85.68900299072266,5.2109079572773425,5.732577626240231,0.0
810560ca-9f2f-4daa-b67d-5d9c5238f7cf,2025-04-24 16:27:41.532,105.233344,99.2030029296875,6.030341070312502,5.730447062779363,105.233344,99.2030029296875,6.030341070312502,5.730447062779363,0.0
4e3ba2e8-45e9-4ee1-95c4-7e1e1aa7647d,2025-01-13 21:17:37.241,126.098576,,,,126.098576,,,,
c0da9cea-647d-4507-8609-2c6429367df4,2025-01-13 21:16:09.473,96.615096,102.19000000000112,-5.574904000001126,-5.770220421869815,96.615096,102.19000000000112,-5.574904000001126,-5.770220421869815,0.0
d2104339-23a5-471c-b816-34f1843d7e32,2025-01-16 03:14:17.517,75.296272,78.063246877,-2.7669748769999956,-3.6747833637766227,75.296272,78.063246877,-2.7669748769999956,-3.6747833637766227,0.0
357c5410-f67f-4e4a-98aa-d6244effd8d2,2025-01-10 20:59:56.775,128.366536,122.92800903320312,5.438526966796871,4.2367170886319405,128.366536,122.92800903320312,5.438526966796871,4.2367170886319405,0.0
1711f074-9b4d-46d4-9e4e-24d48def870d,2025-01-29 03:03:50.661,144.36199951171875,145.114013671875,-0.75201416015625,-0.5209225161052194,144.36199951171875,145.114013671875,-0.75201416015625,-0.5209225161052194,0.0
c8ff7f42-ca70-4f9a-b44b-95e15ddaa0f3,2025-01-03 00:37:54.870,117.93392,108.1020050048828,9.831914995117202,8.33679995977171,117.93392,108.1020050048828,9.831914995117202,8.33679995977171,0.0
dd3e2dce-c8f5-47ba-9128-c7b2e91c0c6e,2025-01-01 15:54:17.076,90.718474,,,,90.718474,,,,
beb47f76-28d9-494c-93a0-628838b798d3,2025-01-15 00:20:21.219,78.471416,,,,78.471416,,,,
5df734a0-0b4e-4b04-9f4d-87f46d71f84e,2025-05-06 22:25:11.832,74.389088,80.23200225830078,-5.84291425830078,-7.85453137737188,74.389088,80.23200225830078,-5.84291425830078,-7.85453137737188,0.0
a1eff0dc-8198-4a7c-8782-1cb1ec405fb8,2025-02-04 18:43:18.952,128.366536,123.6570053100586,4.709530689941403,3.668814970547622,128.366536,123.6570053100586,4.709530689941403,3.668814970547622,0.0
1fe1e802-101b-4a5c-8480-16b4f00a638e,2025-01-30 21:26:24.338,90.7184,80.16000366210938,10.558396337890628,11.638649202246322,90.7184,80.16000366210938,10.558396337890628,11.638649202246322,0.0
7c07a3e2-c6be-4651-a77f-1a6fbfde9613,2025-01-23 23:42:35.727,92.98636,86.53800201416016,6.4483579858398485,6.934735358863223,92.98636,86.53800201416016,6.4483579858398485,6.934735358863223,0.0
25de2b78-be1b-4849-9b5c-7406a7f0cacc,2025-01-06 07:09:03.960,83.91452,82.64700317382812,1.267516826171871,1.510485701606672,83.91452,82.64700317382812,1.267516826171871,1.510485701606672,0.0
48caa977-ec86-4a9d-b7e2-fb98eb01102b,2025-01-06 19:25:43.401,89.357624,86.9540023803711,2.4036216196289075,2.6898898068606965,89.357624,86.9540023803711,2.4036216196289075,2.6898898068606965,0.0
1efdc4f6-a46e-4675-95fc-a70623ffd7fb,2025-04-28 18:15:48.200,154.22128,143.4090118408203,10.812268159179695,7.010879535677368,154.22128,143.4090118408203,10.812268159179695,7.010879535677368,0.0
44c7520a-1e58-4671-9bdf-23adebb839da,2025-01-02 00:32:10.878,140.61352,139.38893530100003,1.224584698999962,0.8708868812899088,140.61352,139.38893530100003,1.224584698999962,0.8708868812899088,0.0
e536caee-5085-4e6d-8145-aa3e77089543,2025-03-13 23:16:30.795,94.57,92.48,2.089999999999989,2.2100031722533457,94.57,92.48,2.089999999999989,2.2100031722533457,0.0
998bf5c5-7768-4244-92d9-5250aa11e5f7,2025-01-01 20:38:26.585,98.656340475,98.83600616455078,-0.179665689550788,-0.18211266370286272,98.656340475,98.83600616455078,-0.179665689550788,-0.18211266370286272,0.0
3737eb2e-42af-4e02-ba62-a367b08b4e98,2025-01-18 14:46:45.020,85.47700500488281,80.82300567626953,4.653999328613281,5.44473841631141,85.47700500488281,80.82300567626953,4.653999328613281,5.44473841631141,0.0
5a212768-013e-4d7a-8664-a3656f9448f9,2025-01-05 19:46:19.602,84.368112,83.91458845000001,0.4535235499999857,0.5375532760529069,84.368112,83.91458845000001,0.4535235499999857,0.5375532760529069,0.0
97971d64-9723-4f6d-b1e1-682a94262870,2025-01-01 21:26:59.676,145.60303199999998,140.6,5.00303199999999,3.4360767981809546,145.60303199999998,140.6,5.00303199999999,3.4360767981809546,0.0
f9198672-5410-4112-bb8f-1265afbf024c,2025-02-12 18:27:42.392,90.7184,94.34721296,-3.6288129599999905,-4.000084833947678,90.7184,94.34721296,-3.6288129599999905,-4.000084833947678,0.0
739e498b-e4a9-46d2-82f6-e9b200f26b5e,2025-01-27 19:01:20.941,83.37027899025406,,,,83.37027899025406,,,,
ee11590a-8826-4d21-973e-089ec36dbd95,2025-01-16 01:51:03.803,117.026736,110.086868199,6.939867801000005,5.930155824392133,117.026736,110.086868199,6.939867801000005,5.930155824392133,0.0
42ab82aa-3df5-48d6-9cb3-5e7de464f253,2025-01-29 05:13:39.761,76.85600280761719,,,,76.85600280761719,,,,
aa67a394-3815-43d2-b098-70f24a465296,2025-01-07 13:59:47.022,111.13004,108.36400604248048,2.766033957519511,2.4890065346143233,111.13004,108.36400604248048,2.766033957519511,2.4890065346143233,0.0
bd4635e1-dc3e-455b-9a24-db1e322f488f,2025-01-03 18:56:23.102,110.676448,103.55500793457033,7.121440065429667,6.434467489803854,110.676448,103.55500793457033,7.121440065429667,6.434467489803854,0.0
44db2e77-4605-4517-acee-90856c71c7ba,2025-01-24 06:43:14.494,106.59412,110.67653828,-4.082418279999999,-3.829871929145809,106.59412,110.67653828,-4.082418279999999,-3.829871929145809,0.0
216d712c-0f00-45c4-86e5-d3a6dd0ea9d1,2025-02-07 04:09:00.485,106.59412,100.3000030517578,6.2941169482422055,5.904750607483982,106.59412,100.3000030517578,6.2941169482422055,5.904750607483982,0.0
09198716-842b-4676-a669-a7ea6441302a,2025-03-01 19:48:07.664,95.25432,89.50000762939453,5.754312370605476,6.040998844572588,95.25432,89.50000762939453,5.754312370605476,6.040998844572588,0.0
c09a70ce-3d4e-44b7-9938-2a7646bc39cd,2025-05-19 14:54:28.933,92.532768,79.49000549316406,13.042762506835942,14.095290553543089,92.532768,79.49000549316406,13.042762506835942,14.095290553543089,0.0
618f5f62-8a5e-4844-bf4d-5a6b1de71ce3,2025-01-03 18:39:13.021,84.821704,83.40021348427643,1.421490515723562,1.6758570609752925,84.821704,83.40021348427643,1.421490515723562,1.6758570609752925,0.0
8e771e26-3c1c-40b4-a940-4c4b4a9d4b81,2025-05-30 17:21:24.431,117.93392,111.9000015258789,6.033918474121094,5.116355391325154,117.93392,111.9000015258789,6.033918474121094,5.116355391325154,0.0
568c26ad-4d3d-4e08-997e-731b944dde68,2025-05-31 00:29:38.640,105.233344,104.93800354003906,0.29534045996093994,0.2806529268526713,105.233344,104.93800354003906,0.29534045996093994,0.2806529268526713,0.0
2caec51a-985d-4b73-9a8a-3c694a60fe5a,2025-01-14 22:13:05.450,94.800728,88.949463757,5.851264243000003,6.17217226749567,94.800728,88.949463757,5.851264243000003,6.17217226749567,0.0
2d840ae1-69fe-4874-8ec9-e207144cf82c,2025-01-14 23:51:57.555,63.50288,62.426002502441406,1.0768774975585913,1.695793163331476,63.50288,62.426002502441406,1.0768774975585913,1.695793163331476,0.0
8cac0543-b9d8-444f-abc2-d1699ef8da91,2025-01-14 21:37:28.189,160.57156799999998,150.70899963378906,9.862568366210922,6.142163577932379,160.57156799999998,150.70899963378906,9.862568366210922,6.142163577932379,0.0
659aefe7-641e-4231-983c-a21f6460eb0d,2025-01-09 22:56:48.999,108.86208,,,,108.86208,,,,
350077ed-1679-4839-b7e6-44e1a5635d70,2025-02-12 03:25:48.912,116.119552,112.63999938964844,3.4795526103515613,2.996526037537211,106.59420695,112.63999938964844,-6.045792439648437,-5.671783310404785,-8.668309347941996
d122437a-e886-402c-8e57-7f574375c68a,2025-01-02 12:42:54.637,119.294696,118.4780044555664,0.8166915444335956,0.6846000466220188,119.294696,118.4780044555664,0.8166915444335956,0.6846000466220188,0.0
486c3c63-aa95-472e-a62f-619247190a8d,2025-01-18 04:49:36.613,119.748288,120.3270034790039,-0.578715479003904,-0.48327662020846923,119.748288,120.3270034790039,-0.578715479003904,-0.48327662020846923,0.0
7034e05f-12a0-449e-881d-1f264dc03806,2025-01-22 18:17:49.468,114.305184,101.96300506591795,12.342178934082042,10.79756709379169,114.305184,101.96300506591795,12.342178934082042,10.79756709379169,0.0
1b8ac3a9-870b-4d1d-a697-60c374369c30,2025-02-07 03:30:07.877,105.686936,106.8590087890625,-1.1720727890624971,-1.1090044175966054,105.686936,106.8590087890625,-1.1720727890624971,-1.1090044175966054,0.0
27180fda-4b00-482b-a0a3-415a1e725a1a,2025-01-23 19:59:58.083,87.12200164794922,81.11600494384766,6.0059967041015625,6.893777221018358,87.12200164794922,81.11600494384766,6.0059967041015625,6.893777221018358,0.0
1283306e-daa6-4a4e-b797-b1036eeb0d24,2025-01-03 17:01:02.478,71.667536,70.53300476074219,1.1345312392578109,1.583047642739958,71.667536,70.53300476074219,1.1345312392578109,1.583047642739958,0.0
458fae75-e1a0-4954-9756-74d98bfa058d,2025-01-01 10:16:50.393,90.7184,90.69896952809,0.019430471909998914,0.021418446434239267,90.7184,90.69896952809,0.019430471909998914,0.021418446434239267,0.0
9e6cb751-8b9b-4e85-b96a-4cada56a5b61,2025-02-01 02:11:55.067,101.151016,98.792418186,2.3585978139999924,2.3317588960253177,101.151016,98.792418186,2.3585978139999924,2.3317588960253177,0.0
38802f22-e2d4-444a-8cb4-1c51a0979a12,2025-01-10 23:21:58.988,81.91878479050811,78.56219709974594,3.3565876907621686,4.097457865550631,81.91878479050811,78.56219709974594,3.3565876907621686,4.097457865550631,0.0
1fa71613-030c-4107-98a3-622e80a37b86,2025-03-11 21:59:22.665,107.501304,100.6520648,6.8492391999999995,6.371308016877636,107.501304,100.6520648,6.8492391999999995,6.371308016877636,0.0
1165b313-b390-4538-8e91-e7c270c7dc33,2025-01-15 22:29:50.113,87.996848,72.82300567626953,15.173842323730469,17.243620275729047,87.996848,72.82300567626953,15.173842323730469,17.243620275729047,0.0
ddab19f2-3820-4ddd-816a-0c44e282aefd,2025-01-17 21:03:26.799,124.7378,116.54600524902344,8.191794750976555,6.567211182958618,124.7378,116.54600524902344,8.191794750976555,6.567211182958618,0.0
d4f318ba-941d-4195-9aa5-78ee615cb283,2025-05-12 08:28:25.340,90.264808,84.09602539800001,6.168782601999993,6.834094857876387,90.264808,84.09602539800001,6.168782601999993,6.834094857876387,0.0
1fbd12ce-9731-4c1a-9f77-ae0530921da9,2025-01-06 16:23:41.373,117.93392,118.1360092163086,-0.20208921630859322,-0.1713580082037409,117.93392,118.1360092163086,-0.20208921630859322,-0.1713580082037409,0.0
18bb50e7-759a-4b74-bb93-493f4e90ff1a,2025-05-18 17:03:14.991,95.08000183105467,83.01200103759766,12.068000793457017,12.692470089451987,95.08000183105467,83.01200103759766,12.068000793457017,12.692470089451987,0.0
cda94b12-bcfa-436b-9fa2-8b9851800a40,2025-01-26 17:48:05.619,127.00576,122.09874712093422,4.907012879065775,3.8636144369088257,127.00576,122.09874712093422,4.907012879065775,3.8636144369088257,0.0
a469f1fb-8eb8-4e32-8361-7ebaff31103e,2025-01-01 21:26:06.355,110.12600708007812,94.84800720214844,15.277999877929688,13.873198786568452,110.12600708007812,94.84800720214844,15.277999877929688,13.873198786568452,0.0
f4c4d580-4f01-420a-8c0f-9bb6539b4e51,2025-01-02 23:06:03.223,115.66596,110.3988671757808,5.267092824219205,4.553710377901333,115.66596,110.3988671757808,5.267092824219205,4.553710377901333,0.0
440c097c-f8c9-4ce4-af1c-a4caf75207f1,2025-02-25 22:03:18.804,91.07300567626952,83.71100616455078,7.361999511718736,8.083624183754177,91.07300567626952,83.71100616455078,7.361999511718736,8.083624183754177,0.0
4bd4fd2f-c8d1-40e8-8466-12e61b7ab375,2025-01-08 06:48:47.662,131.54168,129.02,2.5216800000000035,1.9170197613410465,131.54168,129.02,2.5216800000000035,1.9170197613410465,0.0
ae14d2fe-0a51-4e0b-a69a-bba9f56e3930,2025-04-29 19:40:36.431,69.14800262451172,66.45500183105469,2.6930007934570312,3.894546033499471,69.14800262451172,66.45500183105469,2.6930007934570312,3.894546033499471,0.0
00e76445-7a74-4e39-b48d-3980d2186604,2025-01-20 23:05:04.900,96.479097099,95.027601515,1.451495584,1.5044663845792194,96.479097099,95.027601515,1.451495584,1.5044663845792194,0.0
5cd9c296-14b3-42f7-9b64-4b5eb846705a,2025-01-02 22:20:10.373,79.3786,65.56400299072266,13.81459700927735,17.403427383800356,79.3786,65.56400299072266,13.81459700927735,17.403427383800356,0.0
f4b68af0-e659-4cd7-b7d1-be4d9f10ea48,2025-05-19 22:33:02.275,87.499102154925,84.368112,3.1309901549250014,3.5783111801322294,87.499102154925,84.368112,3.1309901549250014,3.5783111801322294,0.0
e8a43a8a-14bd-43ad-986a-6dc2f0e5ecee,2025-04-26 21:13:43.577,104.32616,102.93500518798828,1.3911548120117203,1.333466900355309,104.32616,102.93500518798828,1.3911548120117203,1.333466900355309,0.0
a4302631-82d3-4d64-86f2-c87791c29d87,2025-06-10 16:17:56.343,94.800728,94.34721296,0.4535150400000134,0.4783877187103599,94.800728,94.34721296,0.4535150400000134,0.4783877187103599,0.0
1867df73-7f3a-4fe4-bb1c-e8fc9b9f9110,2025-03-12 20:09:01.708,114.48671141949188,114.12384306050812,0.3628683589837607,0.31695238205783655,114.48671141949188,114.12384306050812,0.3628683589837607,0.31695238205783655,0.0
fbd6cf6b-343d-4329-b32f-4c2416be3c28,2025-01-07 01:24:11.202,92.98636,,,,92.98636,,,,
9d777a45-9e48-4311-b491-7da45ffd99ff,2025-01-01 17:10:37.822,95.25432,81.2491662867875,14.005153713212508,14.702906611702762,95.25432,81.2491662867875,14.005153713212508,14.702906611702762,0.0
d5c89cc3-be0d-4c2d-9b22-137961c813a6,2025-01-23 15:09:36.722,103.872568,99.33672903,4.53583897,4.366734218027613,103.872568,99.33672903,4.53583897,4.366734218027613,0.0
9b58282b-5daa-496b-ac58-1401476b0757,2025-01-01 18:25:34.489,81.64656,75.66100311279297,5.985556887207025,7.331058267742113,81.64656,75.66100311279297,5.985556887207025,7.331058267742113,0.0
d7778216-9525-4e3d-b7e6-979907b1dacb,2025-01-15 17:46:19.166,120.655472,122.9800033569336,-2.3245313569335906,-1.9265859379619272,120.655472,122.9800033569336,-2.3245313569335906,-1.9265859379619272,0.0
70854f5c-c84b-4da9-bfb5-754f8a026c26,2025-01-02 18:25:10.151,131.54168,128.820128,2.7215520000000026,2.0689655172413812,131.54168,128.820128,2.7215520000000026,2.0689655172413812,0.0
60ed8221-2afe-4586-a8af-dce50f7c297d,2025-01-14 02:25:54.888,145.14944,131.405709589,13.743730411000001,9.468676152660322,145.14944,131.405709589,13.743730411000001,9.468676152660322,0.0
1e3542fa-ac9d-48b6-a6f4-c7555fec3414,2025-01-05 00:17:18.676,63.50288,64.19600677490234,-0.6931267749023462,-1.0914887244520977,63.50288,64.19600677490234,-0.6931267749023462,-1.0914887244520977,0.0
285c20f7-2f7b-4bb7-8134-abdaaa58c9de,2025-01-16 21:43:24.311,145.14944,,,,145.14944,,,,
da639c4f-486f-4a0a-a9a4-a728345c194f,2025-01-02 13:01:51.125,104.32616,104.09893182069818,0.22722817930181805,0.21780556219247216,104.32616,104.09893182069818,0.22722817930181805,0.21780556219247216,0.0
923ffed0-81aa-4df4-a48a-656db6b175bc,2025-01-02 13:21:40.301,72.57472,71.90299987792969,0.6717201220703117,0.9255566154031484,72.57472,71.90299987792969,0.6717201220703117,0.9255566154031484,0.0
6aadb0c7-896d-472b-ab1b-96b60afb21ff,2025-01-06 20:49:19.454,88.45044,86.29899597167969,2.151444028320313,2.432372329996677,88.45044,86.29899597167969,2.151444028320313,2.432372329996677,0.0
bbeaf392-5c08-4258-8a1d-f82f43e01cae,2025-01-02 23:03:50.616,97.52228,96.2,1.3222799999999921,1.355874780614227,97.52228,96.2,1.3222799999999921,1.355874780614227,0.0
eb1e0845-b0b4-43b9-9de8-6f6e7c5a1907,2025-01-06 19:54:56.820,162.385936,157.262,5.123935999999986,3.1554062662175295,162.385936,157.262,5.123935999999986,3.1554062662175295,0.0
5a608abb-590b-4019-a39f-5cf771862000,2025-01-13 23:37:51.995,76.203456,,,,76.203456,,,,
2d4c9894-b31e-4647-9e89-010b278d7fbd,2025-01-13 18:33:26.909,108.86208,103.10400390625,5.758076093750006,5.289331320649032,108.86208,103.10400390625,5.758076093750006,5.289331320649032,0.0
a0dbf255-e74a-4cb4-8242-8b74afe385ba,2025-06-09 16:56:55.989,133.356048,129.9600067138672,3.3960412861327995,2.546597126313161,133.356048,129.9600067138672,3.3960412861327995,2.546597126313161,0.0
3fc2c2cc-b2e7-4a36-861c-aa997d099398,2025-01-04 19:24:29.414,92.98636,95.571912359,-2.5855523589999905,-2.7805716440561716,92.98636,95.571912359,-2.5855523589999905,-2.7805716440561716,0.0
84b7a32e-37a1-492d-9063-60b20b8dc66d,2025-03-05 00:51:11.678,103.00800323486328,102.5120086669922,0.49599456787107954,0.4815107101340347,103.00800323486328,102.5120086669922,0.49599456787107954,0.4815107101340347,0.0
375d56cb-7acf-4a09-8009-f4ef5b59e74c,2025-01-01 20:41:39.165,117.93392,120.5500030517578,-2.6160830517577978,-2.21826176197467,117.93392,120.5500030517578,-2.6160830517577978,-2.21826176197467,0.0
efeb5563-b166-4a86-86b1-96f47a3b6a55,2025-01-13 12:52:41.379,88.904032,45.359237,43.544795,48.97955021882472,88.904032,45.359237,43.544795,48.97955021882472,0.0
485fcc42-0528-499f-9072-4e75670706a1,2025-01-10 14:57:26.510,81.64656,81.738,-0.09144000000000574,-0.11199492054534294,81.64656,81.738,-0.09144000000000574,-0.11199492054534294,0.0
2fa1dbcb-bcdd-431f-a007-a56008fc8fe1,2025-01-02 15:32:10.907,92.532768,88.56700134277344,3.965766657226567,4.285797067290332,92.532768,88.56700134277344,3.965766657226567,4.285797067290332,0.0
a817ea09-9e2a-4260-b0bc-4ab33805334f,2025-01-20 17:18:05.238,78.031005859375,77.89600372314453,0.13500213623046875,0.17301088809974502,78.031005859375,77.89600372314453,0.13500213623046875,0.17301088809974502,0.0
ad1fdab5-776d-4ef1-ba58-ca97433655a4,2025-03-08 00:49:41.943,99.79024,96.615096,3.175144000000003,3.1818181818181848,99.79024,96.615096,3.175144000000003,3.1818181818181848,0.0
01b7e42d-16dd-4f28-b2d6-3043346b27ec,2025-03-19 23:44:13.888,89.357624,82.35,7.007624000000007,7.842222841556314,89.357624,82.35,7.007624000000007,7.842222841556314,0.0
de0c3d96-b4c8-44eb-95f1-1eea834e4964,2025-01-02 08:54:49.291,127.00576,127.50482177734376,-0.4990617773437691,-0.3929442076829973,127.00576,127.50482177734376,-0.4990617773437691,-0.3929442076829973,0.0
05aa8f10-176a-4d95-8340-3ef1798cb6db,2025-04-15 20:50:15.162,120.54200744628906,119.16900634765624,1.3730010986328267,1.1390229246386214,120.54200744628906,119.16900634765624,1.3730010986328267,1.1390229246386214,0.0
9cf7edc9-3b4c-4533-984f-539a9d9a4360,2025-04-21 23:10:31.578,107.954896,98.6050033569336,9.349892643066411,8.660925061765063,107.954896,98.6050033569336,9.349892643066411,8.660925061765063,0.0
7341e885-c5b7-4083-9894-16b323daca8e,2025-03-25 23:57:14.432,107.954896,106.77555847167967,1.1793375283203318,1.0924354262916725,107.954896,106.77555847167967,1.1793375283203318,1.0924354262916725,0.0
ce8aff2e-3e46-4af4-839e-e275e185d87e,2025-04-02 03:50:03.292,118.84120094,,,,118.84120094,,,,
ddb03de0-d94e-419e-8011-9164cd197d11,2025-01-01 17:26:18.670,130.72532657101624,119.92981985949189,10.795506711524354,8.258160063313913,130.72532657101624,119.92981985949189,10.795506711524354,8.258160063313913,0.0
3d29f0ea-b1b1-4479-a925-90c6ce8b4890,2025-01-17 00:08:37.412,81.64656,80.96623804500001,0.6803219549999824,0.8332524419889612,81.64656,80.96623804500001,0.6803219549999824,0.8332524419889612,0.0
7ad07db5-293a-4009-ad11-0adb1bf0c206,2025-06-09 23:23:33.161,105.233344,100.5989677345412,4.634376265458798,4.403904778944208,105.233344,100.5989677345412,4.634376265458798,4.403904778944208,0.0
65ae8194-b5d3-444b-972e-6f02b97ea6a1,2025-01-06 02:56:48.763,130.634496,126.9,3.734496000000007,2.8587364856523094,130.634496,126.9,3.734496000000007,2.8587364856523094,0.0
6f644cf6-0cab-44bd-a902-4e4da1926e21,2025-01-14 04:43:30.922,92.98636,,,,92.98636,,,,
a220d706-ba76-4626-b6f3-32c6811472d2,2025-01-06 04:45:25.520,113.398,106.185973817,7.212026182999992,6.359923616818632,113.398,106.185973817,7.212026182999992,6.359923616818632,0.0
e022b062-4e7a-471e-83fb-ae77f0a90250,2025-01-13 18:15:35.913,130.9560089111328,116.24200439453124,14.714004516601577,11.235837621308809,130.9560089111328,116.24200439453124,14.714004516601577,11.235837621308809,0.0
451f9daf-61a7-4aac-aaf9-8f5676c32539,2025-01-11 04:30:00.769,113.398,,,,113.398,,,,
727204f3-0b0d-40ea-be83-07ab0a995777,2025-01-01 16:52:12.185,68.0388,67.89279593298173,0.14600406701826785,0.21458942106308146,68.0388,67.89279593298173,0.14600406701826785,0.21458942106308146,0.0
819d8637-bebd-4996-b9f9-fdfb30ca37db,2025-02-06 00:50:59.844,153.767688,135.714837104,18.052850895999995,11.740340985031912,153.767688,135.714837104,18.052850895999995,11.740340985031912,0.0
9c9a0ba0-57fc-4248-9d3d-d7edd3b17ed8,2025-03-26 23:02:27.793,111.13004,107.956,3.174039999999991,2.856149426383713,111.13004,107.956,3.174039999999991,2.856149426383713,0.0
187b215b-dd62-4ce3-8d01-59b43339cec7,2025-04-07 15:11:53.557,131.54168,112.41500854492188,19.12667145507814,14.540388609205944,131.54168,112.41500854492188,19.12667145507814,14.540388609205944,0.0
fb1cf6e9-4300-4288-8ac1-f3507ca6e4fe,2025-01-23 17:09:30.542,83.460928,77.337436,6.123491999999999,7.33695652173913,83.460928,77.337436,6.123491999999999,7.33695652173913,0.0
b24c374c-c1d8-47fb-a966-6741128a3728,2025-01-09 20:14:27.944,135.624008,136.623,-0.998991999999987,-0.7365893507585964,135.624008,136.623,-0.998991999999987,-0.7365893507585964,0.0
f91c82b7-c8fb-4418-a166-96789c69c1e9,2025-02-05 18:42:02.026,111.583632,113.81200408935548,-2.2283720893554886,-1.9970420835158769,111.583632,113.81200408935548,-2.2283720893554886,-1.9970420835158769,0.0
3b89ac15-267a-4aee-82e2-27d29b2b2b3b,2025-01-02 21:36:25.930,79.3786,76.32100677490234,3.057593225097662,3.8519112520221594,79.3786,76.32100677490234,3.057593225097662,3.8519112520221594,0.0
1e34d475-dab8-4914-9639-c1c15d4af2ab,2025-01-10 00:02:47.902,163.29312,148.25601196289062,15.037108037109363,9.208659885431402,163.29312,148.25601196289062,15.037108037109363,9.208659885431402,0.0
b18fec98-da7c-44e3-8a5e-4c7bad17a6f0,2025-01-02 02:21:58.179,102.0582,97.04000091552734,5.018199084472656,4.916997443098796,102.0582,97.04000091552734,5.018199084472656,4.916997443098796,0.0
6ebe8444-0ed7-4a4e-a19e-667aa4c046c1,2025-02-04 22:59:32.472,131.54168,,,,131.54168,,,,
c99fd6c5-d3e0-4364-b2a3-1f6b58429340,2025-05-13 19:46:47.278,115.66596,115.21246198,0.45349801999999784,0.39207561152822995,115.66596,115.21246198,0.45349801999999784,0.39207561152822995,0.0
ca0c0575-db2b-4ae9-85a2-ddbdd451d613,2025-01-03 11:58:49.827,92.079176,97.1490031353293,-5.069827135329291,-5.505943206235132,92.079176,97.1490031353293,-5.069827135329291,-5.505943206235132,0.0
3bd9dcd1-c372-4f57-9de5-ee8d65d218c0,2025-01-03 23:27:45.245,84.368112,84.36818082,-6.882000000985045e-05,-8.157110355847533e-05,84.368112,84.36818082,-6.882000000985045e-05,-8.157110355847533e-05,0.0
7c9195ea-f280-413e-b1c4-ba47bd3b393a,2025-04-30 21:59:10.662,143.335072,138.13600158691406,5.199070413085934,3.6272144287798134,143.335072,138.13600158691406,5.199070413085934,3.6272144287798134,0.0
a4f024c7-7a02-444f-bd4b-fad6727a49bd,2025-03-03 19:11:51.106,61.688512,61.688512,0.0,0.0,61.688512,61.688512,0.0,0.0,0.0
65d76a40-dd1e-486d-8174-fa778696882e,2025-03-04 21:15:03.533,67.131616,56.69904625,10.432569749999992,15.540471646027399,67.131616,56.69904625,10.432569749999992,15.540471646027399,0.0
3181b86a-a131-4f06-959f-010df9d2d788,2025-03-21 19:24:22.715,206.565965298,202.1979252069844,4.368040091015615,2.1145981549836215,206.565965298,202.1979252069844,4.368040091015615,2.1145981549836215,0.0
870eb592-4f03-4db1-a3b3-be6c68abddff,2025-01-02 19:19:14.312,87.543256,80.60000000000001,6.943255999999991,7.9312288772992305,87.543256,80.60000000000001,6.943255999999991,7.9312288772992305,0.0
26125752-3204-4cb8-aa0a-5df258b526b8,2025-01-01 20:58:44.218,172.36496,171.6070098876953,0.7579501123046839,0.43973561233366915,172.36496,171.6070098876953,0.7579501123046839,0.43973561233366915,0.0
43212e3c-ea06-4a50-b8ac-89919644be81,2025-02-24 00:27:44.380,128.820128,138.49200439453125,-9.671876394531239,-7.508047495909365,128.820128,138.49200439453125,-9.671876394531239,-7.508047495909365,0.0
ebd200c0-f414-4f59-9f71-68f25ba112b5,2025-03-27 19:45:20.470,93.439952,,,,93.439952,,,,
2609a536-e53f-4af8-ace5-f60e0761b4d7,2025-01-10 16:28:13.197,131.54168,137.438376,-5.8966959999999915,-4.482758620689649,131.54168,137.438376,-5.8966959999999915,-4.482758620689649,0.0
97042cf7-3c40-4132-835d-7e6fb643ab29,2025-01-24 02:50:38.038,77.11064,73.49700164794922,3.613638352050785,4.686303150966954,77.11064,73.49700164794922,3.613638352050785,4.686303150966954,0.0
6f8431cb-a32f-4113-aca5-22bce2839389,2025-05-05 01:43:52.221,90.7184,,,,90.7184,,,,
94232835-baa2-41d2-a967-15292fec2856,2025-01-13 18:43:34.860,112.309470812,105.26000213623048,7.049468675769518,6.276824763576661,112.309470812,105.26000213623048,7.049468675769518,6.276824763576661,0.0
ac5a802c-bab3-48cc-be3f-bb7067f715d0,2025-04-10 15:19:20.555,120.6310043334961,,,,120.6310043334961,,,,
25ea4348-4195-4105-9854-a53e0e220320,2025-01-02 21:10:07.918,81.64656,80.50000762939453,1.1465523706054626,1.404287419586891,81.64656,80.50000762939453,1.1465523706054626,1.404287419586891,0.0
8010c367-2f8a-45f8-9a9b-6ab37e973a14,2025-04-10 21:35:38.348,81.64600372314453,74.46500396728516,7.180999755859375,8.795286270482517,81.64600372314453,74.46500396728516,7.180999755859375,8.795286270482517,0.0
f5559c8b-e352-4587-b4b8-452baa423ed6,2025-01-29 22:20:28.277,89.357624,90.7184,-1.3607760000000013,-1.52284263959391,89.357624,90.7184,-1.3607760000000013,-1.52284263959391,0.0
cd863dd7-1a0c-4779-b06b-eed2d1c4c332,2025-01-06 02:16:28.673,102.0582,95.8,6.258200000000002,6.131991353952943,102.0582,95.8,6.258200000000002,6.131991353952943,0.0
9344be70-b9cf-4507-9221-ff98f20e82e5,2025-01-07 13:19:27.942,81.15900421142578,,,,81.15900421142578,,,,
5828632a-8c99-49df-8f10-72a075850df9,2025-05-01 19:12:26.963,111.13004,109.05900573730467,2.0710342626953206,1.8636133512552686,111.13004,109.05900573730467,2.0710342626953206,1.8636133512552686,0.0
509e4c76-1585-4036-83ac-f8c0ba10ebd7,2025-04-29 22:07:29.695,98.88313666,94.61500549316406,4.268131166835943,4.316338772212996,98.88313666,94.61500549316406,4.268131166835943,4.316338772212996,0.0
b025123a-e4f3-4408-b7a8-43d926e264e1,2025-01-06 17:54:20.939,98.74100494384766,99.18700408935548,-0.4459991455078267,-0.45168584800353095,98.74100494384766,99.18700408935548,-0.4459991455078267,-0.45168584800353095,0.0
d5b12b61-98c2-42ea-a524-99c970ca8639,2025-04-15 00:52:23.560,106.59412,105.29700469970705,1.2971153002929583,1.2168732199233487,106.59412,105.29700469970705,1.2971153002929583,1.2168732199233487,0.0
42f90ea0-a05d-4698-acb8-37501e357f95,2025-02-05 19:06:18.134,64.10800170898438,67.18500518798828,-3.0770034790039062,-4.799718283174441,64.10800170898438,67.18500518798828,-3.0770034790039062,-4.799718283174441,0.0
9cf52a62-6a6c-4c81-8b91-b838ade33d94,2025-03-10 02:43:31.870,156.48924,,,,156.48924,,,,
499d70fc-68f5-4b6e-8e30-89bca42f4eb4,2025-02-24 22:53:13.387,83.91458845000001,79.81300354003906,4.101584909960948,4.887809123207287,83.91458845000001,79.81300354003906,4.101584909960948,4.887809123207287,0.0
e373da45-d166-452e-a92d-5fe9ae7dee85,2025-03-12 22:05:24.927,122.46984,121.2987553298126,1.1710846701874118,0.9562229118511232,122.46984,121.2987553298126,1.1710846701874118,0.9562229118511232,0.0
26b31b65-c0f8-4181-b3b3-3280583d1bd2,2025-05-21 22:01:14.240,92.079176,89.04908624922311,3.030089750776895,3.290743773355329,92.079176,89.04908624922311,3.030089750776895,3.290743773355329,0.0
5e4a7271-744e-4b1a-a64c-4e89bcc36d39,2025-03-09 20:05:24.053,103.872568,101.78612505949188,2.086442940508121,2.0086563571896296,103.872568,101.78612505949188,2.086442940508121,2.0086563571896296,0.0
3b5ce60a-b8cf-4988-a598-78c574eed8d4,2025-01-02 03:58:39.239,96.16158244,98.520262764,-2.358680323999991,-2.452830188679236,96.16158244,98.520262764,-2.358680323999991,-2.452830188679236,0.0
7941ed80-a5f6-4d84-b3a5-fe1700b4c4b2,2025-01-02 04:17:13.970,89.811216,92.11100769042967,-2.2997916904296716,-2.560695415180295,89.811216,92.11100769042967,-2.2997916904296716,-2.560695415180295,0.0
fca250b5-9f12-4300-abf6-cf0d00b81b42,2025-01-03 22:32:42.958,81.192968,81.918782022,-0.7258140220000087,-0.893937048834092,81.192968,81.918782022,-0.7258140220000087,-0.893937048834092,0.0
0069687c-c1b2-420e-bfae-009a284d13fe,2025-01-18 05:22:41.078,80.739376,83.22000122070312,-2.480625220703132,-3.0723859207224145,80.739376,83.22000122070312,-2.480625220703132,-3.0723859207224145,0.0
785cd23b-ad54-4129-8beb-604aceeff62f,2025-03-07 03:26:17.679,127.00576,127.7820053100586,-0.7762453100585986,-0.6111890595029695,127.00576,127.7820053100586,-0.7762453100585986,-0.6111890595029695,0.0
c4d0155b-3369-498b-b3bb-9605650ef7f6,2025-01-09 22:24:56.675,113.851592,102.55,11.301592,9.926599884523354,113.851592,102.55,11.301592,9.926599884523354,0.0
91891292-3e99-4beb-a3b6-d0421a4abfc4,2025-01-15 17:49:52.236,99.79024,99.33100128173828,0.4592387182617159,0.46020404226076206,99.79024,99.33100128173828,0.4592387182617159,0.46020404226076206,0.0
4de10924-e231-406a-b400-b7ba674e66e4,2025-01-03 16:38:02.674,174.63291999999998,160.2480010986328,14.384918901367172,8.237232075926562,174.63291999999998,160.2480010986328,14.384918901367172,8.237232075926562,0.0
345ce662-3cc1-4795-8142-295a61f96756,2025-01-13 22:44:23.617,145.14944,141.59854702952322,3.550892970476781,2.4463704238037574,145.14944,141.59854702952322,3.550892970476781,2.4463704238037574,0.0
b8109f9c-82b5-4cd6-9415-c48705d57207,2025-03-30 14:36:15.688,93.893544,91.12663269042967,2.7669113095703324,2.9468600200779855,93.893544,91.12663269042967,2.7669113095703324,2.9468600200779855,0.0
49c4b0e6-4519-40fa-9c7d-7968c563cc15,2025-04-20 14:28:44.556,117.93392,98.36900329589844,19.564916704101563,16.58972813258608,117.93392,98.36900329589844,19.564916704101563,16.58972813258608,0.0
eb125c74-2673-4ca6-8d5b-019a06d1b5b9,2025-01-01 19:18:22.209,101.151016,96.888,4.263015999999993,4.214506357504104,101.151016,96.888,4.263015999999993,4.214506357504104,0.0
69ab4320-bc0d-46aa-998a-5b00124b9388,2025-01-08 00:23:35.955,89.357624,89.94736697100001,-0.5897429710000068,-0.6599805865473849,89.357624,89.94736697100001,-0.5897429710000068,-0.6599805865473849,0.0
7b839207-f25a-4798-912d-0e7c6706364c,2025-02-01 00:10:51.567,72.999250940846,71.499266332493,1.499984608353003,2.0547945205198013,72.999250940846,71.499266332493,1.499984608353003,2.0547945205198013,0.0
8253a1cc-3e91-42e9-8d77-94cabbe705e6,2025-02-19 20:52:35.763,87.90620269025406,,,,87.90620269025406,,,,
42121ac9-fef8-43ba-8139-6aea96ef8ab3,2025-01-03 22:23:31.361,114.305184,109.769264,4.53591999999999,3.9682539682539595,114.305184,109.769264,4.53591999999999,3.9682539682539595,0.0
d8e41292-aa87-413b-b9a9-c8f895b707e6,2025-02-24 17:57:35.315,135.624008,129.1420135498047,6.481994450195316,4.779385704480372,135.624008,129.1420135498047,6.481994450195316,4.779385704480372,0.0
b926ce7b-b1e4-421e-8137-0c1ec870a7f7,2025-01-06 20:24:18.017,124.7378,130.0986650321502,-5.360865032150201,-4.297706895704591,124.7378,130.0986650321502,-5.360865032150201,-4.297706895704591,0.0
b3b73fc0-d40d-41e0-a95e-3177d9410f04,2025-05-29 21:33:39.893,97.068688,95.394,1.674687999999989,1.7252607761629468,97.068688,95.394,1.674687999999989,1.7252607761629468,0.0
a78d5d50-a2f3-44da-ade3-f62fea44c6e7,2025-01-07 07:35:22.864,122.46984,122.3520050048828,0.11783499511720663,0.0962155214028259,122.46984,122.3520050048828,0.11783499511720663,0.0962155214028259,0.0
01e5b8da-7c51-458e-8219-ac2be94fda94,2025-05-09 20:54:24.185,74.84268,74.43450791699999,0.40817208300001084,0.5453734192843053,74.84268,74.43450791699999,0.40817208300001084,0.5453734192843053,0.0
a8f4862e-1f8c-4ba2-a2e9-af224d522f61,2025-01-16 03:07:31.936,86.1825503,,,,86.1825503,,,,
d6f1264c-0a43-4562-8685-be4461b54de2,2025-01-01 22:44:54.759,104.32616,97.56600189208984,6.760158107910158,6.479830282174823,104.32616,97.56600189208984,6.760158107910158,6.479830282174823,0.0
e6de62a0-a1f7-4081-ae33-903b215681e6,2025-01-17 21:35:29.970,122.46984,121.562656,0.9071840000000009,0.7407407407407415,122.46984,121.562656,0.9071840000000009,0.7407407407407415,0.0
df3e0775-b436-48e8-9923-1bd608b86663,2025-01-12 04:21:29.071,100.697424,98.384185053,2.313238947000002,2.29721760012451,100.697424,98.384185053,2.313238947000002,2.29721760012451,0.0
cafaa71f-526b-462c-bcce-c9a2da3a667a,2025-01-02 05:43:48.141,101.151016,99.10100555419922,2.0500104458007797,2.026683000199207,101.151016,99.10100555419922,2.0500104458007797,2.026683000199207,0.0
669adb74-c964-4c37-84eb-d78f4ea0e937,2025-01-09 17:48:59.579,106.59412,106.866362372,-0.2722423719999938,-0.2554009283063585,106.59412,106.866362372,-0.2722423719999938,-0.2554009283063585,0.0
27c8a7e2-2d74-4290-bc96-0c01100faac6,2025-01-10 05:30:16.703,170.097,165.45,4.64700000000002,2.7319705814917485,170.097,165.45,4.64700000000002,2.7319705814917485,0.0
821b44c4-b56c-48ba-b59a-fad759907e81,2025-01-05 18:56:41.044,119.294696,111.85588121050812,7.438814789491886,6.23566263959622,119.294696,111.85588121050812,7.438814789491886,6.23566263959622,0.0
3729f4ca-077e-4c55-962e-b93742e070ac,2025-01-14 20:36:59.133,116.119552,102.965384,13.154167999999999,11.328124999999998,116.119552,102.965384,13.154167999999999,11.328124999999998,0.0
91ea1315-865e-4db7-b506-6172bbfe12fb,2025-04-13 21:19:44.101,108.86208,104.962,3.9000800000000027,3.582588170279313,108.86208,104.962,3.9000800000000027,3.582588170279313,0.0
3711ae4f-8aa4-4f8a-8ab7-4c52404903f9,2025-01-01 15:21:02.143,117.026736,,,,117.026736,,,,
a889cf09-2d69-4f48-ae07-6c6fd570cba2,2025-01-07 23:57:37.248,131.54168,,,,131.54168,,,,
a2f60fa2-7112-4fb7-8bba-d4b54a5204a3,2025-05-20 21:20:15.583,107.954896,97.58999633789062,10.36489966210938,9.60113903690795,107.954896,97.58999633789062,10.36489966210938,9.60113903690795,0.0
02060173-e484-4b1c-b51d-3349a1409559,2025-01-03 20:03:57.467,84.821704,74.1500015258789,10.67170247412109,12.581334694857215,84.821704,74.1500015258789,10.67170247412109,12.581334694857215,0.0
bc80ef8d-e1b0-4bae-af88-9f83bd567088,2025-01-10 19:25:15.799,85.910394878,84.821704,1.0886908780000084,1.267239988299485,85.910394878,84.821704,1.0886908780000084,1.267239988299485,0.0
6b78ab86-c8a5-4257-b5b0-5160df695778,2025-01-31 20:20:53.797,71.667536,67.60400390625,4.063532093749998,5.669976003849216,71.667536,67.60400390625,4.063532093749998,5.669976003849216,0.0
147f00d0-0cc4-45aa-aa4e-5af65697d970,2025-01-04 00:21:01.730,165.10762268,165.0330047607422,0.07461791925780403,0.04519350351402203,165.10762268,165.0330047607422,0.07461791925780403,0.04519350351402203,0.0
700d38bb-4f22-40b9-89cc-64d532611e28,2025-02-05 20:44:28.916,92.98636,85.24200439453125,7.744355605468755,8.328485603123678,92.98636,85.24200439453125,7.744355605468755,8.328485603123678,0.0
a4c26342-c024-4c19-8c40-85eae786fa67,2025-03-09 19:32:56.734,108.86208,107.5120086669922,1.3500713330078042,1.240166762391279,108.86208,107.5120086669922,1.3500713330078042,1.240166762391279,0.0
d03a8c3a-2e8a-4eec-a825-5c653cbf44f2,2025-01-02 07:12:08.469,99.79024,,,,99.79024,,,,
25fb566b-5003-4ad3-8e3e-1e3402c0a1c0,2025-04-07 18:07:33.233,86.636072,86.726861144,-0.0907891439999986,-0.10479369840313005,86.636072,86.726861144,-0.0907891439999986,-0.10479369840313005,0.0
1c321bb2-76e9-4f08-a625-4cd1463dcd11,2025-01-18 17:32:21.457,83.007336,77.11064,5.8966959999999915,7.103825136612012,83.007336,77.11064,5.8966959999999915,7.103825136612012,0.0
40904d01-7608-455d-85fb-34637648a27f,2025-01-29 03:06:08.856,72.39334502050812,70.94184389949189,1.4515011210162356,2.005020103167002,72.39334502050812,70.94184389949189,1.4515011210162356,2.005020103167002,0.0
5193dd8e-a305-4e7b-8fac-454c5d5ede1a,2025-01-01 20:45:04.584,93.893544,91.807095688,2.0864483120000017,2.2221424638098672,93.893544,91.807095688,2.0864483120000017,2.2221424638098672,0.0
25cc6167-f540-44c5-920b-5c0d1ac71dcd,2025-01-02 03:07:44.788,154.22128,149.141171256,5.080108744,3.294038763003394,154.22128,149.141171256,5.080108744,3.294038763003394,0.0
cc116196-4e2d-4f0f-b766-459e63a1b0a8,2025-02-10 20:37:19.819,103.418976,102.96546799,0.4535080100000073,0.4385152778925284,103.418976,102.96546799,0.4535080100000073,0.4385152778925284,0.0
1d7e8ec4-0e99-48e1-b342-e4866cbb77c6,2025-01-02 18:19:35.711,91.89781693050811,97.06876718,-5.170950249491881,-5.626847755700316,91.89781693050811,97.06876718,-5.170950249491881,-5.626847755700316,0.0
b2a3a368-93e5-4878-b737-4a0dfbe7325c,2025-01-13 23:13:07.803,114.758776,113.6830062866211,1.0757697133789037,0.9374182532052309,114.758776,113.6830062866211,1.0757697133789037,0.9374182532052309,0.0
98e4bd3b-76f9-4553-b96a-a1671e845da8,2025-01-27 22:10:57.417,128.820128,128.820128,0.0,0.0,128.820128,128.820128,0.0,0.0,0.0
f14bb4c3-b53d-4f8c-9150-8c66b03d2f5d,2025-01-01 20:22:22.415,107.047712,105.59622192382812,1.4514900761718792,1.3559281642300576,107.047712,105.59622192382812,1.4514900761718792,1.3559281642300576,0.0
e4312e8c-b637-4b42-908c-dac3983ad19b,2025-01-07 22:56:16.650,115.66596,100.05500793457033,15.610952065429672,13.49658280226064,115.66596,100.05500793457033,15.610952065429672,13.49658280226064,0.0
0d7f3d84-e4b3-4c65-9373-b2844214ee67,2025-04-17 12:34:15.586,116.98146945449189,114.19500732421876,2.7864621302731223,2.381968822298912,116.98146945449189,114.19500732421876,2.7864621302731223,2.381968822298912,0.0
b5d67e00-a878-4c75-9bd0-9c4e1bb6cdc7,2025-01-08 04:34:27.851,108.86208,,,,108.86208,,,,
168d4e31-880b-4511-91e9-27071629e772,2025-05-21 23:13:04.543,73.935496,69.29600524902344,4.639490750976563,6.275051906024358,73.935496,69.29600524902344,4.639490750976563,6.275051906024358,0.0
894c595b-d0a8-4e1f-bd3f-0fd58edaf2f5,2025-04-17 21:16:45.487,87.06,89.75,-2.6899999999999977,-3.089823110498504,87.06,89.75,-2.6899999999999977,-3.089823110498504,0.0
ccbfb3a3-f1c1-4644-983f-47bca88e2f98,2025-01-30 20:02:22.277,106.59412,,,,106.59412,,,,
6ef42885-28da-4239-9f04-fc84a77620d3,2025-01-01 19:11:17.598,147.054646354,143.60734434200003,3.447302011999966,2.3442319555829503,147.054646354,143.60734434200003,3.447302011999966,2.3442319555829503,0.0
46a97ee7-8800-408c-bbe2-1672edefed20,2025-01-02 03:46:00.204,92.98636,87.7040023803711,5.282357619628911,5.680787611891583,92.98636,87.7040023803711,5.282357619628911,5.680787611891583,0.0
524579c1-b604-4905-8aa6-36666440d53d,2025-01-03 22:53:39.657,81.64656,73.20700073242188,8.439559267578119,10.336699142717244,81.64656,73.20700073242188,8.439559267578119,10.336699142717244,0.0
52a13ad9-0893-4bd6-961e-4bb956fa53f3,2025-04-14 19:05:53.809,76.65711053000001,76.475673582,0.18143694800001242,0.23668639053256055,76.65711053000001,76.475673582,0.18143694800001242,0.23668639053256055,0.0
d6c75681-0311-4ca7-af34-00fb2530d12d,2025-01-01 21:07:20.571,79.37866475,,,,79.37866475,,,,
54f81761-301a-442c-9184-845cab6e2ca9,2025-01-13 23:05:51.173,122.923432,122.14500427246094,0.7784277275390679,0.6332622795132077,122.923432,122.14500427246094,0.7784277275390679,0.6332622795132077,0.0
c8eca043-5f26-49ab-ab77-8522a4bc616a,2025-01-02 15:28:43.664,108.86208,111.8330078125,-2.970927812499994,-2.729075002516941,108.86208,111.8330078125,-2.970927812499994,-2.729075002516941,0.0
d3932c8b-61a3-4e01-b363-6039bdbf6b0e,2025-05-01 15:34:06.337,106.59412,102.74,3.854120000000009,3.6156966256675402,106.59412,102.74,3.854120000000009,3.6156966256675402,0.0
9ec2a8c5-c8d2-4b15-be5b-f064385bed70,2025-01-09 13:52:51.437,96.7490072397685,101.0989626039922,-4.349955364223703,-4.496124030961282,96.7490072397685,101.0989626039922,-4.349955364223703,-4.496124030961282,0.0
1ddd8aec-f535-4441-93c8-69ae72d0d784,2025-01-08 22:22:03.811,104.32616,101.02800750732422,3.298152492675783,3.1613858812360993,104.32616,101.02800750732422,3.298152492675783,3.1613858812360993,0.0
3adbb918-6974-4c34-a53d-c0bcff6dacb2,2025-01-06 17:57:36.108,92.53284348,94.75300598144533,-2.22016250144533,-2.399323762189578,92.53284348,94.75300598144533,-2.22016250144533,-2.399323762189578,0.0
9bdcbf49-44dd-4dbd-92b9-0c7f19462562,2025-01-01 17:07:57.340,141.53700256347656,134.22100830078125,7.3159942626953125,5.168962271483906,141.53700256347656,134.22100830078125,7.3159942626953125,5.168962271483906,0.0
9aee0ba8-0167-451c-ba1b-9fae73302702,2025-02-04 17:08:15.702,140.61352,132.585049751,8.02847024899998,5.709600505698158,140.61352,132.585049751,8.02847024899998,5.709600505698158,0.0
d7c088d6-5142-4d36-80b7-5f90178a5b29,2025-01-11 19:58:52.888,98.384185053,95.662630833,2.7215542200000016,2.7662517289073323,98.384185053,95.662630833,2.7215542200000016,2.7662517289073323,0.0
0b1845ec-5152-4f24-89b1-cd1cf99f60fe,2025-01-06 19:08:19.706,114.74200439453124,,,,114.74200439453124,,,,
29929ea6-b61b-4167-879a-9bffc6e0d3d9,2025-03-01 02:40:26.981,92.95600128173828,91.10700225830078,1.8489990234375,1.9891120508006899,92.95600128173828,91.10700225830078,1.8489990234375,1.9891120508006899,0.0
1d121e00-287f-4d36-8d03-53d91f7b964c,2025-01-01 14:50:31.730,115.212368,115.21246198,-9.398000000260254e-05,-8.157110354905867e-05,115.212368,115.21246198,-9.398000000260254e-05,-8.157110354905867e-05,0.0
2812700e-81f3-488d-ad87-f1288aa02f88,2025-01-03 03:48:11.969,89.357624,85.45679973949188,3.9008242605081165,4.365407321604832,89.357624,85.45679973949188,3.9008242605081165,4.365407321604832,0.0
9cdf597c-311a-4d36-bfc3-af5b2cd36834,2025-04-13 10:59:50.603,,116.03,,,,116.03,,,
bf0306ec-cb22-4827-b033-1893b22afda6,2025-03-31 15:00:41.037,78.925008,75.47000122070312,3.4550067792968804,4.377581791688739,78.925008,75.47000122070312,3.4550067792968804,4.377581791688739,0.0
fad73ccc-c070-4563-a31e-a018e195a074,2025-04-24 18:22:39.532,112.490816,110.90200805664062,1.5888079433593703,1.4123890285935612,112.490816,110.90200805664062,1.5888079433593703,1.4123890285935612,0.0
b5231c91-d800-46ef-9518-c00011aad52b,2025-03-06 20:02:39.659,89.357624,84.09602539800001,5.261598601999992,5.88824810516447,89.357624,84.09602539800001,5.261598601999992,5.88824810516447,0.0
7bb479e6-245d-450b-b4b9-a5d2ee642688,2025-02-05 17:41:37.548,82.100152,79.19800567626953,2.902146323730463,3.534885445437985,82.100152,79.19800567626953,2.902146323730463,3.534885445437985,0.0
8572e16f-e9b5-4094-8702-9eade97c12c8,2025-01-01 22:51:29.697,92.07925111,91.171992,0.9072591099999983,0.9853024422583169,92.07925111,91.171992,0.9072591099999983,0.9853024422583169,0.0
47bde729-b1a1-4144-9ddc-e7008de46159,2025-01-01 22:37:57.592,92.98636,85.72895793,7.257402069999998,7.804802844202093,92.98636,85.72895793,7.257402069999998,7.804802844202093,0.0
83d75489-47c5-442c-b650-ebfbfae3a578,2025-01-06 07:21:14.866,81.64656,73.34924734946169,8.297312650538302,10.16247671737585,81.64656,73.34924734946169,8.297312650538302,10.16247671737585,0.0
9cf277d0-8f1a-4107-bcd9-db4b31e99f9c,2025-01-08 17:40:15.472,72.57472,73.935496,-1.3607760000000013,-1.8750000000000018,72.57472,73.935496,-1.3607760000000013,-1.8750000000000018,0.0
b52c6f5b-a9d3-462c-bf5d-59311eb997c3,2025-01-01 12:11:52.696,85.728888,84.1491365296033,1.579751470396701,1.8427294547395752,85.728888,84.1491365296033,1.579751470396701,1.8427294547395752,0.0
7747cfac-c176-4c69-9c82-2c401e4c2eed,2025-01-04 23:38:38.368,134.716824,,,,134.716824,,,,
d9c323c5-bc98-449c-870f-a2f60ec146bb,2025-05-14 16:04:27.508,97.53600311279295,,,,97.53600311279295,,,,
b2fa8cca-0d7f-466f-80af-3bb80fe2abb5,2025-01-05 10:49:28.797,104.32616,106.74500274658205,-2.418842746582044,-2.318539038130076,104.32616,106.74500274658205,-2.418842746582044,-2.318539038130076,0.0
5d4b3923-aab7-4970-a2e0-cdea6caba5b6,2025-01-01 12:23:50.219,140.61352,134.98908931200003,5.624430687999961,3.9999216917405676,140.61352,134.98908931200003,5.624430687999961,3.9999216917405676,0.0
2af5e468-f357-455a-bb62-e5592b5d9580,2025-04-06 03:37:58.734,117.93392,105.498917455161,12.435002544838994,10.544042413615179,117.93392,105.498917455161,12.435002544838994,10.544042413615179,0.0
e34cec2a-5e23-4bc8-9859-083fb3a3d7e3,2025-04-29 19:01:06.367,99.79024,100.36300659179688,-0.5727665917968778,-0.57397055242765,99.79024,100.36300659179688,-0.5727665917968778,-0.57397055242765,0.0
aa50c0b9-ae69-45f9-a518-40fe66d9b8f4,2025-01-30 20:09:17.892,107.047712,107.319954742,-0.2722427419999889,-0.2543190666232912,107.047712,107.319954742,-0.2722427419999889,-0.2543190666232912,0.0
1c29145a-3c0b-4631-ac01-d37e41eb3bbd,2025-01-10 00:47:33.429,97.5570068359375,93.44100189208984,4.116004943847656,4.219076699195558,97.5570068359375,93.44100189208984,4.116004943847656,4.219076699195558,0.0
6c1ad95f-d0a5-496b-8efd-f9fae8a3cc46,2025-01-01 15:19:09.515,122.01634753,121.018444316,0.9979032140000044,0.8178438661710072,122.01634753,121.018444316,0.9979032140000044,0.8178438661710072,0.0
74b53691-395b-4cee-936f-5606d8b5d1aa,2025-01-01 14:01:18.562,69.1302013999878,64.94490233182114,4.185299068166657,6.054226638152678,69.1302013999878,64.94490233182114,4.185299068166657,6.054226638152678,0.0
c9ce19bb-221b-47f5-9b83-5069b7e2abf6,2025-01-04 21:41:18.598,89.357624,89.50200653076172,-0.14438253076171748,-0.16157830109909532,89.357624,89.50200653076172,-0.14438253076171748,-0.16157830109909532,0.0
2eb54669-a9a9-4415-994d-ad28ee9c0916,2025-01-01 20:33:08.896,122.46984,115.303180454,7.166659546000005,5.851775054168443,122.46984,115.303180454,7.166659546000005,5.851775054168443,0.0
bf436466-06cd-44d1-bda5-bb090b96aa1f,2025-01-06 17:14:13.328,109.89700317382812,107.99500274658205,1.9020004272460795,1.7307118231764844,109.89700317382812,107.99500274658205,1.9020004272460795,1.7307118231764844,0.0
35fd7ad0-452e-4b6d-8fdb-851a96a3dc19,2025-03-17 22:06:04.899,89.357624,86.6360703125,2.7215536875000055,3.0456871676668635,89.357624,86.6360703125,2.7215536875000055,3.0456871676668635,0.0
065ccbc2-2f78-49c6-a584-d6a3008b94f6,2025-03-12 23:22:13.752,141.520704,140.55599975585938,0.96470424414062,0.681670043233123,141.520704,140.55599975585938,0.96470424414062,0.681670043233123,0.0
3a484c31-6e86-4a54-8319-b98743feead1,2025-04-30 14:56:23.413,131.54168,124.04000854492188,7.501671455078139,5.702885545538218,131.54168,124.04000854492188,7.501671455078139,5.702885545538218,0.0
c51ef96b-5618-4295-a910-233faed5ab60,2025-02-27 23:49:50.340,102.0582,99.7790069580078,2.279193041992201,2.233228728306203,102.0582,99.7790069580078,2.279193041992201,2.233228728306203,0.0
2cc020e1-e18f-4d0a-ab93-fe17ff3f73db,2025-01-15 22:15:00.362,99.79024,87.952,11.838239999999999,11.863124089089274,99.79024,87.952,11.838239999999999,11.863124089089274,0.0
58bb18a3-23e2-4ba4-aabb-81f91f274eee,2025-01-02 21:01:02.821,99.7903214,99.79024,8.139999999912106e-05,8.157103700752393e-05,99.7903214,99.79024,8.139999999912106e-05,8.157103700752393e-05,0.0
e16751e3-5c14-4471-aa18-d47b90918b20,2025-02-21 01:25:48.917,94.16577878050812,87.36189323050813,6.80388554999999,7.225433313581179,94.16577878050812,87.36189323050813,6.80388554999999,7.225433313581179,0.0
cb40f373-d7c0-4eb1-bb52-ba435e43e57d,2025-01-01 18:57:21.261,86.1825503,78.925008,7.257542299999997,8.421127333475994,86.1825503,78.925008,7.257542299999997,8.421127333475994,0.0
bc83eea0-a52a-412b-8368-bdc6d980bc35,2025-01-13 17:56:28.041,71.667536,71.65999603271484,0.007539967285154603,0.010520756964707986,71.667536,71.65999603271484,0.007539967285154603,0.010520756964707986,0.0
3f5236b5-7268-4cbd-ba68-53288dcd32c4,2025-01-16 21:53:25.777,52.616672,,,,52.616672,,,,
046f744d-1c39-49d3-a58d-17f6057381b9,2025-05-21 00:26:18.434,90.264808,81.68900299072266,8.575805009277346,9.500718163913167,90.264808,81.68900299072266,8.575805009277346,9.500718163913167,0.0
7923a7e3-b8e5-432c-b018-a2bd8e35ea90,2025-01-15 04:49:34.366,197.31252,178.261656,19.05086400000002,9.655172413793114,197.31252,178.261656,19.05086400000002,9.655172413793114,0.0
526654ee-32a9-4630-a5b2-94fc5de0034f,2025-01-08 23:56:41.861,94.47000122070312,94.49300384521484,-0.02300262451171875,-0.024349131168083144,94.47000122070312,94.49300384521484,-0.02300262451171875,-0.024349131168083144,0.0
68bc92ed-cfdd-4832-b8cb-ce62faaa6b13,2025-01-11 00:27:03.338,99.79024,,,,99.79024,,,,
e27ea97e-e0ae-4df8-b00e-2b5d07e61480,2025-01-07 00:44:18.101,108.86208,105.23900604248048,3.623073957519523,3.328132217866426,108.86208,105.23900604248048,3.623073957519523,3.328132217866426,0.0
18cfec8f-f35e-46a3-9f78-01cbd81e59e8,2025-05-01 01:38:28.209,81.64656,71.440798275,10.205761724999988,12.499928625284383,81.64656,71.440798275,10.205761724999988,12.499928625284383,0.0
193651e8-1fbc-4084-8ed3-c2113a6bcef8,2025-01-01 15:30:57.719,139.706336,134.81800842285156,4.888327577148431,3.4990020618309186,139.706336,134.81800842285156,4.888327577148431,3.4990020618309186,0.0
43b43099-f487-41dd-9436-37e67efef46b,2025-04-26 01:30:42.404,101.151016,89.0990857371682,12.051930262831803,11.914789133538514,101.151016,89.0990857371682,12.051930262831803,11.914789133538514,0.0
4a26088e-38ae-4546-941e-18fe941216a3,2025-01-01 22:44:05.825,149.68536,,,,149.68536,,,,
e3c0f382-4f95-4186-aacc-292bcd06016d,2025-02-06 21:53:56.778,87.543256,85.72000122070312,1.8232547792968745,2.0826901609609703,87.543256,85.72000122070312,1.8232547792968745,2.0826901609609703,0.0
f599b57a-70f3-4b63-8b1c-666de275d081,2025-04-11 22:50:40.884,117.93392,116.19880766141242,1.7351123385875837,1.4712580897739884,117.93392,116.19880766141242,1.7351123385875837,1.4712580897739884,0.0
c6ec660a-c2bb-4943-87fd-0a38d748ddd4,2025-01-13 20:47:51.826,86.18248,,,,86.18248,,,,
db113bad-91ed-43f8-85a0-a746f5b8fd25,2025-01-06 01:34:53.157,95.25432,82.87000274658203,12.384317253417976,13.00131821151836,95.25432,82.87000274658203,12.384317253417976,13.00131821151836,0.0
a213b552-de59-4acb-91b0-d64856b432f9,2025-02-18 01:54:46.479,98.883056,101.49700164794922,-2.6139456479492225,-2.643471747019249,98.883056,101.49700164794922,-2.6139456479492225,-2.643471747019249,0.0
8c8b6c1f-0444-4754-82a9-0c4d8a0b5fa7,2025-01-11 04:45:46.383,116.119552,114.31900787353516,1.8005441264648425,1.5505951370401794,116.119552,114.31900787353516,1.8005441264648425,1.5505951370401794,0.0
40580ebe-1b24-420a-81a2-88cda87a7107,2025-01-09 21:22:07.146,129.27372,125.73581050101625,3.537909498983751,2.736758483459555,129.27372,125.73581050101625,3.537909498983751,2.736758483459555,0.0
f8e3bc27-df8f-478b-9d16-ed68a10ee010,2025-01-17 00:18:42.547,108.86208,107.77354988050811,1.0885301194918924,0.999916701473913,108.86208,107.77354988050811,1.0885301194918924,0.999916701473913,0.0
5252e430-0017-4785-8802-7e7eccafbe89,2025-04-19 01:33:44.256,96.161504,93.4490411013919,2.712462898608095,2.820736766563151,96.161504,93.4490411013919,2.712462898608095,2.820736766563151,0.0
0f2de8cf-2cb4-4998-a41c-288c14eeaafa,2025-01-02 20:10:25.343,108.86208,105.8989133497218,2.963166650278211,2.7219456492822944,108.86208,105.8989133497218,2.963166650278211,2.7219456492822944,0.0
0759d629-7ba5-4360-b940-eb3e7adf0368,2025-01-16 16:08:22.896,91.17206637,87.99691978,3.175146589999997,3.4825870646766135,91.17206637,87.99691978,3.175146589999997,3.4825870646766135,0.0
396e50d2-d424-4211-a942-8f2c068a09d7,2025-01-03 22:14:08.183,176.447288,165.198341154,11.248946845999996,6.375244966077346,176.447288,165.198341154,11.248946845999996,6.375244966077346,0.0
1ed6f9d6-6677-495e-94a1-f054a5ee2979,2025-01-14 15:44:32.425,104.779752,105.1989205334904,-0.4191685334903923,-0.40004726627945475,104.779752,105.1989205334904,-0.4191685334903923,-0.40004726627945475,0.0
ef6df943-ead2-4c8b-bc32-b01be8892a19,2025-01-28 00:22:56.213,83.007336,80.47300720214844,2.5343287978515576,3.053138336895377,83.007336,80.47300720214844,2.5343287978515576,3.053138336895377,0.0
b0901105-c67a-4cb1-af6b-14acbef0177e,2025-02-01 03:14:44.899,174.63291999999998,164.60000610351562,10.03291389648436,5.74514467059496,174.63291999999998,164.60000610351562,10.03291389648436,5.74514467059496,0.0
66b934a5-5124-4e19-8f5d-1dea4665c2cb,2025-01-02 02:21:19.366,130.180904,,,,130.180904,,,,
9f865aef-5208-4b81-969d-2cbbd339ae06,2025-01-13 21:51:20.327,77.11064,72.7300033569336,4.38063664306641,5.680975599562407,77.11064,72.7300033569336,4.38063664306641,5.680975599562407,0.0
65a9b4e6-a3e9-496b-96e8-c53c2faeb090,2025-04-05 01:11:56.832,65.77000427246094,59.60203464949189,6.167969622969046,9.378089132269807,65.77000427246094,59.60203464949189,6.167969622969046,9.378089132269807,0.0
13ed64e6-3388-446d-92f2-a551b9d60fe4,2025-01-01 17:46:23.417,148.324584,145.05883438898377,3.2657496110162185,2.2017588203828833,148.324584,145.05883438898377,3.2657496110162185,2.2017588203828833,0.0
23d5cf0f-299c-43cf-b931-ab29519f4d84,2025-01-30 00:57:26.169,79.96200561523438,74.99200439453125,4.970001220703125,6.215453429992806,79.96200561523438,74.99200439453125,4.970001220703125,6.215453429992806,0.0
0ac6c345-2324-4c84-94f9-50527ca37032,2025-02-07 19:42:59.385,103.6300048828125,104.64300537109376,-1.0130004882812642,-0.9775165883923208,103.6300048828125,104.64300537109376,-1.0130004882812642,-0.9775165883923208,0.0
76cba2f1-cb14-4c2d-b6e8-f8b4b07f97a0,2025-01-08 00:15:11.194,139.706336,141.79400634765625,-2.087670347656257,-1.4943276070573184,139.706336,141.79400634765625,-2.087670347656257,-1.4943276070573184,0.0
abb70e26-03aa-42b0-8cbd-e85042305106,2025-05-19 21:46:51.797,77.11064,77.0050048828125,0.10563511718750362,0.1369916229297327,77.11064,77.0050048828125,0.10563511718750362,0.1369916229297327,0.0
146057a8-a516-49f6-a535-7d2fa95019a4,2025-01-13 17:42:18.179,95.25432,90.446318578,4.808001422000004,5.047541593914064,95.25432,90.446318578,4.808001422000004,5.047541593914064,0.0
3978bed9-2b2c-45f9-875f-ae971ad121b4,2025-04-16 21:54:39.856,129.27372,119.52500915527344,9.74871084472656,7.5411389451209105,129.27372,119.52500915527344,9.74871084472656,7.5411389451209105,0.0
28b3ac7b-8f4a-48e4-b2e7-a747fd18531f,2025-01-10 19:24:17.164,169.643408,161.0983469381122,8.545061061887793,5.037072269785923,169.643408,161.0983469381122,8.545061061887793,5.037072269785923,0.0
2b734283-1f9b-489d-b82b-bc32eaf21a22,2025-01-10 21:08:58.733,86.908298092,83.4050064086914,3.503291683308589,4.031020926908556,86.908298092,83.4050064086914,3.503291683308589,4.031020926908556,0.0
3aad934c-e306-47d6-8259-b59ba108be7e,2025-01-03 21:46:24.449,92.532768,93.45600128173828,-0.9232332817382769,-0.9977365874738308,92.532768,93.45600128173828,-0.9232332817382769,-0.9977365874738308,0.0
2e776a62-9b44-44f6-8fa1-8a20e65d79f8,2025-01-02 23:36:07.985,70.30676,67.95700073242188,2.349759267578122,3.342152685713468,70.30676,67.95700073242188,2.349759267578122,3.342152685713468,0.0
433a5f64-5b93-40a4-9566-a9be3664bea1,2025-01-02 03:45:33.285,87.089664,,,,87.089664,,,,
a6d8eecc-cca0-42db-9946-2f1c5c208b92,2025-02-10 01:13:46.929,95.25432,92.24905341470952,3.005266585290485,3.1549924300446266,95.25432,92.24905341470952,3.005266585290485,3.1549924300446266,0.0
70a8f8e2-7c2b-4941-b23a-94b748d5c476,2025-01-02 20:51:31.229,72.57472,72.121128,0.45359200000000044,0.6250000000000007,72.57472,72.121128,0.45359200000000044,0.6250000000000007,0.0
3ecb8a40-a772-4799-92b5-31e5000ecce6,2025-01-17 20:42:22.086,87.815482832,89.629852312,-1.8143694799999963,-2.0661157024793346,87.815482832,89.629852312,-1.8143694799999963,-2.0661157024793346,0.0
53257c18-bb7e-41cc-bb0b-08fd5abcccce,2025-01-02 21:15:16.709,94.4800033569336,84.03800201416016,10.442001342773438,11.052075541662363,94.4800033569336,84.03800201416016,10.442001342773438,11.052075541662363,0.0
8f347b5d-75dc-44fe-b460-59a8783ac7cb,2025-01-10 21:08:26.580,122.46984,123.37712464,-0.9072846400000003,-0.7408229160746844,122.46984,123.37712464,-0.9072846400000003,-0.7408229160746844,0.0
a5375943-907d-4076-a9ee-a832556527db,2025-01-03 20:24:48.978,124.7378,129.34100341796875,-4.603203417968757,-3.6903035150281287,124.7378,129.34100341796875,-4.603203417968757,-3.6903035150281287,0.0
688602b9-5e8e-47bd-af15-8622d90de8c4,2025-04-10 18:22:07.988,124.9193359294919,119.11335913050812,5.805976798983778,4.6477807104745095,124.9193359294919,119.11335913050812,5.805976798983778,4.6477807104745095,0.0
eb09326c-f68a-48e2-bdaf-f0d531ca36c6,2025-04-18 17:05:32.472,73.481904,66.8993135335438,6.582590466456196,8.958110920011267,73.481904,66.8993135335438,6.582590466456196,8.958110920011267,0.0
ca29d61b-4266-4b1c-a72f-2dd766b03a56,2025-01-04 16:31:37.067,113.398,111.13013065,2.267869349999998,1.9999200603185225,113.398,111.13013065,2.267869349999998,1.9999200603185225,0.0
faa1bef0-37ee-4349-97a7-69ecd46d3bfd,2025-02-12 19:59:55.701,77.11064,76.59900665283203,0.5116333471679724,0.6635055125569861,77.11064,76.59900665283203,0.5116333471679724,0.6635055125569861,0.0
754ba311-8a17-4c4c-ac70-a9291dcc6607,2025-04-02 01:57:07.497,63.502931800000006,62.368950875,1.133980925000003,1.7857142857142905,63.502931800000006,62.368950875,1.133980925000003,1.7857142857142905,0.0
01a34e78-622e-4c49-b44c-8b4896a77699,2025-01-13 23:36:41.665,74.84268,69.21819843050811,5.624481569491891,7.515072375136608,74.84268,69.21819843050811,5.624481569491891,7.515072375136608,0.0
4b692621-8fdc-487e-b95b-656dff17a711,2025-01-15 20:08:54.908,115.66596,109.77,5.895960000000002,5.097402900559509,115.66596,109.77,5.895960000000002,5.097402900559509,0.0
2a0425ea-516b-4760-b819-2858410be9d3,2025-02-18 20:47:38.788,100.243832,101.55895788288711,-1.3151258828871164,-1.3119269850808541,100.243832,101.55895788288711,-1.3151258828871164,-1.3119269850808541,0.0
874ddb5a-5c7a-4832-8bae-6b22cba736ef,2025-01-30 21:48:13.504,67.131616,63.228004455566406,3.9036115444335877,5.81486306606054,67.131616,63.228004455566406,3.9036115444335877,5.81486306606054,0.0
a713904f-b301-486f-910b-0f66fbd5d144,2025-01-29 18:03:10.001,73.481904,70.80400085449219,2.6779031455078126,3.6443028823910337,73.481904,70.80400085449219,2.6779031455078126,3.6443028823910337,0.0
d8a6caab-f388-48bf-b9a4-6e121e2a3263,2025-01-06 20:36:58.921,90.083444682,,,,90.083444682,,,,
3ad33890-378b-4ccd-9a20-aa41925dc955,2025-01-02 17:55:56.965,67.131616,61.08,6.051615999999996,9.01455433457761,67.131616,61.08,6.051615999999996,9.01455433457761,0.0
fd158950-254c-4dc7-b181-a609312f73f3,2025-01-03 00:03:09.588,106.59412,107.02100372314452,-0.4268837231445133,-0.4004758640950489,106.59412,107.02100372314452,-0.4268837231445133,-0.4004758640950489,0.0
adcccad8-6f0b-4b67-97b3-c5cb90766590,2025-02-25 15:17:53.383,84.821704,,,,84.821704,,,,
24e6f80b-c938-4cf4-9bbf-10a77b290b31,2025-01-01 15:08:51.480,87.996848,84.2774658203125,3.7193821796875,4.2267220522347575,87.996848,84.2774658203125,3.7193821796875,4.2267220522347575,0.0
ab192f74-98e0-40b4-9dbf-c1ec319e035c,2025-01-12 19:18:28.328,142.88148,144.69851521911937,-1.8170352191193615,-1.2717080052077858,142.88148,144.69851521911937,-1.8170352191193615,-1.2717080052077858,0.0
e01e9150-f842-4abf-afc9-6e9dcacb0c25,2025-01-15 17:52:42.417,106.140528,91.7550048828125,14.385523117187503,13.553280154388814,106.140528,91.7550048828125,14.385523117187503,13.553280154388814,0.0
3a0d2cd0-c6bf-4a30-bcf6-439183205186,2025-02-26 17:33:26.313,91.6990590583134,91.6490595713683,0.04999948694509726,0.054525627044113414,91.6990590583134,91.6490595713683,0.04999948694509726,0.054525627044113414,0.0
e51b1b2a-3715-48f9-b73c-2e3bc94fcffd,2025-01-09 20:43:59.193,71.667536,,,,71.667536,,,,
2a3fb4d2-24f3-4404-ae96-a09a8ac2d00e,2025-01-09 17:55:51.801,89.811216,,,,89.811216,,,,
2f97818a-7d5f-409b-95b6-f7bb06ec692d,2025-01-06 14:24:23.948,93.439952,90.7184,2.7215520000000026,2.9126213592233037,93.439952,90.7184,2.7215520000000026,2.9126213592233037,0.0
f2d449e4-54de-4a1f-81bc-d46683dad599,2025-01-06 18:23:07.005,115.66605435,110.994052939,4.6720014109999966,4.039215686274507,115.66605435,110.994052939,4.6720014109999966,4.039215686274507,0.0
7efd34e8-f31b-4ced-adb8-1e4d99f3d6dd,2025-01-08 21:39:20.122,85.728888,81.60126495361328,4.1276230463867165,4.814739981681224,85.728888,81.60126495361328,4.1276230463867165,4.814739981681224,0.0
f2158c8f-efbe-41be-960e-a24bc758bf7e,2025-04-03 12:46:45.898,95.25432,86.77222038100001,8.482099618999996,8.904687597370907,95.25432,86.77222038100001,8.482099618999996,8.904687597370907,0.0
32d400e7-9dfa-4af4-82ec-b64529b3b143,2025-04-14 00:29:13.621,97.52228,92.12200164794922,5.400278352050776,5.5374816421957895,97.52228,92.12200164794922,5.400278352050776,5.5374816421957895,0.0
42fc2c02-1926-4106-872c-1524cccbbbf6,2025-03-24 02:48:00.963,140.6580047607422,137.438376,3.2196287607421823,2.288976561425521,140.6580047607422,137.438376,3.2196287607421823,2.288976561425521,0.0
9f01ea62-5e63-4099-a97d-26fdeaaa4bc5,2025-01-30 01:46:37.241,83.460928,84.34900665283203,-0.8880786528320357,-1.0640651549333788,83.460928,84.34900665283203,-0.8880786528320357,-1.0640651549333788,0.0
750fa491-1a57-4385-b2a5-546a500258bf,2025-01-25 00:41:18.480,88.25000762939453,90.20000457763672,-1.9499969482421875,-2.2096280789359137,88.25000762939453,90.20000457763672,-1.9499969482421875,-2.2096280789359137,0.0
31723608-ff0b-4930-bf46-4cdfb015bb13,2025-06-06 19:16:51.989,86.18248,87.3530044555664,-1.170524455566408,-1.3581930521915917,86.18248,87.3530044555664,-1.170524455566408,-1.3581930521915917,0.0
194d19cd-9714-4d64-809c-59747ebf3fe3,2025-04-22 16:55:11.195,133.80964,129.31300354003906,4.496636459960939,3.3604727282435998,133.80964,129.31300354003906,4.496636459960939,3.3604727282435998,0.0
79b7053e-9ddb-4597-ad24-8059e0a42984,2025-01-17 18:50:41.790,109.769264,104.79100799560548,4.978256004394524,4.53520031289863,109.769264,104.79100799560548,4.978256004394524,4.53520031289863,0.0
d5109643-a03e-45fb-bee9-fc19bd8bf2cc,2025-06-09 16:29:31.481,110.75,,,,110.75,,,,
1423151a-9b69-4882-820c-60a055e66b47,2025-01-02 12:32:49.712,132.448864,126.5987009459932,5.850163054006785,4.416922031137078,132.448864,126.5987009459932,5.850163054006785,4.416922031137078,0.0
1e0112c0-b515-4844-8b5a-52bc9847e598,2025-01-09 22:58:19.704,86.18248,89.099998,-2.917518000000001,-3.3852796995398613,86.18248,89.099998,-2.917518000000001,-3.3852796995398613,0.0
caca5c00-08cb-4ca9-82cf-da65ce0965b5,2025-02-06 19:19:52.757,75.749864,72.71085829525406,3.0390057047459464,4.0118959220124095,75.749864,72.71085829525406,3.0390057047459464,4.0118959220124095,0.0
04697b7d-7330-4184-a3c4-072c3a431c6f,2025-01-03 19:14:21.938,145.14944,142.019775390625,3.1296646093749985,2.1561671952540764,145.14944,142.019775390625,3.1296646093749985,2.1561671952540764,0.0
8620b271-9984-46e9-a1e7-d5bfc08f43fe,2025-01-01 22:15:16.318,125.191392,123.26,1.9313919999999882,1.5427514377346234,125.191392,123.26,1.9313919999999882,1.5427514377346234,0.0
fd5cc747-0139-4e5d-b2d1-071b83d7668a,2025-02-08 23:17:59.678,102.0582,98.2,3.8581999999999965,3.7803919724235744,102.0582,98.2,3.8581999999999965,3.7803919724235744,0.0
a4f7d764-c11c-4158-85e2-3b192acd04f3,2025-01-04 01:55:46.318,233.60007055,230.606360908,2.993709641999999,1.281553398058252,233.60007055,230.606360908,2.993709641999999,1.281553398058252,0.0
22681131-df5e-4499-aca5-b5c766f72b4d,2025-01-16 00:45:09.027,91.74300384521484,87.18800354003906,4.555000305175781,4.964956578989715,91.74300384521484,87.18800354003906,4.555000305175781,4.964956578989715,0.0
c5b285ba-7d4e-4938-b79c-6bb3fc3247e0,2025-02-11 02:02:46.741,121.562656,104.23552801025406,17.327127989745946,14.253660260389461,121.562656,104.23552801025406,17.327127989745946,14.253660260389461,0.0
28b8674b-41ea-4c19-a56d-95b301a12a0f,2025-01-09 19:21:45.105,102.0582,93.167872798,8.890327201999995,8.711036645757025,102.0582,93.167872798,8.890327201999995,8.711036645757025,0.0
c6577f77-07ef-43e8-8c1d-5eae9cfdc72b,2025-03-11 23:05:23.330,185.97272,180.10101318359375,5.87170681640626,3.1572946916118982,185.97272,180.10101318359375,5.87170681640626,3.1572946916118982,0.0
cb8dc6b0-77cf-4a69-b8f4-1fcd40eff393,2025-01-03 18:16:21.551,119.294696,121.26300811767578,-1.9683121176757794,-1.6499577799131817,119.294696,121.26300811767578,-1.9683121176757794,-1.6499577799131817,0.0
bfe8faa6-e2e8-4027-b9cf-026632b056cb,2025-02-20 05:23:42.505,85.275296,81.693,3.5822959999999995,4.200860235067375,85.275296,81.693,3.5822959999999995,4.200860235067375,0.0
0e3cc7ba-dcfa-4ab2-b63a-bdff25e52d88,2025-04-30 16:42:04.615,122.46984,113.897044107,8.572795893000006,6.999924138873706,122.46984,113.897044107,8.572795893000006,6.999924138873706,0.0
472581ab-edb1-467f-9fb8-3ae545e0beba,2025-01-11 05:51:33.519,79.3786,75.615,3.763600000000011,4.741328267316393,79.3786,75.615,3.763600000000011,4.741328267316393,0.0
df3880ff-1ba0-425f-a917-f26582f313cb,2025-01-29 05:20:28.555,76.657048,73.54300689697266,3.114041103027347,4.062302403071074,76.657048,73.54300689697266,3.114041103027347,4.062302403071074,0.0
49224627-39eb-4bc3-94f5-f0992294e99e,2025-01-03 06:44:00.839,110.22307699286046,,,,110.22307699286046,,,,
62b4d878-e871-4450-a54b-8f765fa7278b,2025-01-02 18:08:39.545,151.94400024414062,149.050452782,2.893547462140617,1.9043512461770928,151.94400024414062,149.050452782,2.893547462140617,1.9043512461770928,0.0
1e54ade6-11bf-4f4a-8482-a71313c836af,2025-01-06 01:40:25.247,86.18248,74.22000122070312,11.962478779296873,13.880406759351638,86.18248,74.22000122070312,11.962478779296873,13.880406759351638,0.0
755b6063-3e94-4d36-b0a7-ddb3f99cf312,2025-01-06 21:32:21.914,116.573144,,,,116.573144,,,,
1b87e870-5f8a-49ac-9b0a-fddad0fe198e,2025-03-06 02:34:25.943,152.406005859375,143.2010040283203,9.205001831054688,6.039789428999367,152.406005859375,143.2010040283203,9.205001831054688,6.039789428999367,0.0
f8c813e8-9b05-4c89-b787-aabba81094aa,2025-01-10 02:47:11.312,90.7184,89.6990795805094,1.0193204194905974,1.1236093444004716,90.7184,89.6990795805094,1.0193204194905974,1.1236093444004716,0.0
8b81d8e3-9e00-44b9-8dc3-86f14ade3339,2025-01-15 01:17:37.253,86.999107285474,85.69912062490141,1.2999866605725856,1.4942528735460263,86.999107285474,85.69912062490141,1.2999866605725856,1.4942528735460263,0.0
d787152b-c3cb-46e2-8323-f1fc5ae1ec36,2025-01-18 00:13:17.673,113.398,,,,113.398,,,,
9612d331-1b5a-4904-b68a-48c3d1101702,2025-05-03 04:32:38.577,113.398,112.31400299072266,1.0839970092773399,0.9559225112236018,113.398,112.31400299072266,1.0839970092773399,0.9559225112236018,0.0
d37d073f-ccd9-4bca-bf24-6b6fc5e4cca7,2025-03-25 20:35:13.136,133.80964,132.72113023050812,1.0885097694918784,0.8134763455696303,133.80964,132.72113023050812,1.0885097694918784,0.8134763455696303,0.0
00b5a402-b404-4794-a3e5-98e5f038a38b,2025-03-17 20:00:03.808,104.32616,91.94317201474594,12.382987985254061,11.8694946552754,104.32616,91.94317201474594,12.382987985254061,11.8694946552754,0.0
71601bd5-f8a7-48b4-913c-aedf1ce5a83d,2025-01-02 05:47:32.053,74.84268,73.073730807,1.7689491929999974,2.363556720577079,74.84268,73.073730807,1.7689491929999974,2.363556720577079,0.0
0c5c422f-a528-4473-9fd6-fd8218227431,2025-04-02 22:36:01.544,108.89888256742782,100.6989667084314,8.19991585899642,7.529843893411129,108.89888256742782,100.6989667084314,8.19991585899642,7.529843893411129,0.0
ea0150b4-1347-4997-b16f-10a5ca63cf77,2025-02-22 18:26:33.561,108.86208,101.75200653076172,7.110073469238287,6.531267333159799,108.86208,101.75200653076172,7.110073469238287,6.531267333159799,0.0
6eb15666-9d3f-41b0-bca2-63c48b76db77,2025-03-28 21:24:15.508,72.57472,70.30676,2.267960000000002,3.1250000000000027,72.57472,70.30676,2.267960000000002,3.1250000000000027,0.0
01858e22-5465-4af5-a25e-4765dd5205b6,2025-03-08 00:40:39.603,180.529616,175.4860076904297,5.043608309570317,2.7937844334473723,180.529616,175.4860076904297,5.043608309570317,2.7937844334473723,0.0
4f86b327-470b-411f-a1d9-2736b56b88ce,2025-01-10 17:30:31.018,122.46984,120.7830047607422,1.6868352392578032,1.3773474671460362,122.46984,120.7830047607422,1.6868352392578032,1.3773474671460362,0.0
d1026f2b-46eb-481a-a725-b8db9a49cb3e,2025-01-28 14:56:32.914,83.91452,80.96623804500001,2.9482819549999846,3.513434808421695,83.91452,80.96623804500001,2.9482819549999846,3.513434808421695,0.0
cde16012-6bcd-4462-996a-3ae7d2ec03ff,2025-01-02 00:27:36.705,108.86208,93.62146239949188,15.24061760050813,13.999932391984546,108.86208,93.62146239949188,15.24061760050813,13.999932391984546,0.0
19f65a04-8069-44a4-b2ea-fa0073987908,2025-01-01 15:17:24.193,90.7184,81.37447117800001,9.343928821999995,10.299926830720112,90.7184,81.37447117800001,9.343928821999995,10.299926830720112,0.0
2126e251-4e35-4909-a9d2-038adf9ecf4c,2025-01-09 18:27:02.057,97.52235955,95.25432,2.2680395499999975,2.3256610693849824,97.52235955,95.25432,2.2680395499999975,2.3256610693849824,0.0
dfc41ac5-fcf6-4fe8-a5be-ddd15d2d60da,2025-01-28 15:24:05.876,88.904032,85.093928612,3.8101033880000017,4.285636210515179,88.904032,85.093928612,3.8101033880000017,4.285636210515179,0.0
7f0add7a-f3c4-4816-9817-1f8e7b82ca2e,2025-01-08 17:29:12.966,136.984784,131.13355416700003,5.851229832999962,4.271445092032968,136.984784,131.13355416700003,5.851229832999962,4.271445092032968,0.0
f6e8740b-c846-4dd7-9e73-b361a636144a,2025-01-20 17:38:58.494,82.100152,79.76900482177734,2.3311471782226505,2.839394473012243,82.100152,79.76900482177734,2.3311471782226505,2.839394473012243,0.0
0167ca93-634b-46c7-b84a-b80d0479b24d,2025-01-07 23:48:44.104,172.36496,174.76914016100002,-2.4041801610000277,-1.3948195509110597,172.36496,174.76914016100002,-2.4041801610000277,-1.3948195509110597,0.0
236f0f3f-25d6-45de-bc56-63fadda7b6db,2025-01-01 21:10:32.874,107.047712,98.293466579,8.754245421000007,8.17789120144857,107.047712,98.293466579,8.754245421000007,8.17789120144857,0.0
357e0a61-6f42-41dd-a28e-47f735f3e65f,2025-01-01 15:56:24.585,84.94912831972492,82.8491498690307,2.0999784506942234,2.472042376692187,84.94912831972492,82.8491498690307,2.0999784506942234,2.472042376692187,0.0
177b6100-a569-4800-9429-5277e78da7f1,2025-01-25 19:48:07.969,99.79024,97.70379372949188,2.0864462705081195,2.090831999710713,99.79024,97.70379372949188,2.0864462705081195,2.090831999710713,0.0
def6f77a-4667-4256-9e1b-acf28046ee48,2025-03-29 01:01:15.030,95.25432,85.72895793,9.52536207,9.999926586006808,95.25432,85.72895793,9.52536207,9.999926586006808,0.0
3ad694a7-aefa-4bbc-9d98-9f2ce007f0e0,2025-01-25 18:56:51.466,120.20188,,,,120.20188,,,,
b12b1ca3-fc6a-4729-8139-865cce1a83d3,2025-01-23 02:37:31.393,91.171992,,,,91.171992,,,,
f09bf11e-0bc6-4c25-883a-3fcc7d927a24,2025-01-06 18:03:15.247,72.57472,71.9010009765625,0.6737190234374992,0.9283108821329236,72.57472,71.9010009765625,0.6737190234374992,0.9283108821329236,0.0
42c99f86-7dd4-4ffd-b478-2a6e80acc280,2025-01-02 00:11:11.797,85.728888,85.3991237032308,0.3297642967691985,0.3846594823079923,85.728888,85.3991237032308,0.3297642967691985,0.3846594823079923,0.0
cfd08259-6c2f-458f-a3d1-a9933af6621b,2025-01-02 00:12:46.145,113.851592,110.93700408935548,2.9145879106445136,2.559988718159087,113.851592,110.93700408935548,2.9145879106445136,2.559988718159087,0.0
c7e53a29-e45b-42ae-8534-db45678b87b2,2025-01-06 18:20:04.755,78.925008,74.0,4.925008000000005,6.2401108657474005,78.925008,74.0,4.925008000000005,6.2401108657474005,0.0
44dbefdc-f5e1-4376-80ac-ad4780cf2cae,2025-03-18 22:52:48.556,77.11064,79.017,-1.9063599999999923,-2.4722398880361935,77.11064,79.017,-1.9063599999999923,-2.4722398880361935,0.0
c50eda0e-7e26-4c4b-b415-1c8e328db8b4,2025-01-27 02:16:22.208,96.615096,98.71900177001952,-2.103905770019523,-2.177615980446289,96.615096,98.71900177001952,-2.103905770019523,-2.177615980446289,0.0
957ddeb1-ed7a-4158-888e-b774069b1971,2025-01-09 17:44:45.535,77.11064,70.19200134277344,6.918638657226566,8.97235278714658,77.11064,70.19200134277344,6.918638657226566,8.97235278714658,0.0
54eabd28-109c-4c40-a5c0-4df68c16b8e9,2025-01-02 17:22:13.841,84.368112,84.95912821711393,-0.5910162171139319,-0.7005208521365655,84.368112,84.95912821711393,-0.5910162171139319,-0.7005208521365655,0.0
5e5ebb2f-eaa4-4ab4-95f7-1273bf417739,2025-06-06 21:09:57.936,103.872568,,,,103.872568,,,,
60007087-fce6-451c-a650-ebb69c934960,2025-01-16 01:13:37.777,58.96696,59.75700378417969,-0.7900437841796872,-1.3398075535514926,58.96696,59.75700378417969,-0.7900437841796872,-1.3398075535514926,0.0
016f3484-bdae-443e-ab78-d2402e805d32,2025-02-07 09:25:14.760,131.54168,131.84300231933594,-0.3013223193359238,-0.22906984260496274,131.54168,131.84300231933594,-0.3013223193359238,-0.22906984260496274,0.0
d7308de1-845c-4b42-aca7-2596eb9c8475,2025-01-01 15:09:00.741,88.904032,94.982242278,-6.078210278,-6.836821841781035,88.904032,94.982242278,-6.078210278,-6.836821841781035,0.0
dd9a4f05-642c-4d52-8e4e-391b01e9b475,2025-01-06 21:19:57.259,67.131616,61.280329187,5.851286812999994,8.716141755026417,67.131616,61.280329187,5.851286812999994,8.716141755026417,0.0
ee8a3a97-af4d-4ee6-a7df-41fca2ac1b88,2025-04-04 17:47:02.921,112.98986053466795,108.40857696533205,4.581283569335909,4.054597065309469,112.98986053466795,108.40857696533205,4.581283569335909,4.054597065309469,0.0
030a39fd-aedf-4a02-ba67-139f320d2afb,2025-04-24 13:07:00.270,66.27200317382812,65.24100494384766,1.0309982299804688,1.5557070566830649,66.27200317382812,65.24100494384766,1.0309982299804688,1.5557070566830649,0.0
9681196d-3cb8-4fdc-9db2-19206002bed3,2025-01-15 01:05:02.607,86.1825503,85.139287849,1.043262451000004,1.2105263157894781,86.1825503,85.139287849,1.043262451000004,1.2105263157894781,0.0
ec365207-1752-4ef9-b0c8-98352e14c1f7,2025-01-03 23:25:42.863,99.79024,95.7551654483252,4.035074551674796,4.043556315401984,99.79024,95.7551654483252,4.035074551674796,4.043556315401984,0.0
b4ac8db0-1d85-406d-a67b-241d0c5b87d1,2025-01-03 23:00:50.027,113.398,104.689118996,8.708881003999991,7.679924693557198,113.398,104.689118996,8.708881003999991,7.679924693557198,0.0
cc67dda6-839f-400d-9533-12d37cf8dcb5,2025-01-09 04:37:47.595,93.893544,90.06500244140625,3.8285415585937557,4.077534402784664,93.893544,90.06500244140625,3.8285415585937557,4.077534402784664,0.0
d79dbbe4-588a-4ecf-be0a-87f52bec90fc,2025-01-01 20:41:25.565,103.872568,98.6109784694919,5.261589530508104,5.0654274095814245,103.872568,98.6109784694919,5.261589530508104,5.0654274095814245,0.0
9fd83438-a793-4fea-8c47-d8d9a3b93479,2025-02-28 18:02:12.426,99.79024,103.34200286865234,-3.5517628686523466,-3.5592287067877044,99.79024,103.34200286865234,-3.5517628686523466,-3.5592287067877044,0.0
49b831d2-3c1f-48ed-9356-5eb8b70f3643,2025-01-11 18:49:48.476,96.978048706,93.44002822,3.5380204859999935,3.6482694106641658,96.978048706,93.44002822,3.5380204859999935,3.6482694106641658,0.0
acd0f276-1382-4c6b-9094-9e5f6d0ca5eb,2025-01-01 16:42:17.205,90.7184,90.174163156,0.5442368439999967,0.5999189183230709,90.7184,90.174163156,0.5442368439999967,0.5999189183230709,0.0
0bcf6ebd-204f-4db4-acb2-8cb9c2074557,2025-01-02 02:47:34.935,110.222856,100.561428429,9.66142757099999,8.765357677721571,110.222856,100.561428429,9.66142757099999,8.765357677721571,0.0
882214f8-0b3f-4c0f-9d49-e4a3832116f7,2025-01-21 18:25:48.424,124.7378,126.09867886,-1.360878860000014,-1.090991551879233,124.7378,126.09867886,-1.360878860000014,-1.090991551879233,0.0
c4c89361-f040-4796-9346-872372619b99,2025-02-17 19:23:12.880,73.935496,71.4280014038086,2.507494596191407,3.391462466406402,73.935496,71.4280014038086,2.507494596191407,3.391462466406402,0.0
54d4e4e8-a217-4b29-9f64-3bc330fd8e23,2025-01-01 18:17:39.306,101.58999633789062,,,,101.58999633789062,,,,
8c62da82-498b-4ff0-bdc1-610b883aebc1,2025-01-25 05:54:13.160,93.893544,93.39904161444682,0.49450238555319004,0.5266628188549257,93.893544,93.39904161444682,0.49450238555319004,0.5266628188549257,0.0
e0ec92ce-7ebb-4208-a58f-c28ddbe5d56d,2025-01-07 17:12:46.431,102.0582,,,,102.0582,,,,
001adb56-40a5-4ef2-a092-e20915e0fb81,2025-01-10 21:48:18.114,70.30676,69.39963261,0.9071273899999994,1.290242062071982,70.30676,69.39963261,0.9071273899999994,1.290242062071982,0.0
c2f13ea0-1890-4123-ba4e-e63cfc4677b7,2025-01-02 03:35:23.352,104.32616,100.5850067138672,3.7411532861328,3.5860164757648514,104.32616,100.5850067138672,3.7411532861328,3.5860164757648514,0.0
2bc32779-85c2-4ac5-9108-3289c2b4fddc,2025-05-26 18:29:35.545,81.64656,84.64033901050811,-2.9937790105081206,-3.6667546195554603,81.64656,84.64033901050811,-2.9937790105081206,-3.6667546195554603,0.0
40675ad0-975b-4e8a-8267-3a04e48527c0,2025-04-05 23:58:17.829,107.047712,110.52600860595705,-3.4782966059570413,-3.24929560937934,107.047712,110.52600860595705,-3.4782966059570413,-3.24929560937934,0.0
3b9ef6dc-dba2-4225-b3ec-bb9dd203c1f0,2025-01-02 18:39:55.746,102.738671805,95.662630833,7.076040972000001,6.887417218543048,102.738671805,95.662630833,7.076040972000001,6.887417218543048,0.0
dda1bc92-b0d6-4be8-a959-ffaab7723266,2025-02-03 17:22:17.733,109.98800659179688,107.93400573730467,2.0540008544922017,1.8674771169508526,109.98800659179688,107.93400573730467,2.0540008544922017,1.8674771169508526,0.0
e562fdf2-fb56-406d-a333-707e095f31d1,2025-01-01 16:12:03.110,129.27372,123.5999984741211,5.6737215258789035,4.388921062903507,129.27372,123.5999984741211,5.6737215258789035,4.388921062903507,0.0
5e514a0c-b2ae-4999-8744-5145ba544d71,2025-04-07 21:57:37.474,136.531192,136.07771100000002,0.45348099999998226,0.3321446135180467,136.531192,136.07771100000002,0.45348099999998226,0.3321446135180467,0.0
0de1b9c9-f814-4784-906a-693f90a34bbb,2025-05-20 21:45:33.989,79.83219199999999,80.499173982611,-0.6669819826110057,-0.8354799810720539,79.83219199999999,80.499173982611,-0.6669819826110057,-0.8354799810720539,0.0
9575e299-bef6-4c76-9f27-aecc5fdf13a4,2025-01-03 13:16:02.435,81.192968,76.24400329589844,4.948964704101556,6.095311978374231,116.573144,76.24400329589844,40.32914070410156,34.59556748688322,28.50025550850899
a2d4bdcb-526a-48af-a896-0329d49ba229,2025-01-27 17:35:25.314,142.88148,138.8985747344878,3.9829052655122155,2.7875587973418354,142.88148,138.8985747344878,3.9829052655122155,2.7875587973418354,0.0
49eff91f-bdc2-43f7-9834-d27b7ce6d6ff,2025-01-11 00:25:02.515,132.448864,131.99537967,0.4534843299999807,0.3423844616741905,132.448864,131.99537967,0.4534843299999807,0.3423844616741905,0.0
3b25cecc-1432-4a55-af83-55e4099e6e8b,2025-01-07 23:16:37.342,92.98636,84.640336242,8.346023758000001,8.975535506497943,92.98636,84.640336242,8.346023758000001,8.975535506497943,0.0
67686b59-8aab-46b3-9af3-e6bfe7dcba8c,2025-02-14 02:23:26.730,80.28578399999999,80.25800323486328,0.02778076513671124,0.03460234645863487,80.28578399999999,80.25800323486328,0.02778076513671124,0.03460234645863487,0.0
fd0600f4-8e23-4ba1-b7a5-3d70ff3debde,2025-01-09 15:32:08.990,78.471416,75.296272,3.175144000000003,4.046242774566478,78.471416,75.296272,3.175144000000003,4.046242774566478,0.0
aeecf6ab-a0ad-424c-bb94-bca48e996727,2025-04-30 21:48:25.959,83.91452,76.45,7.464519999999993,8.895385447000107,83.91452,76.45,7.464519999999993,8.895385447000107,0.0
d50c7b35-6860-43ab-be05-9388aad17554,2025-05-22 12:14:06.863,92.532768,94.31700134277344,-1.7842333427734332,-1.9282178425413936,92.532768,94.31700134277344,-1.7842333427734332,-1.9282178425413936,0.0
f13cf61f-63a0-4a0c-b605-3d0a527e274f,2025-02-04 02:22:49.131,98.883056,,,,98.883056,,,,
95c4daef-3127-4043-b70d-ef6feb72411c,2025-01-03 18:47:43.972,112.490816,118.93192495101624,-6.441108951016247,-5.725897615514006,112.490816,118.93192495101624,-6.441108951016247,-5.725897615514006,0.0
8eddd6e5-9689-437e-90bc-9cd7e36d6ff7,2025-03-16 01:59:54.330,107.501304,104.2,3.301304000000002,3.070943213860924,107.501304,104.2,3.301304000000002,3.070943213860924,0.0
1c62942d-32fa-4477-b6b2-6d8480ef0e59,2025-01-01 20:38:24.830,92.98636,93.0990446927762,-0.11268469277619886,-0.12118410998795828,92.98636,93.0990446927762,-0.11268469277619886,-0.12118410998795828,0.0
95c0af84-5368-41a9-bd5b-1b1a31792c62,2025-01-18 13:56:57.048,95.25432,93.44002822,1.814291780000005,1.9046818873936686,95.25432,93.44002822,1.814291780000005,1.9046818873936686,0.0
3b97fe69-4bbc-4759-b4d1-003589025788,2025-01-03 17:57:26.799,127.00576,125.191392,1.8143680000000018,1.4285714285714302,127.00576,125.191392,1.8143680000000018,1.4285714285714302,0.0
3c3023bb-6827-43ee-9bc0-86de978e1e5c,2025-03-31 20:58:06.987,120.20188,123.7853546142578,-3.5834746142577956,-2.98121345045335,120.20188,123.7853546142578,-3.5834746142577956,-2.98121345045335,0.0
92126744-b246-4932-ba20-9e70be897af3,2025-01-17 05:39:59.876,117.298986882,115.66605435,1.632932531999998,1.392111368909511,117.298986882,115.66605435,1.632932531999998,1.392111368909511,0.0
2465173b-f620-4137-ae94-dac5b99c6fb0,2025-01-12 22:55:54.256,153.314096,150.320511418,2.993584582000011,1.9525827435984824,153.314096,150.320511418,2.993584582000011,1.9525827435984824,0.0
e7b7b19d-49d8-42b5-86b3-fba39bb8ec90,2025-02-09 02:56:54.876,114.758776,107.1989000112944,7.559875988705599,6.587623406427408,114.758776,107.1989000112944,7.559875988705599,6.587623406427408,0.0
820668a1-387e-4e5e-bc3a-e57ee14b3e68,2025-01-21 18:24:03.842,79.6780014038086,,,,79.6780014038086,,,,
88f4cdef-09cc-4563-ae4c-00b9d9acdafc,2025-02-17 21:47:22.841,76.24800109863281,72.46410116672563,3.783899931907186,4.96262180960313,76.24800109863281,72.46410116672563,3.783899931907186,4.96262180960313,0.0
d56ca574-9fe6-437c-93a3-32cbdb3b1662,2025-02-05 17:29:55.065,97.52228,84.69300079345703,12.829279206542964,13.155228945163058,97.52228,84.69300079345703,12.829279206542964,13.155228945163058,0.0
de3077bb-6315-4a4a-9b73-47a2393682b3,2025-01-20 17:09:13.179,111.13004,113.06100463867188,-1.930964638671881,-1.737572162011173,111.13004,113.06100463867188,-1.930964638671881,-1.737572162011173,0.0
6bace4d3-b1aa-4327-b8be-009983f9f9c7,2025-01-06 22:28:21.493,144.695848,141.067112,3.6287360000000035,2.5078369905956137,144.695848,141.067112,3.6287360000000035,2.5078369905956137,0.0
0fbd00e2-9a9b-4d07-9658-f3c410fe6a67,2025-01-27 20:40:32.607,95.25432,91.171992,4.082328000000004,4.285714285714289,95.25432,91.171992,4.082328000000004,4.285714285714289,0.0
5bd55523-1f7c-4f13-8eac-3fdc784f8fe0,2025-02-12 19:42:51.129,98.81500244140624,,,,98.81500244140624,,,,
707ba30c-5a71-4a42-bb8b-a64c52f637d0,2025-01-02 21:36:09.261,110.66200256347656,,,,110.66200256347656,,,,
afb804a8-5abf-4c47-80a0-8e85a8a8438f,2025-01-31 17:21:27.636,149.68536,148.324584,1.3607760000000155,0.9090909090909195,149.68536,148.324584,1.3607760000000155,0.9090909090909195,0.0
01c39cb0-85ed-4d34-9b33-24d30766c156,2025-01-16 18:42:14.472,86.18248,83.91458845000001,2.2678915499999874,2.631499522872848,86.18248,83.91458845000001,2.2678915499999874,2.631499522872848,0.0
17dec1b9-933c-47dd-a3ed-8394b61ebf03,2025-01-12 19:30:17.405,124.28430938,120.20197805,4.082331330000002,3.2846715328467178,124.28430938,120.20197805,4.082331330000002,3.2846715328467178,0.0
534cf099-d572-4bc4-8fed-09643e095434,2025-01-06 23:56:54.508,86.18248,84.12700653076172,2.0554734692382794,2.385024739643463,86.18248,84.12700653076172,2.0554734692382794,2.385024739643463,0.0
18779a8f-5338-4601-b029-32b7253e58c1,2025-01-03 04:33:24.721,136.0776,131.995272,4.08232799999999,2.9999999999999925,136.0776,131.995272,4.08232799999999,2.9999999999999925,0.0
5e45153a-348a-4780-8b81-c594000b8fb1,2025-01-24 21:13:48.422,75.09900665283203,71.98600006103516,3.113006591796875,4.145203419517509,75.09900665283203,71.98600006103516,3.113006591796875,4.145203419517509,0.0
ed2c978e-265b-4929-87d2-f20943a387ee,2025-01-10 00:02:15.391,98.883056,91.70700073242188,7.176055267578121,7.257113157564751,98.883056,91.70700073242188,7.176055267578121,7.257113157564751,0.0
13e30515-1f79-40ef-953b-c62fdf888673,2025-01-02 15:36:09.546,88.45044,87.6491006157603,0.8013393842396965,0.9059755771024955,88.45044,87.6491006157603,0.8013393842396965,0.9059755771024955,0.0
081f1d55-b465-41dc-9571-fd348088912a,2025-01-01 17:52:20.625,102.96546799,,,,102.96546799,,,,
d0b599dc-2eb5-41d3-904a-bbf59533e35e,2025-01-07 15:38:32.720,113.398,,,,113.398,,,,
c1ee8599-9433-47a4-9889-a6bb4eedd180,2025-01-06 19:24:03.899,92.98636,90.2830047607422,2.703355239257803,2.907259988731469,92.98636,90.2830047607422,2.703355239257803,2.907259988731469,0.0
590d0ade-cbdb-4d7a-9f7a-1f57a71380bb,2025-01-09 21:20:33.939,147.4174,141.067112,6.350287999999978,4.307692307692293,147.4174,141.067112,6.350287999999978,4.307692307692293,0.0
3df3d060-4446-44e3-9b47-528d230482bf,2025-06-12 20:50:17.027,133.80964,118.659763992,15.149876008000007,11.321961562709538,133.80964,118.659763992,15.149876008000007,11.321961562709538,0.0
64a50925-e77e-4545-a324-8c69cc6d4d35,2025-01-14 01:22:49.280,,61.39936996958279,,,,61.39936996958279,,,
83ab0b08-9ca8-4a4f-b445-eb0f0a8d00f2,2025-01-24 22:15:26.651,88.45044,90.250000001,-1.7995600010000032,-2.0345404737387436,88.45044,90.250000001,-1.7995600010000032,-2.0345404737387436,0.0
6f846ff9-46df-44ac-846c-552b815f1c53,2025-01-01 19:31:18.942,95.25432,91.5490605964781,3.7052594035219073,3.889859697199988,95.25432,91.5490605964781,3.7052594035219073,3.889859697199988,0.0
c9253505-c9db-42c3-a773-2f7ca4b2a22e,2025-01-09 22:01:02.986,79.3786,83.09812218399999,-3.7195221839999846,-4.6857996790066645,79.3786,83.09812218399999,-3.7195221839999846,-4.6857996790066645,0.0
5bec67dd-7842-40aa-b641-898fb03fc12a,2025-02-12 02:53:27.499,72.121128,68.83000183105469,3.2911261689453113,4.5633315232469895,72.121128,68.83000183105469,3.2911261689453113,4.5633315232469895,0.0
0e61cf1c-0346-4359-a35f-33bb1ae574cb,2025-05-08 04:50:24.416,81.64656,72.57472,9.071839999999995,11.111111111111105,81.64656,72.57472,9.071839999999995,11.111111111111105,0.0
e751ebe4-3e13-423d-bf50-88a9dd13f132,2025-01-10 20:17:23.548,81.64656,79.45000457763672,2.196555422363275,2.6903220691273155,81.64656,34.56500244140625,47.081557558593744,57.6650841855355,54.974762116408186
b890a87a-4c08-4fcc-83c3-36d8d5a6b1d3,2025-01-13 18:40:05.134,99.37700653076172,99.3530044555664,0.0240020751953125,0.024152543966881074,99.37700653076172,99.3530044555664,0.0240020751953125,0.024152543966881074,0.0
9664041a-c53d-4f75-9411-3a7e885544ec,2025-02-14 20:58:17.760,72.121128,67.04095367025407,5.08017432974593,7.043947412672096,72.121128,67.04095367025407,5.08017432974593,7.043947412672096,0.0
3dc107c5-652e-45fe-9875-03e5fe53429c,2025-02-13 20:48:42.524,108.7988835935376,93.54904007528212,15.249843518255474,14.016544117518206,108.7988835935376,93.54904007528212,15.249843518255474,14.016544117518206,0.0
d45ec34b-da1b-4a3d-acde-66a6faa4e1a7,2025-01-14 14:29:46.783,77.11064,66.31400299072266,10.796637009277347,14.00148800383105,77.11064,66.31400299072266,10.796637009277347,14.00148800383105,0.0
0340fd41-e167-4774-ae42-852306427f19,2025-05-13 04:26:34.683,111.13004,110.46800231933594,0.6620376806640564,0.5957324236219627,111.13004,110.46800231933594,0.6620376806640564,0.5957324236219627,0.0
1bc799c8-712d-41ee-a331-52eca5ecb8d2,2025-04-28 01:08:30.034,114.395995714,111.8,2.595995713999997,2.269306454126431,114.395995714,111.8,2.595995713999997,2.269306454126431,0.0
9627a378-8276-401c-b16f-8959c0c244ab,2025-01-24 07:14:00.297,122.46984,116.59880355697318,5.871036443026824,4.793863079291052,122.46984,116.59880355697318,5.871036443026824,4.793863079291052,0.0
83a699cb-9452-4e90-9d1e-b393307e2d80,2025-05-02 02:31:05.118,96.61517481,,,,96.61517481,,,,
7730b2af-1159-41d5-b6f4-003f916105d3,2025-01-02 03:23:14.754,122.46984,120.2018814086914,2.2679585913085987,1.851850701616495,122.46984,120.2018814086914,2.2679585913085987,1.851850701616495,0.0
a2a5bacd-5fd2-4104-a857-b2e1c1c58003,2025-01-08 23:31:36.056,63.50288,62.750000001,0.752879999000001,1.1855840223309573,63.50288,62.750000001,0.752879999000001,1.1855840223309573,0.0
53ce337e-b2ac-400d-b9ae-d927ce20d1e4,2025-04-28 21:28:04.439,172.36496,182.162695792,-9.797735791999997,-5.684296734092589,172.36496,182.162695792,-9.797735791999997,-5.684296734092589,0.0
e12f7e83-423f-4b32-b041-2f32500c97c6,2025-03-13 13:02:34.856,114.305184,112.94450013,1.3606838700000026,1.1903955904572119,114.305184,112.94450013,1.3606838700000026,1.1903955904572119,0.0
cfaa6d4d-f579-45c4-960f-b451391f60d8,2025-01-06 17:53:21.405,111.13004,,,,111.13004,,,,
0f90ee41-e294-46ca-a4e6-360fd53560b3,2025-01-02 17:46:39.179,90.7184,83.642433028,7.075966972000003,7.799924791442534,90.7184,83.642433028,7.075966972000003,7.799924791442534,0.0
d07cf8b8-6344-459b-ac91-5f4eb8c1931b,2025-04-28 20:11:42.686,86.18248,87.67940521240234,-1.4969252124023456,-1.7369251991847363,86.18248,87.67940521240234,-1.4969252124023456,-1.7369251991847363,0.0
9f358932-2080-4681-bf5b-9e3c96eb24fc,2025-04-26 18:07:09.064,99.79024,96.13700103759766,3.653238962402341,3.6609181042177483,99.79024,96.13700103759766,3.653238962402341,3.6609181042177483,0.0
8aee4fd5-12d0-4292-b4e6-13da1b7d2f2d,2025-01-07 15:36:14.343,86.18248,85.592880219,0.589599781000004,0.6841295133303242,86.18248,85.592880219,0.589599781000004,0.6841295133303242,0.0
8a6b68a4-ae15-4ba5-954e-37ebacfdaf15,2025-01-22 19:45:01.739,77.11064,77.5992037397952,-0.48856373979519674,-0.6335879715110608,77.11064,77.5992037397952,-0.48856373979519674,-0.6335879715110608,0.0
7a811186-05c9-45c2-8eec-45b24e430f9f,2025-04-29 16:44:47.291,83.91452,77.4,6.51451999999999,7.763281015013838,83.91452,77.4,6.51451999999999,7.763281015013838,0.0
76f01a11-1119-4d1a-bd3f-2cb8a1203d6e,2025-01-01 21:09:01.309,90.7184,89.06200408935547,1.6563959106445338,1.8258654370497427,90.7184,47.7650032043457,42.9533967956543,47.34805375277154,45.5221883157218
2cb4d00e-154d-4d98-99cd-04aea1d355bc,2025-02-28 21:42:38.965,124.7378,125.191392,-0.45359200000000044,-0.36363636363636404,124.7378,125.191392,-0.45359200000000044,-0.36363636363636404,0.0
a2f0b20e-6196-4ffb-9969-4258a36e8aff,2025-03-04 23:31:08.965,112.037224,103.998932846808,8.038291153191992,7.174661122621168,112.037224,103.998932846808,8.038291153191992,7.174661122621168,0.0
fc2a6ea0-18e3-4ce2-9dce-3836a00e34f4,2025-05-03 03:28:47.688,117.026736,115.57533726025406,1.4513987397459402,1.2402283352976198,117.026736,115.57533726025406,1.4513987397459402,1.2402283352976198,0.0
e4a36a83-f98f-40cc-aaf3-2dc75aa1e535,2025-02-01 18:04:22.410,64.5,59.10308837890625,5.39691162109375,8.367304838905039,64.5,59.10308837890625,5.39691162109375,8.367304838905039,0.0
945f37ea-cb92-4d78-91d6-1d2c56cc5db8,2025-02-03 03:44:38.264,92.98636,85.8,7.186360000000008,7.728402316210686,92.98636,85.8,7.186360000000008,7.728402316210686,0.0
45811d15-17a5-4b3b-ae31-96a723eac304,2025-01-03 23:03:54.626,86.18248,79.65082017200001,6.531659827999988,7.578871979548498,86.18248,79.65082017200001,6.531659827999988,7.578871979548498,0.0
9abdcc8e-1908-4786-8eb7-2508f543b81a,2025-01-03 21:04:23.430,91.625584,89.69600677490234,1.9295772250976597,2.1059371639013613,91.625584,89.69600677490234,1.9295772250976597,2.1059371639013613,0.0
64020822-63b7-4eb5-8db7-2bf99ec2d2d6,2025-01-02 13:41:25.108,124.10100555419922,125.02400970458984,-0.923004150390625,-0.7437523541962898,124.10100555419922,125.02400970458984,-0.923004150390625,-0.7437523541962898,0.0
591e8c2e-2e1c-4acc-8a70-b4927d5eb41e,2025-01-22 19:15:12.572,97.52228,99.18700408935548,-1.664724089355488,-1.7070192466331673,97.52228,99.18700408935548,-1.664724089355488,-1.7070192466331673,0.0
7acac646-68fb-4d22-ba74-bdc20c52a014,2025-01-16 16:25:54.979,129.40989685058594,137.619925058,-8.21002820741407,-6.344204274340163,129.40989685058594,137.619925058,-8.21002820741407,-6.344204274340163,0.0
f0041f1d-8590-403a-a319-1a6e48b96985,2025-02-06 15:16:34.136,97.52228,,,,97.52228,,,,
6edcb378-d1a9-4745-905b-1df0ad61927c,2025-04-29 19:38:46.662,113.851592,,,,113.851592,,,,
06496cbe-7a30-485a-a703-3dc5b5fe75d8,2025-01-02 21:44:34.553,68.0388,67.85742132050812,0.18137867949187125,0.2665812440723106,68.0388,67.85742132050812,0.18137867949187125,0.2665812440723106,0.0
ae5511dc-4473-45e4-8a77-226154d05f48,2025-01-08 17:34:14.255,81.64656,,,,81.64656,,,,
439fca68-e689-4def-b033-23c42d07d097,2025-05-21 18:24:35.311,77.11064,73.53900146484375,3.5716385351562536,4.631836196867583,77.11064,73.53900146484375,3.5716385351562536,4.631836196867583,0.0
3152d963-99b6-4691-8a99-8ce750f561fa,2025-03-01 18:53:55.511,103.418976,106.55400848388672,-3.135032483886718,-3.0313899877395016,103.418976,106.55400848388672,-3.135032483886718,-3.0313899877395016,0.0
54e993c7-7249-4150-b4f6-00386a7e6197,2025-01-24 00:42:05.340,108.13641823949187,109.58791936050812,-1.4515011210162498,-1.3422870339588846,108.13641823949187,109.58791936050812,-1.4515011210162498,-1.3422870339588846,0.0
13ca1304-c8b9-4805-9844-1f5125f82669,2025-01-02 16:30:11.170,98.04300689697266,92.6820068359375,5.361000061035156,5.4680086124538185,98.04300689697266,92.6820068359375,5.361000061035156,5.4680086124538185,0.0
72296446-69ae-40e3-9cc9-3161559eea81,2025-06-08 07:16:58.869,87.36189323050813,85.72895793,1.632935300508123,1.8691619882819537,87.36189323050813,85.72895793,1.632935300508123,1.8691619882819537,0.0
37ea68c5-03e3-4157-ae48-f2609ff166eb,2025-01-31 22:14:42.706,136.0776,131.98699951171875,4.09060048828124,3.0060792432268353,136.0776,131.98699951171875,4.09060048828124,3.0060792432268353,0.0
ec499d80-fe09-41f2-aded-6d187c8b7c74,2025-03-17 21:25:27.104,115.212368,113.54899597167967,1.6633720283203246,1.4437443281439408,115.212368,113.54899597167967,1.6633720283203246,1.4437443281439408,0.0
77cbdfdb-77a7-4b9e-b937-d6122081142c,2025-04-29 22:14:17.779,82.553744,81.691985837,0.8617581629999904,1.0438753244189514,82.553744,81.691985837,0.8617581629999904,1.0438753244189514,0.0
f0638c63-607e-495d-9d49-db4f576bd286,2025-01-07 09:47:37.282,103.918011967,101.423253932,2.494758035000004,2.4006983849847265,103.918011967,101.423253932,2.494758035000004,2.4006983849847265,0.0
10dd4d88-ab38-4553-92fd-ef9eb6107838,2025-05-08 23:10:28.096,96.161504,92.398,3.7635039999999975,3.9137324640845863,96.161504,92.398,3.7635039999999975,3.9137324640845863,0.0
ad84832b-8e35-4d18-932c-03c02eae2fce,2025-02-10 18:46:25.749,106.59400177001952,103.57000732421876,3.023994445800753,2.8369274026554816,106.59400177001952,103.57000732421876,3.023994445800753,2.8369274026554816,0.0
5b71629b-0f00-41c0-ae69-f26610f12066,2025-01-14 04:24:42.015,90.7184,83.18900299072266,7.529397009277346,8.29974625795577,90.7184,83.18900299072266,7.529397009277346,8.29974625795577,0.0
17d88ecc-edaa-4d2c-80d5-d541cdb566b6,2025-02-11 16:35:17.123,129.27372,126.5987009459932,2.675019054006796,2.069267484533435,129.27372,126.5987009459932,2.675019054006796,2.069267484533435,0.0
7326539f-3e33-4a49-a0ae-6b448e3adac2,2025-01-14 21:20:55.720,75.749864,66.59500122070312,9.154862779296877,12.085649129742169,75.749864,66.59500122070312,9.154862779296877,12.085649129742169,0.0
95c3a7d6-e9fe-4067-91d2-ffb2fd572f96,2025-03-25 18:16:14.234,124.7378,122.83700561523438,1.900794384765618,1.523831897600902,124.7378,122.83700561523438,1.900794384765618,1.523831897600902,0.0
70916a77-dec4-4095-85af-f2bb24e650ce,2025-04-22 19:17:38.810,107.047712,107.4580078125,-0.4102958124999958,-0.383283121922303,107.047712,107.4580078125,-0.4102958124999958,-0.383283121922303,0.0
c753a5f6-036c-4e7b-b9fe-9d57bd9f461b,2025-01-09 22:05:57.586,93.44002822,96.88733300050812,-3.4473047805081194,-3.689323351221179,93.44002822,96.88733300050812,-3.4473047805081194,-3.689323351221179,0.0
8ddcd43b-29c2-4ff0-9fe1-78bd8c95f8c1,2025-01-10 21:59:40.061,68.40173078025406,67.76669730949187,0.6350334707621812,0.9283880152130598,68.40173078025406,67.76669730949187,0.6350334707621812,0.9283880152130598,0.0
955ab71a-54bd-4992-9fed-2ec217989c9a,2025-02-11 22:52:43.323,95.25432,,,,95.25432,,,,
904da540-87db-41a4-800a-e27262d4b873,2025-01-28 20:46:56.732,96.615096,92.94400787353516,3.671088126464838,3.799704475235255,96.615096,92.94400787353516,3.671088126464838,3.799704475235255,0.0
d04d2ee0-51ef-4dd3-a880-63de4a23464d,2025-01-11 12:53:57.607,104.32616,103.59200286865234,0.7341571313476578,0.7037133652265719,104.32616,103.59200286865234,0.7341571313476578,0.7037133652265719,0.0
5661f990-e1d7-4cf5-b62a-07a899a104e4,2025-01-06 22:59:11.691,95.25432,91.8000030517578,3.4543169482422087,3.626414999594988,95.25432,91.8000030517578,3.4543169482422087,3.626414999594988,0.0
1e228a74-7886-4f88-b46e-c6fd3f79fdd9,2025-01-02 01:19:37.382,152.860504,157.3983849041748,-4.537880904174813,-2.9686418567446387,152.860504,157.3983849041748,-4.537880904174813,-2.9686418567446387,0.0
4c4b95fe-f06a-4618-bbe8-2a98d2393cfe,2025-02-25 21:39:08.245,90.26488163,,,,90.26488163,,,,
ec785537-68ec-48ce-a95b-9df6b30be3ed,2025-05-16 20:07:12.402,79.46938183974594,79.01578946974594,0.4535923699999955,0.5707762656499425,79.46938183974594,79.01578946974594,0.4535923699999955,0.5707762656499425,0.0
35e934a6-4785-41b1-a46b-939966d5013c,2025-01-15 21:54:55.413,102.0582,101.51397240600002,0.5442275939999774,0.53325219727565,102.0582,101.51397240600002,0.5442275939999774,0.53325219727565,0.0
9dddd449-32f6-4247-b68a-7c466bb92d8a,2025-01-10 03:50:49.587,97.52228,94.25700378417967,3.2652762158203217,3.34823613211291,97.52228,94.25700378417967,3.2652762158203217,3.34823613211291,0.0
1c20ed92-4f7f-4fb8-80fb-4528ed6b4f98,2025-03-17 17:33:18.668,151.499728,160.67201232910156,-9.172284329101558,-6.054323958325231,151.499728,160.67201232910156,-9.172284329101558,-6.054323958325231,0.0
6a1ff01b-ea96-4bc3-9721-b87bee7427f3,2025-01-27 14:17:33.629,96.615096,90.718474,5.896621999999994,6.10320979239103,96.615096,90.718474,5.896621999999994,6.10320979239103,0.0
f8ecb358-3ee3-48af-80b9-fa94e693ba0a,2025-01-09 19:45:57.852,89.811216,,,,89.811216,,,,
99414006-c93a-4a11-926b-bec42ff88c5c,2025-02-06 04:47:11.598,91.625584,89.17626271050811,2.449321289491891,2.673184914697942,91.625584,89.17626271050811,2.449321289491891,2.673184914697942,0.0
7e2e00a6-c9a7-4bbd-8401-68432a5bcd5a,2025-01-14 01:36:16.498,168.282632,,,,168.282632,,,,
da6a1ec4-4a68-41fc-b617-db33541f5325,2025-01-13 17:47:23.734,115.66596,110.58581980600002,5.080140193999981,4.392078874372357,115.66596,110.58581980600002,5.080140193999981,4.392078874372357,0.0
ffab5cd3-7e4c-4d7e-847b-2e99a7771a2e,2025-01-13 21:45:16.059,90.7184,,,,90.7184,,,,
601f6f73-0113-4abc-a6c4-5757b0222776,2025-01-07 00:11:24.864,86.636072,84.73200225830078,1.9040697416992174,2.1977793980539855,86.636072,84.73200225830078,1.9040697416992174,2.1977793980539855,0.0
abf496ba-1de4-4def-bbb2-be70f8678193,2025-02-08 14:05:37.660,161.02516,154.22321917281707,6.801940827182932,4.224147845704939,161.02516,154.22321917281707,6.801940827182932,4.224147845704939,0.0
cb1f9cc6-c864-44c2-bb73-0073a950d794,2025-02-24 21:57:05.006,122.65200805664062,,,,122.65200805664062,,,,
1d703bfc-92de-410c-9bed-a684eaf55f28,2025-01-18 23:33:06.542,74.84268,73.1290054321289,1.7136745678710952,2.289702303379696,74.84268,73.1290054321289,1.7136745678710952,2.289702303379696,0.0
3728577c-0e78-4f94-915e-546e4add7d58,2025-05-29 20:05:49.553,162.839528,153.8984208180178,8.941107181982204,5.490747419743322,162.839528,153.8984208180178,8.941107181982204,5.490747419743322,0.0
8167391b-4847-4991-91fd-ef56f75e50b3,2025-01-03 16:35:00.844,113.398,113.0988394708162,0.2991605291837942,0.2638146432774777,113.398,113.0988394708162,0.2991605291837942,0.2638146432774777,0.0
6ad108a8-5656-4041-98a1-9012d7d07709,2025-01-08 22:57:06.289,113.398,109.7,3.6979999999999933,3.2610804423358375,113.398,109.7,3.6979999999999933,3.2610804423358375,0.0
483b8fe7-40f0-47f8-a35e-f55544cbb8d7,2025-01-09 01:02:24.519,140.20401000976562,140.57901000976562,-0.375,-0.26746738554330945,140.20401000976562,140.57901000976562,-0.375,-0.26746738554330945,0.0
478139f3-75df-4316-9b5e-b607cb5d84db,2025-06-11 18:11:10.922,94.16200256347656,,,,94.16200256347656,,,,
225fcbe2-aacc-4c0c-9c2f-94490b72e306,2025-03-21 20:13:54.418,129.72741782,119.21500396728516,10.512413852714843,8.103463423053004,129.72741782,119.21500396728516,10.512413852714843,8.103463423053004,0.0
4593884f-77d1-4c0d-91bb-6d7c1f31dc1a,2025-04-11 02:52:28.398,83.007336,81.12700653076172,1.8803294692382764,2.26525697588738,83.007336,81.12700653076172,1.8803294692382764,2.26525697588738,0.0
22be5cf5-e0a3-4472-9b0d-160097ea4547,2025-01-09 20:24:25.609,79.83219199999999,79.45,0.3821919999999892,0.47874421386298555,79.83219199999999,79.45,0.3821919999999892,0.47874421386298555,0.0
6ec67fca-6d19-4099-b4d8-aec69b3c3cea,2025-02-21 19:15:58.366,104.49892771625902,101.7860448,2.7128829162590193,2.596086845623126,104.49892771625902,101.7860448,2.7128829162590193,2.596086845623126,0.0
6ddb38ae-7016-49a8-939e-7dbdb61b3e99,2025-01-01 22:23:40.841,120.20188,105.42399597167967,14.77788402832033,12.294220380180684,120.20188,105.42399597167967,14.77788402832033,12.294220380180684,0.0
de2793f4-70ef-47e0-b5dc-69064a55f303,2025-01-06 18:48:12.178,78.925008,,,,78.925008,,,,
fb163bf2-2e4f-44dd-be0b-bc2fed275c7c,2025-01-09 21:07:46.942,100.697424,95.74299621582033,4.954427784179671,4.920113730197976,100.697424,95.74299621582033,4.954427784179671,4.920113730197976,0.0
c8ea2f7d-5224-4558-b1f9-4e0094f48d51,2025-01-04 21:52:10.356,85.275296,79.56009892949189,5.715197070508111,6.70205480202392,85.275296,79.56009892949189,5.715197070508111,6.70205480202392,0.0
768212b2-9a20-492b-91bb-0cceaa0be58c,2025-01-03 04:10:28.936,110.222856,104.76600646972656,5.456849530273431,4.950742276423532,110.222856,104.76600646972656,5.456849530273431,4.950742276423532,0.0
59052c67-80b0-4477-8f96-a80c4524b451,2025-01-22 19:06:23.088,86.18248,,,,86.18248,,,,
7ba6b3e9-d68d-49a5-978b-326544b3562a,2025-01-10 00:01:31.324,83.91452,79.60546093500001,4.309059064999985,5.1350577528179695,83.91452,79.60546093500001,4.309059064999985,5.1350577528179695,0.0
4d49f472-65f2-4859-ac6c-454d1edd1d11,2025-02-21 01:22:23.962,98.429464,100.5989677345412,-2.169503734541209,-2.2041202363361534,98.429464,100.5989677345412,-2.169503734541209,-2.2041202363361534,0.0
35095b20-6c16-4e6d-acb0-c431dbc84a31,2025-01-01 20:37:47.428,97.84000396728516,98.02800750732422,-0.1880035400390625,-0.19215406011423036,97.84000396728516,98.02800750732422,-0.1880035400390625,-0.19215406011423036,0.0
c3f6a1f0-a66c-48bc-846f-97aa76ea92f6,2025-01-21 04:36:24.418,72.121128,71.21400209000001,0.9071259099999907,1.257781090168183,72.121128,71.21400209000001,0.9071259099999907,1.257781090168183,0.0
020ba436-8c1d-4c4f-abfc-405a68083eb0,2025-01-10 23:03:27.768,127.00576,125.06900787353516,1.9367521264648389,1.5249325120883013,127.00576,125.06900787353516,1.9367521264648389,1.5249325120883013,0.0
cfc26ec7-dc11-43f4-a826-b8598f9f932a,2025-01-01 20:10:05.443,139.706336,137.89858499558582,1.8077510044141718,1.293964938293258,139.706336,137.89858499558582,1.8077510044141718,1.293964938293258,0.0
0db03b78-b080-4f0c-9573-4a90cc79c2dd,2025-04-17 20:35:35.117,122.46984,122.96889150700002,-0.49905150700001855,-0.40748931083768747,122.46984,122.96889150700002,-0.49905150700001855,-0.40748931083768747,0.0
3fa740fd-3192-4e02-b593-dad0dcef6c8c,2025-01-03 00:20:08.581,163.29312,148.42898559570312,14.864134404296863,9.102731581279642,163.29312,148.42898559570312,14.864134404296863,9.102731581279642,0.0
80847014-4b71-44b8-b78e-1d43193a681b,2025-05-21 15:27:34.172,78.925008,79.65082017200001,-0.7258121720000048,-0.9196225510677234,78.925008,79.65082017200001,-0.7258121720000048,-0.9196225510677234,0.0
69b15400-8f17-4941-9694-89e81a1ff33c,2025-01-01 20:11:27.298,117.93392,116.74700927734376,1.1869107226562363,1.0064201399022743,117.93392,116.74700927734376,1.1869107226562363,1.0064201399022743,0.0
ca8c6198-7cb6-4644-9930-37ad33af0d9e,2025-02-14 01:02:13.362,117.93392,105.959177632,11.974742367999994,10.153772865346962,117.93392,105.959177632,11.974742367999994,10.153772865346962,0.0
2236f425-f8e8-4dca-a6c1-549f9518111b,2025-01-13 19:15:11.473,97.52228,96.19400787353516,1.3282721264648387,1.3620191472808458,97.52228,96.19400787353516,1.3282721264648387,1.3620191472808458,0.0
1c4f1f0e-d848-4725-8e8c-0dc27d0971f3,2025-01-02 23:14:13.954,97.068688,,,,97.068688,,,,
8a1663d1-c9da-4340-aa85-29dd346f6ec9,2025-01-06 19:14:58.194,72.57472,71.41400146484375,1.1607185351562492,1.5993427672283809,72.57472,71.41400146484375,1.1607185351562492,1.5993427672283809,0.0
0d681c22-35fb-4228-b5e7-a9e10950f280,2025-01-01 20:52:10.698,92.73400115966795,84.41000366210938,8.32399749755858,8.976208718985877,92.73400115966795,84.41000366210938,8.32399749755858,8.976208718985877,0.0
5b4ee5b4-8d94-4203-8bdc-16dd4bc4b0e1,2025-02-18 18:00:23.663,94.347136,95.14500427246094,-0.7978682724609314,-0.8456730180563523,94.347136,95.14500427246094,-0.7978682724609314,-0.8456730180563523,0.0
224038c6-b0ca-4f02-856d-2dc770d0a7f5,2025-01-08 17:41:55.422,92.4770050048828,84.06100463867188,8.416000366210923,9.100641143997427,92.4770050048828,84.06100463867188,8.416000366210923,9.100641143997427,0.0
cf036a7a-8c3b-4358-9b77-007b8423f9b7,2025-01-09 21:27:16.538,93.3060073852539,86.19400787353516,7.11199951171875,7.622231098533459,93.3060073852539,86.19400787353516,7.11199951171875,7.622231098533459,0.0
0e4930bc-4de9-4b4f-9173-117d34e0b537,2025-01-01 23:13:57.477,108.86208,110.222856,-1.360775999999987,-1.249999999999988,108.86208,110.222856,-1.360775999999987,-1.249999999999988,0.0
7db630e3-6b47-44c4-b2c3-bfd28abcb2ed,2025-02-19 19:37:35.654,141.067112,127.19900512695312,13.868106873046884,9.830857580076414,141.067112,127.19900512695312,13.868106873046884,9.830857580076414,0.0
4a0c297d-ae68-4f1a-9a2e-30b6afa1b9f4,2025-01-17 16:54:03.451,86.18248,80.2491765478855,5.933303452114501,6.884581938364389,86.18248,80.2491765478855,5.933303452114501,6.884581938364389,0.0
b39c27b4-8e93-4ef3-9e1a-dfbf08f16ac3,2025-01-07 18:10:01.845,129.27372,129.69500732421875,-0.4212873242187527,-0.3258878325917694,129.27372,129.69500732421875,-0.4212873242187527,-0.3258878325917694,0.0
9ccb1f3d-7629-4ab8-9170-84638fd9ef44,2025-04-18 14:34:59.856,100.697424,99.52678711227844,1.1706368877215567,1.1625291305580536,100.697424,99.52678711227844,1.1706368877215567,1.1625291305580536,0.0
6e2e06a8-f112-42ef-91b4-9cff64ffce41,2025-01-09 20:26:10.522,95.25432,88.45044,6.803880000000007,7.1428571428571495,95.25432,88.45044,6.803880000000007,7.1428571428571495,0.0
9be811ea-84e4-4fcf-bc8c-a0e6d016ed27,2025-04-26 22:18:13.687,98.429464,78.51900482177734,19.910459178222652,20.22814954902391,98.429464,78.51900482177734,19.910459178222652,20.22814954902391,0.0
30f60c8e-70c4-4411-8554-0763b0c012c9,2025-01-28 00:12:56.497,65.77083999999999,61.95000076293945,3.8208392370605395,5.809321025944842,65.77083999999999,61.95000076293945,3.8208392370605395,5.809321025944842,0.0
aca2e949-a914-4206-9e08-f7e94baf19f5,2025-01-02 14:56:01.328,104.32616,103.19500732421876,1.1311526757812373,1.084246439992843,104.32616,103.19500732421876,1.1311526757812373,1.084246439992843,0.0
94d7c805-c763-48cf-8e06-ddf327f5f1c7,2025-01-01 20:45:48.662,174.63291999999998,166.81100463867188,7.821915361328109,4.479061199531056,174.63291999999998,166.81100463867188,7.821915361328109,4.479061199531056,0.0
f1c48478-7f35-4017-8f2f-ae5a03c46678,2025-01-01 16:24:50.638,80.015,,,,80.015,,,,
f8c0888c-da16-429c-99dd-0a3ecc82f77a,2025-04-08 15:53:49.973,68.0388,65.317248,2.7215519999999884,3.9999999999999836,68.0388,65.317248,2.7215519999999884,3.9999999999999836,0.0
f65bc456-27c8-47e0-a8a3-b8a98d1062da,2025-01-06 17:17:19.325,77.11064,71.80367217100002,5.306967828999987,6.882276984084151,77.11064,71.80367217100002,5.306967828999987,6.882276984084151,0.0
b86f9caa-1612-42d1-a850-744063d1b003,2025-03-20 02:07:33.595,97.068688,92.71,4.358688000000001,4.490313086337379,97.068688,92.71,4.358688000000001,4.490313086337379,0.0
94b95fc3-94e1-4cf6-a210-cc781e125fd6,2025-01-01 15:46:00.060,72.8,73.09999999999998,-0.29999999999998295,-0.4120879120878887,72.8,73.09999999999998,-0.29999999999998295,-0.4120879120878887,0.0
2d1cab68-8d3b-40ce-9c69-d49845ecd16e,2025-01-06 23:13:02.036,163.2932532,155.06700134277344,8.226251857226572,5.037716927074223,163.2932532,155.06700134277344,8.226251857226572,5.037716927074223,0.0
f375aa90-c3f9-4e17-8722-adfc039b0992,2025-03-28 01:22:37.124,70.30676,71.758312934,-1.4515529340000057,-2.0645993841844024,70.30676,71.758312934,-1.4515529340000057,-2.0645993841844024,0.0
0939e214-4ef1-469f-b925-6c3dfd5385a6,2025-02-02 00:46:22.927,120.20188,117.498794321985,2.7030856780150003,2.248788187019205,120.20188,117.498794321985,2.7030856780150003,2.248788187019205,0.0
a7ac0871-87eb-4350-aa53-c3354966266f,2025-03-14 22:44:41.396,113.398,108.0060043334961,5.391995666503902,4.754930127959843,113.398,108.0060043334961,5.391995666503902,4.754930127959843,0.0
72ae3a82-296d-4fae-b8d8-3e7ceac5ac06,2025-01-08 00:32:48.821,110.222856,101.0,9.222855999999993,8.367462370962329,110.222856,101.0,9.222855999999993,8.367462370962329,0.0
116d0ee7-ea99-4ff8-86dc-9a0b2c11165a,2025-01-01 20:33:57.980,95.25432,,,,95.25432,,,,
5d3bd55c-61b5-4f43-8b51-c8a17601d0fd,2025-01-09 18:43:50.097,126.552168,114.489,12.06316799999999,9.532170164006981,126.552168,114.489,12.06316799999999,9.532170164006981,0.0
3954649e-53aa-49c6-8d8a-a32199ce7c0f,2025-01-07 15:38:26.137,130.634496,130.35,0.2844960000000185,0.21778014897383496,130.634496,130.35,0.2844960000000185,0.21778014897383496,0.0
3b8fb85b-109a-45c3-b238-323514841406,2025-02-26 17:21:22.164,113.851592,107.548,6.303591999999995,5.5366744454482415,113.851592,107.548,6.303591999999995,5.5366744454482415,0.0
60c0f976-abf7-442a-91b0-ca1cf6bbf7ee,2025-01-02 01:20:03.037,125.06200408935548,124.873979461,0.18802462835547828,0.15034512658308008,125.06200408935548,124.873979461,0.18802462835547828,0.15034512658308008,0.0
72f8dfad-bb91-42c8-a92f-6892b833a15a,2025-01-09 17:52:36.929,94.3018509544919,,,,94.3018509544919,,,,
cd71f5fe-31ef-469a-80a3-a7b15eea567b,2025-01-08 15:30:43.237,113.398,115.07600402832033,-1.6780040283203306,-1.4797474632007006,113.398,115.07600402832033,-1.6780040283203306,-1.4797474632007006,0.0
9a48eb64-faac-49a0-bff0-da23467b52ae,2025-01-01 17:58:03.471,120.20188,112.21874956949188,7.983130430508126,6.641435583626584,120.20188,112.21874956949188,7.983130430508126,6.641435583626584,0.0
7570e2c2-2a0c-4a34-aa41-e2d111f8a8a0,2025-01-10 22:33:29.047,77.11064,72.30262100949187,4.808018990508131,6.235221223047988,77.11064,72.30262100949187,4.808018990508131,6.235221223047988,0.0
1e3b4432-e0e4-4622-8879-cf78302779cc,2025-01-17 15:25:06.353,73.481904,,,,73.481904,,,,
f5e02c08-5951-4afe-852c-2695017f9ced,2025-01-01 20:41:22.198,131.54100036621094,136.4739990234375,-4.9329986572265625,-3.750160515347355,131.54100036621094,136.4739990234375,-4.9329986572265625,-3.750160515347355,0.0
46d4c02c-3a88-4d75-a851-16c6bdbd86b3,2025-01-06 23:34:25.038,114.30527724,113.3980925,0.907184739999991,0.7936507936507858,114.30527724,113.3980925,0.907184739999991,0.7936507936507858,0.0
2271e614-2f9e-4daa-8292-d2a528ad89c0,2025-01-01 15:38:55.721,138.889983694,123.10000610351562,15.78997759048437,11.36869425031583,138.889983694,123.10000610351562,15.78997759048437,11.36869425031583,0.0
9ff289a9-b197-4a32-a6a3-8f3e99a21ac4,2025-01-08 02:59:11.379,93.893544,95.09100341796876,-1.1974594179687585,-1.2753373309338056,93.893544,95.09100341796876,-1.1974594179687585,-1.2753373309338056,0.0
41739a82-60da-47be-ad56-626ef2b0ad3b,2025-01-16 23:23:20.763,104.3262451,103.418976,0.9072690999999935,0.8696460791149413,104.3262451,103.418976,0.9072690999999935,0.8696460791149413,0.0
49eb673f-c9d5-4d56-97ee-c5e1829936d5,2025-01-01 18:53:34.822,90.7184,90.264808,0.45359200000000044,0.5000000000000004,90.7184,90.264808,0.45359200000000044,0.5000000000000004,0.0
58b33e42-e196-4d56-918f-31fb3d87b65f,2025-04-24 00:29:51.608,102.0582,101.7280044555664,0.3301955444335931,0.3235365158640786,102.0582,101.7280044555664,0.3301955444335931,0.3235365158640786,0.0
029d9ee3-14d0-4480-9235-bfa9a34b0e75,2025-06-06 15:20:46.000,82.553744,79.7991811653796,2.754562834620401,3.3366903802938377,82.553744,79.7991811653796,2.754562834620401,3.3366903802938377,0.0
e23bfd23-1410-4e2c-9b7d-f285898bd57b,2025-03-07 21:36:41.553,83.91452,89.811216,-5.896696000000006,-7.027027027027034,83.91452,89.811216,-5.896696000000006,-7.027027027027034,0.0
0d9f5e5f-40ec-4dfd-8b16-f4ab3c6c58a9,2025-04-28 23:14:26.713,113.398,107.86426697025406,5.533733029745932,4.879921188862178,113.398,107.86426697025406,5.533733029745932,4.879921188862178,0.0
2dffc01d-6e46-4306-87f9-0ff36d8ba8be,2025-02-22 00:14:22.194,98.429464,98.973855134,-0.5443911340000085,-0.5530774138930682,98.429464,98.973855134,-0.5443911340000085,-0.5530774138930682,0.0
af7bee8c-ca5a-4b24-9a0e-1175cea89c5b,2025-02-27 18:06:42.695,113.7988322880476,113.498835366377,0.299996921670612,0.2636203866409277,113.7988322880476,113.498835366377,0.299996921670612,0.2636203866409277,0.0
3f19cbcb-14e1-4a1c-865d-b2ad8aaebf46,2025-01-01 13:03:12.910,95.25432,88.49909189282701,6.7552281071729965,7.091781356659725,95.25432,88.49909189282701,6.7552281071729965,7.091781356659725,0.0
6bd123bd-795c-4f0a-a451-112c298d0d50,2025-01-05 02:47:55.958,123.241046929,115.303180454,7.937866475000007,6.4409274935590775,123.241046929,115.303180454,7.937866475000007,6.4409274935590775,0.0
a11660fa-d31c-48cf-ac7c-c2abe60fadf3,2025-02-03 22:53:45.027,97.52228,97.212,0.3102799999999917,0.31816319306725777,97.52228,97.212,0.3102799999999917,0.31816319306725777,0.0
f425177d-8315-489a-b037-70a7b058c93c,2025-01-03 03:03:40.211,57.606184,58.241260308,-0.6350763080000021,-1.1024446750369754,57.606184,58.241260308,-0.6350763080000021,-1.1024446750369754,0.0
5d236c51-333d-4068-8aa5-e503b50eb474,2025-05-23 19:04:30.913,90.7184,88.95,1.7683999999999997,1.9493289123264959,90.7184,88.95,1.7683999999999997,1.9493289123264959,0.0
529f2271-a264-49b4-8e0d-5e4f2ebe2ed0,2025-02-15 23:51:55.301,117.93392,113.760966396,4.172953604,3.538382853720117,117.93392,113.760966396,4.172953604,3.538382853720117,0.0
e68f77ab-4d65-4f07-85bc-368e1e2ade40,2025-02-12 16:31:34.325,90.7184,83.460928,7.257472000000007,8.000000000000007,90.7184,83.460928,7.257472000000007,8.000000000000007,0.0
2991e459-a6bd-4402-9fab-37a5bf7c883e,2025-03-18 14:12:30.262,75.296272,68.999291985238,6.296980014761999,8.362937297562354,75.296272,68.999291985238,6.296980014761999,8.362937297562354,0.0
4c3d60cb-0c83-4698-8501-b03e4d85a7cc,2025-04-24 23:08:41.256,102.0582,91.89781951904295,10.160380480957045,9.955476856300665,102.0582,91.89781951904295,10.160380480957045,9.955476856300665,0.0
f53891ab-4305-46ed-a79a-62a5e6bb207f,2025-01-10 15:36:01.233,136.0776,130.5986599016012,5.478940098398795,4.026335045884697,136.0776,130.5986599016012,5.478940098398795,4.026335045884697,0.0
028c19f6-cdb9-4cdd-9e84-495f28e744d6,2025-02-20 17:06:10.826,90.264808,89.06100463867188,1.2038033613281272,1.3336353203433693,90.264808,89.06100463867188,1.2038033613281272,1.3336353203433693,0.0
a5095015-5b6f-4ddf-99b9-a2e2fba9b367,2025-05-20 19:52:33.081,142.88148,125.193,17.688480000000013,12.379826972676943,142.88148,125.193,17.688480000000013,12.379826972676943,0.0
76dc6478-762c-40a9-9d18-3c11fa771be0,2025-04-22 18:10:08.033,88.904032,,,,88.904032,,,,
80fca9d5-c17e-4357-a98e-4ff1194307e7,2025-01-02 04:21:16.803,88.904032,85.34912421628569,3.554907783714313,3.9985900568765125,88.904032,85.34912421628569,3.554907783714313,3.9985900568765125,0.0
019a504f-3376-46eb-ace1-97b44979a5aa,2025-01-04 02:24:16.081,107.954896,97.781005859375,10.173890140625005,9.424204475751619,107.954896,97.781005859375,10.173890140625005,9.424204475751619,0.0
3d6fcfd7-1e89-4490-b4a7-af906cd60854,2025-05-09 01:01:08.087,78.017824,76.15815892300002,1.8596650769999883,2.3836413035564648,78.017824,76.15815892300002,1.8596650769999883,2.3836413035564648,0.0
834644bc-9767-4a9e-ae51-32e7d29a7413,2025-01-15 22:32:26.230,92.532768,86.95,5.5827680000000015,6.033287580892426,92.532768,86.95,5.5827680000000015,6.033287580892426,0.0
ac1664c1-eed1-426e-87b1-46b55fd7ca62,2025-01-13 18:01:55.683,99.6088032,98.7016192,0.9071840000000009,0.9107468123861576,99.6088032,98.7016192,0.9071840000000009,0.9107468123861576,0.0
a3f11f89-537f-4132-9e39-3d2c4a4ca4ef,2025-04-19 17:09:11.260,91.625584,84.77099609375,6.8545879062500035,7.481085093274825,91.625584,84.77099609375,6.8545879062500035,7.481085093274825,0.0
419ca511-ef17-4cfe-9808-67db4c806fa8,2025-01-01 21:11:03.319,113.3980925,105.278789077,8.119303423000005,7.160000000000004,113.3980925,105.278789077,8.119303423000005,7.160000000000004,0.0
c1f0d65d-208c-407f-90e4-2a9b670a747d,2025-01-09 22:31:53.308,114.758776,112.62100219726562,2.1377738027343725,1.8628412372874843,114.758776,112.62100219726562,2.1377738027343725,1.8628412372874843,0.0
4d936978-7f4e-45c2-a2d4-32a791bfebfd,2025-01-10 23:58:21.115,92.98636,89.19999694824219,3.7863630517578173,4.071955340286271,92.98636,89.19999694824219,3.7863630517578173,4.071955340286271,0.0
703568f1-58b5-47b6-87ce-76a318d9a589,2025-02-12 22:40:06.310,108.86208,103.41906036,5.443019640000003,4.999922507451633,108.86208,103.41906036,5.443019640000003,4.999922507451633,0.0
ef968108-220f-42f9-a20e-69d8ec01abdf,2025-01-13 18:05:16.522,115.66596,,,,115.66596,,,,
93ff48cc-60e6-40de-bfaa-04a887970592,2025-01-07 16:48:10.481,96.3010025024414,90.81600189208984,5.4850006103515625,5.695683812027302,96.3010025024414,90.81600189208984,5.4850006103515625,5.695683812027302,0.0
f3fd7f68-e340-4741-9f95-7e461101ef5b,2025-01-01 20:40:31.797,127.00576,126.59300231933594,0.4127576806640576,0.32499130800371384,127.00576,126.59300231933594,0.4127576806640576,0.32499130800371384,0.0
ecb4bd47-8e65-4407-9854-fe61fbb74cdb,2025-01-06 17:44:44.449,97.52228,94.92400360107422,2.598276398925776,2.664290046259969,97.52228,94.92400360107422,2.598276398925776,2.664290046259969,0.0
57006bd2-b8a8-4ece-9f4d-61d8eceb140a,2025-01-17 20:15:01.892,109.769264,109.678635066,0.0906289340000086,0.08256312440976975,109.769264,109.678635066,0.0906289340000086,0.08256312440976975,0.0
285dbf23-d437-4081-aa0b-23112edf8c8a,2025-01-28 22:49:57.072,72.57472,,,,72.57472,,,,
571b157e-c87d-400f-9f28-73ccd8942a74,2025-02-18 20:41:06.164,77.11064,70.30676,6.803880000000007,8.823529411764714,77.11064,70.30676,6.803880000000007,8.823529411764714,0.0
f802df07-c197-4ff8-9df1-dc86317a6baa,2025-04-23 02:23:55.230,100.243832,94.0999984741211,6.143833525878904,6.128889332441824,100.243832,94.0999984741211,6.143833525878904,6.128889332441824,0.0
f79b5efa-3c2a-420e-9f80-0a31c20d70ee,2025-01-14 02:20:01.325,119.657667206,106.004536869,13.653130336999993,11.410159211523876,119.657667206,106.004536869,13.653130336999993,11.410159211523876,0.0
54cbee94-5034-4128-9d1d-9d22263cabe4,2025-01-01 15:41:31.156,133.80964,118.66700744628906,15.14263255371094,11.316548309756262,133.80964,118.66700744628906,15.14263255371094,11.316548309756262,0.0
4f37c0ac-8e28-4d79-b389-fbef56575873,2025-01-14 00:24:29.620,108.408488,106.59412,1.8143680000000018,1.6736401673640184,108.408488,106.59412,1.8143680000000018,1.6736401673640184,0.0
c67e2f8a-0521-425d-9d81-a0d781fd5655,2025-01-01 10:20:19.891,174.63291999999998,173.64500427246094,0.9879157275390469,0.5657099059782353,174.63291999999998,173.64500427246094,0.9879157275390469,0.5657099059782353,0.0
f6ab773a-0ef4-4c5d-8b14-05e9010f43ae,2025-01-15 03:31:19.088,74.84268,75.06200408935547,-0.21932408935546732,-0.2930468141379589,74.84268,75.06200408935547,-0.21932408935546732,-0.2930468141379589,0.0
7e348b04-767a-4b94-bdb9-b55d10ec6735,2025-01-01 18:17:08.842,143.788664,130.58924332299998,13.199420677000035,9.179736642521439,143.788664,130.58924332299998,13.199420677000035,9.179736642521439,0.0
cf6ea0ea-f279-4263-9358-ad9c73a06d8c,2025-01-01 17:11:27.412,163.29312,152.091,11.20211999999998,6.860129808285849,163.29312,152.091,11.20211999999998,6.860129808285849,0.0
de93a2e2-5c7e-4d9e-b30e-3eca34c1726b,2025-05-29 21:53:48.821,101.151016,101.151016,0.0,0.0,68.811,101.151016,-32.34001599999999,-46.998322942552775,-46.998322942552775
270fffce-b892-42d9-8663-af8fbfd03fa6,2025-02-04 18:52:22.230,121.109064,110.767256754,10.341807246000002,8.539251237215408,121.109064,110.767256754,10.341807246000002,8.539251237215408,0.0
20c1696a-adbc-476e-ae6b-11d823756261,2025-02-04 03:30:09.515,65.77083999999999,68.63200378417969,-2.861163784179695,-4.3502010681020575,65.77083999999999,68.63200378417969,-2.861163784179695,-4.3502010681020575,0.0
b55e2465-8c00-4599-bb56-c56f98c8a1f4,2025-01-22 17:18:09.025,81.64656,,,,81.64656,,,,
7deba51f-4037-4a8f-afed-261adb75e341,2025-03-12 02:42:04.675,114.305184,111.36900329589844,2.9361807041015595,2.5687205088629748,114.305184,111.36900329589844,2.9361807041015595,2.5687205088629748,0.0
f0f74b1a-ba57-425e-a8b5-53cab4b2d530,2025-01-17 20:28:21.803,104.779752,104.55999755859376,0.2197544414062378,0.20972987357923675,104.779752,104.55999755859376,0.2197544414062378,0.20972987357923675,0.0
343fceb9-ac8c-464f-8ba4-0610e7255f91,2025-02-28 16:20:34.220,89.811216,91.04300689697266,-1.2317908969726545,-1.3715334808212087,89.811216,91.04300689697266,-1.2317908969726545,-1.3715334808212087,0.0
374fc9ee-481e-42d7-b265-c63137b3d795,2025-01-10 02:39:16.059,90.7184,87.08973693847656,3.62866306152344,3.9999195990267022,90.7184,87.08973693847656,3.62866306152344,3.9999195990267022,0.0
d09d1a3a-777c-41b7-8ad8-0175046fa69d,2025-02-18 23:29:31.314,95.25432,98.520263671875,-3.265943671874993,-3.428656749504897,95.25432,98.520263671875,-3.265943671874993,-3.428656749504897,0.0
b670c268-23b2-4ae6-bd57-4510e8d515f9,2025-05-05 17:33:29.353,95.2543977,87.6510009765625,7.603396723437498,7.98220019970532,95.2543977,87.6510009765625,7.603396723437498,7.98220019970532,0.0
0dc4bc8b-eaea-4a56-bdde-a64cdf39571c,2025-01-17 13:52:16.142,81.64656,79.4530029296875,2.193557070312494,2.6866497134876157,81.64656,79.4530029296875,2.193557070312494,2.6866497134876157,0.0
8225e22f-c0b1-4fd7-affb-17f4c164882d,2025-05-23 17:24:25.037,95.25432,,,,95.25432,,,,
cab3ebc6-2fd8-4700-a1f5-fdb3e3925cab,2025-01-01 23:14:21.065,95.25432,,,,95.25432,,,,
f74c9d01-47ab-4192-9889-7280ebd87678,2025-01-30 23:14:44.730,155.128464,146.7,8.42846400000002,5.433215660537978,155.128464,146.7,8.42846400000002,5.433215660537978,0.0
6a6a385e-5f69-41c2-ba81-3aa58bfaee67,2025-02-11 19:28:02.383,109.315672,107.8,1.5156720000000092,1.386509337837679,109.315672,107.8,1.5156720000000092,1.386509337837679,0.0
673d738f-2f92-45df-bcde-7181c13cdfb2,2025-01-10 13:23:23.747,113.398,106.6999969482422,6.698003051757794,5.9066324377482795,113.398,106.6999969482422,6.698003051757794,5.9066324377482795,0.0
bba44748-c592-4cbc-a8d6-09345a6d2e03,2025-01-12 03:00:27.769,85.275296,86.64500427246094,-1.3697082724609402,-1.606219311699534,85.275296,86.64500427246094,-1.3697082724609402,-1.606219311699534,0.0
29668894-a706-4aed-aece-992372d9c208,2025-01-03 23:53:36.262,117.93392,115.89700317382812,2.0369168261718755,1.7271679141775969,117.93392,115.89700317382812,2.0369168261718755,1.7271679141775969,0.0
29068c32-4aea-4be5-b48d-4fe6e5bc74bc,2025-01-03 19:36:21.477,85.275296,76.10700225830078,9.168293741699216,10.75140652891925,85.275296,76.10700225830078,9.168293741699216,10.75140652891925,0.0
8f172815-477a-4ccf-9664-f1885c063f4a,2025-03-07 23:48:18.047,70.74700164794922,63.92200469970703,6.8249969482421875,9.647047633487981,70.74700164794922,63.92200469970703,6.8249969482421875,9.647047633487981,0.0
939e64a7-f20d-4054-96d5-b828085275f4,2025-01-18 05:28:51.077,117.93392,118.96700286865234,-1.0330828686523432,-0.87598450780941,117.93392,118.96700286865234,-1.0330828686523432,-0.87598450780941,0.0
361e736a-e443-4f64-9b49-52c7f6bf735d,2025-01-23 22:31:46.465,86.18248,83.95,2.2324799999999954,2.5904104871430893,86.18248,83.95,2.2324799999999954,2.5904104871430893,0.0
bc1c9d20-03dc-4323-8d0b-6f9f892bdf36,2025-03-03 17:14:06.215,99.79024,94.19700622558594,5.59323377441406,5.60499080312269,99.79024,94.19700622558594,5.59323377441406,5.60499080312269,0.0
7a46f888-5400-45ac-bd59-1b2041207dc2,2025-01-13 19:18:20.685,101.151016,97.8489959525607,3.3020200474392993,3.2644457544937557,101.151016,97.8489959525607,3.3020200474392993,3.2644457544937557,0.0
821155f5-0c05-4058-ade1-ce059a763b09,2025-01-25 01:15:23.808,88.904032,77.54920425285009,11.354827747149912,12.772005376707673,88.904032,77.54920425285009,11.354827747149912,12.772005376707673,0.0
a4d08fb6-f5ca-4d38-9623-a89bfe96cc8f,2025-03-17 19:24:55.264,92.98636,99.0780029296875,-6.091642929687495,-6.551114517965317,92.98636,99.0780029296875,-6.091642929687495,-6.551114517965317,0.0
74aa47fb-deb3-4624-9a52-b9e9f176c71a,2025-01-17 20:06:13.309,120.20188,114.443,5.758880000000005,4.7910065965690425,120.20188,114.443,5.758880000000005,4.7910065965690425,0.0
e715b366-6925-4a21-a915-7a0abead6b7e,2025-01-08 14:35:26.524,102.19436096100002,100.51200103759766,1.682359923402359,1.646235572669602,102.19436096100002,100.51200103759766,1.682359923402359,1.646235572669602,0.0
944c61eb-bb4f-4cb7-be8c-dd87fc54f1f9,2025-01-09 22:51:51.921,127.00576,122.199,4.806759999999997,3.784678742129489,127.00576,122.199,4.806759999999997,3.784678742129489,0.0
1e0da27f-87b0-4e13-a235-30291273bcf4,2025-01-08 20:48:14.422,137.438376,123.6,13.838376000000011,10.068786028146906,137.438376,123.6,13.838376000000011,10.068786028146906,0.0
1ec26352-de17-4ece-9ce7-b9f42e585a61,2025-01-14 18:39:59.185,106.59412,109.1988794890984,-2.6047594890983987,-2.4436239907964894,106.59412,109.1988794890984,-2.6047594890983987,-2.4436239907964894,0.0
6d60a71b-2c26-4d84-9b57-74ac30bc6c69,2025-01-03 00:06:45.865,97.975872,98.64500427246094,-0.6691322724609421,-0.6829561797224343,97.975872,98.64500427246094,-0.6691322724609421,-0.6829561797224343,0.0
7691bc0c-8574-4abf-b2d0-3ca88a240ca5,2025-01-10 18:44:19.024,83.15,79.45,3.700000000000003,4.449789536981362,83.15,79.45,3.700000000000003,4.449789536981362,0.0
cc81b51b-74c8-407a-99f2-3d5262b46b4a,2025-01-06 16:57:27.814,107.501304,106.44700622558594,1.0542977744140671,0.9807302192483797,107.501304,106.44700622558594,1.0542977744140671,0.9807302192483797,0.0
a5d2e1ae-1afa-4e32-ab24-4a5c220d17c7,2025-05-28 17:00:25.699,153.767688,145.5985059851312,8.169182014868795,5.312677924161021,153.767688,145.5985059851312,8.169182014868795,5.312677924161021,0.0
40b00c2f-a2ec-4eeb-aeed-b4552206ccd1,2025-01-03 03:44:07.609,104.0790023803711,104.64800262451172,-0.569000244140625,-0.5467003248754585,104.0790023803711,104.64800262451172,-0.569000244140625,-0.5467003248754585,0.0
5ba10604-0b38-42cf-a226-2cbb56528631,2025-01-03 23:43:08.959,122.46984,125.37700653076172,-2.907166530761714,-2.373781602688232,122.46984,125.37700653076172,-2.907166530761714,-2.373781602688232,0.0
dbb227dc-79f2-4726-8a2b-8e48307a0cef,2025-01-01 21:37:17.820,154.22128,140.7,13.521280000000019,8.767454141218396,154.22128,140.7,13.521280000000019,8.767454141218396,0.0
0c993281-8d17-496d-8b76-def5c9245892,2025-03-14 14:56:25.886,116.119552,105.51700592041016,10.602546079589843,9.130715626245133,116.119552,105.51700592041016,10.602546079589843,9.130715626245133,0.0
c367c354-df68-483f-975f-8d72917d3d44,2025-01-01 21:52:37.538,106.59412,115.66605435,-9.071934349999992,-8.510726811197458,106.59412,115.66605435,-9.071934349999992,-8.510726811197458,0.0
a8f18e53-49d9-4339-aa66-e74a4421434d,2025-05-14 19:14:08.698,96.161504,92.60800170898438,3.5535022910156187,3.6953480792226574,96.161504,92.60800170898438,3.5535022910156187,3.6953480792226574,0.0
375211de-5333-4e01-a9b1-31d51965a4c2,2025-05-02 23:59:35.225,83.91452,77.54000091552734,6.374519084472652,7.596443481381593,83.91452,77.54000091552734,6.374519084472652,7.596443481381593,0.0
d7c8dd74-e2b0-441e-bf18-2cf24b35bf1b,2025-01-08 06:15:47.438,117.93392,115.21246198,2.72145802,2.3076126189988426,117.93392,115.21246198,2.72145802,2.3076126189988426,0.0
ca75056b-905f-452a-be61-94fb04e5742c,2025-01-03 04:13:22.231,81.192968,82.24990528265245,-1.0569372826524557,-1.301759633485077,81.192968,82.24990528265245,-1.0569372826524557,-1.301759633485077,0.0
d4c7c18a-9993-412e-a0ff-0600214cca43,2025-01-08 19:32:45.638,195.04456,181.6580047607422,13.386555239257802,6.863331763396941,195.04456,181.6580047607422,13.386555239257802,6.863331763396941,0.0
949c26c8-3cc8-4bf9-a5d3-c859fc656225,2025-01-11 17:17:30.442,65.77083999999999,,,,65.77083999999999,,,,
4dfd6091-dbbe-4962-b0f8-92b7fda51697,2025-01-02 03:05:27.883,95.707912,95.753349307,-0.04543730700000026,-0.04747497469174781,95.707912,95.753349307,-0.04543730700000026,-0.04747497469174781,0.0
df27331b-d031-44a0-8f31-50436a516870,2025-02-17 22:09:56.617,61.499368943472994,63.29935047349659,-1.7999815300235937,-2.926829268245082,61.499368943472994,62.249361247649496,-0.7499923041765015,-1.2195121951021242,1.7073170731429577
e47d83b8-401d-4297-af1e-f85cc763310a,2025-01-14 01:53:49.390,113.398,,,,113.398,,,,
6a9d26c5-4e38-4d99-b526-94b312890dc6,2025-03-17 19:15:04.621,109.31576117,,,,109.31576117,,,,
8cc0c461-8b03-4291-a129-5458bcce46d2,2025-04-01 19:17:26.998,100.243832,97.25800323486328,2.9858287651367164,2.9785660679219808,100.243832,97.25800323486328,2.9858287651367164,2.9785660679219808,0.0
f09b69a1-99f5-414a-a015-6a814e1843b1,2025-06-01 20:53:07.033,88.45044,,,,88.45044,,,,
e6d2f7ec-c43d-481a-aead-2f52fbb5ae0f,2025-01-14 20:08:44.701,146.963808,149.1820068359375,-2.2181988359375,-1.5093504081885927,146.963808,149.1820068359375,-2.2181988359375,-1.5093504081885927,0.0
c895aa8c-9df4-4bb4-b5c5-4732e14f76a4,2025-02-21 19:04:09.469,117.253627645,114.849588084,2.4040395609999905,2.0502901353965104,117.253627645,114.849588084,2.4040395609999905,2.0502901353965104,0.0
ba86fd50-51f2-4a23-9295-3e1f88640594,2025-02-03 15:34:54.086,177.808064,168.19827408331642,9.609789916683582,5.404586102846034,177.808064,168.19827408331642,9.609789916683582,5.404586102846034,0.0
32ce371c-04e5-4040-9be6-c97862c35072,2025-01-01 18:44:54.401,102.511792,91.66500091552734,10.846791084472656,10.581017922769954,102.511792,91.66500091552734,10.846791084472656,10.581017922769954,0.0
d9ee049b-20c0-416d-bac8-26dca9882fa2,2025-04-20 21:18:20.525,117.435064593,104.462322811,12.972741782,11.046736191579761,117.435064593,104.462322811,12.972741782,11.046736191579761,0.0
86650c76-c84a-4b44-b49b-ecc9eab5e021,2025-01-13 20:14:25.579,103.418976,,,,103.418976,,,,
9981d8ce-46f4-4979-b9dc-035c7396a3e3,2025-01-08 00:30:03.888,83.91452,85.728888,-1.8143680000000018,-2.1621621621621645,83.91452,85.728888,-1.8143680000000018,-2.1621621621621645,0.0
10e81577-c18d-40e4-bc3d-35b942318f24,2025-01-03 01:04:31.043,100.243832,94.1,6.143832000000003,6.128887810274454,100.243832,94.1,6.143832000000003,6.128887810274454,0.0
739ec2a5-f2f8-44ba-aabd-be877383b916,2025-01-09 21:50:56.473,58.059776,58.18100357055664,-0.12122757055664124,-0.208797861288065,58.059776,58.18100357055664,-0.12122757055664124,-0.208797861288065,0.0
13aa8493-43da-412e-956a-2215b919a298,2025-01-12 21:41:47.448,86.54542419600001,83.09812218399999,3.447302012000023,3.9832285115304242,86.54542419600001,83.09812218399999,3.447302012000023,3.9832285115304242,0.0
6faf005a-5817-416c-b984-3173bcbaef70,2025-03-03 22:59:11.320,112.037224,109.814712777,2.222511222999998,1.9837257151248213,112.037224,109.814712777,2.222511222999998,1.9837257151248213,0.0
0b07546b-202d-458d-8e15-69ebf974ac6f,2025-01-08 05:29:36.470,122.46984,114.758776,7.7110640000000075,6.296296296296303,122.46984,114.758776,7.7110640000000075,6.296296296296303,0.0
37057849-15d4-47fb-b59b-ca8c32f0ecd2,2025-04-08 23:58:43.505,134.716824,131.2580108642578,3.45881313574219,2.56746932791571,134.716824,131.2580108642578,3.45881313574219,2.56746932791571,0.0
e99927fa-0f38-4292-94fb-c29f09d94849,2025-01-06 17:25:26.832,90.7184,84.6050033569336,6.113396643066409,6.738871764786866,90.7184,84.6050033569336,6.113396643066409,6.738871764786866,0.0
b1d3281a-96be-4731-a0ba-93dfb7fac965,2025-02-17 23:57:21.581,83.91452,81.465189652,2.4493303479999895,2.9188397288097336,83.91452,81.465189652,2.4493303479999895,2.9188397288097336,0.0
bd36fbca-7a1b-4490-9849-5962f90c5bac,2025-02-06 22:20:48.823,97.049,91.697,5.352000000000004,5.514739976712798,97.049,91.697,5.352000000000004,5.514739976712798,0.0
1a9d9bd0-6859-4d11-bf63-4cbeb7d7cac9,2025-01-04 02:23:16.829,91.13700103759766,87.51800537109375,3.6189956665039062,3.9709400411485185,91.13700103759766,87.51800537109375,3.6189956665039062,3.9709400411485185,0.0
3ede565f-1bad-4795-a223-2c2a86a809cb,2025-01-03 03:43:00.980,102.0582,104.14200592041016,-2.083805920410157,-2.041781964026562,102.0582,104.14200592041016,-2.083805920410157,-2.041781964026562,0.0
724f9fdf-a398-4f6e-9776-2b3335d0fe6a,2025-04-23 17:09:44.636,92.98636,95.499020066141,-2.5126600661409952,-2.702181337285377,92.98636,95.499020066141,-2.5126600661409952,-2.702181337285377,0.0
0a0f8e5e-e55e-40b4-8fb8-c688bb5b7cd2,2025-03-01 01:07:41.556,171.457776,166.788,4.669775999999985,2.7235720122719806,171.457776,166.788,4.669775999999985,2.7235720122719806,0.0
2075ee49-4e01-4257-b51b-bf76a102fab9,2025-02-06 19:11:12.043,92.98636,,,,92.98636,,,,
f8c37f3a-10bc-4271-8713-ab419a9de916,2025-01-01 20:13:41.775,154.22128,135.624008,18.597272000000004,12.058823529411766,154.22128,135.624008,18.597272000000004,12.058823529411766,0.0
f9760388-883e-403b-841a-335622007bec,2025-03-21 05:54:30.810,90.7184,88.39400482177734,2.324395178222659,2.5622091860335487,90.7184,88.39400482177734,2.324395178222659,2.5622091860335487,0.0
1929d0d1-a19d-48a1-899a-1824b76f7fe6,2025-01-02 22:03:04.955,99.79024,,,,99.79024,,,,
c085d1d7-6019-4cc7-b388-e60f5543af21,2025-02-14 21:05:13.488,68.492392,68.0388,0.45359200000000044,0.6622516556291398,68.492392,68.0388,0.45359200000000044,0.6622516556291398,0.0
e810d26e-76ba-42cc-acdb-c74fcb0758b5,2025-02-14 21:32:05.406,97.975872,98.066670394,-0.09079839400000367,-0.09267423922494272,97.975872,98.066670394,-0.09079839400000367,-0.09267423922494272,0.0
7d118412-7e65-4f54-90bf-223ecbebc4fb,2025-01-02 04:27:02.750,92.98643585,90.5250015258789,2.4614343241211003,2.647089655196307,92.98643585,90.5250015258789,2.4614343241211003,2.647089655196307,0.0
54938bb0-9864-45c3-8c2a-0e2543596816,2025-01-09 22:48:17.486,61.23492,59.4493899787239,1.7855300212761023,2.915868953982633,61.23492,59.4493899787239,1.7855300212761023,2.915868953982633,0.0
561446f8-849f-4a13-a222-f87faf5ee214,2025-01-05 21:09:53.318,146.510216,141.1620346304898,5.3481813695102005,3.650381192196318,146.510216,141.1620346304898,5.3481813695102005,3.650381192196318,0.0
67f464ba-868b-43ba-b1a5-2391f696016f,2025-01-14 23:20:07.621,87.543256,83.10900115966797,4.434254840332031,5.065215806380369,87.543256,83.10900115966797,4.434254840332031,5.065215806380369,0.0
f5cebefc-8a12-4d3b-b2b0-2a67e37b7d75,2025-01-14 19:36:38.138,114.758776,104.36300659179688,10.395769408203122,9.058801226847454,114.758776,104.36300659179688,10.395769408203122,9.058801226847454,0.0
428f797f-868b-41db-a899-af7ae760873e,2025-01-02 16:44:33.964,73.028312,72.41200256347656,0.6163094365234372,0.8439321951237722,73.028312,72.41200256347656,0.6163094365234372,0.8439321951237722,0.0
0894711d-c7bc-4010-9700-00c1c5122b99,2025-03-27 11:45:54.864,113.398,110.404382858,2.993617141999991,2.639920582373579,113.398,110.404382858,2.993617141999991,2.639920582373579,0.0
b9f563d1-b3ba-44a3-b32b-22de155b7bae,2025-01-04 20:04:40.588,84.368112,81.3530044555664,3.01510754443359,3.5737525386766866,84.368112,81.3530044555664,3.01510754443359,3.5737525386766866,0.0
b1246703-3b66-4e50-9cfc-6acc3b3c0c93,2025-01-15 15:02:22.997,93.893544,91.082,2.811544000000012,2.9943954400102437,93.893544,91.082,2.811544000000012,2.9943954400102437,0.0
2694008e-2872-477d-92f4-61d37b2a9858,2025-01-10 17:21:54.731,77.564232,81.02100372314453,-3.456771723144527,-4.456656933242796,77.564232,81.02100372314453,-3.456771723144527,-4.456656933242796,0.0
ecd522dd-8164-4bd3-957d-ffbe8cd69433,2025-01-01 17:41:16.157,86.18248,87.543256,-1.3607760000000013,-1.578947368421054,86.18248,87.543256,-1.3607760000000013,-1.578947368421054,0.0
39ac6ec1-e1ba-463e-9a0a-6587313129ed,2025-01-02 14:38:01.803,77.11064,74.18400573730469,2.926634262695316,3.795370214402728,77.11064,74.18400573730469,2.926634262695316,3.795370214402728,0.0
6782d1d6-03b7-4886-9271-3aacb1d7a757,2025-01-01 10:06:22.506,80.28578399999999,,,,80.28578399999999,,,,
114e7dcc-a89b-4d54-b48b-d431f52a978e,2025-01-19 16:48:02.579,117.9340162,115.12174350600002,2.8122726939999865,2.384615384615373,117.9340162,115.12174350600002,2.8122726939999865,2.384615384615373,0.0
10efe8c6-d293-4995-872d-b00191e569f0,2025-01-21 17:26:46.704,108.86208,108.5988856457572,0.263194354242799,0.2417686252575727,108.86208,108.5988856457572,0.263194354242799,0.2417686252575727,0.0
1fedafb5-ee0d-4857-9ee3-631279019a2b,2025-01-02 16:54:53.423,95.25432,92.30900573730467,2.9453142626953337,3.0920532136446237,95.25432,92.30900573730467,2.9453142626953337,3.0920532136446237,0.0
b2372f6d-c6b4-4dfa-9004-df8765a85693,2025-06-01 16:45:58.565,90.43500518798828,,,,90.43500518798828,,,,
6b552b9d-c014-44ee-918a-f60e00a4f44a,2025-01-30 20:00:32.256,103.418976,98.93600463867188,4.482971361328126,4.334766727266885,103.418976,98.93600463867188,4.482971361328126,4.334766727266885,0.0
73df0f65-e4d9-4cc9-9616-2b657dd75abb,2025-01-10 18:42:49.290,120.20188,109.769264,10.432615999999996,8.679245283018865,120.20188,109.769264,10.432615999999996,8.679245283018865,0.0
7abfefa1-52fd-4cea-aec7-9804a537cd07,2025-05-14 14:09:33.563,87.089664,82.553744,4.535920000000004,5.208333333333338,87.089664,,,,
28b0678a-22f5-48fd-8398-14ba762a652a,2025-01-28 20:37:14.418,96.615096,97.2490021092195,-0.6339061092195095,-0.6561149711216036,96.615096,97.2490021092195,-0.6339061092195095,-0.6561149711216036,0.0
ad5733b2-d4a7-44b4-a889-2f4042cd5db5,2025-04-18 03:30:05.061,90.7184,81.75004566036,8.968354339640001,9.88592649301575,90.7184,81.75004566036,8.968354339640001,9.88592649301575,0.0
66225cf6-a53e-4671-9c5f-0edd75cde2b4,2025-01-02 20:52:50.226,114.305184,105.23300170898438,9.072182291015622,7.936807390131687,114.305184,105.23300170898438,9.072182291015622,7.936807390131687,0.0
0a58e05b-664d-47ae-ba64-e167fcf70a30,2025-04-07 16:24:45.072,123.90900421142578,116.781005859375,7.127998352050781,5.752607243851533,123.90900421142578,116.781005859375,7.127998352050781,5.752607243851533,0.0
af5d68fe-5626-49cb-b24d-3eb0149f45b0,2025-01-13 19:49:46.128,83.91452,123.37700653076172,-39.46248653076172,-47.02700620913011,83.91452,123.37700653076172,-39.46248653076172,-47.02700620913011,0.0
80831543-9283-41ee-ba8c-4192a4822f2e,2025-01-03 17:11:14.829,114.758776,113.12593841552734,1.6328375844726537,1.4228433252657329,114.758776,113.12593841552734,1.6328375844726537,1.4228433252657329,0.0
f20f919a-af56-4347-99b3-e8095f37438b,2025-03-11 14:00:41.737,114.758776,106.1550064086914,8.603769591308591,7.497265038195067,114.758776,106.1550064086914,8.603769591308591,7.497265038195067,0.0
e596b4db-f1e7-4bf3-8114-72d090ba3949,2025-01-01 14:43:23.100,124.7378,129.99957324200005,-5.261773242000061,-4.2182668301028725,124.7378,129.99957324200005,-5.261773242000061,-4.2182668301028725,0.0
842fa807-e96d-4b6e-8438-79469abefeab,2025-01-02 06:01:12.091,99.79024,97.52235955,2.2678804499999927,2.2726475555124357,99.79024,97.52235955,2.2678804499999927,2.2726475555124357,0.0
9278607a-6e51-4596-92a4-f4c113ad0501,2025-01-01 17:19:39.311,99.79024,100.02400207519533,-0.23376207519532954,-0.2342534452220273,99.79024,100.02400207519533,-0.23376207519532954,-0.2342534452220273,0.0
a0cd84d1-8872-483a-9fcc-586d164fa179,2025-01-11 00:29:00.644,67.131616,68.44100189208984,-1.3093858920898498,-1.9504757521252727,67.131616,68.44100189208984,-1.3093858920898498,-1.9504757521252727,0.0
6a6b2be4-a34c-4e1a-a4ee-a1640a58ae58,2025-05-19 21:01:02.760,117.93392,117.99400329589844,-0.06008329589843697,-0.050946577454931516,117.93392,117.99400329589844,-0.06008329589843697,-0.050946577454931516,0.0
3bcfc001-2575-4f95-be7d-4ef09d56ed36,2025-03-27 20:51:37.309,109.769264,107.954896,1.8143680000000018,1.6528925619834725,109.769264,107.954896,1.8143680000000018,1.6528925619834725,0.0
1ab10054-0265-42cb-aee8-df73a12a7238,2025-01-07 22:32:44.773,95.25432,95.16500091552734,0.08931908447266323,0.09376906419851953,95.25432,95.16500091552734,0.08931908447266323,0.09376906419851953,0.0
6ff819b5-0467-4e00-b9be-6c41ee4562a6,2025-01-11 22:15:42.036,87.089664,83.64243025949189,3.4472337405081106,3.9582581700029413,87.089664,83.64243025949189,3.4472337405081106,3.9582581700029413,0.0
9d368fb2-22a4-4fa7-9ef0-8911e8b34f38,2025-01-07 22:23:31.686,83.27955913199999,82.825966762,0.4535923699999955,0.5446623093681865,83.27955913199999,82.825966762,0.4535923699999955,0.5446623093681865,0.0
73a0b353-8ef3-4b94-9d32-3b714f5f4896,2025-01-11 00:37:25.604,154.22128,149.37001037597656,4.851269624023445,3.145655141769958,154.22128,149.37001037597656,4.851269624023445,3.145655141769958,0.0
54b48c7e-7565-4f4f-87b3-052dfe6f669d,2025-05-01 19:00:17.545,127.90200805664062,119.87600708007812,8.0260009765625,6.275117254615919,127.90200805664062,119.87600708007812,8.0260009765625,6.275117254615919,0.0
b189a01a-890d-46ec-8188-645970183384,2025-03-28 09:58:47.718,117.3987953480948,110.5988651235612,6.799930224533597,5.7921635433918865,117.3987953480948,110.5988651235612,6.799930224533597,5.7921635433918865,0.0
4edc0f42-f339-4055-8927-e620e437482d,2025-01-02 00:51:47.862,103.418976,99.30400848388672,4.114967516113282,3.9789288922308437,103.418976,99.30400848388672,4.114967516113282,3.9789288922308437,0.0
10f57e9b-8418-48cf-b904-5ad2787a8f6b,2025-01-13 23:46:06.658,100.2080078125,100.6230010986328,-0.4149932861327983,-0.41413185951096393,100.2080078125,100.6230010986328,-0.4149932861327983,-0.41413185951096393,0.0
6d11f2a7-5efe-4c61-abab-d96c01448e37,2025-01-01 18:48:13.604,100.788224614,112.15900421142578,-11.37077959742578,-11.281853253168943,100.788224614,112.15900421142578,-11.37077959742578,-11.281853253168943,0.0
0b40298c-d6fc-4f9c-9c43-5a695ec21c23,2025-01-01 15:23:42.297,107.84500885009766,110.24600219726562,-2.4009933471679688,-2.226337011576771,107.84500885009766,110.24600219726562,-2.4009933471679688,-2.226337011576771,0.0
8fe2f47e-3394-4866-a32d-67812fa7b596,2025-01-07 00:31:13.373,135.170416,132.1767088,2.9937071999999887,2.2147651006711326,135.170416,132.1767088,2.9937071999999887,2.2147651006711326,0.0
3f54d4fd-32e4-4438-a3dc-74dde8f569d0,2025-01-13 06:44:34.495,92.079176,93.79500579833984,-1.7158297983398398,-1.86342870655124,92.079176,93.79500579833984,-1.7158297983398398,-1.86342870655124,0.0
bd31dda3-0170-4227-b062-b0f227377336,2025-03-24 23:11:00.022,68.492392,69.853168,-1.3607760000000013,-1.9867549668874194,68.492392,69.853168,-1.3607760000000013,-1.9867549668874194,0.0
e9fba6d9-e770-4322-ab2f-a55d2d5af47c,2025-01-02 01:07:29.091,156.48924,151.91000366210938,4.57923633789062,2.9262307989294474,156.48924,151.91000366210938,4.57923633789062,2.9262307989294474,0.0
013fa9e8-3538-41b7-b2f8-fc1ab30c6d00,2025-01-02 06:39:33.463,90.00000762939453,86.70000457763672,3.3000030517578125,3.6666697466812352,90.00000762939453,86.70000457763672,3.3000030517578125,3.6666697466812352,0.0
245cdaf1-56c8-4a9d-b8aa-2ed7abc42aa3,2025-02-09 15:49:06.491,98.429464,103.5840072631836,-5.154543263183598,-5.236788918390938,98.429464,103.5840072631836,-5.154543263183598,-5.236788918390938,0.0
91a51c3a-567f-4eb9-a9e3-a14468dd70f7,2025-01-01 19:06:07.993,130.180904,123.3280029296875,6.852901070312498,5.264136950771596,130.180904,123.3280029296875,6.852901070312498,5.264136950771596,0.0
cbac5210-055f-46e9-b6ce-1405da585277,2025-01-13 21:22:25.470,127.00576,121.47100830078124,5.534751699218759,4.357874555625477,127.00576,121.47100830078124,5.534751699218759,4.357874555625477,0.0
4a5b709f-74dc-4706-b640-c764e1f64f5a,2025-01-07 22:57:29.989,64.8010025024414,61.7030029296875,3.0979995727539062,4.780789575959396,64.8010025024414,61.7030029296875,3.0979995727539062,4.780789575959396,0.0
efdff547-0ab6-4aa9-ae13-3b80110ff7c3,2025-01-01 15:13:56.162,82.100152,80.3765640258789,1.723587974121088,2.0993724519792463,82.100152,80.3765640258789,1.723587974121088,2.0993724519792463,0.0
82753339-09a1-4c20-ac68-a89e6191a3dc,2025-01-09 22:22:30.857,103.418976,103.91400146484376,-0.49502546484376353,-0.4786601878979768,103.418976,103.91400146484376,-0.49502546484376353,-0.4786601878979768,0.0
0b183a2c-875e-458e-b2bc-068ba73e43ed,2025-01-04 00:28:50.943,147.4174,134.63400268554688,12.783397314453111,8.671566120724632,147.4174,134.63400268554688,12.783397314453111,8.671566120724632,0.0
134cc5b6-5cbb-4407-8c92-7360c388fcb2,2025-01-24 03:26:59.511,116.663957564,116.35700225830078,0.30695530569921914,0.2631106574031901,116.663957564,116.35700225830078,0.30695530569921914,0.2631106574031901,0.0
4696623c-74ce-45ee-8345-14dfcab864f3,2025-05-22 18:00:04.905,106.140528,,,,106.140528,,,,
689bfd90-c4fc-4a45-8123-2bb7f41f293f,2025-01-09 02:40:15.539,113.398,112.4,0.9979999999999905,0.8800860685373555,113.398,112.4,0.9979999999999905,0.8800860685373555,0.0
8ebe46e5-231d-4129-bf8b-57ff0f071ac0,2025-01-09 16:00:55.783,93.893544,90.264808,3.6287360000000035,3.8647342995169116,93.893544,90.264808,3.6287360000000035,3.8647342995169116,0.0
6024c477-dd28-4830-8d99-80541de080bc,2025-05-31 02:34:58.720,86.18248,84.77400207519531,1.4084779248046857,1.6342972780600948,86.18248,84.77400207519531,1.4084779248046857,1.6342972780600948,0.0
df399494-e909-4ec9-a562-5574b1b4701e,2025-02-04 16:23:14.450,95.25432,84.01500701904297,11.239312980957038,11.799268506622102,95.25432,84.01500701904297,11.239312980957038,11.799268506622102,0.0
bca40c9f-3ddc-44cb-9d2e-049b53685d7b,2025-01-08 08:06:44.586,108.86208,109.0050048828125,-0.14292488281249405,-0.13128986954180377,108.86208,109.0050048828125,-0.14292488281249405,-0.13128986954180377,0.0
edcddde6-4d6d-4fba-9465-f7a6045a3569,2025-01-01 22:10:05.441,128.13800048828125,,,,128.13800048828125,,,,
ab07fc4c-8443-4556-b164-df272d28fe4e,2025-01-03 17:42:20.066,90.809192474,81.19303423000001,9.61615824399999,10.58941058941058,90.809192474,81.19303423000001,9.61615824399999,10.58941058941058,0.0
212929d1-d681-4260-be73-572444ab9090,2025-01-02 17:15:25.814,83.91452,82.08000183105469,1.8345181689453085,2.1861748943392736,83.91452,82.08000183105469,1.8345181689453085,2.1861748943392736,0.0
45a34449-7991-4f82-a3c5-cb4027a20900,2025-04-24 13:40:36.016,108.86208,109.93800354003906,-1.0759235400390565,-0.9883363794252843,108.86208,109.93800354003906,-1.0759235400390565,-0.9883363794252843,0.0
adeb524c-be95-44ae-8ef0-c5d651cd19ee,2025-01-26 20:37:08.283,78.47148001,80.79300689697266,-2.321526886972663,-2.9584339261561268,78.47148001,80.79300689697266,-2.321526886972663,-2.9584339261561268,0.0
5694e751-90ff-4c2b-9678-d2a07c10c6f4,2025-01-21 08:21:36.948,94.347136,93.45000000000104,0.8971359999989659,0.9508884297229391,94.347136,93.45000000000104,0.8971359999989659,0.9508884297229391,0.0
ba9cca39-4b70-4487-90c4-630c98ea2ed7,2025-04-04 21:11:42.935,54.43104,59.74300384521485,-5.311963845214848,-9.759071010244977,54.43104,59.74300384521485,-5.311963845214848,-9.759071010244977,0.0
b53fb513-d8a3-445d-9a9b-f7475f52356c,2025-01-09 19:38:18.414,124.284208,,,,124.284208,,,,
610febfd-80dc-4edf-9f06-d7b9834de453,2025-01-25 19:08:43.456,138.9770050048828,133.21600341796875,5.7610015869140625,4.145291220451654,138.9770050048828,133.21600341796875,5.7610015869140625,4.145291220451654,0.0
606b8c2c-1725-4465-b96a-235614fa8b96,2025-02-12 13:07:22.118,74.84268,71.667536,3.175144000000003,4.242424242424246,74.84268,71.667536,3.175144000000003,4.242424242424246,0.0
2f7b7883-8904-446b-b211-73fd073fcc0c,2025-01-15 06:58:51.825,99.79024,105.233344,-5.443104000000005,-5.4545454545454595,99.79024,105.233344,-5.443104000000005,-5.4545454545454595,0.0
b93fe942-d5f7-4440-ac62-2cc11c07e017,2025-01-16 00:16:07.969,74.84268,68.69600677490234,6.146673225097658,8.212791451478832,74.84268,68.69600677490234,6.146673225097658,8.212791451478832,0.0
166215cb-daf7-4da8-a20a-3219ae6e0b3b,2025-02-16 20:17:17.481,106.140528,102.88500213623048,3.2555258637695204,3.067184538378705,106.140528,102.88500213623048,3.2555258637695204,3.067184538378705,0.0
50505490-e032-4829-92f2-ed97b2e1f79f,2025-01-01 20:46:11.744,108.86208,108.92300415039062,-0.06092415039061905,-0.05596452905421158,108.86208,108.92300415039062,-0.06092415039061905,-0.05596452905421158,0.0
841dad9d-1566-4d11-9199-cd2b89eeb533,2025-01-23 20:19:00.754,87.543256,86.63600158691406,0.907254413085937,1.0363498623879572,87.543256,86.63600158691406,0.907254413085937,1.0363498623879572,0.0
864f50db-9fdc-412e-98e1-cfdc05666fd3,2025-01-01 16:18:14.263,167.82904,163.32101440429688,4.508025595703117,2.68608197705422,167.82904,163.32101440429688,4.508025595703117,2.68608197705422,0.0
be240f77-ed64-4e45-a7ed-ece07253272e,2025-01-17 18:11:29.793,79.3786,77.999199634356,1.3794003656440026,1.7377484178909712,79.3786,77.999199634356,1.3794003656440026,1.7377484178909712,0.0
3508fe03-d962-49a5-9152-5602169b230a,2025-04-25 23:43:35.400,74.389088,78.698276195,-4.309188195000004,-5.792769223088209,74.389088,78.698276195,-4.309188195000004,-5.792769223088209,0.0
2f1e6e14-e360-4ccb-baab-97b252f8b30c,2025-01-31 23:29:03.297,104.32616,97.75,6.576160000000002,6.303462142189457,104.32616,97.75,6.576160000000002,6.303462142189457,0.0
962c6f48-15be-47f1-b3b6-b6f12f1849b0,2025-02-25 17:35:47.202,88.6,80.28578399999999,8.314216000000002,9.383990970654631,88.6,80.28578399999999,8.314216000000002,9.383990970654631,0.0
d6e04106-0bbf-4943-bba9-a36bfcf2e535,2025-01-23 23:40:46.740,104.32616,,,,104.32616,,,,
7066ba1e-0890-4370-8f41-80f63c3833ac,2025-01-15 19:24:55.219,98.883056,100.500000001,-1.6169440010000073,-1.635208362694623,98.883056,100.500000001,-1.6169440010000073,-1.635208362694623,0.0
6382c57b-44a1-4ea1-a9a3-f851ecaa0224,2025-02-27 03:05:44.658,95.25432,81.77000427246094,13.48431572753907,14.15611987733372,95.25432,81.77000427246094,13.48431572753907,14.15611987733372,0.0
72eaf1ff-9374-4344-be30-92aa358674d9,2025-03-07 02:52:51.596,95.25432,89.49400329589844,5.7603167041015695,6.0473023208832615,95.25432,89.49400329589844,5.7603167041015695,6.0473023208832615,0.0
fb984b92-9500-49c6-92ed-ce7cdb68b087,2025-01-08 20:30:36.388,114.8340072631836,111.7540054321289,3.0800018310546875,2.6821338943574013,114.8340072631836,111.7540054321289,3.0800018310546875,2.6821338943574013,0.0
8f918ca9-4555-4913-b9fd-ba95787334d6,2025-01-20 00:36:04.698,108.408488,110.5790023803711,-2.1705143803710882,-2.0021627645716156,108.408488,110.5790023803711,-2.1705143803710882,-2.0021627645716156,0.0
a5135373-ef5c-451b-a5ea-7a101e01402e,2025-02-05 22:17:14.389,138.34556,122.28850295200002,16.05705704799999,11.606485273542562,138.34556,122.28850295200002,16.05705704799999,11.606485273542562,0.0
43e1a06c-c066-4ea1-9c9e-a7b605ef948d,2025-02-11 22:09:27.983,63.049288,61.86100387573242,1.1882841242675752,1.8846907902712164,63.049288,61.86100387573242,1.1882841242675752,1.8846907902712164,0.0
2b1a00f1-cf9a-471f-a9da-528711a7630f,2025-03-13 23:05:56.387,102.0582,100.48400115966795,1.5741988403320448,1.5424520913871154,102.0582,100.48400115966795,1.5741988403320448,1.5424520913871154,0.0
2d5424dd-740c-41ca-88cb-d0af23c6d469,2025-01-06 18:27:04.116,74.19900512695312,72.1570053100586,2.0419998168945312,2.752058216145496,74.19900512695312,72.1570053100586,2.0419998168945312,2.752058216145496,0.0
b9e95111-43c9-4adb-860c-4a9feacc1b5d,2025-01-01 17:51:03.453,170.097,167.0860137939453,3.010986206054696,1.7701583249879163,170.097,167.0860137939453,3.010986206054696,1.7701583249879163,0.0
bc7931f3-6161-48ff-9c96-f81cf188a387,2025-01-03 03:36:38.243,100.697424,101.604608,-0.9071840000000009,-0.9009009009009018,100.697424,101.604608,-0.9071840000000009,-0.9009009009009018,0.0
44d0db2c-f1d4-4582-8cd7-1464502e74ca,2025-02-05 22:22:37.120,67.131616,64.7820053100586,2.3496106899414,3.500006152006531,67.131616,64.7820053100586,2.3496106899414,3.500006152006531,0.0
e295e533-af0b-4ed7-a478-c10764b9e04e,2025-02-03 22:02:35.536,89.53913106949187,90.19907444896042,-0.6599433794685439,-0.7370446547625727,89.53913106949187,90.19907444896042,-0.6599433794685439,-0.7370446547625727,0.0
5a342641-a8da-4a2a-917a-b21a6313bceb,2025-01-08 21:52:10.921,155.128464,153.76781343000002,1.36065056999999,0.877112126888583,155.128464,153.76781343000002,1.36065056999999,0.877112126888583,0.0
76d8bd6c-3ec9-4636-80a4-b5cadd71dad1,2025-01-02 21:46:08.291,102.511792,96.21600341796876,6.295788582031236,6.141526217814274,102.511792,96.21600341796876,6.295788582031236,6.141526217814274,0.0
f2d109cb-d884-4050-a3da-1ee5f2ee59f9,2025-02-05 19:27:16.897,114.758776,101.604608,13.154167999999999,11.462450592885375,114.758776,101.604608,13.154167999999999,11.462450592885375,0.0
9dfd847c-f54c-4996-9568-a2191902bc19,2025-05-30 17:52:31.281,122.016248,121.29059696949189,0.7256510305081179,0.5947167220779628,122.016248,121.29059696949189,0.7256510305081179,0.5947167220779628,0.0
c5821b66-5171-4909-9777-c831ac64b788,2025-01-21 18:03:16.490,83.91452,80.04000091552734,3.8745190844726523,4.6172212919440545,83.91452,80.04000091552734,3.8745190844726523,4.6172212919440545,0.0
7335e160-4d2e-4214-8bb5-313ad6da093b,2025-01-18 02:54:38.264,68.492392,,,,68.492392,,,,
cd14b921-8c91-4e01-af00-061be0636f3f,2025-01-01 13:04:46.772,154.22128,145.0810089111328,9.140271088867195,5.926724955769524,154.22128,145.0810089111328,9.140271088867195,5.926724955769524,0.0
366279b6-c4a5-444d-942f-2eb87a24c976,2025-01-06 16:44:53.784,89.35769689,90.36599731445312,-1.0083004244531253,-1.1283867641467424,89.35769689,90.36599731445312,-1.0083004244531253,-1.1283867641467424,0.0
60ab33db-d001-46db-9763-8e482eb3f092,2025-01-06 01:57:32.643,95.934786255,92.0570068359375,3.877779419062506,4.042099399434895,95.934786255,92.0570068359375,3.877779419062506,4.042099399434895,0.0
79feeb0e-7b15-49d4-9a50-12b55b767c64,2025-01-07 01:53:58.477,120.20188,120.77000427246094,-0.5681242724609348,-0.4726417527420825,120.20188,120.77000427246094,-0.5681242724609348,-0.4726417527420825,0.0
3ac9ef65-97ea-4406-8426-caf9f890a2a3,2025-01-13 19:20:55.361,86.18248,,,,86.18248,,,,
fe8e77bd-3534-479f-99f1-622bee9d5100,2025-03-05 14:53:01.746,77.3,75.47,1.8299999999999983,2.3673997412677856,77.3,75.47,1.8299999999999983,2.3673997412677856,0.0
5d666850-3953-4152-85db-091f229d97e0,2025-06-12 15:19:26.251,87.089664,,,,87.089664,,,,
a85bf547-2d5e-44db-bb8a-030d079c798b,2025-01-28 17:31:21.646,118.841104,114.7540054321289,4.087098567871095,3.4391287444376952,118.841104,114.7540054321289,4.087098567871095,3.4391287444376952,0.0
95bf138e-20ff-405d-99bd-9c455b3124d4,2025-03-03 22:27:55.377,95.25432,,,,95.25432,,,,
0eeb7549-0235-49e1-8789-b52f4882be1c,2025-01-16 05:30:50.498,70.30676,,,,70.30676,,,,
52613d39-095d-4afe-a5b6-051ef8d27936,2025-05-21 00:38:42.852,124.284208,119.92981985949189,4.354388140508121,3.5035731494608875,124.284208,119.92981985949189,4.354388140508121,3.5035731494608875,0.0
ab2fa85c-2a05-48c9-b0c6-bae998992e31,2025-01-05 17:21:55.499,106.32205152800002,,,,106.32205152800002,,,,
312507b0-d23c-48db-bcad-4477ee553c50,2025-03-14 04:36:53.111,116.573144,,,,116.573144,,,,
4843ad54-64c6-4f96-a6dc-e5281303d71d,2025-01-17 16:45:35.773,120.20188,115.393898928,4.807981072000004,3.999921691740598,120.20188,115.393898928,4.807981072000004,3.999921691740598,0.0
df6a3655-7d12-42b5-982d-5ba67117a349,2025-02-17 16:02:47.609,120.20188,119.20407483600002,0.9978051639999848,0.8301077853357908,120.20188,119.20407483600002,0.9978051639999848,0.8301077853357908,0.0
12edf1ae-94a9-4a93-b68b-fdbd15993282,2025-04-21 15:16:23.158,121.562656,122.3000030517578,-0.7373470517577942,-0.6065572076327406,121.562656,122.3000030517578,-0.7373470517577942,-0.6065572076327406,0.0
d865888c-b218-4be8-836f-b78280d3162b,2025-05-14 14:11:51.815,123.830616,122.0,1.8306160000000062,1.4783226144978607,123.830616,122.0,1.8306160000000062,1.4783226144978607,0.0
e88f6529-c58b-4d3f-b742-2f44e798558f,2025-01-27 21:21:58.026,111.13004,109.59200286865234,1.5380371313476502,1.383997640374871,111.13004,109.59200286865234,1.5380371313476502,1.383997640374871,0.0
03eb4440-e5c2-4195-9454-fb87191a4b48,2025-01-02 15:09:44.655,68.0388,68.03885550000001,-5.550000001619537e-05,-8.157110357060292e-05,68.0388,68.03885550000001,-5.550000001619537e-05,-8.157110357060292e-05,0.0
f1e7f816-5df1-4d15-84f1-07f7eae978b3,2025-01-16 06:02:11.467,97.52228,97.52235955,-7.955000000947621e-05,-8.157110355651674e-05,97.52228,97.52235955,-7.955000000947621e-05,-8.157110355651674e-05,0.0
dea0f083-e2bd-4596-9b1e-38ecf1060caf,2025-03-19 23:17:34.082,103.418976,100.7989656823216,2.620010317678407,2.533394178722488,103.418976,100.7989656823216,2.620010317678407,2.533394178722488,0.0
a140e2e1-0ee7-4777-9576-1f4a4ec8ca1d,2025-01-01 21:01:44.046,127.912944,121.698832871,6.214111129000003,4.858078420116734,127.912944,121.698832871,6.214111129000003,4.858078420116734,0.0
f03ee19e-02a7-4084-a461-3507859ffcb8,2025-01-14 17:45:35.461,102.9,99.6,3.3000000000000114,3.206997084548116,102.9,99.6,3.3000000000000114,3.206997084548116,0.0
c9c8ace9-a516-43ec-9e89-32e0003c9912,2025-01-27 22:43:53.477,118.387512,118.6145477294922,-0.22703572949220074,-0.1917733768171433,118.387512,118.6145477294922,-0.22703572949220074,-0.1917733768171433,0.0
09834e3b-7e4c-46fa-894c-c807760453f3,2025-01-07 04:40:14.681,131.995272,126.61,5.3852720000000005,4.0798976496673305,131.995272,126.61,5.3852720000000005,4.0798976496673305,0.0
e4b35fbc-3611-41fc-95da-9e279f3f4ace,2025-01-04 03:44:11.202,91.625584,79.05,12.575584000000006,13.724970091322971,91.625584,79.05,12.575584000000006,13.724970091322971,0.0
71a4f1f5-1598-4def-a7fd-d13ac0938d04,2025-01-15 18:48:14.083,78.017824,77.79920168757559,0.2186223124244151,0.28022098184180977,78.017824,77.79920168757559,0.2186223124244151,0.28022098184180977,0.0
c4400bbb-f179-4b77-a48c-7f8f6de8656e,2025-01-13 17:57:52.778,102.965384,106.75,-3.7846159999999998,-3.675619759743721,102.965384,106.75,-3.7846159999999998,-3.675619759743721,0.0
3e2a8318-3239-4ea3-b69a-e496dc1f6411,2025-01-14 14:59:08.979,88.45044,84.43700408935547,4.013435910644532,4.537496829461257,88.45044,84.43700408935547,4.013435910644532,4.537496829461257,0.0
e131c810-92e9-4552-a578-66fc03049ceb,2025-02-14 22:51:40.797,72.57472,,,,72.57472,,,,
1a9808f3-4d0b-4697-8a04-e5e227ed4fe0,2025-01-03 18:10:34.854,106.59412,97.2990015961646,9.295118403835403,8.72010426450859,106.59412,97.2990015961646,9.295118403835403,8.72010426450859,0.0
77c8f240-3af5-4533-a6d0-b7d1e883edc9,2025-01-09 20:53:51.212,99.3820072,,,,99.3820072,,,,
079a4492-1abd-4b4a-8e74-aaf77f560d85,2025-02-02 04:41:33.525,77.293,74.526,2.76700000000001,3.5798843362270967,77.293,74.526,2.76700000000001,3.5798843362270967,0.0
84c6be41-1a77-49ec-829e-afcc331467af,2025-01-01 10:12:02.984,92.079176,86.67500305175781,5.404172948242191,5.869050075168126,92.079176,86.67500305175781,5.404172948242191,5.869050075168126,0.0
e5616076-2df8-4656-ac8e-96df3f557785,2025-05-29 23:42:00.825,88.087638254,91.262784844,-3.175146589999997,-3.6045314109165774,88.087638254,91.262784844,-3.175146589999997,-3.6045314109165774,0.0
c2b999e4-e697-485d-ac7c-0d97b4654507,2025-04-14 20:35:40.952,134.263232,122.923432,11.339799999999983,8.445945945945933,134.263232,122.923432,11.339799999999983,8.445945945945933,0.0
394fe334-24ce-44cc-9f95-00ea846522b0,2025-02-21 15:00:43.970,164.653896,150.59845467964118,14.055441320358824,8.536355143615202,164.653896,150.59845467964118,14.055441320358824,8.536355143615202,0.0
b23bda0f-efa7-4a8a-a034-4395cb192725,2025-05-07 21:02:58.792,90.264808,89.22400665283203,1.040801347167971,1.1530532997621519,90.264808,89.22400665283203,1.040801347167971,1.1530532997621519,0.0
d8a561d1-d452-4877-9d1f-aa0f2d70ea87,2025-01-06 15:39:38.181,102.965384,,,,102.965384,,,,
44644105-a00b-4926-acac-fdb0d88d37bb,2025-01-01 15:23:48.296,98.4,92.0,6.400000000000006,6.504065040650412,98.4,92.0,6.400000000000006,6.504065040650412,0.0
faa6a2b3-ee9a-41ca-91a0-ed25e7289328,2025-01-22 20:59:56.720,102.05828325,103.78193564025406,-1.7236523902540597,-1.688890245225695,102.05828325,103.78193564025406,-1.7236523902540597,-1.688890245225695,0.0
a2c4395d-09fc-4c24-8ee7-0801ba50d2ca,2025-01-28 23:48:38.130,,131.5417873,,,,131.5417873,,,
7f3496b1-ee68-41b3-8752-359f693976da,2025-01-04 23:29:46.510,67.585208,67.13167076,0.45353723999998863,0.6710599159508226,67.585208,67.13167076,0.45353723999998863,0.6710599159508226,0.0
3aea8ac0-5fb8-4b32-b6db-c8845fd460da,2025-01-09 18:16:45.633,88.45044,80.831,7.619439999999997,8.614360765192346,88.45044,80.831,7.619439999999997,8.614360765192346,0.0
60ee030b-cf8f-4eae-aa2e-a0229f985fea,2025-04-29 05:18:11.013,131.54168,126.644,4.897680000000008,3.7232913552571385,131.54168,126.644,4.897680000000008,3.7232913552571385,0.0
b51f811a-a188-4f36-8a70-7f2d9c496dc6,2025-01-17 22:55:48.659,122.46984,,,,122.46984,,,,
c0f1eb49-d8d1-44ee-8d8b-dab6e9cbc2fb,2025-01-13 15:28:01.078,96.161504,,,,96.161504,,,,
9a689d3b-b918-4e48-8017-5c2c7b4f70db,2025-01-06 15:50:45.940,116.11964672,105.93286927454,10.18677744546001,8.772656250000008,116.11964672,105.93286927454,10.18677744546001,8.772656250000008,0.0
c395ecbd-46d9-4420-a7bb-778235274893,2025-01-18 00:06:21.972,99.336648,99.79024,-0.45359200000000044,-0.4566210045662105,99.336648,99.79024,-0.45359200000000044,-0.4566210045662105,0.0
08055873-16f9-4900-9953-ec1c8366061d,2025-03-11 01:34:55.230,114.305184,108.75900268554688,5.546181314453122,4.852082049448538,114.305184,108.75900268554688,5.546181314453122,4.852082049448538,0.0
cc336049-1211-4c63-a902-834e61352e8e,2025-02-18 16:24:05.193,98.429464,92.352,6.077463999999992,6.174435736031228,98.429464,92.352,6.077463999999992,6.174435736031228,0.0
d43bc0a4-d67c-4821-9d65-251fc8d774d9,2025-01-17 05:45:34.366,99.064573608,92.98643585,6.078137757999997,6.135531135531132,99.064573608,92.98643585,6.078137757999997,6.135531135531132,0.0
e888bd93-ef69-4feb-95b6-94c2f8fbeb8c,2025-01-07 19:06:45.758,149.68536,145.3100128173828,4.37534718261719,2.9230294683576203,149.68536,145.3100128173828,4.37534718261719,2.9230294683576203,0.0
2a1ac76d-57ca-4389-af0d-0e102170bf22,2025-01-13 19:18:35.034,79.3786,62.143,17.235600000000005,21.713156946582586,79.3786,62.143,17.235600000000005,21.713156946582586,0.0
72ea8d90-d458-4ad4-aa8a-0f0136b820d4,2025-01-02 19:28:16.164,118.523686281,113.172,5.351686280999999,4.515288419491138,118.523686281,113.172,5.351686280999999,4.515288419491138,0.0
9de36072-8703-4ebb-bd96-f74b0329c6b4,2025-01-15 13:52:47.821,104.32616,98.883056,5.443104000000005,5.2173913043478315,104.32616,98.883056,5.443104000000005,5.2173913043478315,0.0
262bf310-07ac-4780-b614-4a13b97d272f,2025-01-01 19:05:22.798,113.851592,112.00300598144533,1.8485860185546699,1.6236804300063454,113.851592,112.00300598144533,1.8485860185546699,1.6236804300063454,0.0
1c9f5808-fa78-4f20-b0c0-35fda8a60542,2025-04-09 17:57:44.312,135.170416,126.998696841554,8.171719158445995,6.045493829393849,135.170416,126.998696841554,8.171719158445995,6.045493829393849,0.0
b44116ac-c6fe-4d83-8444-f87518b35ee5,2025-01-06 14:58:43.788,164.653896,156.217212228,8.43668377200001,5.123889550721599,164.653896,156.217212228,8.43668377200001,5.123889550721599,0.0
6eb4aed0-7a69-4652-bcd9-ada2ccdd5ed4,2025-01-07 20:32:15.154,92.98636,83.597073791,9.389286209000005,10.097487641198132,92.98636,83.597073791,9.389286209000005,10.097487641198132,0.0
e7471841-13fe-419d-8f56-64c7f27c21fc,2025-01-21 07:38:33.272,124.7378,118.070093911,6.667706088999992,5.345377334697255,124.7378,118.070093911,6.667706088999992,5.345377334697255,0.0
053f0460-b1a2-4729-bf0d-03d27be220f2,2025-06-06 01:12:18.319,129.27372,120.09876764313016,9.174952356869838,7.097306673676473,129.27372,120.09876764313016,9.174952356869838,7.097306673676473,0.0
11dd4c74-ca6f-4028-aeb7-5ad7841eb923,2025-01-05 19:50:21.396,33.63,110.5580062866211,-76.9280062866211,-228.74816023378258,33.63,110.5580062866211,-76.9280062866211,-228.74816023378258,0.0
ac8e326e-66c1-4329-8ca8-a2e9bf42f8c6,2025-02-21 21:39:24.522,119.748288,118.58800506591795,1.1602829340820477,0.9689348828786994,119.748288,118.58800506591795,1.1602829340820477,0.9689348828786994,0.0
731380aa-e26b-4df5-88f1-f785629f3735,2025-02-24 01:34:54.068,90.7184,85.05000305175781,5.66839694824219,6.248343167694967,90.7184,85.05000305175781,5.66839694824219,6.248343167694967,0.0
43260d84-243d-4aca-9c24-acd3982ab1d2,2025-01-14 03:39:59.309,87.996848,86.44911292907791,1.5477350709220872,1.7588528522318063,87.996848,86.44911292907791,1.5477350709220872,1.7588528522318063,0.0
7ac0f7c8-f5e1-46d0-a33d-41e0db6c65bb,2025-02-05 01:48:40.702,138.34556,136.69859730890337,1.6469626910966326,1.1904702189912222,138.34556,136.69859730890337,1.6469626910966326,1.1904702189912222,0.0
d8ce9356-6d20-4624-9e95-35ad3c7d954e,2025-01-09 22:53:44.028,117.93392,120.1,-2.166079999999994,-1.8366895631044857,117.93392,120.1,-2.166079999999994,-1.8366895631044857,0.0
4bc8ab75-159e-480f-baf0-39778a08420a,2025-02-11 22:42:33.648,70.35,69.0,1.3499999999999943,1.9189765458422097,70.35,69.0,1.3499999999999943,1.9189765458422097,0.0
4a417585-aa7e-4363-9abf-20f7ef5ccf8e,2025-01-13 14:09:31.444,131.54168,,,,131.54168,,,,
3812a466-f069-4a7f-9996-8827df02e253,2025-01-06 23:14:15.776,113.307374026,114.896,-1.5886259739999957,-1.402049943929918,113.307374026,114.896,-1.5886259739999957,-1.402049943929918,0.0
4e9f355b-ae64-413f-b9ab-7d68de0ac2cb,2025-05-12 19:22:06.560,169.189816,168.02700805664062,1.1628079433593825,0.6872801039983296,169.189816,168.02700805664062,1.1628079433593825,0.6872801039983296,0.0
e43dbd6a-0b5f-4dcb-95c4-d5c6258cb422,2025-04-08 00:30:06.480,90.7184,86.33,4.388400000000004,4.837386902767249,90.7184,86.33,4.388400000000004,4.837386902767249,0.0
ba4a726d-bc49-42f8-aaa7-9b6d64812bf3,2025-04-04 21:52:31.510,97.975872,90.718474,7.257397999999995,7.407331878607821,97.975872,90.718474,7.257397999999995,7.407331878607821,0.0
31bdd83a-6bd5-4238-8539-8ab1a7be1186,2025-01-02 16:47:28.425,110.948693702,108.136421008,2.8122726940000007,2.5347506132461164,110.948693702,108.136421008,2.8122726940000007,2.5347506132461164,0.0
e0ab6a1e-d8f2-41f3-8d93-04750d49746e,2025-01-31 17:04:33.453,133.80964,133.81500244140625,-0.005362441406248308,-0.004007515008820223,133.80964,133.81500244140625,-0.005362441406248308,-0.004007515008820223,0.0
c37a1729-42cf-4e8b-84cd-a37bbcdc31da,2025-01-14 04:25:43.335,102.0582,98.8320083618164,3.226191638183593,3.1611292754365574,102.0582,98.8320083618164,3.226191638183593,3.1611292754365574,0.0
2a3bc704-e47c-432a-82f5-2aade3c8b28b,2025-02-07 23:19:42.435,95.25432,93.34930974600002,1.9050102539999898,1.9999200603185132,95.25432,93.34930974600002,1.9050102539999898,1.9999200603185132,0.0
435d4a57-2ff1-4e3e-812d-7c87d5dab679,2025-03-12 01:12:31.306,140.72601318359375,132.1750030517578,8.551010131835938,6.076353574147043,140.72601318359375,132.1750030517578,8.551010131835938,6.076353574147043,0.0
f10b393e-08ac-445a-a9d4-52dabfc8b3e6,2025-01-04 20:15:32.486,129.27382545,123.288,5.985825450000007,4.6303460342133835,129.27382545,123.288,5.985825450000007,4.6303460342133835,0.0
daa8e4d5-6152-400f-96d1-f5ba580bee3a,2025-03-20 16:18:41.964,82.100152,81.874,0.22615199999999902,0.2754586861179003,82.100152,81.874,0.22615199999999902,0.2754586861179003,0.0
9e6a58d7-848c-4cd5-b356-9483f6790bb1,2025-01-08 03:38:08.414,120.20188,115.21246198,4.989418020000002,4.1508652110932065,120.20188,115.21246198,4.989418020000002,4.1508652110932065,0.0
0d6ee194-743e-432d-9efc-32c0d9ad4d7e,2025-01-03 17:19:48.929,120.20188,111.8,8.401880000000006,6.989807480548562,120.20188,111.8,8.401880000000006,6.989807480548562,0.0
d679f356-9207-4880-9875-e6f86bd00cd2,2025-01-16 18:17:29.270,97.975872,92.487484243,5.488387756999998,5.601774850240679,97.975872,92.487484243,5.488387756999998,5.601774850240679,0.0
e4326cf3-d00a-4171-ae9d-d5d938a14cd5,2025-01-02 18:18:09.064,81.64656,79.84918065232469,1.797379347675303,2.201414667899423,81.64656,79.84918065232469,1.797379347675303,2.201414667899423,0.0
3c3761a7-647c-48a4-93ae-317166cd7881,2025-01-07 15:35:50.890,91.398862555,90.582396289,0.816466265999992,0.8933002481389491,91.398862555,90.582396289,0.816466265999992,0.8933002481389491,0.0
cea545ca-2fbe-4d11-8b9d-be5421a9cc1d,2025-02-03 03:55:27.842,82.100152,83.1888378894919,-1.0886858894918987,-1.3260461314272582,82.100152,83.1888378894919,-1.0886858894918987,-1.3260461314272582,0.0
45c24a5b-9543-4a13-801f-6b403cfaf953,2025-04-08 21:55:32.339,106.59412,100.17400360107422,6.420116398925785,6.022955486593243,106.59412,100.17400360107422,6.420116398925785,6.022955486593243,0.0
82ed4e25-001a-4315-a67e-e3a2a5898f9a,2025-01-16 23:14:50.808,172.36496,191.279902429,-18.914942429000007,-10.973774732985177,172.36496,191.279902429,-18.914942429000007,-10.973774732985177,0.0
1b6a05a6-d0a8-44cc-bd44-33bdb43a175e,2025-01-10 19:21:15.892,188.24068,190.5087954,-2.2681153999999992,-1.2049018309963602,188.24068,190.5087954,-2.2681153999999992,-1.2049018309963602,0.0
0be8eb48-31f4-485f-b671-5b1b429b1344,2025-02-24 22:03:41.398,136.0776,129.863495531,6.214104468999977,4.566588820643499,136.0776,129.863495531,6.214104468999977,4.566588820643499,0.0
629232cc-9dff-431b-a885-bd5d71fd7ff7,2025-01-08 16:33:23.732,88.92315539954001,81.555908126,7.367247273540002,8.284959345446385,88.92315539954001,81.555908126,7.367247273540002,8.284959345446385,0.0
d67ddeb1-54e2-4724-97fd-305a7a43e60a,2025-01-11 05:23:20.636,95.25432,85.99800109863281,9.256318901367194,9.717479376648948,95.25432,85.99800109863281,9.256318901367194,9.717479376648948,0.0
c82b680c-023a-45e8-b9e3-e77fc88968a4,2025-01-06 16:02:39.092,65.77083999999999,,,,65.77083999999999,,,,
b44dab73-9145-4930-a0db-67073e98b9d2,2025-01-19 01:14:29.883,133.356048,126.14900970458984,7.207038295410143,5.404358035122744,133.356048,126.14900970458984,7.207038295410143,5.404358035122744,0.0
6d13b6c9-dd3d-4ed2-b8ec-f1d0be9eb802,2025-01-04 05:18:50.446,111.13004,98.95600128173828,12.174038718261713,10.9547685920582,111.13004,98.95600128173828,12.174038718261713,10.9547685920582,0.0
cbe7e7bb-dafa-4bf1-908f-11db2cd88138,2025-02-05 19:23:12.122,68.0388,59.829,8.209799999999994,12.066350376549844,68.0388,59.829,8.209799999999994,12.066350376549844,0.0
2484e128-eb20-476e-9ef9-c2f3e2ca0a3d,2025-04-21 15:36:09.737,151.95332,150.3984567308608,1.5548632691391902,1.0232506069226985,151.95332,150.3984567308608,1.5548632691391902,1.0232506069226985,0.0
1efa0f27-4c2a-4c73-86f9-93faa9e267f6,2025-01-07 03:12:07.506,111.13004,108.69100189208984,2.43903810791015,2.1947603977377765,111.13004,108.69100189208984,2.43903810791015,2.1947603977377765,0.0
cf57331d-a302-4ede-8576-50cee38b0989,2025-01-01 12:53:30.733,135.624008,131.0986547710522,4.525353228947807,3.336690380767841,135.624008,131.0986547710522,4.525353228947807,3.336690380767841,0.0
66a90175-58ad-4983-a29c-001011e956fc,2025-01-05 22:25:59.464,97.068688,99.608884452,-2.5401964520000035,-2.6169061355810266,97.068688,99.608884452,-2.5401964520000035,-2.6169061355810266,0.0
ed84750a-930e-4b71-9653-0421e3dd9ab9,2025-01-03 08:14:36.326,107.954896,104.2989297674786,3.6559662325214077,3.3865682502453684,107.954896,104.2989297674786,3.6559662325214077,3.3865682502453684,0.0
aafff508-a665-4d51-8e64-3d013e8fec6b,2025-01-05 18:14:59.143,95.707912,94.075057538,1.6328544619999974,1.706080958071677,95.707912,94.075057538,1.6328544619999974,1.706080958071677,0.0
81b8a9cf-c754-4ba4-8674-59081c745668,2025-03-29 04:00:48.015,115.66596,115.938209772,-0.272249771999995,-0.23537588068260965,115.66596,115.938209772,-0.272249771999995,-0.23537588068260965,0.0
458d6fa5-0407-4585-ad72-d4262c7906f5,2025-02-20 20:12:54.155,84.821704,83.460928,1.3607760000000013,1.6042780748663117,84.821704,83.460928,1.3607760000000013,1.6042780748663117,0.0
fd228502-0e7a-4dc4-99ab-e97c0332d7a9,2025-01-09 18:32:48.849,79.3786,81.26600646972656,-1.8874064697265567,-2.377727082269726,79.3786,81.26600646972656,-1.8874064697265567,-2.377727082269726,0.0
baa87060-7780-4500-b360-c7f5d04a4819,2025-01-02 23:09:56.442,129.27372,118.34300231933594,10.93071768066406,8.455483203132129,129.27372,118.34300231933594,10.93071768066406,8.455483203132129,0.0
01c48b62-577f-4b00-afad-46b65f67661d,2025-01-20 01:11:27.599,68.54914691625,65.59943302100204,2.949713895247953,4.303064338425348,68.54914691625,65.59943302100204,2.949713895247953,4.303064338425348,0.0
d74b27a0-dbf2-49f8-ac8f-70e924a9230c,2025-04-28 17:54:50.015,137.438376,131.09,6.348376000000002,4.619070877263568,137.438376,131.09,6.348376000000002,4.619070877263568,0.0
fbc99c34-c087-4ed5-a210-b539ee3a4e64,2025-06-03 16:00:47.532,102.0582,101.3000030517578,0.7581969482422011,0.742906447734921,102.0582,101.3000030517578,0.7581969482422011,0.742906447734921,0.0
4a5b6719-198b-46eb-8010-ab3ff5cea1f8,2025-02-12 15:41:46.522,104.32616,102.96538543701172,1.3607745629882828,1.3043464486647287,104.32616,102.96538543701172,1.3607745629882828,1.3043464486647287,0.0
cc6a7a04-2959-4028-af44-1c56566d0a3b,2025-01-17 02:13:57.427,92.532768,88.904032,3.6287360000000035,3.921568627450984,92.532768,88.904032,3.6287360000000035,3.921568627450984,0.0
d317971f-e2a2-4598-b38d-6a9ffcad1938,2025-04-02 19:10:06.491,67.131616,65.318,1.8136159999999961,2.7015825151594686,67.131616,65.318,1.8136159999999961,2.7015825151594686,0.0
4d5c3abc-ec4d-4bbe-9e80-ee799cef8fca,2025-02-20 14:30:36.446,81.6466266,,,,81.6466266,,,,
d52848bc-ec53-4829-8d1b-a49efa60e4db,2025-05-09 21:36:45.132,99.79024,92.0330047607422,7.7572352392577955,7.773541018899039,99.79024,92.0330047607422,7.7572352392577955,7.773541018899039,0.0
b1600749-c08f-43dd-aa6f-3fdcb58454ef,2025-04-24 00:09:03.695,104.32616,96.09800720214844,8.228152797851564,7.886950691803057,104.32616,96.09800720214844,8.228152797851564,7.886950691803057,0.0
e0244b3f-87b6-4d9c-ac38-30b90ddb1e72,2025-02-25 22:15:31.079,113.851592,114.3350067138672,-0.48341471386720514,-0.42460075030589395,113.851592,114.3350067138672,-0.48341471386720514,-0.42460075030589395,0.0
77f2b0f5-62a7-4c33-bb63-c90d2fcf56f4,2025-01-27 03:47:52.321,88.45044,78.7,9.750439999999998,11.023619554634207,88.45044,78.7,9.750439999999998,11.023619554634207,0.0
04791732-53ac-456c-a381-36157c49f784,2025-02-18 20:40:08.897,123.377024,115.257821217,8.119202783000006,6.580806149935993,123.377024,115.257821217,8.119202783000006,6.580806149935993,0.0
b9e414b5-fd04-4f28-a7ff-6ca8381c2c60,2025-01-10 19:22:46.574,102.0582,95.163679226,6.894520774,6.755479495033226,102.0582,95.163679226,6.894520774,6.755479495033226,0.0
63f259be-92fa-4c7a-a03c-54b2460ecf0d,2025-01-02 07:05:49.803,117.93392,111.74900817871094,6.184911821289063,5.244387553037382,117.93392,111.74900817871094,6.184911821289063,5.244387553037382,0.0
c5c90681-0334-41d5-afc0-8e781991d855,2025-02-12 23:57:45.265,90.53703982050811,91.62800598144533,-1.0909661609372137,-1.2049942908450295,90.53703982050811,91.62800598144533,-1.0909661609372137,-1.2049942908450295,0.0
a48479a2-a367-4555-8b7a-5927e2445afb,2025-01-22 16:05:52.121,86.1825503,,,,86.1825503,,,,
ce1ab9d6-50dd-4645-bcd4-1f2d65149b48,2025-01-03 15:14:15.676,95.707912,95.25432,0.45359199999998623,0.47393364928908516,95.707912,95.25432,0.45359199999998623,0.47393364928908516,0.0
6896bbd0-961a-4bba-8da2-1dcc80231626,2025-01-02 16:14:20.081,76.657048,70.5050048828125,6.152043117187503,8.02541094093201,76.657048,70.5050048828125,6.152043117187503,8.02541094093201,0.0
7a923d89-3099-49b5-9613-2511b15b9001,2025-01-03 03:10:27.704,79.3786,78.516839247,0.8617607530000129,1.0856336002398792,79.3786,78.516839247,0.8617607530000129,1.0856336002398792,0.0
de620519-155a-459c-9846-32fac32c0c63,2025-01-06 16:29:12.074,165.107488,150.50194836600002,14.605539633999967,8.846079490955594,165.107488,150.50194836600002,14.605539633999967,8.846079490955594,0.0
e2f27e41-c4f6-401f-b4a0-cb211bdbab91,2025-03-17 17:28:01.386,113.851592,115.2820053100586,-1.4304133100585972,-1.256384109287288,113.851592,115.2820053100586,-1.4304133100585972,-1.256384109287288,0.0
9eac415a-1d2f-4ab8-b9ce-e32505987720,2025-01-09 17:55:39.603,143.335072,134.69,8.645071999999999,6.031372419445256,143.335072,134.69,8.645071999999999,6.031372419445256,0.0
5dbc5bd1-e8b0-4934-b9b7-a5f00b668768,2025-01-10 21:25:18.284,102.2070083618164,95.44600677490234,6.7610015869140625,6.6150078113820525,102.2070083618164,95.44600677490234,6.7610015869140625,6.6150078113820525,0.0
eb4fa36d-e7cb-4db9-9fba-bbe4da600577,2025-01-28 22:59:27.666,139.54400634765625,133.945826861,5.5981794866562495,4.011766347534191,139.54400634765625,133.945826861,5.5981794866562495,4.011766347534191,0.0
9d388eb3-0df8-49ec-bbbc-d795be336e94,2025-01-01 21:05:38.842,79.3786,80.14600372314453,-0.7674037231445254,-0.9667639932482122,79.3786,80.14600372314453,-0.7674037231445254,-0.9667639932482122,0.0
811e3386-8143-4cc0-a427-5783136fa42e,2025-02-14 16:44:58.105,99.79024,97.297,2.49324,2.498480813354092,99.79024,97.297,2.49324,2.498480813354092,0.0
42aaa387-a401-4655-8f76-9d96d8e0ccfd,2025-02-24 16:57:43.129,116.573144,109.81471554550812,6.758428454491877,5.797586152855136,116.573144,109.81471554550812,6.758428454491877,5.797586152855136,0.0
10689752-37dc-47e5-99e0-b60e2d5a1e4b,2025-01-13 20:17:00.805,103.872568,,,,103.872568,,,,
7983097c-ec71-4f51-a087-109ea9d1547e,2025-02-18 16:05:26.706,119.1987768771184,117.3987953480948,1.7999815290236114,1.5100671132550345,119.1987768771184,117.3987953480948,1.7999815290236114,1.5100671132550345,0.0
5a73bd9a-3e07-4d8a-8442-834c2cbf5a75,2025-01-02 16:41:00.103,167.82904,157.2151182105081,10.613921789491883,6.324246262441759,167.82904,157.2151182105081,10.613921789491883,6.324246262441759,0.0
24cab981-29f6-4c8a-9ad4-9fc888eb81fb,2025-01-29 04:35:14.218,107.682828638,104.870555944,2.8122726940000007,2.6116259477674815,107.682828638,104.870555944,2.8122726940000007,2.6116259477674815,0.0
3fba3e67-2813-4606-b466-a1803f853fce,2025-01-02 07:55:55.804,68.16800689697266,68.70600128173828,-0.537994384765625,-0.7892182993977448,68.16800689697266,68.70600128173828,-0.537994384765625,-0.7892182993977448,0.0
16d40854-292f-4b0b-852f-2c3b88929c5a,2025-04-14 15:05:50.370,101.151016,97.250204128,3.9008118720000056,3.8564238168403624,101.151016,97.250204128,3.9008118720000056,3.8564238168403624,0.0
44b07365-7be1-4837-893c-36cf1d6b671d,2025-04-24 03:23:16.454,111.583632,110.676448,0.9071840000000009,0.8130081300813016,111.583632,110.676448,0.9071840000000009,0.8130081300813016,0.0
9a878a6e-e0af-46c6-9181-3d4c46217965,2025-01-03 19:15:25.648,99.79024,91.84905751914869,7.94118248085131,7.957874919281996,99.79024,91.84905751914869,7.94118248085131,7.957874919281996,0.0
3bce8fc3-b2f4-4506-9fc5-019a10a5dffa,2025-01-07 17:04:12.973,82.100152,75.38700103759766,6.713150962402338,8.176782623255482,82.100152,75.38700103759766,6.713150962402338,8.176782623255482,0.0
2bfffb78-f5a2-47b6-88e4-abf79155379a,2025-02-25 17:19:06.780,79.3786,77.92717055025406,1.4514294497459446,1.8284896051907498,79.3786,77.92717055025406,1.4514294497459446,1.8284896051907498,0.0
cb0e3899-efc0-4c82-9db5-4a7bfb19c9ea,2025-03-25 01:05:23.975,88.93500518798828,81.90800476074219,7.027000427246094,7.901276232449327,88.93500518798828,81.90800476074219,7.027000427246094,7.901276232449327,0.0
63a95aea-cbf7-4d63-9376-47fb4528ed6e,2025-01-09 18:34:11.752,103.418976,101.76200103759766,1.6569749624023444,1.6021962569058357,103.418976,101.76200103759766,1.6569749624023444,1.6021962569058357,0.0
65687454-d898-4948-ab75-e1dba9794dab,2025-03-24 17:36:25.887,107.047712,100.6,6.44771200000001,6.023213275216952,107.047712,100.6,6.44771200000001,6.023213275216952,0.0
8f29a652-f3d7-4a26-9af8-4b7986ae64d7,2025-04-08 22:55:00.796,150.13907447,135.07980778600003,15.059266683999965,10.030211480362516,150.13907447,135.07980778600003,15.059266683999965,10.030211480362516,0.0
1c283d07-de86-48f1-aab5-c7df8df93a39,2025-01-09 00:59:59.300,78.471416,,,,78.471416,,,,
d7c2c1de-8010-4e52-970e-8cd8b2ff71ab,2025-01-20 05:11:04.464,84.16000366210938,84.64400482177734,-0.48400115966796875,-0.575096409942145,84.16000366210938,84.64400482177734,-0.48400115966796875,-0.575096409942145,0.0
a68675bc-d2c2-4602-b480-4b065fd99230,2025-01-08 02:32:53.729,129.27372,125.635009765625,3.6387102343749973,2.8147331370792124,129.27372,125.635009765625,3.6387102343749973,2.8147331370792124,0.0
99fae513-3c9f-4561-8c50-e6fc590dbe3a,2025-01-17 22:15:51.841,84.821704,82.1491570517993,2.67254694820069,3.150781960476402,84.821704,82.1491570517993,2.67254694820069,3.150781960476402,0.0
830ddbc3-0fd4-4499-ba6e-64a4ec3d9ee4,2025-03-12 00:05:52.450,85.98,85.728888,0.2511120000000062,0.2920586182833289,85.98,85.728888,0.2511120000000062,0.2920586182833289,0.0
e799def1-81db-44dd-b00f-3be546a63633,2025-01-10 15:18:35.669,90.7184,96.38400268554688,-5.665602685546872,-6.245263017807713,90.7184,96.38400268554688,-5.665602685546872,-6.245263017807713,0.0
435d1f82-8d1c-4090-aa12-9422885e9b1e,2025-01-02 14:56:26.208,97.52228,94.800728,2.7215519999999884,2.7906976744185927,97.52228,94.800728,2.7215519999999884,2.7906976744185927,0.0
31d7c17b-7d72-4350-a34b-10dad7ebdf62,2025-01-31 21:09:24.838,170.097,168.511,1.5860000000000127,0.9324091547763997,170.097,168.511,1.5860000000000127,0.9324091547763997,0.0
c9ba1849-eda6-4b50-ad01-55b5dfe916b0,2025-01-16 03:42:59.226,122.46984,127.0058636,-4.536023599999993,-3.7037882959592276,122.46984,127.0058636,-4.536023599999993,-3.7037882959592276,0.0
9f41ff1f-a83e-4286-b632-537a3fa36a99,2025-01-07 17:29:54.491,126.098576,120.71300506591795,5.38557093408204,4.27092129421195,126.098576,120.71300506591795,5.38557093408204,4.27092129421195,0.0
8cbdc80f-1b17-4659-9f1c-5bff9265c75a,2025-04-18 01:45:25.436,95.25432,94.075057538,1.1792624620000112,1.2380146769196516,95.25432,94.075057538,1.1792624620000112,1.2380146769196516,0.0
ba5e77a8-1ae5-4f2b-95c4-44b8c1b5e772,2025-01-22 17:18:12.318,103.192264175,103.645856545,-0.4535923699999955,-0.4395604395604352,103.192264175,103.645856545,-0.4535923699999955,-0.4395604395604352,0.0
707ff50f-05ef-40f2-abfe-ee07f3977b90,2025-05-20 00:27:47.849,87.36500549316406,,,,87.36500549316406,,,,
509134c9-0448-4f52-a372-4f0b3f17bbfc,2025-05-22 21:34:43.966,62.142104,,,,62.142104,,,,
5244c639-4a6d-465f-a6e1-64034417c38a,2025-01-04 00:19:43.658,106.59412,92.4490513624899,14.145068637510107,13.270027124864022,106.59412,92.4490513624899,14.145068637510107,13.270027124864022,0.0
9c9996cd-2114-47c1-8095-a026d6f0173b,2025-05-23 14:34:36.782,73.935496,,,,73.935496,,,,
ff7b4574-e8d6-443e-aa62-ea91c3724851,2025-02-24 01:40:34.822,99.79024,97.04000091552734,2.7502390844726534,2.7560201122601304,99.79024,97.04000091552734,2.7502390844726534,2.7560201122601304,0.0
d68a2122-30f7-4186-b89c-7a6e91033d66,2025-01-10 17:53:52.287,118.841104,120.065900339,-1.2247963389999938,-1.0306167628668226,118.841104,120.065900339,-1.2247963389999938,-1.0306167628668226,0.0
92c72e39-f921-426e-95e9-366552c7dbba,2025-02-14 18:47:45.176,103.146904938,92.53284348,10.614061458000009,10.290237467018477,103.146904938,92.53284348,10.614061458000009,10.290237467018477,0.0
52d0eaa8-85ee-42eb-90c8-178a068f48f7,2025-01-04 16:10:25.359,108.86208,117.35,-8.487919999999988,-7.796948211902609,108.86208,117.35,-8.487919999999988,-7.796948211902609,0.0
fbb5685f-5c17-4c23-b242-12172bcce844,2025-01-06 17:35:46.483,97.61200714111328,88.77800750732422,8.833999633789062,9.050115751659678,97.61200714111328,88.77800750732422,8.833999633789062,9.050115751659678,0.0
f2d1c5ef-fdbe-4ba1-a647-c53ea4b150e4,2025-01-22 01:29:56.036,94.800728,85.1991257554504,9.60160224454961,10.128194632165282,94.800728,85.1991257554504,9.60160224454961,10.128194632165282,0.0
4f9451e2-7aee-4119-92b6-e539c6d1ee66,2025-02-04 18:51:53.061,90.7184,88.904032,1.8143680000000018,2.0000000000000018,90.7184,88.904032,1.8143680000000018,2.0000000000000018,0.0
e2246a3c-de92-41b4-aa68-ed1b63fba81b,2025-02-08 21:07:39.343,98.883056,97.65,1.2330559999999906,1.2469841142450033,98.883056,97.65,1.2330559999999906,1.2469841142450033,0.0
a678a14e-7931-426e-9d18-ed1b8bab7f4a,2025-01-06 18:12:51.848,96.72900390625,94.22300720214844,2.5059967041015625,2.590739698436656,96.72900390625,94.22300720214844,2.5059967041015625,2.590739698436656,0.0
399d181c-8c38-4724-a26e-06a49471bd69,2025-01-05 03:12:33.207,147.4174,145.10419916299998,2.313200837000011,1.5691504781660857,147.4174,145.10419916299998,2.313200837000011,1.5691504781660857,0.0
90c22a34-0e24-4ba0-8fab-5704e6e19818,2025-01-13 18:29:31.286,72.57472,67.26774847100002,5.306971528999981,7.312424393783373,72.57472,67.26774847100002,5.306971528999981,7.312424393783373,0.0
91dd1fdc-bf35-4388-a9e9-85ce230012db,2025-01-13 18:40:45.358,142.88159655,135.7620086669922,7.119587883007824,4.982858573053804,142.88159655,135.7620086669922,7.119587883007824,4.982858573053804,0.0
9e8581de-00de-4100-8307-2f911c5ec7c3,2025-01-02 17:21:56.070,88.45044,83.69400024414062,4.756439755859375,5.377519609692587,88.45044,83.69400024414062,4.756439755859375,5.377519609692587,0.0
4c42f5b5-d417-4fe3-abe1-2e2f8dced55d,2025-01-09 02:29:20.679,90.7184,78.3491960429717,12.369203957028304,13.634724550949207,90.7184,78.3491960429717,12.369203957028304,13.634724550949207,0.0
456888db-2c8e-4376-ab94-bd3eacd35bce,2025-01-06 14:27:01.207,113.398,112.12803247974594,1.2699675202540561,1.1199205631969313,113.398,112.12803247974594,1.2699675202540561,1.1199205631969313,0.0
6b84db05-510c-4652-893c-22c9d731347e,2025-06-09 01:42:17.085,161.478752,155.07101440429688,6.407737595703111,3.9681614555103275,161.478752,155.07101440429688,6.407737595703111,3.9681614555103275,0.0
a70de72f-b74a-4d17-9879-80d0eb5aea71,2025-01-28 21:30:11.941,109.769264,104.6,5.1692640000000125,4.709208945775579,109.769264,104.6,5.1692640000000125,4.709208945775579,0.0
7ea5b891-1d1c-4444-9c24-4c707c5bc910,2025-01-03 05:11:58.811,116.3800048828125,108.98200225830078,7.398002624511719,6.356764318716992,116.3800048828125,108.98200225830078,7.398002624511719,6.356764318716992,0.0
e8927d4f-a544-4ecc-b716-5c9e8db147a7,2025-01-02 00:19:10.451,102.0582,,,,102.0582,,,,
b33f4af3-a275-4f95-ba25-e6c8b615a458,2025-03-26 20:26:51.030,70.30676,63.63900951100001,6.667750488999985,9.483797132736575,70.30676,63.63900951100001,6.667750488999985,9.483797132736575,0.0
ac13ad79-c975-4c7b-8d37-54ffb082fc2e,2025-01-05 19:49:48.488,86.87800598144531,84.6550064086914,2.2229995727539062,2.558759892841781,86.87800598144531,84.6550064086914,2.2229995727539062,2.558759892841781,0.0
14c30d0c-0b87-4c07-8c6c-349bdc922a48,2025-01-06 21:53:03.788,72.4320068359375,72.99400329589844,-0.5619964599609375,-0.7758951940043448,72.4320068359375,72.99400329589844,-0.5619964599609375,-0.7758951940043448,0.0
920a858b-3732-481e-baa4-64efb0f2d9c4,2025-01-02 23:05:04.596,83.007336,78.44900512695312,4.55833087304687,5.491479539888944,83.007336,78.44900512695312,4.55833087304687,5.491479539888944,0.0
52dcbb8e-51ab-402b-bbee-8070c4043e2f,2025-01-25 19:19:53.784,170.097,160.68701171875,9.409988281250008,5.532130655596517,170.097,160.68701171875,9.409988281250008,5.532130655596517,0.0
156203c0-699f-4538-a062-4e9124c5de3e,2025-04-17 21:40:45.500,135.44268445050812,125.73581050101625,9.706873949491879,7.1667761081912476,135.44268445050812,125.73581050101625,9.706873949491879,7.1667761081912476,0.0
74b3ca2d-ebfb-473c-b708-88120f6490d9,2025-01-01 20:23:53.809,175.086512,179.17901611328125,-4.092504113281251,-2.337418266280415,175.086512,179.17901611328125,-4.092504113281251,-2.337418266280415,0.0
7b34ddbb-ff17-4c54-8eb5-a43870b5b423,2025-02-18 21:46:58.602,91.171992,81.0300064086914,10.141985591308597,11.12401447947808,91.171992,81.0300064086914,10.141985591308597,11.12401447947808,0.0
dd12e247-519b-4012-96ac-bd5e6542fec0,2025-01-03 20:01:34.513,117.9703035896,126.8,-8.829696410400004,-7.484677195641643,117.9703035896,126.8,-8.829696410400004,-7.484677195641643,0.0
65212089-1734-4709-98dd-38459e23b5be,2025-05-04 05:04:41.835,66.13371276855469,,,,66.13371276855469,,,,
19066b1e-6dad-4566-8384-e880cdaa615c,2025-01-02 13:37:41.010,108.40857643,107.501304,0.9072724299999919,0.8369009721161893,108.40857643,107.501304,0.9072724299999919,0.8369009721161893,0.0
9845c30a-2f6d-48ab-9172-2a6c7394f517,2025-01-17 15:32:32.642,99.79024,,,,99.79024,,,,
0b401d74-4e2f-410d-bd34-fd71d68a3ec3,2025-01-15 17:11:38.547,83.91452,,,,83.91452,,,,
5a821bad-a123-4b45-94ae-cacfac215b0a,2025-03-12 18:52:36.271,83.733151502,87.99691978,-4.263768278000001,-5.092091007583966,83.733151502,87.99691978,-4.263768278000001,-5.092091007583966,0.0
b0841a92-86c3-4d49-ab77-19e788f7b5d5,2025-03-19 15:53:11.121,90.264808,88.90410452,1.360703479999998,1.5074573470537909,90.264808,88.90410452,1.360703479999998,1.5074573470537909,0.0
30f4962e-a646-4dbe-94ff-556c3896740f,2025-04-12 02:30:33.752,89.811216,87.27116921949188,2.5400467805081206,2.8282066468269624,89.811216,87.27116921949188,2.5400467805081206,2.8282066468269624,0.0
dcee9b9c-041a-4c63-be3f-8818d538c444,2025-01-21 00:43:25.143,111.13013065,111.70000036094238,-0.5698697109423847,-0.5127949617346956,111.13013065,111.70000036094238,-0.5698697109423847,-0.5127949617346956,0.0
62a6430c-e5f5-4dfa-ac00-fb0a1ba248a8,2025-05-04 05:04:40.692,111.13004,108.86200714111328,2.2680328588867127,2.0408818883595408,111.13004,108.86200714111328,2.2680328588867127,2.0408818883595408,0.0
67922840-ce17-4fb6-be0c-9ce2a5137c5a,2025-01-04 22:06:40.643,95.25432,97.7489969786705,-2.4946769786704976,-2.6189646607844113,95.25432,97.7489969786705,-2.4946769786704976,-2.6189646607844113,0.0
36166a5d-eb6c-4e5b-8a93-42ff006fcf39,2025-04-16 15:28:09.300,128.366536,131.407,-3.0404640000000143,-2.368579923353244,128.366536,131.407,-3.0404640000000143,-2.368579923353244,0.0
bc355532-84ef-481d-b3d1-71f3aff00dcc,2025-03-18 23:10:09.596,110.676448,89.7990785543996,20.877369445600394,18.863425618430036,110.676448,89.7990785543996,20.877369445600394,18.863425618430036,0.0
0a22f520-4eb0-4cfd-a88e-e1e9d2478443,2025-05-24 14:22:03.888,100.243832,,,,100.243832,,,,
7733a060-68f0-4523-80ff-c01e9757b91d,2025-01-06 22:20:23.023,104.779752,104.3,0.47975200000000484,0.4578670886718694,104.779752,104.3,0.47975200000000484,0.4578670886718694,0.0
275e0fec-72ad-4259-a54d-2e091a41f4ac,2025-03-04 22:44:46.311,99.79024,92.9,6.8902399999999915,6.904723347694115,99.79024,92.9,6.8902399999999915,6.904723347694115,0.0
0bac2b4d-cffa-46d4-8821-8d2c80d4c0b5,2025-01-06 20:45:49.643,89.811216,85.94400787353516,3.8672081264648455,4.305930037140178,89.811216,85.94400787353516,3.8672081264648455,4.305930037140178,0.0
14160ada-f626-458b-b874-55db6f7f5bf1,2025-05-30 20:57:39.866,95.2543977,88.6490903546623,6.6053073453376925,6.934385713235887,95.2543977,88.6490903546623,6.6053073453376925,6.934385713235887,0.0
fb4b6ec4-9c68-46a5-bc9e-185f7b4c5f27,2025-01-01 20:16:40.298,90.264808,86.68000030517578,3.584807694824221,3.971434465161906,90.264808,86.68000030517578,3.584807694824221,3.971434465161906,0.0
804b5298-74a3-4247-a331-b7bf29b82949,2025-01-23 21:32:55.399,105.233344,105.96100616455078,-0.7276621645507788,-0.6914749041432902,105.233344,105.96100616455078,-0.7276621645507788,-0.6914749041432902,0.0
39de86aa-459d-4f97-a1ba-e56ffd7c6cc6,2025-01-02 15:30:00.097,91.625584,87.15,4.475583999999998,4.884644446031578,91.625584,87.15,4.475583999999998,4.884644446031578,0.0
265a9f7c-95fd-4a3b-b62a-01c0b57c85ea,2025-01-13 18:56:36.286,116.573144,114.94030378949188,1.632840210508121,1.4007001565541726,116.573144,114.94030378949188,1.632840210508121,1.4007001565541726,0.0
97bd187e-305f-476d-a930-383f4d4b4b53,2025-01-14 00:41:48.447,86.18248,89.53913106949187,-3.3566510694918748,-3.894818377809359,86.18248,89.53913106949187,-3.3566510694918748,-3.894818377809359,0.0
7977243a-8001-4fdf-9296-a6683c2d3747,2025-02-25 17:50:54.695,108.86208,105.1989205334904,3.6631594665096117,3.364954506206028,108.86208,105.1989205334904,3.6631594665096117,3.364954506206028,0.0
c5f8d298-fcf3-4e58-bb20-7f9de9184ac2,2025-02-13 23:41:20.431,111.13004,113.177001953125,-2.046961953125006,-1.84195196287611,111.13004,113.177001953125,-2.046961953125006,-1.84195196287611,0.0
53699ce1-e352-43c0-9823-f071eb3b9f22,2025-03-05 21:58:51.416,138.34556,120.3580093383789,17.9875506616211,13.001899491115651,138.34556,120.3580093383789,17.9875506616211,13.001899491115651,0.0
ea4acdde-84b3-49cf-b81a-7434bdda9eb1,2025-01-06 00:38:01.868,97.068688,92.8990467439958,4.169641256004198,4.2955574469124365,97.068688,92.8990467439958,4.169641256004198,4.2955574469124365,0.0
76ddb92a-bf4a-4e22-8b1e-0ef85b44d769,2025-01-23 14:51:53.210,172.36496,159.66438399999998,12.700576000000012,7.368421052631587,172.36496,159.66438399999998,12.700576000000012,7.368421052631587,0.0
b2107e5c-70fa-4710-a02d-bbab2fb662ff,2025-01-01 20:44:00.448,115.66605435,117.843297726,-2.177243376000007,-1.8823529411764768,115.66605435,117.843297726,-2.177243376000007,-1.8823529411764768,0.0
3ba04167-c9f3-4a18-8d3c-a2df8d893458,2025-04-10 18:51:37.840,129.455262398,125.19149412,4.263768278000001,3.2936229852838124,129.455262398,125.19149412,4.263768278000001,3.2936229852838124,0.0
2b279d78-f370-4077-83a6-95c41e1cc193,2025-06-05 21:54:04.730,117.93392,,,,117.93392,,,,
d1c7eed5-90b5-4fe2-857c-3521e6d5653f,2025-05-29 13:03:51.777,127.00576,122.79879713675813,4.20696286324187,3.3124189511104616,127.00576,122.79879713675813,4.20696286324187,3.3124189511104616,0.0
ca40413d-8bd7-4c52-bd06-7db6c02641b4,2025-01-06 21:17:53.192,137.891968,134.716824,3.175143999999989,2.3026315789473606,137.891968,134.716824,3.175143999999989,2.3026315789473606,0.0
accb6fab-4db1-41aa-939c-85a5bc0b00bd,2025-01-04 16:39:57.959,142.88148,140.20201110839844,2.679468891601573,1.8753087465230431,142.88148,140.20201110839844,2.679468891601573,1.8753087465230431,0.0
65e9a113-3e18-4c13-bf84-b587094e2d2a,2025-01-15 02:29:52.621,77.564232,75.749864,1.8143680000000018,2.3391812865497097,77.564232,75.749864,1.8143680000000018,2.3391812865497097,0.0
deec4b08-4a16-44b7-8d5b-d43bf359565c,2025-01-08 17:24:13.650,107.501304,107.18700408935548,0.3142999106445217,0.29236846340442685,107.501304,107.18700408935548,0.3142999106445217,0.29236846340442685,0.0
6e32467c-c7de-48d1-a439-eec4fa18131e,2025-05-14 00:23:51.731,74.84268,,,,74.84268,,,,
62fef702-3ad8-434a-be0f-e5edb1dced63,2025-01-26 21:35:02.515,141.520704,140.159928,1.360775999999987,0.9615384615384523,141.520704,140.159928,1.360775999999987,0.9615384615384523,0.0
34506425-f264-4b67-b3ba-c12c62859876,2025-03-25 16:05:57.835,164.3800048828125,159.15000915527344,5.2299957275390625,3.181649575486725,164.3800048828125,159.15000915527344,5.2299957275390625,3.181649575486725,0.0
0d08c0e0-2653-4d8b-b4e9-d8d73a8e53c5,2025-03-06 01:31:36.210,108.86208,109.93800354003906,-1.0759235400390565,-0.9883363794252843,108.86208,109.93800354003906,-1.0759235400390565,-0.9883363794252843,0.0
645a5acb-7594-4b50-99a7-cb75ffde2c3f,2025-01-10 17:32:25.571,79.3786,78.42612077300001,0.9524792269999978,1.1999194077496929,79.3786,78.42612077300001,0.9524792269999978,1.1999194077496929,0.0
12a016a5-0ffb-48ff-b367-ace265fba1fa,2025-05-20 19:10:33.651,120.20188,114.26400756835938,5.937872431640628,4.939916440275832,120.20188,114.26400756835938,5.937872431640628,4.939916440275832,0.0
e8040ede-efce-466a-9afe-0e898f51edb0,2025-01-01 21:56:02.037,75.296272,72.19999694824219,3.0962750517578144,4.112122645006667,75.296272,72.19999694824219,3.0962750517578144,4.112122645006667,0.0
b52c6e6f-986c-49bc-8dfe-28f6c784f09c,2025-06-03 04:02:55.497,,100.2989708128706,,,,100.2989708128706,,,
dd7a8731-e695-45ee-84bc-c69f5b13c0ca,2025-01-24 20:08:55.305,70.30676,70.35600280761719,-0.049242807617190465,-0.0700399330266257,70.30676,70.35600280761719,-0.049242807617190465,-0.0700399330266257,0.0
