{
  "generation_timestamp": "2025-09-17T18:36:37.035471",
  "total_users_analyzed": 5644,
  "intervals_analyzed": [
    0,
    5,
    10,
    15,
    20,
    25,
    30,
    35,
    40,
    45,
    50,
    55,
    60,
    65,
    70,
    75,
    80,
    85,
    90,
    95,
    100,
    105,
    110,
    115,
    120,
    125,
    130,
    135,
    140,
    145,
    150,
    155,
    160,
    165,
    170,
    175,
    180,
    185,
    190,
    195,
    200,
    205,
    210,
    215,
    220,
    225,
    230,
    235,
    240,
    245,
    250,
    255,
    260,
    265,
    270,
    275,
    280,
    285,
    290,
    295,
    300,
    305,
    310,
    315,
    320,
    325,
    330,
    335,
    340,
    345,
    350,
    355,
    360
  ],
  "average_weight_loss": {
    "raw": {},
    "filtered": {}
  },
  "outlier_impact": {
    "avg_measurements_rejected": 0,
    "max_single_user_impact": 0
  },
  "daily_analysis": {
    "total_users_analyzed": 15701,
    "users_with_dramatic_impact": 794,
    "avg_daily_difference_across_users": 0.9260755984499971,
    "median_daily_difference_across_users": 0.293785084202085,
    "max_daily_difference_observed": 99.34444444444445,
    "avg_rejection_rate": 0.6485846031318546,
    "total_measurements_raw": 531486,
    "total_measurements_filtered": 477882,
    "overall_rejection_rate": 0.10085684288955876
  },
  "files_generated": {
    "csv_files": [
      "filtered_data",
      "user_progress_raw",
      "user_progress_filtered",
      "interval_statistics",
      "user_comparison"
    ],
    "visualization_files": []
  }
}